run_id,algo,LAMBDA,GAMMA_PACK,RIDE_TTL_MIN,MAX_VISIBLE_RIDES,SWITCH_GRACE_STEPS,RT,R,V,DT,RIDE_TTL_STEPS,RP,HORIZON_MIN,DEMAND_PROFILE,TRAIN_UPDATES,REPORT_UNSCALED,OBS_DIM,ALPHA_EFFECTIVE,rate_mean,rate_std,n_runs,ALPHA_EFFECTIVE_PAPER,R_PAPER
20260927T095930443635Z_577f21e5,DRL,2,0.33,5,5,6,5.5,5.5,0.19,0.5,10,2,5760.0,"[0.8592549273600911, 0.6058380411445193, 0.4316697215292379, 0.32461244914431125, 0.29898418014229616, 0.3853292566116986, 0.6184818884427356, 0.9112753545916268, 1.124060711596949, 1.0918553682168552, 1.0519012231472415, 1.0604058710082023, 1.1010962834034748, 1.1484706050156464, 1.2414843039249468, 1.286522046207647, 1.3072562312959182, 1.4024657757114494, 1.4690763553789117, 1.4352382086312834, 1.3078676789813133, 1.2336627867197074, 1.2117583717879756, 1.0914323600059634]",40,True,81,0.1,0.36241903402895975,,1,0.07071067811865475,7.778174593052023
20260927T095930443635Z_577f21e5,DRL,2,0.33,5,5,6,5.5,5.5,0.19,0.5,10,2,5760.0,"[0.8592549273600911, 0.6058380411445193, 0.4316697215292379, 0.32461244914431125, 0.29898418014229616, 0.3853292566116986, 0.6184818884427356, 0.9112753545916268, 1.124060711596949, 1.0918553682168552, 1.0519012231472415, 1.0604058710082023, 1.1010962834034748, 1.1484706050156464, 1.2414843039249468, 1.286522046207647, 1.3072562312959182, 1.4024657757114494, 1.4690763553789117, 1.4352382086312834, 1.3078676789813133, 1.2336627867197074, 1.2117583717879756, 1.0914323600059634]",40,True,81,0.2,0.42950018093670683,,1,0.1414213562373095,7.778174593052023
20260927T095930443635Z_577f21e5,DRL,2,0.33,5,5,6,5.5,5.5,0.19,0.5,10,2,5760.0,"[0.8592549273600911, 0.6058380411445193, 0.4316697215292379, 0.32461244914431125, 0.29898418014229616, 0.3853292566116986, 0.6184818884427356, 0.9112753545916268, 1.124060711596949, 1.0918553682168552, 1.0519012231472415, 1.0604058710082023, 1.1010962834034748, 1.1484706050156464, 1.2414843039249468, 1.286522046207647, 1.3072562312959182, 1.4024657757114494, 1.4690763553789117, 1.4352382086312834, 1.3078676789813133, 1.2336627867197074, 1.2117583717879756, 1.0914323600059634]",40,True,81,0.2442732516826255,0.4930397905922462,,1,0.17272727272727273,7.778174593052023
20260927T095930443635Z_577f21e5,DRL,2,0.33,5,5,6,6.0,5.5,0.19,0.5,10,2,5760.0,"[0.8592549273600911, 0.6058380411445193, 0.4316697215292379, 0.32461244914431125, 0.29898418014229616, 0.3853292566116986, 0.6184818884427356, 0.9112753545916268, 1.124060711596949, 1.0918553682168552, 1.0519012231472415, 1.0604058710082023, 1.1010962834034748, 1.1484706050156464, 1.2414843039249468, 1.286522046207647, 1.3072562312959182, 1.4024657757114494, 1.4690763553789117, 1.4352382086312834, 1.3078676789813133, 1.2336627867197074, 1.2117583717879756, 1.0914323600059634]",40,True,81,0.1,0.38351579480812936,,1,0.07071067811865475,7.778174593052023
20260927T095930443635Z_577f21e5,DRL,2,0.33,5,5,6,6.0,5.5,0.19,0.5,10,2,5760.0,"[0.8592549273600911, 0.6058380411445193, 0.4316697215292379, 0.32461244914431125, 0.29898418014229616, 0.3853292566116986, 0.6184818884427356, 0.9112753545916268, 1.124060711596949, 1.0918553682168552, 1.0519012231472415, 1.0604058710082023, 1.1010962834034748, 1.1484706050156464, 1.2414843039249468, 1.286522046207647, 1.3072562312959182, 1.4024657757114494, 1.4690763553789117, 1.4352382086312834, 1.3078676789813133, 1.2336627867197074, 1.2117583717879756, 1.0914323600059634]",40,True,81,0.2,0.4605748040058891,,1,0.1414213562373095,7.778174593052023
20260927T095930443635Z_577f21e5,DRL,2,0.33,5,5,6,6.0,5.5,0.19,0.5,10,2,5760.0,"[0.8592549273600911, 0.6058380411445193, 0.4316697215292379, 0.32461244914431125, 0.29898418014229616, 0.3853292566116986, 0.6184818884427356, 0.9112753545916268, 1.124060711596949, 1.0918553682168552, 1.0519012231472415, 1.0604058710082023, 1.1010962834034748, 1.1484706050156464, 1.2414843039249468, 1.286522046207647, 1.3072562312959182, 1.4024657757114494, 1.4690763553789117, 1.4352382086312834, 1.3078676789813133, 1.2336627867197074, 1.2117583717879756, 1.0914323600059634]",40,True,81,0.2442732516826255,0.5339941890255666,,1,0.17272727272727273,7.778174593052023
20260927T095930443635Z_577f21e5,DRL,2,0.5,5,5,6,5.5,5.5,0.19,0.5,10,2,5760.0,"[0.8592549273600911, 0.6058380411445193, 0.4316697215292379, 0.32461244914431125, 0.29898418014229616, 0.3853292566116986, 0.6184818884427356, 0.9112753545916268, 1.124060711596949, 1.0918553682168552, 1.0519012231472415, 1.0604058710082023, 1.1010962834034748, 1.1484706050156464, 1.2414843039249468, 1.286522046207647, 1.3072562312959182, 1.4024657757114494, 1.4690763553789117, 1.4352382086312834, 1.3078676789813133, 1.2336627867197074, 1.2117583717879756, 1.0914323600059634]",40,True,81,0.1,0.3531932096451552,,1,0.07071067811865475,7.778174593052023
20260927T095930443635Z_577f21e5,DRL,2,0.5,5,5,6,5.5,5.5,0.19,0.5,10,2,5760.0,"[0.8592549273600911, 0.6058380411445193, 0.4316697215292379, 0.32461244914431125, 0.29898418014229616, 0.3853292566116986, 0.6184818884427356, 0.9112753545916268, 1.124060711596949, 1.0918553682168552, 1.0519012231472415, 1.0604058710082023, 1.1010962834034748, 1.1484706050156464, 1.2414843039249468, 1.286522046207647, 1.3072562312959182, 1.4024657757114494, 1.4690763553789117, 1.4352382086312834, 1.3078676789813133, 1.2336627867197074, 1.2117583717879756, 1.0914323600059634]",40,True,81,0.2,0.43820986561185693,,1,0.1414213562373095,7.778174593052023
20260927T095930443635Z_577f21e5,DRL,2,0.5,5,5,6,5.5,5.5,0.19,0.5,10,2,5760.0,"[0.8592549273600911, 0.6058380411445193, 0.4316697215292379, 0.32461244914431125, 0.29898418014229616, 0.3853292566116986, 0.6184818884427356, 0.9112753545916268, 1.124060711596949, 1.0918553682168552, 1.0519012231472415, 1.0604058710082023, 1.1010962834034748, 1.1484706050156464, 1.2414843039249468, 1.286522046207647, 1.3072562312959182, 1.4024657757114494, 1.4690763553789117, 1.4352382086312834, 1.3078676789813133, 1.2336627867197074, 1.2117583717879756, 1.0914323600059634]",40,True,81,0.2442732516826255,0.49285592952244717,,1,0.17272727272727273,7.778174593052023
20260927T095930443635Z_577f21e5,DRL,2,0.5,5,5,6,6.0,5.5,0.19,0.5,10,2,5760.0,"[0.8592549273600911, 0.6058380411445193, 0.4316697215292379, 0.32461244914431125, 0.29898418014229616, 0.3853292566116986, 0.6184818884427356, 0.9112753545916268, 1.124060711596949, 1.0918553682168552, 1.0519012231472415, 1.0604058710082023, 1.1010962834034748, 1.1484706050156464, 1.2414843039249468, 1.286522046207647, 1.3072562312959182, 1.4024657757114494, 1.4690763553789117, 1.4352382086312834, 1.3078676789813133, 1.2336627867197074, 1.2117583717879756, 1.0914323600059634]",40,True,81,0.1,0.37007148258395794,,1,0.07071067811865475,7.778174593052023
20260927T095930443635Z_577f21e5,DRL,2,0.5,5,5,6,6.0,5.5,0.19,0.5,10,2,5760.0,"[0.8592549273600911, 0.6058380411445193, 0.4316697215292379, 0.32461244914431125, 0.29898418014229616, 0.3853292566116986, 0.6184818884427356, 0.9112753545916268, 1.124060711596949, 1.0918553682168552, 1.0519012231472415, 1.0604058710082023, 1.1010962834034748, 1.1484706050156464, 1.2414843039249468, 1.286522046207647, 1.3072562312959182, 1.4024657757114494, 1.4690763553789117, 1.4352382086312834, 1.3078676789813133, 1.2336627867197074, 1.2117583717879756, 1.0914323600059634]",40,True,81,0.2,0.4714523272022442,,1,0.1414213562373095,7.778174593052023
20260927T095930443635Z_577f21e5,DRL,2,0.5,5,5,6,6.0,5.5,0.19,0.5,10,2,5760.0,"[0.8592549273600911, 0.6058380411445193, 0.4316697215292379, 0.32461244914431125, 0.29898418014229616, 0.3853292566116986, 0.6184818884427356, 0.9112753545916268, 1.124060711596949, 1.0918553682168552, 1.0519012231472415, 1.0604058710082023, 1.1010962834034748, 1.1484706050156464, 1.2414843039249468, 1.286522046207647, 1.3072562312959182, 1.4024657757114494, 1.4690763553789117, 1.4352382086312834, 1.3078676789813133, 1.2336627867197074, 1.2117583717879756, 1.0914323600059634]",40,True,81,0.2442732516826255,0.5215723011029164,,1,0.17272727272727273,7.778174593052023
20260927T095930443635Z_577f21e5,DRL,2,0.67,5,5,6,5.5,5.5,0.19,0.5,10,2,5760.0,"[0.8592549273600911, 0.6058380411445193, 0.4316697215292379, 0.32461244914431125, 0.29898418014229616, 0.3853292566116986, 0.6184818884427356, 0.9112753545916268, 1.124060711596949, 1.0918553682168552, 1.0519012231472415, 1.0604058710082023, 1.1010962834034748, 1.1484706050156464, 1.2414843039249468, 1.286522046207647, 1.3072562312959182, 1.4024657757114494, 1.4690763553789117, 1.4352382086312834, 1.3078676789813133, 1.2336627867197074, 1.2117583717879756, 1.0914323600059634]",40,True,81,0.1,0.40386181672242605,,1,0.07071067811865475,7.778174593052023
20260927T095930443635Z_577f21e5,DRL,2,0.67,5,5,6,5.5,5.5,0.19,0.5,10,2,5760.0,"[0.8592549273600911, 0.6058380411445193, 0.4316697215292379, 0.32461244914431125, 0.29898418014229616, 0.3853292566116986, 0.6184818884427356, 0.9112753545916268, 1.124060711596949, 1.0918553682168552, 1.0519012231472415, 1.0604058710082023, 1.1010962834034748, 1.1484706050156464, 1.2414843039249468, 1.286522046207647, 1.3072562312959182, 1.4024657757114494, 1.4690763553789117, 1.4352382086312834, 1.3078676789813133, 1.2336627867197074, 1.2117583717879756, 1.0914323600059634]",40,True,81,0.2,0.49116271772231745,,1,0.1414213562373095,7.778174593052023
20260927T095930443635Z_577f21e5,DRL,2,0.67,5,5,6,5.5,5.5,0.19,0.5,10,2,5760.0,"[0.8592549273600911, 0.6058380411445193, 0.4316697215292379, 0.32461244914431125, 0.29898418014229616, 0.3853292566116986, 0.6184818884427356, 0.9112753545916268, 1.124060711596949, 1.0918553682168552, 1.0519012231472415, 1.0604058710082023, 1.1010962834034748, 1.1484706050156464, 1.2414843039249468, 1.286522046207647, 1.3072562312959182, 1.4024657757114494, 1.4690763553789117, 1.4352382086312834, 1.3078676789813133, 1.2336627867197074, 1.2117583717879756, 1.0914323600059634]",40,True,81,0.2442732516826255,0.497336337539719,,1,0.17272727272727273,7.778174593052023
20260927T095930443635Z_577f21e5,DRL,2,0.67,5,5,6,6.0,5.5,0.19,0.5,10,2,5760.0,"[0.8592549273600911, 0.6058380411445193, 0.4316697215292379, 0.32461244914431125, 0.29898418014229616, 0.3853292566116986, 0.6184818884427356, 0.9112753545916268, 1.124060711596949, 1.0918553682168552, 1.0519012231472415, 1.0604058710082023, 1.1010962834034748, 1.1484706050156464, 1.2414843039249468, 1.286522046207647, 1.3072562312959182, 1.4024657757114494, 1.4690763553789117, 1.4352382086312834, 1.3078676789813133, 1.2336627867197074, 1.2117583717879756, 1.0914323600059634]",40,True,81,0.1,0.42378181179218716,,1,0.07071067811865475,7.778174593052023
20260927T095930443635Z_577f21e5,DRL,2,0.67,5,5,6,6.0,5.5,0.19,0.5,10,2,5760.0,"[0.8592549273600911, 0.6058380411445193, 0.4316697215292379, 0.32461244914431125, 0.29898418014229616, 0.3853292566116986, 0.6184818884427356, 0.9112753545916268, 1.124060711596949, 1.0918553682168552, 1.0519012231472415, 1.0604058710082023, 1.1010962834034748, 1.1484706050156464, 1.2414843039249468, 1.286522046207647, 1.3072562312959182, 1.4024657757114494, 1.4690763553789117, 1.4352382086312834, 1.3078676789813133, 1.2336627867197074, 1.2117583717879756, 1.0914323600059634]",40,True,81,0.2,0.5283010717476337,,1,0.1414213562373095,7.778174593052023
20260927T095930443635Z_577f21e5,DRL,2,0.67,5,5,6,6.0,5.5,0.19,0.5,10,2,5760.0,"[0.8592549273600911, 0.6058380411445193, 0.4316697215292379, 0.32461244914431125, 0.29898418014229616, 0.3853292566116986, 0.6184818884427356, 0.9112753545916268, 1.124060711596949, 1.0918553682168552, 1.0519012231472415, 1.0604058710082023, 1.1010962834034748, 1.1484706050156464, 1.2414843039249468, 1.286522046207647, 1.3072562312959182, 1.4024657757114494, 1.4690763553789117, 1.4352382086312834, 1.3078676789813133, 1.2336627867197074, 1.2117583717879756, 1.0914323600059634]",40,True,81,0.2442732516826255,0.537245451274671,,1,0.17272727272727273,7.778174593052023
20260927T095930443635Z_577f21e5,DRL,2,0.83,5,5,6,5.5,5.5,0.19,0.5,10,2,5760.0,"[0.8592549273600911, 0.6058380411445193, 0.4316697215292379, 0.32461244914431125, 0.29898418014229616, 0.3853292566116986, 0.6184818884427356, 0.9112753545916268, 1.124060711596949, 1.0918553682168552, 1.0519012231472415, 1.0604058710082023, 1.1010962834034748, 1.1484706050156464, 1.2414843039249468, 1.286522046207647, 1.3072562312959182, 1.4024657757114494, 1.4690763553789117, 1.4352382086312834, 1.3078676789813133, 1.2336627867197074, 1.2117583717879756, 1.0914323600059634]",40,True,81,0.1,0.44619973473141583,,1,0.07071067811865475,7.778174593052023
20260927T095930443635Z_577f21e5,DRL,2,0.83,5,5,6,5.5,5.5,0.19,0.5,10,2,5760.0,"[0.8592549273600911, 0.6058380411445193, 0.4316697215292379, 0.32461244914431125, 0.29898418014229616, 0.3853292566116986, 0.6184818884427356, 0.9112753545916268, 1.124060711596949, 1.0918553682168552, 1.0519012231472415, 1.0604058710082023, 1.1010962834034748, 1.1484706050156464, 1.2414843039249468, 1.286522046207647, 1.3072562312959182, 1.4024657757114494, 1.4690763553789117, 1.4352382086312834, 1.3078676789813133, 1.2336627867197074, 1.2117583717879756, 1.0914323600059634]",40,True,81,0.2,0.5148579429168463,,1,0.1414213562373095,7.778174593052023
20260927T095930443635Z_577f21e5,DRL,2,0.83,5,5,6,5.5,5.5,0.19,0.5,10,2,5760.0,"[0.8592549273600911, 0.6058380411445193, 0.4316697215292379, 0.32461244914431125, 0.29898418014229616, 0.3853292566116986, 0.6184818884427356, 0.9112753545916268, 1.124060711596949, 1.0918553682168552, 1.0519012231472415, 1.0604058710082023, 1.1010962834034748, 1.1484706050156464, 1.2414843039249468, 1.286522046207647, 1.3072562312959182, 1.4024657757114494, 1.4690763553789117, 1.4352382086312834, 1.3078676789813133, 1.2336627867197074, 1.2117583717879756, 1.0914323600059634]",40,True,81,0.2442732516826255,0.5858205885146689,,1,0.17272727272727273,7.778174593052023
20260927T095930443635Z_577f21e5,DRL,2,0.83,5,5,6,6.0,5.5,0.19,0.5,10,2,5760.0,"[0.8592549273600911, 0.6058380411445193, 0.4316697215292379, 0.32461244914431125, 0.29898418014229616, 0.3853292566116986, 0.6184818884427356, 0.9112753545916268, 1.124060711596949, 1.0918553682168552, 1.0519012231472415, 1.0604058710082023, 1.1010962834034748, 1.1484706050156464, 1.2414843039249468, 1.286522046207647, 1.3072562312959182, 1.4024657757114494, 1.4690763553789117, 1.4352382086312834, 1.3078676789813133, 1.2336627867197074, 1.2117583717879756, 1.0914323600059634]",40,True,81,0.1,0.4661352636487038,,1,0.07071067811865475,7.778174593052023
20260927T095930443635Z_577f21e5,DRL,2,0.83,5,5,6,6.0,5.5,0.19,0.5,10,2,5760.0,"[0.8592549273600911, 0.6058380411445193, 0.4316697215292379, 0.32461244914431125, 0.29898418014229616, 0.3853292566116986, 0.6184818884427356, 0.9112753545916268, 1.124060711596949, 1.0918553682168552, 1.0519012231472415, 1.0604058710082023, 1.1010962834034748, 1.1484706050156464, 1.2414843039249468, 1.286522046207647, 1.3072562312959182, 1.4024657757114494, 1.4690763553789117, 1.4352382086312834, 1.3078676789813133, 1.2336627867197074, 1.2117583717879756, 1.0914323600059634]",40,True,81,0.2,0.5974129011320822,,1,0.1414213562373095,7.778174593052023
20260927T095930443635Z_577f21e5,DRL,2,0.83,5,5,6,6.0,5.5,0.19,0.5,10,2,5760.0,"[0.8592549273600911, 0.6058380411445193, 0.4316697215292379, 0.32461244914431125, 0.29898418014229616, 0.3853292566116986, 0.6184818884427356, 0.9112753545916268, 1.124060711596949, 1.0918553682168552, 1.0519012231472415, 1.0604058710082023, 1.1010962834034748, 1.1484706050156464, 1.2414843039249468, 1.286522046207647, 1.3072562312959182, 1.4024657757114494, 1.4690763553789117, 1.4352382086312834, 1.3078676789813133, 1.2336627867197074, 1.2117583717879756, 1.0914323600059634]",40,True,81,0.2442732516826255,0.624254548382441,,1,0.17272727272727273,7.778174593052023
20260927T095930443635Z_577f21e5,DRL,2,1.0,5,5,6,5.5,5.5,0.19,0.5,10,2,5760.0,"[0.8592549273600911, 0.6058380411445193, 0.4316697215292379, 0.32461244914431125, 0.29898418014229616, 0.3853292566116986, 0.6184818884427356, 0.9112753545916268, 1.124060711596949, 1.0918553682168552, 1.0519012231472415, 1.0604058710082023, 1.1010962834034748, 1.1484706050156464, 1.2414843039249468, 1.286522046207647, 1.3072562312959182, 1.4024657757114494, 1.4690763553789117, 1.4352382086312834, 1.3078676789813133, 1.2336627867197074, 1.2117583717879756, 1.0914323600059634]",40,True,81,0.1,0.4383651717716229,,1,0.07071067811865475,7.778174593052023
20260927T095930443635Z_577f21e5,DRL,2,1.0,5,5,6,5.5,5.5,0.19,0.5,10,2,5760.0,"[0.8592549273600911, 0.6058380411445193, 0.4316697215292379, 0.32461244914431125, 0.29898418014229616, 0.3853292566116986, 0.6184818884427356, 0.9112753545916268, 1.124060711596949, 1.0918553682168552, 1.0519012231472415, 1.0604058710082023, 1.1010962834034748, 1.1484706050156464, 1.2414843039249468, 1.286522046207647, 1.3072562312959182, 1.4024657757114494, 1.4690763553789117, 1.4352382086312834, 1.3078676789813133, 1.2336627867197074, 1.2117583717879756, 1.0914323600059634]",40,True,81,0.2,0.5372537389004507,,1,0.1414213562373095,7.778174593052023
20260927T095930443635Z_577f21e5,DRL,2,1.0,5,5,6,5.5,5.5,0.19,0.5,10,2,5760.0,"[0.8592549273600911, 0.6058380411445193, 0.4316697215292379, 0.32461244914431125, 0.29898418014229616, 0.3853292566116986, 0.6184818884427356, 0.9112753545916268, 1.124060711596949, 1.0918553682168552, 1.0519012231472415, 1.0604058710082023, 1.1010962834034748, 1.1484706050156464, 1.2414843039249468, 1.286522046207647, 1.3072562312959182, 1.4024657757114494, 1.4690763553789117, 1.4352382086312834, 1.3078676789813133, 1.2336627867197074, 1.2117583717879756, 1.0914323600059634]",40,True,81,0.2442732516826255,0.5834290920299549,,1,0.17272727272727273,7.778174593052023
20260927T095930443635Z_577f21e5,DRL,2,1.0,5,5,6,6.0,5.5,0.19,0.5,10,2,5760.0,"[0.8592549273600911, 0.6058380411445193, 0.4316697215292379, 0.32461244914431125, 0.29898418014229616, 0.3853292566116986, 0.6184818884427356, 0.9112753545916268, 1.124060711596949, 1.0918553682168552, 1.0519012231472415, 1.0604058710082023, 1.1010962834034748, 1.1484706050156464, 1.2414843039249468, 1.286522046207647, 1.3072562312959182, 1.4024657757114494, 1.4690763553789117, 1.4352382086312834, 1.3078676789813133, 1.2336627867197074, 1.2117583717879756, 1.0914323600059634]",40,True,81,0.1,0.4585350013097781,,1,0.07071067811865475,7.778174593052023
20260927T095930443635Z_577f21e5,DRL,2,1.0,5,5,6,6.0,5.5,0.19,0.5,10,2,5760.0,"[0.8592549273600911, 0.6058380411445193, 0.4316697215292379, 0.32461244914431125, 0.29898418014229616, 0.3853292566116986, 0.6184818884427356, 0.9112753545916268, 1.124060711596949, 1.0918553682168552, 1.0519012231472415, 1.0604058710082023, 1.1010962834034748, 1.1484706050156464, 1.2414843039249468, 1.286522046207647, 1.3072562312959182, 1.4024657757114494, 1.4690763553789117, 1.4352382086312834, 1.3078676789813133, 1.2336627867197074, 1.2117583717879756, 1.0914323600059634]",40,True,81,0.2,0.5774084355467274,,1,0.1414213562373095,7.778174593052023
20260927T095930443635Z_577f21e5,DRL,2,1.0,5,5,6,6.0,5.5,0.19,0.5,10,2,5760.0,"[0.8592549273600911, 0.6058380411445193, 0.4316697215292379, 0.32461244914431125, 0.29898418014229616, 0.3853292566116986, 0.6184818884427356, 0.9112753545916268, 1.124060711596949, 1.0918553682168552, 1.0519012231472415, 1.0604058710082023, 1.1010962834034748, 1.1484706050156464, 1.2414843039249468, 1.286522046207647, 1.3072562312959182, 1.4024657757114494, 1.4690763553789117, 1.4352382086312834, 1.3078676789813133, 1.2336627867197074, 1.2117583717879756, 1.0914323600059634]",40,True,81,0.2442732516826255,0.6374728583735269,,1,0.17272727272727273,7.778174593052023
20260927T095930443635Z_577f21e5,DRL,5,0.33,5,5,6,5.5,5.5,0.19,0.5,10,2,5760.0,"[0.8592549273600911, 0.6058380411445193, 0.4316697215292379, 0.32461244914431125, 0.29898418014229616, 0.3853292566116986, 0.6184818884427356, 0.9112753545916268, 1.124060711596949, 1.0918553682168552, 1.0519012231472415, 1.0604058710082023, 1.1010962834034748, 1.1484706050156464, 1.2414843039249468, 1.286522046207647, 1.3072562312959182, 1.4024657757114494, 1.4690763553789117, 1.4352382086312834, 1.3078676789813133, 1.2336627867197074, 1.2117583717879756, 1.0914323600059634]",40,True,81,0.1,0.3833949211548897,,1,0.07071067811865475,7.778174593052023
20260927T095930443635Z_577f21e5,DRL,5,0.33,5,5,6,5.5,5.5,0.19,0.5,10,2,5760.0,"[0.8592549273600911, 0.6058380411445193, 0.4316697215292379, 0.32461244914431125, 0.29898418014229616, 0.3853292566116986, 0.6184818884427356, 0.9112753545916268, 1.124060711596949, 1.0918553682168552, 1.0519012231472415, 1.0604058710082023, 1.1010962834034748, 1.1484706050156464, 1.2414843039249468, 1.286522046207647, 1.3072562312959182, 1.4024657757114494, 1.4690763553789117, 1.4352382086312834, 1.3078676789813133, 1.2336627867197074, 1.2117583717879756, 1.0914323600059634]",40,True,81,0.2,0.5459037675221677,,1,0.1414213562373095,7.778174593052023
20260927T095930443635Z_577f21e5,DRL,5,0.33,5,5,6,5.5,5.5,0.19,0.5,10,2,5760.0,"[0.8592549273600911, 0.6058380411445193, 0.4316697215292379, 0.32461244914431125, 0.29898418014229616, 0.3853292566116986, 0.6184818884427356, 0.9112753545916268, 1.124060711596949, 1.0918553682168552, 1.0519012231472415, 1.0604058710082023, 1.1010962834034748, 1.1484706050156464, 1.2414843039249468, 1.286522046207647, 1.3072562312959182, 1.4024657757114494, 1.4690763553789117, 1.4352382086312834, 1.3078676789813133, 1.2336627867197074, 1.2117583717879756, 1.0914323600059634]",40,True,81,0.2442732516826255,0.572379661929254,,1,0.17272727272727273,7.778174593052023
20260927T095930443635Z_577f21e5,DRL,5,0.33,5,5,6,6.0,5.5,0.19,0.5,10,2,5760.0,"[0.8592549273600911, 0.6058380411445193, 0.4316697215292379, 0.32461244914431125, 0.29898418014229616, 0.3853292566116986, 0.6184818884427356, 0.9112753545916268, 1.124060711596949, 1.0918553682168552, 1.0519012231472415, 1.0604058710082023, 1.1010962834034748, 1.1484706050156464, 1.2414843039249468, 1.286522046207647, 1.3072562312959182, 1.4024657757114494, 1.4690763553789117, 1.4352382086312834, 1.3078676789813133, 1.2336627867197074, 1.2117583717879756, 1.0914323600059634]",40,True,81,0.1,0.4107783149697461,,1,0.07071067811865475,7.778174593052023
20260927T095930443635Z_577f21e5,DRL,5,0.33,5,5,6,6.0,5.5,0.19,0.5,10,2,5760.0,"[0.8592549273600911, 0.6058380411445193, 0.4316697215292379, 0.32461244914431125, 0.29898418014229616, 0.3853292566116986, 0.6184818884427356, 0.9112753545916268, 1.124060711596949, 1.0918553682168552, 1.0519012231472415, 1.0604058710082023, 1.1010962834034748, 1.1484706050156464, 1.2414843039249468, 1.286522046207647, 1.3072562312959182, 1.4024657757114494, 1.4690763553789117, 1.4352382086312834, 1.3078676789813133, 1.2336627867197074, 1.2117583717879756, 1.0914323600059634]",40,True,81,0.2,0.6024906904498672,,1,0.1414213562373095,7.778174593052023
20260927T095930443635Z_577f21e5,DRL,5,0.33,5,5,6,6.0,5.5,0.19,0.5,10,2,5760.0,"[0.8592549273600911, 0.6058380411445193, 0.4316697215292379, 0.32461244914431125, 0.29898418014229616, 0.3853292566116986, 0.6184818884427356, 0.9112753545916268, 1.124060711596949, 1.0918553682168552, 1.0519012231472415, 1.0604058710082023, 1.1010962834034748, 1.1484706050156464, 1.2414843039249468, 1.286522046207647, 1.3072562312959182, 1.4024657757114494, 1.4690763553789117, 1.4352382086312834, 1.3078676789813133, 1.2336627867197074, 1.2117583717879756, 1.0914323600059634]",40,True,81,0.2442732516826255,0.6393588478060905,,1,0.17272727272727273,7.778174593052023
20260927T095930443635Z_577f21e5,DRL,5,0.5,5,5,6,5.5,5.5,0.19,0.5,10,2,5760.0,"[0.8592549273600911, 0.6058380411445193, 0.4316697215292379, 0.32461244914431125, 0.29898418014229616, 0.3853292566116986, 0.6184818884427356, 0.9112753545916268, 1.124060711596949, 1.0918553682168552, 1.0519012231472415, 1.0604058710082023, 1.1010962834034748, 1.1484706050156464, 1.2414843039249468, 1.286522046207647, 1.3072562312959182, 1.4024657757114494, 1.4690763553789117, 1.4352382086312834, 1.3078676789813133, 1.2336627867197074, 1.2117583717879756, 1.0914323600059634]",40,True,81,0.1,0.3790217486806324,,1,0.07071067811865475,7.778174593052023
20260927T095930443635Z_577f21e5,DRL,5,0.5,5,5,6,5.5,5.5,0.19,0.5,10,2,5760.0,"[0.8592549273600911, 0.6058380411445193, 0.4316697215292379, 0.32461244914431125, 0.29898418014229616, 0.3853292566116986, 0.6184818884427356, 0.9112753545916268, 1.124060711596949, 1.0918553682168552, 1.0519012231472415, 1.0604058710082023, 1.1010962834034748, 1.1484706050156464, 1.2414843039249468, 1.286522046207647, 1.3072562312959182, 1.4024657757114494, 1.4690763553789117, 1.4352382086312834, 1.3078676789813133, 1.2336627867197074, 1.2117583717879756, 1.0914323600059634]",40,True,81,0.2,0.6114778862706167,,1,0.1414213562373095,7.778174593052023
20260927T095930443635Z_577f21e5,DRL,5,0.5,5,5,6,5.5,5.5,0.19,0.5,10,2,5760.0,"[0.8592549273600911, 0.6058380411445193, 0.4316697215292379, 0.32461244914431125, 0.29898418014229616, 0.3853292566116986, 0.6184818884427356, 0.9112753545916268, 1.124060711596949, 1.0918553682168552, 1.0519012231472415, 1.0604058710082023, 1.1010962834034748, 1.1484706050156464, 1.2414843039249468, 1.286522046207647, 1.3072562312959182, 1.4024657757114494, 1.4690763553789117, 1.4352382086312834, 1.3078676789813133, 1.2336627867197074, 1.2117583717879756, 1.0914323600059634]",40,True,81,0.2442732516826255,0.5867673341192525,,1,0.17272727272727273,7.778174593052023
20260927T095930443635Z_577f21e5,DRL,5,0.5,5,5,6,6.0,5.5,0.19,0.5,10,2,5760.0,"[0.8592549273600911, 0.6058380411445193, 0.4316697215292379, 0.32461244914431125, 0.29898418014229616, 0.3853292566116986, 0.6184818884427356, 0.9112753545916268, 1.124060711596949, 1.0918553682168552, 1.0519012231472415, 1.0604058710082023, 1.1010962834034748, 1.1484706050156464, 1.2414843039249468, 1.286522046207647, 1.3072562312959182, 1.4024657757114494, 1.4690763553789117, 1.4352382086312834, 1.3078676789813133, 1.2336627867197074, 1.2117583717879756, 1.0914323600059634]",40,True,81,0.1,0.3990867937326197,,1,0.07071067811865475,7.778174593052023
20260927T095930443635Z_577f21e5,DRL,5,0.5,5,5,6,6.0,5.5,0.19,0.5,10,2,5760.0,"[0.8592549273600911, 0.6058380411445193, 0.4316697215292379, 0.32461244914431125, 0.29898418014229616, 0.3853292566116986, 0.6184818884427356, 0.9112753545916268, 1.124060711596949, 1.0918553682168552, 1.0519012231472415, 1.0604058710082023, 1.1010962834034748, 1.1484706050156464, 1.2414843039249468, 1.286522046207647, 1.3072562312959182, 1.4024657757114494, 1.4690763553789117, 1.4352382086312834, 1.3078676789813133, 1.2336627867197074, 1.2117583717879756, 1.0914323600059634]",40,True,81,0.2,0.6318773110935946,,1,0.1414213562373095,7.778174593052023
20260927T095930443635Z_577f21e5,DRL,5,0.5,5,5,6,6.0,5.5,0.19,0.5,10,2,5760.0,"[0.8592549273600911, 0.6058380411445193, 0.4316697215292379, 0.32461244914431125, 0.29898418014229616, 0.3853292566116986, 0.6184818884427356, 0.9112753545916268, 1.124060711596949, 1.0918553682168552, 1.0519012231472415, 1.0604058710082023, 1.1010962834034748, 1.1484706050156464, 1.2414843039249468, 1.286522046207647, 1.3072562312959182, 1.4024657757114494, 1.4690763553789117, 1.4352382086312834, 1.3078676789813133, 1.2336627867197074, 1.2117583717879756, 1.0914323600059634]",40,True,81,0.2442732516826255,0.6399361035280187,,1,0.17272727272727273,7.778174593052023
20260927T095930443635Z_577f21e5,DRL,5,0.67,5,5,6,5.5,5.5,0.19,0.5,10,2,5760.0,"[0.8592549273600911, 0.6058380411445193, 0.4316697215292379, 0.32461244914431125, 0.29898418014229616, 0.3853292566116986, 0.6184818884427356, 0.9112753545916268, 1.124060711596949, 1.0918553682168552, 1.0519012231472415, 1.0604058710082023, 1.1010962834034748, 1.1484706050156464, 1.2414843039249468, 1.286522046207647, 1.3072562312959182, 1.4024657757114494, 1.4690763553789117, 1.4352382086312834, 1.3078676789813133, 1.2336627867197074, 1.2117583717879756, 1.0914323600059634]",40,True,81,0.1,0.447113504031912,,1,0.07071067811865475,7.778174593052023
20260927T095930443635Z_577f21e5,DRL,5,0.67,5,5,6,5.5,5.5,0.19,0.5,10,2,5760.0,"[0.8592549273600911, 0.6058380411445193, 0.4316697215292379, 0.32461244914431125, 0.29898418014229616, 0.3853292566116986, 0.6184818884427356, 0.9112753545916268, 1.124060711596949, 1.0918553682168552, 1.0519012231472415, 1.0604058710082023, 1.1010962834034748, 1.1484706050156464, 1.2414843039249468, 1.286522046207647, 1.3072562312959182, 1.4024657757114494, 1.4690763553789117, 1.4352382086312834, 1.3078676789813133, 1.2336627867197074, 1.2117583717879756, 1.0914323600059634]",40,True,81,0.2,0.585474214930261,,1,0.1414213562373095,7.778174593052023
20260927T095930443635Z_577f21e5,DRL,5,0.67,5,5,6,5.5,5.5,0.19,0.5,10,2,5760.0,"[0.8592549273600911, 0.6058380411445193, 0.4316697215292379, 0.32461244914431125, 0.29898418014229616, 0.3853292566116986, 0.6184818884427356, 0.9112753545916268, 1.124060711596949, 1.0918553682168552, 1.0519012231472415, 1.0604058710082023, 1.1010962834034748, 1.1484706050156464, 1.2414843039249468, 1.286522046207647, 1.3072562312959182, 1.4024657757114494, 1.4690763553789117, 1.4352382086312834, 1.3078676789813133, 1.2336627867197074, 1.2117583717879756, 1.0914323600059634]",40,True,81,0.2442732516826255,0.6307350214551737,,1,0.17272727272727273,7.778174593052023
20260927T095930443635Z_577f21e5,DRL,5,0.67,5,5,6,6.0,5.5,0.19,0.5,10,2,5760.0,"[0.8592549273600911, 0.6058380411445193, 0.4316697215292379, 0.32461244914431125, 0.29898418014229616, 0.3853292566116986, 0.6184818884427356, 0.9112753545916268, 1.124060711596949, 1.0918553682168552, 1.0519012231472415, 1.0604058710082023, 1.1010962834034748, 1.1484706050156464, 1.2414843039249468, 1.286522046207647, 1.3072562312959182, 1.4024657757114494, 1.4690763553789117, 1.4352382086312834, 1.3078676789813133, 1.2336627867197074, 1.2117583717879756, 1.0914323600059634]",40,True,81,0.1,0.47758640924341245,,1,0.07071067811865475,7.778174593052023
20260927T095930443635Z_577f21e5,DRL,5,0.67,5,5,6,6.0,5.5,0.19,0.5,10,2,5760.0,"[0.8592549273600911, 0.6058380411445193, 0.4316697215292379, 0.32461244914431125, 0.29898418014229616, 0.3853292566116986, 0.6184818884427356, 0.9112753545916268, 1.124060711596949, 1.0918553682168552, 1.0519012231472415, 1.0604058710082023, 1.1010962834034748, 1.1484706050156464, 1.2414843039249468, 1.286522046207647, 1.3072562312959182, 1.4024657757114494, 1.4690763553789117, 1.4352382086312834, 1.3078676789813133, 1.2336627867197074, 1.2117583717879756, 1.0914323600059634]",40,True,81,0.2,0.6314479913546162,,1,0.1414213562373095,7.778174593052023
20260927T095930443635Z_577f21e5,DRL,5,0.67,5,5,6,6.0,5.5,0.19,0.5,10,2,5760.0,"[0.8592549273600911, 0.6058380411445193, 0.4316697215292379, 0.32461244914431125, 0.29898418014229616, 0.3853292566116986, 0.6184818884427356, 0.9112753545916268, 1.124060711596949, 1.0918553682168552, 1.0519012231472415, 1.0604058710082023, 1.1010962834034748, 1.1484706050156464, 1.2414843039249468, 1.286522046207647, 1.3072562312959182, 1.4024657757114494, 1.4690763553789117, 1.4352382086312834, 1.3078676789813133, 1.2336627867197074, 1.2117583717879756, 1.0914323600059634]",40,True,81,0.2442732516826255,0.6809223682566644,,1,0.17272727272727273,7.778174593052023
20260927T095930443635Z_577f21e5,DRL,5,0.83,5,5,6,5.5,5.5,0.19,0.5,10,2,5760.0,"[0.8592549273600911, 0.6058380411445193, 0.4316697215292379, 0.32461244914431125, 0.29898418014229616, 0.3853292566116986, 0.6184818884427356, 0.9112753545916268, 1.124060711596949, 1.0918553682168552, 1.0519012231472415, 1.0604058710082023, 1.1010962834034748, 1.1484706050156464, 1.2414843039249468, 1.286522046207647, 1.3072562312959182, 1.4024657757114494, 1.4690763553789117, 1.4352382086312834, 1.3078676789813133, 1.2336627867197074, 1.2117583717879756, 1.0914323600059634]",40,True,81,0.1,0.4728658002122004,,1,0.07071067811865475,7.778174593052023
20260927T095930443635Z_577f21e5,DRL,5,0.83,5,5,6,5.5,5.5,0.19,0.5,10,2,5760.0,"[0.8592549273600911, 0.6058380411445193, 0.4316697215292379, 0.32461244914431125, 0.29898418014229616, 0.3853292566116986, 0.6184818884427356, 0.9112753545916268, 1.124060711596949, 1.0918553682168552, 1.0519012231472415, 1.0604058710082023, 1.1010962834034748, 1.1484706050156464, 1.2414843039249468, 1.286522046207647, 1.3072562312959182, 1.4024657757114494, 1.4690763553789117, 1.4352382086312834, 1.3078676789813133, 1.2336627867197074, 1.2117583717879756, 1.0914323600059634]",40,True,81,0.2,0.6111801156859127,,1,0.1414213562373095,7.778174593052023
20260927T095930443635Z_577f21e5,DRL,5,0.83,5,5,6,5.5,5.5,0.19,0.5,10,2,5760.0,"[0.8592549273600911, 0.6058380411445193, 0.4316697215292379, 0.32461244914431125, 0.29898418014229616, 0.3853292566116986, 0.6184818884427356, 0.9112753545916268, 1.124060711596949, 1.0918553682168552, 1.0519012231472415, 1.0604058710082023, 1.1010962834034748, 1.1484706050156464, 1.2414843039249468, 1.286522046207647, 1.3072562312959182, 1.4024657757114494, 1.4690763553789117, 1.4352382086312834, 1.3078676789813133, 1.2336627867197074, 1.2117583717879756, 1.0914323600059634]",40,True,81,0.2442732516826255,0.661326861006116,,1,0.17272727272727273,7.778174593052023
20260927T095930443635Z_577f21e5,DRL,5,0.83,5,5,6,6.0,5.5,0.19,0.5,10,2,5760.0,"[0.8592549273600911, 0.6058380411445193, 0.4316697215292379, 0.32461244914431125, 0.29898418014229616, 0.3853292566116986, 0.6184818884427356, 0.9112753545916268, 1.124060711596949, 1.0918553682168552, 1.0519012231472415, 1.0604058710082023, 1.1010962834034748, 1.1484706050156464, 1.2414843039249468, 1.286522046207647, 1.3072562312959182, 1.4024657757114494, 1.4690763553789117, 1.4352382086312834, 1.3078676789813133, 1.2336627867197074, 1.2117583717879756, 1.0914323600059634]",40,True,81,0.1,0.5082833517545436,,1,0.07071067811865475,7.778174593052023
20260927T095930443635Z_577f21e5,DRL,5,0.83,5,5,6,6.0,5.5,0.19,0.5,10,2,5760.0,"[0.8592549273600911, 0.6058380411445193, 0.4316697215292379, 0.32461244914431125, 0.29898418014229616, 0.3853292566116986, 0.6184818884427356, 0.9112753545916268, 1.124060711596949, 1.0918553682168552, 1.0519012231472415, 1.0604058710082023, 1.1010962834034748, 1.1484706050156464, 1.2414843039249468, 1.286522046207647, 1.3072562312959182, 1.4024657757114494, 1.4690763553789117, 1.4352382086312834, 1.3078676789813133, 1.2336627867197074, 1.2117583717879756, 1.0914323600059634]",40,True,81,0.2,0.6665600742194258,,1,0.1414213562373095,7.778174593052023
20260927T095930443635Z_577f21e5,DRL,5,0.83,5,5,6,6.0,5.5,0.19,0.5,10,2,5760.0,"[0.8592549273600911, 0.6058380411445193, 0.4316697215292379, 0.32461244914431125, 0.29898418014229616, 0.3853292566116986, 0.6184818884427356, 0.9112753545916268, 1.124060711596949, 1.0918553682168552, 1.0519012231472415, 1.0604058710082023, 1.1010962834034748, 1.1484706050156464, 1.2414843039249468, 1.286522046207647, 1.3072562312959182, 1.4024657757114494, 1.4690763553789117, 1.4352382086312834, 1.3078676789813133, 1.2336627867197074, 1.2117583717879756, 1.0914323600059634]",40,True,81,0.2442732516826255,0.7233321640928563,,1,0.17272727272727273,7.778174593052023
20260927T095930443635Z_577f21e5,DRL,5,1.0,5,5,6,5.5,5.5,0.19,0.5,10,2,5760.0,"[0.8592549273600911, 0.6058380411445193, 0.4316697215292379, 0.32461244914431125, 0.29898418014229616, 0.3853292566116986, 0.6184818884427356, 0.9112753545916268, 1.124060711596949, 1.0918553682168552, 1.0519012231472415, 1.0604058710082023, 1.1010962834034748, 1.1484706050156464, 1.2414843039249468, 1.286522046207647, 1.3072562312959182, 1.4024657757114494, 1.4690763553789117, 1.4352382086312834, 1.3078676789813133, 1.2336627867197074, 1.2117583717879756, 1.0914323600059634]",40,True,81,0.1,0.500784851449837,,1,0.07071067811865475,7.778174593052023
20260927T095930443635Z_577f21e5,DRL,5,1.0,5,5,6,5.5,5.5,0.19,0.5,10,2,5760.0,"[0.8592549273600911, 0.6058380411445193, 0.4316697215292379, 0.32461244914431125, 0.29898418014229616, 0.3853292566116986, 0.6184818884427356, 0.9112753545916268, 1.124060711596949, 1.0918553682168552, 1.0519012231472415, 1.0604058710082023, 1.1010962834034748, 1.1484706050156464, 1.2414843039249468, 1.286522046207647, 1.3072562312959182, 1.4024657757114494, 1.4690763553789117, 1.4352382086312834, 1.3078676789813133, 1.2336627867197074, 1.2117583717879756, 1.0914323600059634]",40,True,81,0.2,0.644920159343628,,1,0.1414213562373095,7.778174593052023
20260927T095930443635Z_577f21e5,DRL,5,1.0,5,5,6,5.5,5.5,0.19,0.5,10,2,5760.0,"[0.8592549273600911, 0.6058380411445193, 0.4316697215292379, 0.32461244914431125, 0.29898418014229616, 0.3853292566116986, 0.6184818884427356, 0.9112753545916268, 1.124060711596949, 1.0918553682168552, 1.0519012231472415, 1.0604058710082023, 1.1010962834034748, 1.1484706050156464, 1.2414843039249468, 1.286522046207647, 1.3072562312959182, 1.4024657757114494, 1.4690763553789117, 1.4352382086312834, 1.3078676789813133, 1.2336627867197074, 1.2117583717879756, 1.0914323600059634]",40,True,81,0.2442732516826255,0.6411046990527818,,1,0.17272727272727273,7.778174593052023
20260927T095930443635Z_577f21e5,DRL,5,1.0,5,5,6,6.0,5.5,0.19,0.5,10,2,5760.0,"[0.8592549273600911, 0.6058380411445193, 0.4316697215292379, 0.32461244914431125, 0.29898418014229616, 0.3853292566116986, 0.6184818884427356, 0.9112753545916268, 1.124060711596949, 1.0918553682168552, 1.0519012231472415, 1.0604058710082023, 1.1010962834034748, 1.1484706050156464, 1.2414843039249468, 1.286522046207647, 1.3072562312959182, 1.4024657757114494, 1.4690763553789117, 1.4352382086312834, 1.3078676789813133, 1.2336627867197074, 1.2117583717879756, 1.0914323600059634]",40,True,81,0.1,0.5352244776854329,,1,0.07071067811865475,7.778174593052023
20260927T095930443635Z_577f21e5,DRL,5,1.0,5,5,6,6.0,5.5,0.19,0.5,10,2,5760.0,"[0.8592549273600911, 0.6058380411445193, 0.4316697215292379, 0.32461244914431125, 0.29898418014229616, 0.3853292566116986, 0.6184818884427356, 0.9112753545916268, 1.124060711596949, 1.0918553682168552, 1.0519012231472415, 1.0604058710082023, 1.1010962834034748, 1.1484706050156464, 1.2414843039249468, 1.286522046207647, 1.3072562312959182, 1.4024657757114494, 1.4690763553789117, 1.4352382086312834, 1.3078676789813133, 1.2336627867197074, 1.2117583717879756, 1.0914323600059634]",40,True,81,0.2,0.6940645803948573,,1,0.1414213562373095,7.778174593052023
20260927T095930443635Z_577f21e5,DRL,5,1.0,5,5,6,6.0,5.5,0.19,0.5,10,2,5760.0,"[0.8592549273600911, 0.6058380411445193, 0.4316697215292379, 0.32461244914431125, 0.29898418014229616, 0.3853292566116986, 0.6184818884427356, 0.9112753545916268, 1.124060711596949, 1.0918553682168552, 1.0519012231472415, 1.0604058710082023, 1.1010962834034748, 1.1484706050156464, 1.2414843039249468, 1.286522046207647, 1.3072562312959182, 1.4024657757114494, 1.4690763553789117, 1.4352382086312834, 1.3078676789813133, 1.2336627867197074, 1.2117583717879756, 1.0914323600059634]",40,True,81,0.2442732516826255,0.6756773176585337,,1,0.17272727272727273,7.778174593052023
20260927T095930443635Z_577f21e5,DRL,10,0.33,5,5,6,5.5,5.5,0.19,0.5,10,2,5760.0,"[0.8592549273600911, 0.6058380411445193, 0.4316697215292379, 0.32461244914431125, 0.29898418014229616, 0.3853292566116986, 0.6184818884427356, 0.9112753545916268, 1.124060711596949, 1.0918553682168552, 1.0519012231472415, 1.0604058710082023, 1.1010962834034748, 1.1484706050156464, 1.2414843039249468, 1.286522046207647, 1.3072562312959182, 1.4024657757114494, 1.4690763553789117, 1.4352382086312834, 1.3078676789813133, 1.2336627867197074, 1.2117583717879756, 1.0914323600059634]",40,True,81,0.1,0.45996333054777927,,1,0.07071067811865475,7.778174593052023
20260927T095930443635Z_577f21e5,DRL,10,0.33,5,5,6,5.5,5.5,0.19,0.5,10,2,5760.0,"[0.8592549273600911, 0.6058380411445193, 0.4316697215292379, 0.32461244914431125, 0.29898418014229616, 0.3853292566116986, 0.6184818884427356, 0.9112753545916268, 1.124060711596949, 1.0918553682168552, 1.0519012231472415, 1.0604058710082023, 1.1010962834034748, 1.1484706050156464, 1.2414843039249468, 1.286522046207647, 1.3072562312959182, 1.4024657757114494, 1.4690763553789117, 1.4352382086312834, 1.3078676789813133, 1.2336627867197074, 1.2117583717879756, 1.0914323600059634]",40,True,81,0.2,0.6294269398441757,,1,0.1414213562373095,7.778174593052023
20260927T095930443635Z_577f21e5,DRL,10,0.33,5,5,6,5.5,5.5,0.19,0.5,10,2,5760.0,"[0.8592549273600911, 0.6058380411445193, 0.4316697215292379, 0.32461244914431125, 0.29898418014229616, 0.3853292566116986, 0.6184818884427356, 0.9112753545916268, 1.124060711596949, 1.0918553682168552, 1.0519012231472415, 1.0604058710082023, 1.1010962834034748, 1.1484706050156464, 1.2414843039249468, 1.286522046207647, 1.3072562312959182, 1.4024657757114494, 1.4690763553789117, 1.4352382086312834, 1.3078676789813133, 1.2336627867197074, 1.2117583717879756, 1.0914323600059634]",40,True,81,0.2442732516826255,0.6348750449427091,,1,0.17272727272727273,7.778174593052023
20260927T095930443635Z_577f21e5,DRL,10,0.33,5,5,6,6.0,5.5,0.19,0.5,10,2,5760.0,"[0.8592549273600911, 0.6058380411445193, 0.4316697215292379, 0.32461244914431125, 0.29898418014229616, 0.3853292566116986, 0.6184818884427356, 0.9112753545916268, 1.124060711596949, 1.0918553682168552, 1.0519012231472415, 1.0604058710082023, 1.1010962834034748, 1.1484706050156464, 1.2414843039249468, 1.286522046207647, 1.3072562312959182, 1.4024657757114494, 1.4690763553789117, 1.4352382086312834, 1.3078676789813133, 1.2336627867197074, 1.2117583717879756, 1.0914323600059634]",40,True,81,0.1,0.5354015781273668,,1,0.07071067811865475,7.778174593052023
20260927T095930443635Z_577f21e5,DRL,10,0.33,5,5,6,6.0,5.5,0.19,0.5,10,2,5760.0,"[0.8592549273600911, 0.6058380411445193, 0.4316697215292379, 0.32461244914431125, 0.29898418014229616, 0.3853292566116986, 0.6184818884427356, 0.9112753545916268, 1.124060711596949, 1.0918553682168552, 1.0519012231472415, 1.0604058710082023, 1.1010962834034748, 1.1484706050156464, 1.2414843039249468, 1.286522046207647, 1.3072562312959182, 1.4024657757114494, 1.4690763553789117, 1.4352382086312834, 1.3078676789813133, 1.2336627867197074, 1.2117583717879756, 1.0914323600059634]",40,True,81,0.2,0.6527693244583914,,1,0.1414213562373095,7.778174593052023
20260927T095930443635Z_577f21e5,DRL,10,0.33,5,5,6,6.0,5.5,0.19,0.5,10,2,5760.0,"[0.8592549273600911, 0.6058380411445193, 0.4316697215292379, 0.32461244914431125, 0.29898418014229616, 0.3853292566116986, 0.6184818884427356, 0.9112753545916268, 1.124060711596949, 1.0918553682168552, 1.0519012231472415, 1.0604058710082023, 1.1010962834034748, 1.1484706050156464, 1.2414843039249468, 1.286522046207647, 1.3072562312959182, 1.4024657757114494, 1.4690763553789117, 1.4352382086312834, 1.3078676789813133, 1.2336627867197074, 1.2117583717879756, 1.0914323600059634]",40,True,81,0.2442732516826255,0.6818206187522255,,1,0.17272727272727273,7.778174593052023
20260927T095930443635Z_577f21e5,DRL,10,0.5,5,5,6,5.5,5.5,0.19,0.5,10,2,5760.0,"[0.8592549273600911, 0.6058380411445193, 0.4316697215292379, 0.32461244914431125, 0.29898418014229616, 0.3853292566116986, 0.6184818884427356, 0.9112753545916268, 1.124060711596949, 1.0918553682168552, 1.0519012231472415, 1.0604058710082023, 1.1010962834034748, 1.1484706050156464, 1.2414843039249468, 1.286522046207647, 1.3072562312959182, 1.4024657757114494, 1.4690763553789117, 1.4352382086312834, 1.3078676789813133, 1.2336627867197074, 1.2117583717879756, 1.0914323600059634]",40,True,81,0.1,0.49482292892609475,,1,0.07071067811865475,7.778174593052023
20260927T095930443635Z_577f21e5,DRL,10,0.5,5,5,6,5.5,5.5,0.19,0.5,10,2,5760.0,"[0.8592549273600911, 0.6058380411445193, 0.4316697215292379, 0.32461244914431125, 0.29898418014229616, 0.3853292566116986, 0.6184818884427356, 0.9112753545916268, 1.124060711596949, 1.0918553682168552, 1.0519012231472415, 1.0604058710082023, 1.1010962834034748, 1.1484706050156464, 1.2414843039249468, 1.286522046207647, 1.3072562312959182, 1.4024657757114494, 1.4690763553789117, 1.4352382086312834, 1.3078676789813133, 1.2336627867197074, 1.2117583717879756, 1.0914323600059634]",40,True,81,0.2,0.6506354114996693,,1,0.1414213562373095,7.778174593052023
20260927T095930443635Z_577f21e5,DRL,10,0.5,5,5,6,5.5,5.5,0.19,0.5,10,2,5760.0,"[0.8592549273600911, 0.6058380411445193, 0.4316697215292379, 0.32461244914431125, 0.29898418014229616, 0.3853292566116986, 0.6184818884427356, 0.9112753545916268, 1.124060711596949, 1.0918553682168552, 1.0519012231472415, 1.0604058710082023, 1.1010962834034748, 1.1484706050156464, 1.2414843039249468, 1.286522046207647, 1.3072562312959182, 1.4024657757114494, 1.4690763553789117, 1.4352382086312834, 1.3078676789813133, 1.2336627867197074, 1.2117583717879756, 1.0914323600059634]",40,True,81,0.2442732516826255,0.696052491929796,,1,0.17272727272727273,7.778174593052023
20260927T095930443635Z_577f21e5,DRL,10,0.5,5,5,6,6.0,5.5,0.19,0.5,10,2,5760.0,"[0.8592549273600911, 0.6058380411445193, 0.4316697215292379, 0.32461244914431125, 0.29898418014229616, 0.3853292566116986, 0.6184818884427356, 0.9112753545916268, 1.124060711596949, 1.0918553682168552, 1.0519012231472415, 1.0604058710082023, 1.1010962834034748, 1.1484706050156464, 1.2414843039249468, 1.286522046207647, 1.3072562312959182, 1.4024657757114494, 1.4690763553789117, 1.4352382086312834, 1.3078676789813133, 1.2336627867197074, 1.2117583717879756, 1.0914323600059634]",40,True,81,0.1,0.534369027503544,,1,0.07071067811865475,7.778174593052023
20260927T095930443635Z_577f21e5,DRL,10,0.5,5,5,6,6.0,5.5,0.19,0.5,10,2,5760.0,"[0.8592549273600911, 0.6058380411445193, 0.4316697215292379, 0.32461244914431125, 0.29898418014229616, 0.3853292566116986, 0.6184818884427356, 0.9112753545916268, 1.124060711596949, 1.0918553682168552, 1.0519012231472415, 1.0604058710082023, 1.1010962834034748, 1.1484706050156464, 1.2414843039249468, 1.286522046207647, 1.3072562312959182, 1.4024657757114494, 1.4690763553789117, 1.4352382086312834, 1.3078676789813133, 1.2336627867197074, 1.2117583717879756, 1.0914323600059634]",40,True,81,0.2,0.7251892869015958,,1,0.1414213562373095,7.778174593052023
20260927T095930443635Z_577f21e5,DRL,10,0.5,5,5,6,6.0,5.5,0.19,0.5,10,2,5760.0,"[0.8592549273600911, 0.6058380411445193, 0.4316697215292379, 0.32461244914431125, 0.29898418014229616, 0.3853292566116986, 0.6184818884427356, 0.9112753545916268, 1.124060711596949, 1.0918553682168552, 1.0519012231472415, 1.0604058710082023, 1.1010962834034748, 1.1484706050156464, 1.2414843039249468, 1.286522046207647, 1.3072562312959182, 1.4024657757114494, 1.4690763553789117, 1.4352382086312834, 1.3078676789813133, 1.2336627867197074, 1.2117583717879756, 1.0914323600059634]",40,True,81,0.2442732516826255,0.7386603592585499,,1,0.17272727272727273,7.778174593052023
20260927T095930443635Z_577f21e5,DRL,10,0.67,5,5,6,5.5,5.5,0.19,0.5,10,2,5760.0,"[0.8592549273600911, 0.6058380411445193, 0.4316697215292379, 0.32461244914431125, 0.29898418014229616, 0.3853292566116986, 0.6184818884427356, 0.9112753545916268, 1.124060711596949, 1.0918553682168552, 1.0519012231472415, 1.0604058710082023, 1.1010962834034748, 1.1484706050156464, 1.2414843039249468, 1.286522046207647, 1.3072562312959182, 1.4024657757114494, 1.4690763553789117, 1.4352382086312834, 1.3078676789813133, 1.2336627867197074, 1.2117583717879756, 1.0914323600059634]",40,True,81,0.1,0.5495899171757519,,1,0.07071067811865475,7.778174593052023
20260927T095930443635Z_577f21e5,DRL,10,0.67,5,5,6,5.5,5.5,0.19,0.5,10,2,5760.0,"[0.8592549273600911, 0.6058380411445193, 0.4316697215292379, 0.32461244914431125, 0.29898418014229616, 0.3853292566116986, 0.6184818884427356, 0.9112753545916268, 1.124060711596949, 1.0918553682168552, 1.0519012231472415, 1.0604058710082023, 1.1010962834034748, 1.1484706050156464, 1.2414843039249468, 1.286522046207647, 1.3072562312959182, 1.4024657757114494, 1.4690763553789117, 1.4352382086312834, 1.3078676789813133, 1.2336627867197074, 1.2117583717879756, 1.0914323600059634]",40,True,81,0.2,0.6578569073621148,,1,0.1414213562373095,7.778174593052023
20260927T095930443635Z_577f21e5,DRL,10,0.67,5,5,6,5.5,5.5,0.19,0.5,10,2,5760.0,"[0.8592549273600911, 0.6058380411445193, 0.4316697215292379, 0.32461244914431125, 0.29898418014229616, 0.3853292566116986, 0.6184818884427356, 0.9112753545916268, 1.124060711596949, 1.0918553682168552, 1.0519012231472415, 1.0604058710082023, 1.1010962834034748, 1.1484706050156464, 1.2414843039249468, 1.286522046207647, 1.3072562312959182, 1.4024657757114494, 1.4690763553789117, 1.4352382086312834, 1.3078676789813133, 1.2336627867197074, 1.2117583717879756, 1.0914323600059634]",40,True,81,0.2442732516826255,0.7129612223307291,,1,0.17272727272727273,7.778174593052023
20260927T095930443635Z_577f21e5,DRL,10,0.67,5,5,6,6.0,5.5,0.19,0.5,10,2,5760.0,"[0.8592549273600911, 0.6058380411445193, 0.4316697215292379, 0.32461244914431125, 0.29898418014229616, 0.3853292566116986, 0.6184818884427356, 0.9112753545916268, 1.124060711596949, 1.0918553682168552, 1.0519012231472415, 1.0604058710082023, 1.1010962834034748, 1.1484706050156464, 1.2414843039249468, 1.286522046207647, 1.3072562312959182, 1.4024657757114494, 1.4690763553789117, 1.4352382086312834, 1.3078676789813133, 1.2336627867197074, 1.2117583717879756, 1.0914323600059634]",40,True,81,0.1,0.6137915740227119,,1,0.07071067811865475,7.778174593052023
20260927T095930443635Z_577f21e5,DRL,10,0.67,5,5,6,6.0,5.5,0.19,0.5,10,2,5760.0,"[0.8592549273600911, 0.6058380411445193, 0.4316697215292379, 0.32461244914431125, 0.29898418014229616, 0.3853292566116986, 0.6184818884427356, 0.9112753545916268, 1.124060711596949, 1.0918553682168552, 1.0519012231472415, 1.0604058710082023, 1.1010962834034748, 1.1484706050156464, 1.2414843039249468, 1.286522046207647, 1.3072562312959182, 1.4024657757114494, 1.4690763553789117, 1.4352382086312834, 1.3078676789813133, 1.2336627867197074, 1.2117583717879756, 1.0914323600059634]",40,True,81,0.2,0.6721606189876829,,1,0.1414213562373095,7.778174593052023
20260927T095930443635Z_577f21e5,DRL,10,0.67,5,5,6,6.0,5.5,0.19,0.5,10,2,5760.0,"[0.8592549273600911, 0.6058380411445193, 0.4316697215292379, 0.32461244914431125, 0.29898418014229616, 0.3853292566116986, 0.6184818884427356, 0.9112753545916268, 1.124060711596949, 1.0918553682168552, 1.0519012231472415, 1.0604058710082023, 1.1010962834034748, 1.1484706050156464, 1.2414843039249468, 1.286522046207647, 1.3072562312959182, 1.4024657757114494, 1.4690763553789117, 1.4352382086312834, 1.3078676789813133, 1.2336627867197074, 1.2117583717879756, 1.0914323600059634]",40,True,81,0.2442732516826255,0.7642610492076276,,1,0.17272727272727273,7.778174593052023
20260927T095930443635Z_577f21e5,DRL,10,0.83,5,5,6,5.5,5.5,0.19,0.5,10,2,5760.0,"[0.8592549273600911, 0.6058380411445193, 0.4316697215292379, 0.32461244914431125, 0.29898418014229616, 0.3853292566116986, 0.6184818884427356, 0.9112753545916268, 1.124060711596949, 1.0918553682168552, 1.0519012231472415, 1.0604058710082023, 1.1010962834034748, 1.1484706050156464, 1.2414843039249468, 1.286522046207647, 1.3072562312959182, 1.4024657757114494, 1.4690763553789117, 1.4352382086312834, 1.3078676789813133, 1.2336627867197074, 1.2117583717879756, 1.0914323600059634]",40,True,81,0.1,0.5699269870567663,,1,0.07071067811865475,7.778174593052023
20260927T095930443635Z_577f21e5,DRL,10,0.83,5,5,6,5.5,5.5,0.19,0.5,10,2,5760.0,"[0.8592549273600911, 0.6058380411445193, 0.4316697215292379, 0.32461244914431125, 0.29898418014229616, 0.3853292566116986, 0.6184818884427356, 0.9112753545916268, 1.124060711596949, 1.0918553682168552, 1.0519012231472415, 1.0604058710082023, 1.1010962834034748, 1.1484706050156464, 1.2414843039249468, 1.286522046207647, 1.3072562312959182, 1.4024657757114494, 1.4690763553789117, 1.4352382086312834, 1.3078676789813133, 1.2336627867197074, 1.2117583717879756, 1.0914323600059634]",40,True,81,0.2,0.654135552791087,,1,0.1414213562373095,7.778174593052023
20260927T095930443635Z_577f21e5,DRL,10,0.83,5,5,6,5.5,5.5,0.19,0.5,10,2,5760.0,"[0.8592549273600911, 0.6058380411445193, 0.4316697215292379, 0.32461244914431125, 0.29898418014229616, 0.3853292566116986, 0.6184818884427356, 0.9112753545916268, 1.124060711596949, 1.0918553682168552, 1.0519012231472415, 1.0604058710082023, 1.1010962834034748, 1.1484706050156464, 1.2414843039249468, 1.286522046207647, 1.3072562312959182, 1.4024657757114494, 1.4690763553789117, 1.4352382086312834, 1.3078676789813133, 1.2336627867197074, 1.2117583717879756, 1.0914323600059634]",40,True,81,0.2442732516826255,0.7466228062097652,,1,0.17272727272727273,7.778174593052023
20260927T095930443635Z_577f21e5,DRL,10,0.83,5,5,6,6.0,5.5,0.19,0.5,10,2,5760.0,"[0.8592549273600911, 0.6058380411445193, 0.4316697215292379, 0.32461244914431125, 0.29898418014229616, 0.3853292566116986, 0.6184818884427356, 0.9112753545916268, 1.124060711596949, 1.0918553682168552, 1.0519012231472415, 1.0604058710082023, 1.1010962834034748, 1.1484706050156464, 1.2414843039249468, 1.286522046207647, 1.3072562312959182, 1.4024657757114494, 1.4690763553789117, 1.4352382086312834, 1.3078676789813133, 1.2336627867197074, 1.2117583717879756, 1.0914323600059634]",40,True,81,0.1,0.5883156018379407,,1,0.07071067811865475,7.778174593052023
20260927T095930443635Z_577f21e5,DRL,10,0.83,5,5,6,6.0,5.5,0.19,0.5,10,2,5760.0,"[0.8592549273600911, 0.6058380411445193, 0.4316697215292379, 0.32461244914431125, 0.29898418014229616, 0.3853292566116986, 0.6184818884427356, 0.9112753545916268, 1.124060711596949, 1.0918553682168552, 1.0519012231472415, 1.0604058710082023, 1.1010962834034748, 1.1484706050156464, 1.2414843039249468, 1.286522046207647, 1.3072562312959182, 1.4024657757114494, 1.4690763553789117, 1.4352382086312834, 1.3078676789813133, 1.2336627867197074, 1.2117583717879756, 1.0914323600059634]",40,True,81,0.2,0.705370518041639,,1,0.1414213562373095,7.778174593052023
20260927T095930443635Z_577f21e5,DRL,10,0.83,5,5,6,6.0,5.5,0.19,0.5,10,2,5760.0,"[0.8592549273600911, 0.6058380411445193, 0.4316697215292379, 0.32461244914431125, 0.29898418014229616, 0.3853292566116986, 0.6184818884427356, 0.9112753545916268, 1.124060711596949, 1.0918553682168552, 1.0519012231472415, 1.0604058710082023, 1.1010962834034748, 1.1484706050156464, 1.2414843039249468, 1.286522046207647, 1.3072562312959182, 1.4024657757114494, 1.4690763553789117, 1.4352382086312834, 1.3078676789813133, 1.2336627867197074, 1.2117583717879756, 1.0914323600059634]",40,True,81,0.2442732516826255,0.7406606292724609,,1,0.17272727272727273,7.778174593052023
20260927T095930443635Z_577f21e5,DRL,10,1.0,5,5,6,5.5,5.5,0.19,0.5,10,2,5760.0,"[0.8592549273600911, 0.6058380411445193, 0.4316697215292379, 0.32461244914431125, 0.29898418014229616, 0.3853292566116986, 0.6184818884427356, 0.9112753545916268, 1.124060711596949, 1.0918553682168552, 1.0519012231472415, 1.0604058710082023, 1.1010962834034748, 1.1484706050156464, 1.2414843039249468, 1.286522046207647, 1.3072562312959182, 1.4024657757114494, 1.4690763553789117, 1.4352382086312834, 1.3078676789813133, 1.2336627867197074, 1.2117583717879756, 1.0914323600059634]",40,True,81,0.1,0.6100964758427082,,1,0.07071067811865475,7.778174593052023
20260927T095930443635Z_577f21e5,DRL,10,1.0,5,5,6,5.5,5.5,0.19,0.5,10,2,5760.0,"[0.8592549273600911, 0.6058380411445193, 0.4316697215292379, 0.32461244914431125, 0.29898418014229616, 0.3853292566116986, 0.6184818884427356, 0.9112753545916268, 1.124060711596949, 1.0918553682168552, 1.0519012231472415, 1.0604058710082023, 1.1010962834034748, 1.1484706050156464, 1.2414843039249468, 1.286522046207647, 1.3072562312959182, 1.4024657757114494, 1.4690763553789117, 1.4352382086312834, 1.3078676789813133, 1.2336627867197074, 1.2117583717879756, 1.0914323600059634]",40,True,81,0.2,0.6699905187158641,,1,0.1414213562373095,7.778174593052023
20260927T095930443635Z_577f21e5,DRL,10,1.0,5,5,6,5.5,5.5,0.19,0.5,10,2,5760.0,"[0.8592549273600911, 0.6058380411445193, 0.4316697215292379, 0.32461244914431125, 0.29898418014229616, 0.3853292566116986, 0.6184818884427356, 0.9112753545916268, 1.124060711596949, 1.0918553682168552, 1.0519012231472415, 1.0604058710082023, 1.1010962834034748, 1.1484706050156464, 1.2414843039249468, 1.286522046207647, 1.3072562312959182, 1.4024657757114494, 1.4690763553789117, 1.4352382086312834, 1.3078676789813133, 1.2336627867197074, 1.2117583717879756, 1.0914323600059634]",40,True,81,0.2442732516826255,0.756909400092231,,1,0.17272727272727273,7.778174593052023
20260927T095930443635Z_577f21e5,DRL,10,1.0,5,5,6,6.0,5.5,0.19,0.5,10,2,5760.0,"[0.8592549273600911, 0.6058380411445193, 0.4316697215292379, 0.32461244914431125, 0.29898418014229616, 0.3853292566116986, 0.6184818884427356, 0.9112753545916268, 1.124060711596949, 1.0918553682168552, 1.0519012231472415, 1.0604058710082023, 1.1010962834034748, 1.1484706050156464, 1.2414843039249468, 1.286522046207647, 1.3072562312959182, 1.4024657757114494, 1.4690763553789117, 1.4352382086312834, 1.3078676789813133, 1.2336627867197074, 1.2117583717879756, 1.0914323600059634]",40,True,81,0.1,0.6685822393372821,,1,0.07071067811865475,7.778174593052023
20260927T095930443635Z_577f21e5,DRL,10,1.0,5,5,6,6.0,5.5,0.19,0.5,10,2,5760.0,"[0.8592549273600911, 0.6058380411445193, 0.4316697215292379, 0.32461244914431125, 0.29898418014229616, 0.3853292566116986, 0.6184818884427356, 0.9112753545916268, 1.124060711596949, 1.0918553682168552, 1.0519012231472415, 1.0604058710082023, 1.1010962834034748, 1.1484706050156464, 1.2414843039249468, 1.286522046207647, 1.3072562312959182, 1.4024657757114494, 1.4690763553789117, 1.4352382086312834, 1.3078676789813133, 1.2336627867197074, 1.2117583717879756, 1.0914323600059634]",40,True,81,0.2,0.7453163943982241,,1,0.1414213562373095,7.778174593052023
20260927T095930443635Z_577f21e5,DRL,10,1.0,5,5,6,6.0,5.5,0.19,0.5,10,2,5760.0,"[0.8592549273600911, 0.6058380411445193, 0.4316697215292379, 0.32461244914431125, 0.29898418014229616, 0.3853292566116986, 0.6184818884427356, 0.9112753545916268, 1.124060711596949, 1.0918553682168552, 1.0519012231472415, 1.0604058710082023, 1.1010962834034748, 1.1484706050156464, 1.2414843039249468, 1.286522046207647, 1.3072562312959182, 1.4024657757114494, 1.4690763553789117, 1.4352382086312834, 1.3078676789813133, 1.2336627867197074, 1.2117583717879756, 1.0914323600059634]",40,True,81,0.2442732516826255,0.8238156602743257,,1,0.17272727272727273,7.778174593052023
20260927T095930443635Z_577f21e5,DRL,20,0.33,5,5,6,5.5,5.5,0.19,0.5,10,2,5760.0,"[0.8592549273600911, 0.6058380411445193, 0.4316697215292379, 0.32461244914431125, 0.29898418014229616, 0.3853292566116986, 0.6184818884427356, 0.9112753545916268, 1.124060711596949, 1.0918553682168552, 1.0519012231472415, 1.0604058710082023, 1.1010962834034748, 1.1484706050156464, 1.2414843039249468, 1.286522046207647, 1.3072562312959182, 1.4024657757114494, 1.4690763553789117, 1.4352382086312834, 1.3078676789813133, 1.2336627867197074, 1.2117583717879756, 1.0914323600059634]",40,True,81,0.1,0.5878585330836077,,1,0.07071067811865475,7.778174593052023
20260927T095930443635Z_577f21e5,DRL,20,0.33,5,5,6,5.5,5.5,0.19,0.5,10,2,5760.0,"[0.8592549273600911, 0.6058380411445193, 0.4316697215292379, 0.32461244914431125, 0.29898418014229616, 0.3853292566116986, 0.6184818884427356, 0.9112753545916268, 1.124060711596949, 1.0918553682168552, 1.0519012231472415, 1.0604058710082023, 1.1010962834034748, 1.1484706050156464, 1.2414843039249468, 1.286522046207647, 1.3072562312959182, 1.4024657757114494, 1.4690763553789117, 1.4352382086312834, 1.3078676789813133, 1.2336627867197074, 1.2117583717879756, 1.0914323600059634]",40,True,81,0.2,0.7739156595865886,,1,0.1414213562373095,7.778174593052023
20260927T095930443635Z_577f21e5,DRL,20,0.33,5,5,6,5.5,5.5,0.19,0.5,10,2,5760.0,"[0.8592549273600911, 0.6058380411445193, 0.4316697215292379, 0.32461244914431125, 0.29898418014229616, 0.3853292566116986, 0.6184818884427356, 0.9112753545916268, 1.124060711596949, 1.0918553682168552, 1.0519012231472415, 1.0604058710082023, 1.1010962834034748, 1.1484706050156464, 1.2414843039249468, 1.286522046207647, 1.3072562312959182, 1.4024657757114494, 1.4690763553789117, 1.4352382086312834, 1.3078676789813133, 1.2336627867197074, 1.2117583717879756, 1.0914323600059634]",40,True,81,0.2442732516826255,0.7951449754503038,,1,0.17272727272727273,7.778174593052023
20260927T095930443635Z_577f21e5,DRL,20,0.33,5,5,6,6.0,5.5,0.19,0.5,10,2,5760.0,"[0.8592549273600911, 0.6058380411445193, 0.4316697215292379, 0.32461244914431125, 0.29898418014229616, 0.3853292566116986, 0.6184818884427356, 0.9112753545916268, 1.124060711596949, 1.0918553682168552, 1.0519012231472415, 1.0604058710082023, 1.1010962834034748, 1.1484706050156464, 1.2414843039249468, 1.286522046207647, 1.3072562312959182, 1.4024657757114494, 1.4690763553789117, 1.4352382086312834, 1.3078676789813133, 1.2336627867197074, 1.2117583717879756, 1.0914323600059634]",40,True,81,0.1,0.6227987389414039,,1,0.07071067811865475,7.778174593052023
20260927T095930443635Z_577f21e5,DRL,20,0.33,5,5,6,6.0,5.5,0.19,0.5,10,2,5760.0,"[0.8592549273600911, 0.6058380411445193, 0.4316697215292379, 0.32461244914431125, 0.29898418014229616, 0.3853292566116986, 0.6184818884427356, 0.9112753545916268, 1.124060711596949, 1.0918553682168552, 1.0519012231472415, 1.0604058710082023, 1.1010962834034748, 1.1484706050156464, 1.2414843039249468, 1.286522046207647, 1.3072562312959182, 1.4024657757114494, 1.4690763553789117, 1.4352382086312834, 1.3078676789813133, 1.2336627867197074, 1.2117583717879756, 1.0914323600059634]",40,True,81,0.2,0.8273704698350695,,1,0.1414213562373095,7.778174593052023
20260927T095930443635Z_577f21e5,DRL,20,0.33,5,5,6,6.0,5.5,0.19,0.5,10,2,5760.0,"[0.8592549273600911, 0.6058380411445193, 0.4316697215292379, 0.32461244914431125, 0.29898418014229616, 0.3853292566116986, 0.6184818884427356, 0.9112753545916268, 1.124060711596949, 1.0918553682168552, 1.0519012231472415, 1.0604058710082023, 1.1010962834034748, 1.1484706050156464, 1.2414843039249468, 1.286522046207647, 1.3072562312959182, 1.4024657757114494, 1.4690763553789117, 1.4352382086312834, 1.3078676789813133, 1.2336627867197074, 1.2117583717879756, 1.0914323600059634]",40,True,81,0.2442732516826255,0.8615647888183594,,1,0.17272727272727273,7.778174593052023
20260927T095930443635Z_577f21e5,DRL,20,0.5,5,5,6,5.5,5.5,0.19,0.5,10,2,5760.0,"[0.8592549273600911, 0.6058380411445193, 0.4316697215292379, 0.32461244914431125, 0.29898418014229616, 0.3853292566116986, 0.6184818884427356, 0.9112753545916268, 1.124060711596949, 1.0918553682168552, 1.0519012231472415, 1.0604058710082023, 1.1010962834034748, 1.1484706050156464, 1.2414843039249468, 1.286522046207647, 1.3072562312959182, 1.4024657757114494, 1.4690763553789117, 1.4352382086312834, 1.3078676789813133, 1.2336627867197074, 1.2117583717879756, 1.0914323600059634]",40,True,81,0.1,0.582260937007962,,1,0.07071067811865475,7.778174593052023
20260927T095930443635Z_577f21e5,DRL,20,0.5,5,5,6,5.5,5.5,0.19,0.5,10,2,5760.0,"[0.8592549273600911, 0.6058380411445193, 0.4316697215292379, 0.32461244914431125, 0.29898418014229616, 0.3853292566116986, 0.6184818884427356, 0.9112753545916268, 1.124060711596949, 1.0918553682168552, 1.0519012231472415, 1.0604058710082023, 1.1010962834034748, 1.1484706050156464, 1.2414843039249468, 1.286522046207647, 1.3072562312959182, 1.4024657757114494, 1.4690763553789117, 1.4352382086312834, 1.3078676789813133, 1.2336627867197074, 1.2117583717879756, 1.0914323600059634]",40,True,81,0.2,0.7618803236219618,,1,0.1414213562373095,7.778174593052023
20260927T095930443635Z_577f21e5,DRL,20,0.5,5,5,6,5.5,5.5,0.19,0.5,10,2,5760.0,"[0.8592549273600911, 0.6058380411445193, 0.4316697215292379, 0.32461244914431125, 0.29898418014229616, 0.3853292566116986, 0.6184818884427356, 0.9112753545916268, 1.124060711596949, 1.0918553682168552, 1.0519012231472415, 1.0604058710082023, 1.1010962834034748, 1.1484706050156464, 1.2414843039249468, 1.286522046207647, 1.3072562312959182, 1.4024657757114494, 1.4690763553789117, 1.4352382086312834, 1.3078676789813133, 1.2336627867197074, 1.2117583717879756, 1.0914323600059634]",40,True,81,0.2442732516826255,0.7854487440321181,,1,0.17272727272727273,7.778174593052023
20260927T095930443635Z_577f21e5,DRL,20,0.5,5,5,6,6.0,5.5,0.19,0.5,10,2,5760.0,"[0.8592549273600911, 0.6058380411445193, 0.4316697215292379, 0.32461244914431125, 0.29898418014229616, 0.3853292566116986, 0.6184818884427356, 0.9112753545916268, 1.124060711596949, 1.0918553682168552, 1.0519012231472415, 1.0604058710082023, 1.1010962834034748, 1.1484706050156464, 1.2414843039249468, 1.286522046207647, 1.3072562312959182, 1.4024657757114494, 1.4690763553789117, 1.4352382086312834, 1.3078676789813133, 1.2336627867197074, 1.2117583717879756, 1.0914323600059634]",40,True,81,0.1,0.6683547670324437,,1,0.07071067811865475,7.778174593052023
20260927T095930443635Z_577f21e5,DRL,20,0.5,5,5,6,6.0,5.5,0.19,0.5,10,2,5760.0,"[0.8592549273600911, 0.6058380411445193, 0.4316697215292379, 0.32461244914431125, 0.29898418014229616, 0.3853292566116986, 0.6184818884427356, 0.9112753545916268, 1.124060711596949, 1.0918553682168552, 1.0519012231472415, 1.0604058710082023, 1.1010962834034748, 1.1484706050156464, 1.2414843039249468, 1.286522046207647, 1.3072562312959182, 1.4024657757114494, 1.4690763553789117, 1.4352382086312834, 1.3078676789813133, 1.2336627867197074, 1.2117583717879756, 1.0914323600059634]",40,True,81,0.2,0.8388009982638889,,1,0.1414213562373095,7.778174593052023
20260927T095930443635Z_577f21e5,DRL,20,0.5,5,5,6,6.0,5.5,0.19,0.5,10,2,5760.0,"[0.8592549273600911, 0.6058380411445193, 0.4316697215292379, 0.32461244914431125, 0.29898418014229616, 0.3853292566116986, 0.6184818884427356, 0.9112753545916268, 1.124060711596949, 1.0918553682168552, 1.0519012231472415, 1.0604058710082023, 1.1010962834034748, 1.1484706050156464, 1.2414843039249468, 1.286522046207647, 1.3072562312959182, 1.4024657757114494, 1.4690763553789117, 1.4352382086312834, 1.3078676789813133, 1.2336627867197074, 1.2117583717879756, 1.0914323600059634]",40,True,81,0.2442732516826255,0.8909976704915364,,1,0.17272727272727273,7.778174593052023
20260927T095930443635Z_577f21e5,DRL,20,0.67,5,5,6,5.5,5.5,0.19,0.5,10,2,5760.0,"[0.8592549273600911, 0.6058380411445193, 0.4316697215292379, 0.32461244914431125, 0.29898418014229616, 0.3853292566116986, 0.6184818884427356, 0.9112753545916268, 1.124060711596949, 1.0918553682168552, 1.0519012231472415, 1.0604058710082023, 1.1010962834034748, 1.1484706050156464, 1.2414843039249468, 1.286522046207647, 1.3072562312959182, 1.4024657757114494, 1.4690763553789117, 1.4352382086312834, 1.3078676789813133, 1.2336627867197074, 1.2117583717879756, 1.0914323600059634]",40,True,81,0.1,0.6278734994238263,,1,0.07071067811865475,7.778174593052023
20260927T095930443635Z_577f21e5,DRL,20,0.67,5,5,6,5.5,5.5,0.19,0.5,10,2,5760.0,"[0.8592549273600911, 0.6058380411445193, 0.4316697215292379, 0.32461244914431125, 0.29898418014229616, 0.3853292566116986, 0.6184818884427356, 0.9112753545916268, 1.124060711596949, 1.0918553682168552, 1.0519012231472415, 1.0604058710082023, 1.1010962834034748, 1.1484706050156464, 1.2414843039249468, 1.286522046207647, 1.3072562312959182, 1.4024657757114494, 1.4690763553789117, 1.4352382086312834, 1.3078676789813133, 1.2336627867197074, 1.2117583717879756, 1.0914323600059634]",40,True,81,0.2,0.7739723883734809,,1,0.1414213562373095,7.778174593052023
20260927T095930443635Z_577f21e5,DRL,20,0.67,5,5,6,5.5,5.5,0.19,0.5,10,2,5760.0,"[0.8592549273600911, 0.6058380411445193, 0.4316697215292379, 0.32461244914431125, 0.29898418014229616, 0.3853292566116986, 0.6184818884427356, 0.9112753545916268, 1.124060711596949, 1.0918553682168552, 1.0519012231472415, 1.0604058710082023, 1.1010962834034748, 1.1484706050156464, 1.2414843039249468, 1.286522046207647, 1.3072562312959182, 1.4024657757114494, 1.4690763553789117, 1.4352382086312834, 1.3078676789813133, 1.2336627867197074, 1.2117583717879756, 1.0914323600059634]",40,True,81,0.2442732516826255,0.8264674038357205,,1,0.17272727272727273,7.778174593052023
20260927T095930443635Z_577f21e5,DRL,20,0.67,5,5,6,6.0,5.5,0.19,0.5,10,2,5760.0,"[0.8592549273600911, 0.6058380411445193, 0.4316697215292379, 0.32461244914431125, 0.29898418014229616, 0.3853292566116986, 0.6184818884427356, 0.9112753545916268, 1.124060711596949, 1.0918553682168552, 1.0519012231472415, 1.0604058710082023, 1.1010962834034748, 1.1484706050156464, 1.2414843039249468, 1.286522046207647, 1.3072562312959182, 1.4024657757114494, 1.4690763553789117, 1.4352382086312834, 1.3078676789813133, 1.2336627867197074, 1.2117583717879756, 1.0914323600059634]",40,True,81,0.1,0.6755220337508111,,1,0.07071067811865475,7.778174593052023
20260927T095930443635Z_577f21e5,DRL,20,0.67,5,5,6,6.0,5.5,0.19,0.5,10,2,5760.0,"[0.8592549273600911, 0.6058380411445193, 0.4316697215292379, 0.32461244914431125, 0.29898418014229616, 0.3853292566116986, 0.6184818884427356, 0.9112753545916268, 1.124060711596949, 1.0918553682168552, 1.0519012231472415, 1.0604058710082023, 1.1010962834034748, 1.1484706050156464, 1.2414843039249468, 1.286522046207647, 1.3072562312959182, 1.4024657757114494, 1.4690763553789117, 1.4352382086312834, 1.3078676789813133, 1.2336627867197074, 1.2117583717879756, 1.0914323600059634]",40,True,81,0.2,0.8566404893663194,,1,0.1414213562373095,7.778174593052023
20260927T095930443635Z_577f21e5,DRL,20,0.67,5,5,6,6.0,5.5,0.19,0.5,10,2,5760.0,"[0.8592549273600911, 0.6058380411445193, 0.4316697215292379, 0.32461244914431125, 0.29898418014229616, 0.3853292566116986, 0.6184818884427356, 0.9112753545916268, 1.124060711596949, 1.0918553682168552, 1.0519012231472415, 1.0604058710082023, 1.1010962834034748, 1.1484706050156464, 1.2414843039249468, 1.286522046207647, 1.3072562312959182, 1.4024657757114494, 1.4690763553789117, 1.4352382086312834, 1.3078676789813133, 1.2336627867197074, 1.2117583717879756, 1.0914323600059634]",40,True,81,0.2442732516826255,0.898648935953776,,1,0.17272727272727273,7.778174593052023
20260927T095930443635Z_577f21e5,DRL,20,0.83,5,5,6,5.5,5.5,0.19,0.5,10,2,5760.0,"[0.8592549273600911, 0.6058380411445193, 0.4316697215292379, 0.32461244914431125, 0.29898418014229616, 0.3853292566116986, 0.6184818884427356, 0.9112753545916268, 1.124060711596949, 1.0918553682168552, 1.0519012231472415, 1.0604058710082023, 1.1010962834034748, 1.1484706050156464, 1.2414843039249468, 1.286522046207647, 1.3072562312959182, 1.4024657757114494, 1.4690763553789117, 1.4352382086312834, 1.3078676789813133, 1.2336627867197074, 1.2117583717879756, 1.0914323600059634]",40,True,81,0.1,0.6637677742136142,,1,0.07071067811865475,7.778174593052023
20260927T095930443635Z_577f21e5,DRL,20,0.83,5,5,6,5.5,5.5,0.19,0.5,10,2,5760.0,"[0.8592549273600911, 0.6058380411445193, 0.4316697215292379, 0.32461244914431125, 0.29898418014229616, 0.3853292566116986, 0.6184818884427356, 0.9112753545916268, 1.124060711596949, 1.0918553682168552, 1.0519012231472415, 1.0604058710082023, 1.1010962834034748, 1.1484706050156464, 1.2414843039249468, 1.286522046207647, 1.3072562312959182, 1.4024657757114494, 1.4690763553789117, 1.4352382086312834, 1.3078676789813133, 1.2336627867197074, 1.2117583717879756, 1.0914323600059634]",40,True,81,0.2,0.7477337137858073,,1,0.1414213562373095,7.778174593052023
20260927T095930443635Z_577f21e5,DRL,20,0.83,5,5,6,5.5,5.5,0.19,0.5,10,2,5760.0,"[0.8592549273600911, 0.6058380411445193, 0.4316697215292379, 0.32461244914431125, 0.29898418014229616, 0.3853292566116986, 0.6184818884427356, 0.9112753545916268, 1.124060711596949, 1.0918553682168552, 1.0519012231472415, 1.0604058710082023, 1.1010962834034748, 1.1484706050156464, 1.2414843039249468, 1.286522046207647, 1.3072562312959182, 1.4024657757114494, 1.4690763553789117, 1.4352382086312834, 1.3078676789813133, 1.2336627867197074, 1.2117583717879756, 1.0914323600059634]",40,True,81,0.2442732516826255,0.8455737813313802,,1,0.17272727272727273,7.778174593052023
20260927T095930443635Z_577f21e5,DRL,20,0.83,5,5,6,6.0,5.5,0.19,0.5,10,2,5760.0,"[0.8592549273600911, 0.6058380411445193, 0.4316697215292379, 0.32461244914431125, 0.29898418014229616, 0.3853292566116986, 0.6184818884427356, 0.9112753545916268, 1.124060711596949, 1.0918553682168552, 1.0519012231472415, 1.0604058710082023, 1.1010962834034748, 1.1484706050156464, 1.2414843039249468, 1.286522046207647, 1.3072562312959182, 1.4024657757114494, 1.4690763553789117, 1.4352382086312834, 1.3078676789813133, 1.2336627867197074, 1.2117583717879756, 1.0914323600059634]",40,True,81,0.1,0.6946583105598767,,1,0.07071067811865475,7.778174593052023
20260927T095930443635Z_577f21e5,DRL,20,0.83,5,5,6,6.0,5.5,0.19,0.5,10,2,5760.0,"[0.8592549273600911, 0.6058380411445193, 0.4316697215292379, 0.32461244914431125, 0.29898418014229616, 0.3853292566116986, 0.6184818884427356, 0.9112753545916268, 1.124060711596949, 1.0918553682168552, 1.0519012231472415, 1.0604058710082023, 1.1010962834034748, 1.1484706050156464, 1.2414843039249468, 1.286522046207647, 1.3072562312959182, 1.4024657757114494, 1.4690763553789117, 1.4352382086312834, 1.3078676789813133, 1.2336627867197074, 1.2117583717879756, 1.0914323600059634]",40,True,81,0.2,0.9048188103569879,,1,0.1414213562373095,7.778174593052023
20260927T095930443635Z_577f21e5,DRL,20,0.83,5,5,6,6.0,5.5,0.19,0.5,10,2,5760.0,"[0.8592549273600911, 0.6058380411445193, 0.4316697215292379, 0.32461244914431125, 0.29898418014229616, 0.3853292566116986, 0.6184818884427356, 0.9112753545916268, 1.124060711596949, 1.0918553682168552, 1.0519012231472415, 1.0604058710082023, 1.1010962834034748, 1.1484706050156464, 1.2414843039249468, 1.286522046207647, 1.3072562312959182, 1.4024657757114494, 1.4690763553789117, 1.4352382086312834, 1.3078676789813133, 1.2336627867197074, 1.2117583717879756, 1.0914323600059634]",40,True,81,0.2442732516826255,0.9305870734320747,,1,0.17272727272727273,7.778174593052023
20260927T095930443635Z_577f21e5,DRL,20,1.0,5,5,6,5.5,5.5,0.19,0.5,10,2,5760.0,"[0.8592549273600911, 0.6058380411445193, 0.4316697215292379, 0.32461244914431125, 0.29898418014229616, 0.3853292566116986, 0.6184818884427356, 0.9112753545916268, 1.124060711596949, 1.0918553682168552, 1.0519012231472415, 1.0604058710082023, 1.1010962834034748, 1.1484706050156464, 1.2414843039249468, 1.286522046207647, 1.3072562312959182, 1.4024657757114494, 1.4690763553789117, 1.4352382086312834, 1.3078676789813133, 1.2336627867197074, 1.2117583717879756, 1.0914323600059634]",40,True,81,0.1,0.608479011448679,,1,0.07071067811865475,7.778174593052023
20260927T095930443635Z_577f21e5,DRL,20,1.0,5,5,6,5.5,5.5,0.19,0.5,10,2,5760.0,"[0.8592549273600911, 0.6058380411445193, 0.4316697215292379, 0.32461244914431125, 0.29898418014229616, 0.3853292566116986, 0.6184818884427356, 0.9112753545916268, 1.124060711596949, 1.0918553682168552, 1.0519012231472415, 1.0604058710082023, 1.1010962834034748, 1.1484706050156464, 1.2414843039249468, 1.286522046207647, 1.3072562312959182, 1.4024657757114494, 1.4690763553789117, 1.4352382086312834, 1.3078676789813133, 1.2336627867197074, 1.2117583717879756, 1.0914323600059634]",40,True,81,0.2,0.8270483059353299,,1,0.1414213562373095,7.778174593052023
20260927T095930443635Z_577f21e5,DRL,20,1.0,5,5,6,5.5,5.5,0.19,0.5,10,2,5760.0,"[0.8592549273600911, 0.6058380411445193, 0.4316697215292379, 0.32461244914431125, 0.29898418014229616, 0.3853292566116986, 0.6184818884427356, 0.9112753545916268, 1.124060711596949, 1.0918553682168552, 1.0519012231472415, 1.0604058710082023, 1.1010962834034748, 1.1484706050156464, 1.2414843039249468, 1.286522046207647, 1.3072562312959182, 1.4024657757114494, 1.4690763553789117, 1.4352382086312834, 1.3078676789813133, 1.2336627867197074, 1.2117583717879756, 1.0914323600059634]",40,True,81,0.2442732516826255,0.855643310546875,,1,0.17272727272727273,7.778174593052023
20260927T095930443635Z_577f21e5,DRL,20,1.0,5,5,6,6.0,5.5,0.19,0.5,10,2,5760.0,"[0.8592549273600911, 0.6058380411445193, 0.4316697215292379, 0.32461244914431125, 0.29898418014229616, 0.3853292566116986, 0.6184818884427356, 0.9112753545916268, 1.124060711596949, 1.0918553682168552, 1.0519012231472415, 1.0604058710082023, 1.1010962834034748, 1.1484706050156464, 1.2414843039249468, 1.286522046207647, 1.3072562312959182, 1.4024657757114494, 1.4690763553789117, 1.4352382086312834, 1.3078676789813133, 1.2336627867197074, 1.2117583717879756, 1.0914323600059634]",40,True,81,0.1,0.6612180089932562,,1,0.07071067811865475,7.778174593052023
20260927T095930443635Z_577f21e5,DRL,20,1.0,5,5,6,6.0,5.5,0.19,0.5,10,2,5760.0,"[0.8592549273600911, 0.6058380411445193, 0.4316697215292379, 0.32461244914431125, 0.29898418014229616, 0.3853292566116986, 0.6184818884427356, 0.9112753545916268, 1.124060711596949, 1.0918553682168552, 1.0519012231472415, 1.0604058710082023, 1.1010962834034748, 1.1484706050156464, 1.2414843039249468, 1.286522046207647, 1.3072562312959182, 1.4024657757114494, 1.4690763553789117, 1.4352382086312834, 1.3078676789813133, 1.2336627867197074, 1.2117583717879756, 1.0914323600059634]",40,True,81,0.2,0.9092611016167534,,1,0.1414213562373095,7.778174593052023
20260927T095930443635Z_577f21e5,DRL,20,1.0,5,5,6,6.0,5.5,0.19,0.5,10,2,5760.0,"[0.8592549273600911, 0.6058380411445193, 0.4316697215292379, 0.32461244914431125, 0.29898418014229616, 0.3853292566116986, 0.6184818884427356, 0.9112753545916268, 1.124060711596949, 1.0918553682168552, 1.0519012231472415, 1.0604058710082023, 1.1010962834034748, 1.1484706050156464, 1.2414843039249468, 1.286522046207647, 1.3072562312959182, 1.4024657757114494, 1.4690763553789117, 1.4352382086312834, 1.3078676789813133, 1.2336627867197074, 1.2117583717879756, 1.0914323600059634]",40,True,81,0.2442732516826255,0.935228508843316,,1,0.17272727272727273,7.778174593052023
20260927T095930443635Z_577f21e5,DRL,30,0.33,5,5,6,5.5,5.5,0.19,0.5,10,2,5760.0,"[0.8592549273600911, 0.6058380411445193, 0.4316697215292379, 0.32461244914431125, 0.29898418014229616, 0.3853292566116986, 0.6184818884427356, 0.9112753545916268, 1.124060711596949, 1.0918553682168552, 1.0519012231472415, 1.0604058710082023, 1.1010962834034748, 1.1484706050156464, 1.2414843039249468, 1.286522046207647, 1.3072562312959182, 1.4024657757114494, 1.4690763553789117, 1.4352382086312834, 1.3078676789813133, 1.2336627867197074, 1.2117583717879756, 1.0914323600059634]",40,True,81,0.1,0.6038035256398944,,1,0.07071067811865475,7.778174593052023
20260927T095930443635Z_577f21e5,DRL,30,0.33,5,5,6,5.5,5.5,0.19,0.5,10,2,5760.0,"[0.8592549273600911, 0.6058380411445193, 0.4316697215292379, 0.32461244914431125, 0.29898418014229616, 0.3853292566116986, 0.6184818884427356, 0.9112753545916268, 1.124060711596949, 1.0918553682168552, 1.0519012231472415, 1.0604058710082023, 1.1010962834034748, 1.1484706050156464, 1.2414843039249468, 1.286522046207647, 1.3072562312959182, 1.4024657757114494, 1.4690763553789117, 1.4352382086312834, 1.3078676789813133, 1.2336627867197074, 1.2117583717879756, 1.0914323600059634]",40,True,81,0.2,0.7895303853352864,,1,0.1414213562373095,7.778174593052023
20260927T095930443635Z_577f21e5,DRL,30,0.33,5,5,6,5.5,5.5,0.19,0.5,10,2,5760.0,"[0.8592549273600911, 0.6058380411445193, 0.4316697215292379, 0.32461244914431125, 0.29898418014229616, 0.3853292566116986, 0.6184818884427356, 0.9112753545916268, 1.124060711596949, 1.0918553682168552, 1.0519012231472415, 1.0604058710082023, 1.1010962834034748, 1.1484706050156464, 1.2414843039249468, 1.286522046207647, 1.3072562312959182, 1.4024657757114494, 1.4690763553789117, 1.4352382086312834, 1.3078676789813133, 1.2336627867197074, 1.2117583717879756, 1.0914323600059634]",40,True,81,0.2442732516826255,0.8108442179361979,,1,0.17272727272727273,7.778174593052023
20260927T095930443635Z_577f21e5,DRL,30,0.33,5,5,6,6.0,5.5,0.19,0.5,10,2,5760.0,"[0.8592549273600911, 0.6058380411445193, 0.4316697215292379, 0.32461244914431125, 0.29898418014229616, 0.3853292566116986, 0.6184818884427356, 0.9112753545916268, 1.124060711596949, 1.0918553682168552, 1.0519012231472415, 1.0604058710082023, 1.1010962834034748, 1.1484706050156464, 1.2414843039249468, 1.286522046207647, 1.3072562312959182, 1.4024657757114494, 1.4690763553789117, 1.4352382086312834, 1.3078676789813133, 1.2336627867197074, 1.2117583717879756, 1.0914323600059634]",40,True,81,0.1,0.616755126392741,,1,0.07071067811865475,7.778174593052023
20260927T095930443635Z_577f21e5,DRL,30,0.33,5,5,6,6.0,5.5,0.19,0.5,10,2,5760.0,"[0.8592549273600911, 0.6058380411445193, 0.4316697215292379, 0.32461244914431125, 0.29898418014229616, 0.3853292566116986, 0.6184818884427356, 0.9112753545916268, 1.124060711596949, 1.0918553682168552, 1.0519012231472415, 1.0604058710082023, 1.1010962834034748, 1.1484706050156464, 1.2414843039249468, 1.286522046207647, 1.3072562312959182, 1.4024657757114494, 1.4690763553789117, 1.4352382086312834, 1.3078676789813133, 1.2336627867197074, 1.2117583717879756, 1.0914323600059634]",40,True,81,0.2,0.883458980984158,,1,0.1414213562373095,7.778174593052023
20260927T095930443635Z_577f21e5,DRL,30,0.33,5,5,6,6.0,5.5,0.19,0.5,10,2,5760.0,"[0.8592549273600911, 0.6058380411445193, 0.4316697215292379, 0.32461244914431125, 0.29898418014229616, 0.3853292566116986, 0.6184818884427356, 0.9112753545916268, 1.124060711596949, 1.0918553682168552, 1.0519012231472415, 1.0604058710082023, 1.1010962834034748, 1.1484706050156464, 1.2414843039249468, 1.286522046207647, 1.3072562312959182, 1.4024657757114494, 1.4690763553789117, 1.4352382086312834, 1.3078676789813133, 1.2336627867197074, 1.2117583717879756, 1.0914323600059634]",40,True,81,0.2442732516826255,0.8861348470052083,,1,0.17272727272727273,7.778174593052023
20260927T095930443635Z_577f21e5,DRL,30,0.5,5,5,6,5.5,5.5,0.19,0.5,10,2,5760.0,"[0.8592549273600911, 0.6058380411445193, 0.4316697215292379, 0.32461244914431125, 0.29898418014229616, 0.3853292566116986, 0.6184818884427356, 0.9112753545916268, 1.124060711596949, 1.0918553682168552, 1.0519012231472415, 1.0604058710082023, 1.1010962834034748, 1.1484706050156464, 1.2414843039249468, 1.286522046207647, 1.3072562312959182, 1.4024657757114494, 1.4690763553789117, 1.4352382086312834, 1.3078676789813133, 1.2336627867197074, 1.2117583717879756, 1.0914323600059634]",40,True,81,0.1,0.6136716524310465,,1,0.07071067811865475,7.778174593052023
20260927T095930443635Z_577f21e5,DRL,30,0.5,5,5,6,5.5,5.5,0.19,0.5,10,2,5760.0,"[0.8592549273600911, 0.6058380411445193, 0.4316697215292379, 0.32461244914431125, 0.29898418014229616, 0.3853292566116986, 0.6184818884427356, 0.9112753545916268, 1.124060711596949, 1.0918553682168552, 1.0519012231472415, 1.0604058710082023, 1.1010962834034748, 1.1484706050156464, 1.2414843039249468, 1.286522046207647, 1.3072562312959182, 1.4024657757114494, 1.4690763553789117, 1.4352382086312834, 1.3078676789813133, 1.2336627867197074, 1.2117583717879756, 1.0914323600059634]",40,True,81,0.2,0.7881936815049914,,1,0.1414213562373095,7.778174593052023
20260927T095930443635Z_577f21e5,DRL,30,0.5,5,5,6,5.5,5.5,0.19,0.5,10,2,5760.0,"[0.8592549273600911, 0.6058380411445193, 0.4316697215292379, 0.32461244914431125, 0.29898418014229616, 0.3853292566116986, 0.6184818884427356, 0.9112753545916268, 1.124060711596949, 1.0918553682168552, 1.0519012231472415, 1.0604058710082023, 1.1010962834034748, 1.1484706050156464, 1.2414843039249468, 1.286522046207647, 1.3072562312959182, 1.4024657757114494, 1.4690763553789117, 1.4352382086312834, 1.3078676789813133, 1.2336627867197074, 1.2117583717879756, 1.0914323600059634]",40,True,81,0.2442732516826255,0.8396488444010417,,1,0.17272727272727273,7.778174593052023
20260927T095930443635Z_577f21e5,DRL,30,0.5,5,5,6,6.0,5.5,0.19,0.5,10,2,5760.0,"[0.8592549273600911, 0.6058380411445193, 0.4316697215292379, 0.32461244914431125, 0.29898418014229616, 0.3853292566116986, 0.6184818884427356, 0.9112753545916268, 1.124060711596949, 1.0918553682168552, 1.0519012231472415, 1.0604058710082023, 1.1010962834034748, 1.1484706050156464, 1.2414843039249468, 1.286522046207647, 1.3072562312959182, 1.4024657757114494, 1.4690763553789117, 1.4352382086312834, 1.3078676789813133, 1.2336627867197074, 1.2117583717879756, 1.0914323600059634]",40,True,81,0.1,0.6785137811235628,,1,0.07071067811865475,7.778174593052023
20260927T095930443635Z_577f21e5,DRL,30,0.5,5,5,6,6.0,5.5,0.19,0.5,10,2,5760.0,"[0.8592549273600911, 0.6058380411445193, 0.4316697215292379, 0.32461244914431125, 0.29898418014229616, 0.3853292566116986, 0.6184818884427356, 0.9112753545916268, 1.124060711596949, 1.0918553682168552, 1.0519012231472415, 1.0604058710082023, 1.1010962834034748, 1.1484706050156464, 1.2414843039249468, 1.286522046207647, 1.3072562312959182, 1.4024657757114494, 1.4690763553789117, 1.4352382086312834, 1.3078676789813133, 1.2336627867197074, 1.2117583717879756, 1.0914323600059634]",40,True,81,0.2,0.90347900390625,,1,0.1414213562373095,7.778174593052023
20260927T095930443635Z_577f21e5,DRL,30,0.5,5,5,6,6.0,5.5,0.19,0.5,10,2,5760.0,"[0.8592549273600911, 0.6058380411445193, 0.4316697215292379, 0.32461244914431125, 0.29898418014229616, 0.3853292566116986, 0.6184818884427356, 0.9112753545916268, 1.124060711596949, 1.0918553682168552, 1.0519012231472415, 1.0604058710082023, 1.1010962834034748, 1.1484706050156464, 1.2414843039249468, 1.286522046207647, 1.3072562312959182, 1.4024657757114494, 1.4690763553789117, 1.4352382086312834, 1.3078676789813133, 1.2336627867197074, 1.2117583717879756, 1.0914323600059634]",40,True,81,0.2442732516826255,0.931947987874349,,1,0.17272727272727273,7.778174593052023
20260927T095930443635Z_577f21e5,DRL,30,0.67,5,5,6,5.5,5.5,0.19,0.5,10,2,5760.0,"[0.8592549273600911, 0.6058380411445193, 0.4316697215292379, 0.32461244914431125, 0.29898418014229616, 0.3853292566116986, 0.6184818884427356, 0.9112753545916268, 1.124060711596949, 1.0918553682168552, 1.0519012231472415, 1.0604058710082023, 1.1010962834034748, 1.1484706050156464, 1.2414843039249468, 1.286522046207647, 1.3072562312959182, 1.4024657757114494, 1.4690763553789117, 1.4352382086312834, 1.3078676789813133, 1.2336627867197074, 1.2117583717879756, 1.0914323600059634]",40,True,81,0.1,0.6544625743050682,,1,0.07071067811865475,7.778174593052023
20260927T095930443635Z_577f21e5,DRL,30,0.67,5,5,6,5.5,5.5,0.19,0.5,10,2,5760.0,"[0.8592549273600911, 0.6058380411445193, 0.4316697215292379, 0.32461244914431125, 0.29898418014229616, 0.3853292566116986, 0.6184818884427356, 0.9112753545916268, 1.124060711596949, 1.0918553682168552, 1.0519012231472415, 1.0604058710082023, 1.1010962834034748, 1.1484706050156464, 1.2414843039249468, 1.286522046207647, 1.3072562312959182, 1.4024657757114494, 1.4690763553789117, 1.4352382086312834, 1.3078676789813133, 1.2336627867197074, 1.2117583717879756, 1.0914323600059634]",40,True,81,0.2,0.8312593248155382,,1,0.1414213562373095,7.778174593052023
20260927T095930443635Z_577f21e5,DRL,30,0.67,5,5,6,5.5,5.5,0.19,0.5,10,2,5760.0,"[0.8592549273600911, 0.6058380411445193, 0.4316697215292379, 0.32461244914431125, 0.29898418014229616, 0.3853292566116986, 0.6184818884427356, 0.9112753545916268, 1.124060711596949, 1.0918553682168552, 1.0519012231472415, 1.0604058710082023, 1.1010962834034748, 1.1484706050156464, 1.2414843039249468, 1.286522046207647, 1.3072562312959182, 1.4024657757114494, 1.4690763553789117, 1.4352382086312834, 1.3078676789813133, 1.2336627867197074, 1.2117583717879756, 1.0914323600059634]",40,True,81,0.2442732516826255,0.8587753634982639,,1,0.17272727272727273,7.778174593052023
20260927T095930443635Z_577f21e5,DRL,30,0.67,5,5,6,6.0,5.5,0.19,0.5,10,2,5760.0,"[0.8592549273600911, 0.6058380411445193, 0.4316697215292379, 0.32461244914431125, 0.29898418014229616, 0.3853292566116986, 0.6184818884427356, 0.9112753545916268, 1.124060711596949, 1.0918553682168552, 1.0519012231472415, 1.0604058710082023, 1.1010962834034748, 1.1484706050156464, 1.2414843039249468, 1.286522046207647, 1.3072562312959182, 1.4024657757114494, 1.4690763553789117, 1.4352382086312834, 1.3078676789813133, 1.2336627867197074, 1.2117583717879756, 1.0914323600059634]",40,True,81,0.1,0.7195716730655018,,1,0.07071067811865475,7.778174593052023
20260927T095930443635Z_577f21e5,DRL,30,0.67,5,5,6,6.0,5.5,0.19,0.5,10,2,5760.0,"[0.8592549273600911, 0.6058380411445193, 0.4316697215292379, 0.32461244914431125, 0.29898418014229616, 0.3853292566116986, 0.6184818884427356, 0.9112753545916268, 1.124060711596949, 1.0918553682168552, 1.0519012231472415, 1.0604058710082023, 1.1010962834034748, 1.1484706050156464, 1.2414843039249468, 1.286522046207647, 1.3072562312959182, 1.4024657757114494, 1.4690763553789117, 1.4352382086312834, 1.3078676789813133, 1.2336627867197074, 1.2117583717879756, 1.0914323600059634]",40,True,81,0.2,0.9251263766818576,,1,0.1414213562373095,7.778174593052023
20260927T095930443635Z_577f21e5,DRL,30,0.67,5,5,6,6.0,5.5,0.19,0.5,10,2,5760.0,"[0.8592549273600911, 0.6058380411445193, 0.4316697215292379, 0.32461244914431125, 0.29898418014229616, 0.3853292566116986, 0.6184818884427356, 0.9112753545916268, 1.124060711596949, 1.0918553682168552, 1.0519012231472415, 1.0604058710082023, 1.1010962834034748, 1.1484706050156464, 1.2414843039249468, 1.286522046207647, 1.3072562312959182, 1.4024657757114494, 1.4690763553789117, 1.4352382086312834, 1.3078676789813133, 1.2336627867197074, 1.2117583717879756, 1.0914323600059634]",40,True,81,0.2442732516826255,0.9338062879774306,,1,0.17272727272727273,7.778174593052023
20260927T095930443635Z_577f21e5,DRL,30,0.83,5,5,6,5.5,5.5,0.19,0.5,10,2,5760.0,"[0.8592549273600911, 0.6058380411445193, 0.4316697215292379, 0.32461244914431125, 0.29898418014229616, 0.3853292566116986, 0.6184818884427356, 0.9112753545916268, 1.124060711596949, 1.0918553682168552, 1.0519012231472415, 1.0604058710082023, 1.1010962834034748, 1.1484706050156464, 1.2414843039249468, 1.286522046207647, 1.3072562312959182, 1.4024657757114494, 1.4690763553789117, 1.4352382086312834, 1.3078676789813133, 1.2336627867197074, 1.2117583717879756, 1.0914323600059634]",40,True,81,0.1,0.680102590626553,,1,0.07071067811865475,7.778174593052023
20260927T095930443635Z_577f21e5,DRL,30,0.83,5,5,6,5.5,5.5,0.19,0.5,10,2,5760.0,"[0.8592549273600911, 0.6058380411445193, 0.4316697215292379, 0.32461244914431125, 0.29898418014229616, 0.3853292566116986, 0.6184818884427356, 0.9112753545916268, 1.124060711596949, 1.0918553682168552, 1.0519012231472415, 1.0604058710082023, 1.1010962834034748, 1.1484706050156464, 1.2414843039249468, 1.286522046207647, 1.3072562312959182, 1.4024657757114494, 1.4690763553789117, 1.4352382086312834, 1.3078676789813133, 1.2336627867197074, 1.2117583717879756, 1.0914323600059634]",40,True,81,0.2,0.8585624864366319,,1,0.1414213562373095,7.778174593052023
20260927T095930443635Z_577f21e5,DRL,30,0.83,5,5,6,5.5,5.5,0.19,0.5,10,2,5760.0,"[0.8592549273600911, 0.6058380411445193, 0.4316697215292379, 0.32461244914431125, 0.29898418014229616, 0.3853292566116986, 0.6184818884427356, 0.9112753545916268, 1.124060711596949, 1.0918553682168552, 1.0519012231472415, 1.0604058710082023, 1.1010962834034748, 1.1484706050156464, 1.2414843039249468, 1.286522046207647, 1.3072562312959182, 1.4024657757114494, 1.4690763553789117, 1.4352382086312834, 1.3078676789813133, 1.2336627867197074, 1.2117583717879756, 1.0914323600059634]",40,True,81,0.2442732516826255,0.877392323811849,,1,0.17272727272727273,7.778174593052023
20260927T095930443635Z_577f21e5,DRL,30,0.83,5,5,6,6.0,5.5,0.19,0.5,10,2,5760.0,"[0.8592549273600911, 0.6058380411445193, 0.4316697215292379, 0.32461244914431125, 0.29898418014229616, 0.3853292566116986, 0.6184818884427356, 0.9112753545916268, 1.124060711596949, 1.0918553682168552, 1.0519012231472415, 1.0604058710082023, 1.1010962834034748, 1.1484706050156464, 1.2414843039249468, 1.286522046207647, 1.3072562312959182, 1.4024657757114494, 1.4690763553789117, 1.4352382086312834, 1.3078676789813133, 1.2336627867197074, 1.2117583717879756, 1.0914323600059634]",40,True,81,0.1,0.7184264626158507,,1,0.07071067811865475,7.778174593052023
20260927T095930443635Z_577f21e5,DRL,30,0.83,5,5,6,6.0,5.5,0.19,0.5,10,2,5760.0,"[0.8592549273600911, 0.6058380411445193, 0.4316697215292379, 0.32461244914431125, 0.29898418014229616, 0.3853292566116986, 0.6184818884427356, 0.9112753545916268, 1.124060711596949, 1.0918553682168552, 1.0519012231472415, 1.0604058710082023, 1.1010962834034748, 1.1484706050156464, 1.2414843039249468, 1.286522046207647, 1.3072562312959182, 1.4024657757114494, 1.4690763553789117, 1.4352382086312834, 1.3078676789813133, 1.2336627867197074, 1.2117583717879756, 1.0914323600059634]",40,True,81,0.2,0.9357131618923611,,1,0.1414213562373095,7.778174593052023
20260927T095930443635Z_577f21e5,DRL,30,0.83,5,5,6,6.0,5.5,0.19,0.5,10,2,5760.0,"[0.8592549273600911, 0.6058380411445193, 0.4316697215292379, 0.32461244914431125, 0.29898418014229616, 0.3853292566116986, 0.6184818884427356, 0.9112753545916268, 1.124060711596949, 1.0918553682168552, 1.0519012231472415, 1.0604058710082023, 1.1010962834034748, 1.1484706050156464, 1.2414843039249468, 1.286522046207647, 1.3072562312959182, 1.4024657757114494, 1.4690763553789117, 1.4352382086312834, 1.3078676789813133, 1.2336627867197074, 1.2117583717879756, 1.0914323600059634]",40,True,81,0.2442732516826255,0.9406631639268663,,1,0.17272727272727273,7.778174593052023
20260927T095930443635Z_577f21e5,DRL,30,1.0,5,5,6,5.5,5.5,0.19,0.5,10,2,5760.0,"[0.8592549273600911, 0.6058380411445193, 0.4316697215292379, 0.32461244914431125, 0.29898418014229616, 0.3853292566116986, 0.6184818884427356, 0.9112753545916268, 1.124060711596949, 1.0918553682168552, 1.0519012231472415, 1.0604058710082023, 1.1010962834034748, 1.1484706050156464, 1.2414843039249468, 1.286522046207647, 1.3072562312959182, 1.4024657757114494, 1.4690763553789117, 1.4352382086312834, 1.3078676789813133, 1.2336627867197074, 1.2117583717879756, 1.0914323600059634]",40,True,81,0.1,0.7076108763818028,,1,0.07071067811865475,7.778174593052023
20260927T095930443635Z_577f21e5,DRL,30,1.0,5,5,6,5.5,5.5,0.19,0.5,10,2,5760.0,"[0.8592549273600911, 0.6058380411445193, 0.4316697215292379, 0.32461244914431125, 0.29898418014229616, 0.3853292566116986, 0.6184818884427356, 0.9112753545916268, 1.124060711596949, 1.0918553682168552, 1.0519012231472415, 1.0604058710082023, 1.1010962834034748, 1.1484706050156464, 1.2414843039249468, 1.286522046207647, 1.3072562312959182, 1.4024657757114494, 1.4690763553789117, 1.4352382086312834, 1.3078676789813133, 1.2336627867197074, 1.2117583717879756, 1.0914323600059634]",40,True,81,0.2,0.8776511976453993,,1,0.1414213562373095,7.778174593052023
20260927T095930443635Z_577f21e5,DRL,30,1.0,5,5,6,5.5,5.5,0.19,0.5,10,2,5760.0,"[0.8592549273600911, 0.6058380411445193, 0.4316697215292379, 0.32461244914431125, 0.29898418014229616, 0.3853292566116986, 0.6184818884427356, 0.9112753545916268, 1.124060711596949, 1.0918553682168552, 1.0519012231472415, 1.0604058710082023, 1.1010962834034748, 1.1484706050156464, 1.2414843039249468, 1.286522046207647, 1.3072562312959182, 1.4024657757114494, 1.4690763553789117, 1.4352382086312834, 1.3078676789813133, 1.2336627867197074, 1.2117583717879756, 1.0914323600059634]",40,True,81,0.2442732516826255,0.8768851386176215,,1,0.17272727272727273,7.778174593052023
20260927T095930443635Z_577f21e5,DRL,30,1.0,5,5,6,6.0,5.5,0.19,0.5,10,2,5760.0,"[0.8592549273600911, 0.6058380411445193, 0.4316697215292379, 0.32461244914431125, 0.29898418014229616, 0.3853292566116986, 0.6184818884427356, 0.9112753545916268, 1.124060711596949, 1.0918553682168552, 1.0519012231472415, 1.0604058710082023, 1.1010962834034748, 1.1484706050156464, 1.2414843039249468, 1.286522046207647, 1.3072562312959182, 1.4024657757114494, 1.4690763553789117, 1.4352382086312834, 1.3078676789813133, 1.2336627867197074, 1.2117583717879756, 1.0914323600059634]",40,True,81,0.1,0.7469936799159302,,1,0.07071067811865475,7.778174593052023
20260927T095930443635Z_577f21e5,DRL,30,1.0,5,5,6,6.0,5.5,0.19,0.5,10,2,5760.0,"[0.8592549273600911, 0.6058380411445193, 0.4316697215292379, 0.32461244914431125, 0.29898418014229616, 0.3853292566116986, 0.6184818884427356, 0.9112753545916268, 1.124060711596949, 1.0918553682168552, 1.0519012231472415, 1.0604058710082023, 1.1010962834034748, 1.1484706050156464, 1.2414843039249468, 1.286522046207647, 1.3072562312959182, 1.4024657757114494, 1.4690763553789117, 1.4352382086312834, 1.3078676789813133, 1.2336627867197074, 1.2117583717879756, 1.0914323600059634]",40,True,81,0.2,0.9556401740180122,,1,0.1414213562373095,7.778174593052023
20260927T095930443635Z_577f21e5,DRL,30,1.0,5,5,6,6.0,5.5,0.19,0.5,10,2,5760.0,"[0.8592549273600911, 0.6058380411445193, 0.4316697215292379, 0.32461244914431125, 0.29898418014229616, 0.3853292566116986, 0.6184818884427356, 0.9112753545916268, 1.124060711596949, 1.0918553682168552, 1.0519012231472415, 1.0604058710082023, 1.1010962834034748, 1.1484706050156464, 1.2414843039249468, 1.286522046207647, 1.3072562312959182, 1.4024657757114494, 1.4690763553789117, 1.4352382086312834, 1.3078676789813133, 1.2336627867197074, 1.2117583717879756, 1.0914323600059634]",40,True,81,0.2442732516826255,0.9664237976074219,,1,0.17272727272727273,7.778174593052023
20260927T095930443635Z_577f21e5,DRL,40,0.33,5,5,6,5.5,5.5,0.19,0.5,10,2,5760.0,"[0.8592549273600911, 0.6058380411445193, 0.4316697215292379, 0.32461244914431125, 0.29898418014229616, 0.3853292566116986, 0.6184818884427356, 0.9112753545916268, 1.124060711596949, 1.0918553682168552, 1.0519012231472415, 1.0604058710082023, 1.1010962834034748, 1.1484706050156464, 1.2414843039249468, 1.286522046207647, 1.3072562312959182, 1.4024657757114494, 1.4690763553789117, 1.4352382086312834, 1.3078676789813133, 1.2336627867197074, 1.2117583717879756, 1.0914323600059634]",40,True,81,0.1,0.6237838364512471,,1,0.07071067811865475,7.778174593052023
20260927T095930443635Z_577f21e5,DRL,40,0.33,5,5,6,5.5,5.5,0.19,0.5,10,2,5760.0,"[0.8592549273600911, 0.6058380411445193, 0.4316697215292379, 0.32461244914431125, 0.29898418014229616, 0.3853292566116986, 0.6184818884427356, 0.9112753545916268, 1.124060711596949, 1.0918553682168552, 1.0519012231472415, 1.0604058710082023, 1.1010962834034748, 1.1484706050156464, 1.2414843039249468, 1.286522046207647, 1.3072562312959182, 1.4024657757114494, 1.4690763553789117, 1.4352382086312834, 1.3078676789813133, 1.2336627867197074, 1.2117583717879756, 1.0914323600059634]",40,True,81,0.2,0.8165650431315105,,1,0.1414213562373095,7.778174593052023
20260927T095930443635Z_577f21e5,DRL,40,0.33,5,5,6,5.5,5.5,0.19,0.5,10,2,5760.0,"[0.8592549273600911, 0.6058380411445193, 0.4316697215292379, 0.32461244914431125, 0.29898418014229616, 0.3853292566116986, 0.6184818884427356, 0.9112753545916268, 1.124060711596949, 1.0918553682168552, 1.0519012231472415, 1.0604058710082023, 1.1010962834034748, 1.1484706050156464, 1.2414843039249468, 1.286522046207647, 1.3072562312959182, 1.4024657757114494, 1.4690763553789117, 1.4352382086312834, 1.3078676789813133, 1.2336627867197074, 1.2117583717879756, 1.0914323600059634]",40,True,81,0.2442732516826255,0.8358340454101563,,1,0.17272727272727273,7.778174593052023
20260927T095930443635Z_577f21e5,DRL,40,0.33,5,5,6,6.0,5.5,0.19,0.5,10,2,5760.0,"[0.8592549273600911, 0.6058380411445193, 0.4316697215292379, 0.32461244914431125, 0.29898418014229616, 0.3853292566116986, 0.6184818884427356, 0.9112753545916268, 1.124060711596949, 1.0918553682168552, 1.0519012231472415, 1.0604058710082023, 1.1010962834034748, 1.1484706050156464, 1.2414843039249468, 1.286522046207647, 1.3072562312959182, 1.4024657757114494, 1.4690763553789117, 1.4352382086312834, 1.3078676789813133, 1.2336627867197074, 1.2117583717879756, 1.0914323600059634]",40,True,81,0.1,0.625751624069953,,1,0.07071067811865475,7.778174593052023
20260927T095930443635Z_577f21e5,DRL,40,0.33,5,5,6,6.0,5.5,0.19,0.5,10,2,5760.0,"[0.8592549273600911, 0.6058380411445193, 0.4316697215292379, 0.32461244914431125, 0.29898418014229616, 0.3853292566116986, 0.6184818884427356, 0.9112753545916268, 1.124060711596949, 1.0918553682168552, 1.0519012231472415, 1.0604058710082023, 1.1010962834034748, 1.1484706050156464, 1.2414843039249468, 1.286522046207647, 1.3072562312959182, 1.4024657757114494, 1.4690763553789117, 1.4352382086312834, 1.3078676789813133, 1.2336627867197074, 1.2117583717879756, 1.0914323600059634]",40,True,81,0.2,0.9120006137424045,,1,0.1414213562373095,7.778174593052023
20260927T095930443635Z_577f21e5,DRL,40,0.33,5,5,6,6.0,5.5,0.19,0.5,10,2,5760.0,"[0.8592549273600911, 0.6058380411445193, 0.4316697215292379, 0.32461244914431125, 0.29898418014229616, 0.3853292566116986, 0.6184818884427356, 0.9112753545916268, 1.124060711596949, 1.0918553682168552, 1.0519012231472415, 1.0604058710082023, 1.1010962834034748, 1.1484706050156464, 1.2414843039249468, 1.286522046207647, 1.3072562312959182, 1.4024657757114494, 1.4690763553789117, 1.4352382086312834, 1.3078676789813133, 1.2336627867197074, 1.2117583717879756, 1.0914323600059634]",40,True,81,0.2442732516826255,0.9132515123155382,,1,0.17272727272727273,7.778174593052023
20260927T095930443635Z_577f21e5,DRL,40,0.5,5,5,6,5.5,5.5,0.19,0.5,10,2,5760.0,"[0.8592549273600911, 0.6058380411445193, 0.4316697215292379, 0.32461244914431125, 0.29898418014229616, 0.3853292566116986, 0.6184818884427356, 0.9112753545916268, 1.124060711596949, 1.0918553682168552, 1.0519012231472415, 1.0604058710082023, 1.1010962834034748, 1.1484706050156464, 1.2414843039249468, 1.286522046207647, 1.3072562312959182, 1.4024657757114494, 1.4690763553789117, 1.4352382086312834, 1.3078676789813133, 1.2336627867197074, 1.2117583717879756, 1.0914323600059634]",40,True,81,0.1,0.6620519890436025,,1,0.07071067811865475,7.778174593052023
20260927T095930443635Z_577f21e5,DRL,40,0.5,5,5,6,5.5,5.5,0.19,0.5,10,2,5760.0,"[0.8592549273600911, 0.6058380411445193, 0.4316697215292379, 0.32461244914431125, 0.29898418014229616, 0.3853292566116986, 0.6184818884427356, 0.9112753545916268, 1.124060711596949, 1.0918553682168552, 1.0519012231472415, 1.0604058710082023, 1.1010962834034748, 1.1484706050156464, 1.2414843039249468, 1.286522046207647, 1.3072562312959182, 1.4024657757114494, 1.4690763553789117, 1.4352382086312834, 1.3078676789813133, 1.2336627867197074, 1.2117583717879756, 1.0914323600059634]",40,True,81,0.2,0.8389626057942708,,1,0.1414213562373095,7.778174593052023
20260927T095930443635Z_577f21e5,DRL,40,0.5,5,5,6,5.5,5.5,0.19,0.5,10,2,5760.0,"[0.8592549273600911, 0.6058380411445193, 0.4316697215292379, 0.32461244914431125, 0.29898418014229616, 0.3853292566116986, 0.6184818884427356, 0.9112753545916268, 1.124060711596949, 1.0918553682168552, 1.0519012231472415, 1.0604058710082023, 1.1010962834034748, 1.1484706050156464, 1.2414843039249468, 1.286522046207647, 1.3072562312959182, 1.4024657757114494, 1.4690763553789117, 1.4352382086312834, 1.3078676789813133, 1.2336627867197074, 1.2117583717879756, 1.0914323600059634]",40,True,81,0.2442732516826255,0.858829854329427,,1,0.17272727272727273,7.778174593052023
20260927T095930443635Z_577f21e5,DRL,40,0.5,5,5,6,6.0,5.5,0.19,0.5,10,2,5760.0,"[0.8592549273600911, 0.6058380411445193, 0.4316697215292379, 0.32461244914431125, 0.29898418014229616, 0.3853292566116986, 0.6184818884427356, 0.9112753545916268, 1.124060711596949, 1.0918553682168552, 1.0519012231472415, 1.0604058710082023, 1.1010962834034748, 1.1484706050156464, 1.2414843039249468, 1.286522046207647, 1.3072562312959182, 1.4024657757114494, 1.4690763553789117, 1.4352382086312834, 1.3078676789813133, 1.2336627867197074, 1.2117583717879756, 1.0914323600059634]",40,True,81,0.1,0.7141148707427176,,1,0.07071067811865475,7.778174593052023
20260927T095930443635Z_577f21e5,DRL,40,0.5,5,5,6,6.0,5.5,0.19,0.5,10,2,5760.0,"[0.8592549273600911, 0.6058380411445193, 0.4316697215292379, 0.32461244914431125, 0.29898418014229616, 0.3853292566116986, 0.6184818884427356, 0.9112753545916268, 1.124060711596949, 1.0918553682168552, 1.0519012231472415, 1.0604058710082023, 1.1010962834034748, 1.1484706050156464, 1.2414843039249468, 1.286522046207647, 1.3072562312959182, 1.4024657757114494, 1.4690763553789117, 1.4352382086312834, 1.3078676789813133, 1.2336627867197074, 1.2117583717879756, 1.0914323600059634]",40,True,81,0.2,0.9306258307562933,,1,0.1414213562373095,7.778174593052023
20260927T095930443635Z_577f21e5,DRL,40,0.5,5,5,6,6.0,5.5,0.19,0.5,10,2,5760.0,"[0.8592549273600911, 0.6058380411445193, 0.4316697215292379, 0.32461244914431125, 0.29898418014229616, 0.3853292566116986, 0.6184818884427356, 0.9112753545916268, 1.124060711596949, 1.0918553682168552, 1.0519012231472415, 1.0604058710082023, 1.1010962834034748, 1.1484706050156464, 1.2414843039249468, 1.286522046207647, 1.3072562312959182, 1.4024657757114494, 1.4690763553789117, 1.4352382086312834, 1.3078676789813133, 1.2336627867197074, 1.2117583717879756, 1.0914323600059634]",40,True,81,0.2442732516826255,0.9326763576931424,,1,0.17272727272727273,7.778174593052023
20260927T095930443635Z_577f21e5,DRL,40,0.67,5,5,6,5.5,5.5,0.19,0.5,10,2,5760.0,"[0.8592549273600911, 0.6058380411445193, 0.4316697215292379, 0.32461244914431125, 0.29898418014229616, 0.3853292566116986, 0.6184818884427356, 0.9112753545916268, 1.124060711596949, 1.0918553682168552, 1.0519012231472415, 1.0604058710082023, 1.1010962834034748, 1.1484706050156464, 1.2414843039249468, 1.286522046207647, 1.3072562312959182, 1.4024657757114494, 1.4690763553789117, 1.4352382086312834, 1.3078676789813133, 1.2336627867197074, 1.2117583717879756, 1.0914323600059634]",40,True,81,0.1,0.7208887566460503,,1,0.07071067811865475,7.778174593052023
20260927T095930443635Z_577f21e5,DRL,40,0.67,5,5,6,5.5,5.5,0.19,0.5,10,2,5760.0,"[0.8592549273600911, 0.6058380411445193, 0.4316697215292379, 0.32461244914431125, 0.29898418014229616, 0.3853292566116986, 0.6184818884427356, 0.9112753545916268, 1.124060711596949, 1.0918553682168552, 1.0519012231472415, 1.0604058710082023, 1.1010962834034748, 1.1484706050156464, 1.2414843039249468, 1.286522046207647, 1.3072562312959182, 1.4024657757114494, 1.4690763553789117, 1.4352382086312834, 1.3078676789813133, 1.2336627867197074, 1.2117583717879756, 1.0914323600059634]",40,True,81,0.2,0.8710430569118923,,1,0.1414213562373095,7.778174593052023
20260927T095930443635Z_577f21e5,DRL,40,0.67,5,5,6,5.5,5.5,0.19,0.5,10,2,5760.0,"[0.8592549273600911, 0.6058380411445193, 0.4316697215292379, 0.32461244914431125, 0.29898418014229616, 0.3853292566116986, 0.6184818884427356, 0.9112753545916268, 1.124060711596949, 1.0918553682168552, 1.0519012231472415, 1.0604058710082023, 1.1010962834034748, 1.1484706050156464, 1.2414843039249468, 1.286522046207647, 1.3072562312959182, 1.4024657757114494, 1.4690763553789117, 1.4352382086312834, 1.3078676789813133, 1.2336627867197074, 1.2117583717879756, 1.0914323600059634]",40,True,81,0.2442732516826255,0.8718121846516927,,1,0.17272727272727273,7.778174593052023
20260927T095930443635Z_577f21e5,DRL,40,0.67,5,5,6,6.0,5.5,0.19,0.5,10,2,5760.0,"[0.8592549273600911, 0.6058380411445193, 0.4316697215292379, 0.32461244914431125, 0.29898418014229616, 0.3853292566116986, 0.6184818884427356, 0.9112753545916268, 1.124060711596949, 1.0918553682168552, 1.0519012231472415, 1.0604058710082023, 1.1010962834034748, 1.1484706050156464, 1.2414843039249468, 1.286522046207647, 1.3072562312959182, 1.4024657757114494, 1.4690763553789117, 1.4352382086312834, 1.3078676789813133, 1.2336627867197074, 1.2117583717879756, 1.0914323600059634]",40,True,81,0.1,0.7914311048719618,,1,0.07071067811865475,7.778174593052023
20260927T095930443635Z_577f21e5,DRL,40,0.67,5,5,6,6.0,5.5,0.19,0.5,10,2,5760.0,"[0.8592549273600911, 0.6058380411445193, 0.4316697215292379, 0.32461244914431125, 0.29898418014229616, 0.3853292566116986, 0.6184818884427356, 0.9112753545916268, 1.124060711596949, 1.0918553682168552, 1.0519012231472415, 1.0604058710082023, 1.1010962834034748, 1.1484706050156464, 1.2414843039249468, 1.286522046207647, 1.3072562312959182, 1.4024657757114494, 1.4690763553789117, 1.4352382086312834, 1.3078676789813133, 1.2336627867197074, 1.2117583717879756, 1.0914323600059634]",40,True,81,0.2,0.9400928412543402,,1,0.1414213562373095,7.778174593052023
20260927T095930443635Z_577f21e5,DRL,40,0.67,5,5,6,6.0,5.5,0.19,0.5,10,2,5760.0,"[0.8592549273600911, 0.6058380411445193, 0.4316697215292379, 0.32461244914431125, 0.29898418014229616, 0.3853292566116986, 0.6184818884427356, 0.9112753545916268, 1.124060711596949, 1.0918553682168552, 1.0519012231472415, 1.0604058710082023, 1.1010962834034748, 1.1484706050156464, 1.2414843039249468, 1.286522046207647, 1.3072562312959182, 1.4024657757114494, 1.4690763553789117, 1.4352382086312834, 1.3078676789813133, 1.2336627867197074, 1.2117583717879756, 1.0914323600059634]",40,True,81,0.2442732516826255,0.9484784952799479,,1,0.17272727272727273,7.778174593052023
20260927T095930443635Z_577f21e5,DRL,40,0.83,5,5,6,5.5,5.5,0.19,0.5,10,2,5760.0,"[0.8592549273600911, 0.6058380411445193, 0.4316697215292379, 0.32461244914431125, 0.29898418014229616, 0.3853292566116986, 0.6184818884427356, 0.9112753545916268, 1.124060711596949, 1.0918553682168552, 1.0519012231472415, 1.0604058710082023, 1.1010962834034748, 1.1484706050156464, 1.2414843039249468, 1.286522046207647, 1.3072562312959182, 1.4024657757114494, 1.4690763553789117, 1.4352382086312834, 1.3078676789813133, 1.2336627867197074, 1.2117583717879756, 1.0914323600059634]",40,True,81,0.1,0.7434280904134115,,1,0.07071067811865475,7.778174593052023
20260927T095930443635Z_577f21e5,DRL,40,0.83,5,5,6,5.5,5.5,0.19,0.5,10,2,5760.0,"[0.8592549273600911, 0.6058380411445193, 0.4316697215292379, 0.32461244914431125, 0.29898418014229616, 0.3853292566116986, 0.6184818884427356, 0.9112753545916268, 1.124060711596949, 1.0918553682168552, 1.0519012231472415, 1.0604058710082023, 1.1010962834034748, 1.1484706050156464, 1.2414843039249468, 1.286522046207647, 1.3072562312959182, 1.4024657757114494, 1.4690763553789117, 1.4352382086312834, 1.3078676789813133, 1.2336627867197074, 1.2117583717879756, 1.0914323600059634]",40,True,81,0.2,0.8805679151746961,,1,0.1414213562373095,7.778174593052023
20260927T095930443635Z_577f21e5,DRL,40,0.83,5,5,6,5.5,5.5,0.19,0.5,10,2,5760.0,"[0.8592549273600911, 0.6058380411445193, 0.4316697215292379, 0.32461244914431125, 0.29898418014229616, 0.3853292566116986, 0.6184818884427356, 0.9112753545916268, 1.124060711596949, 1.0918553682168552, 1.0519012231472415, 1.0604058710082023, 1.1010962834034748, 1.1484706050156464, 1.2414843039249468, 1.286522046207647, 1.3072562312959182, 1.4024657757114494, 1.4690763553789117, 1.4352382086312834, 1.3078676789813133, 1.2336627867197074, 1.2117583717879756, 1.0914323600059634]",40,True,81,0.2442732516826255,0.8877283562554253,,1,0.17272727272727273,7.778174593052023
20260927T095930443635Z_577f21e5,DRL,40,0.83,5,5,6,6.0,5.5,0.19,0.5,10,2,5760.0,"[0.8592549273600911, 0.6058380411445193, 0.4316697215292379, 0.32461244914431125, 0.29898418014229616, 0.3853292566116986, 0.6184818884427356, 0.9112753545916268, 1.124060711596949, 1.0918553682168552, 1.0519012231472415, 1.0604058710082023, 1.1010962834034748, 1.1484706050156464, 1.2414843039249468, 1.286522046207647, 1.3072562312959182, 1.4024657757114494, 1.4690763553789117, 1.4352382086312834, 1.3078676789813133, 1.2336627867197074, 1.2117583717879756, 1.0914323600059634]",40,True,81,0.1,0.7812280782063802,,1,0.07071067811865475,7.778174593052023
20260927T095930443635Z_577f21e5,DRL,40,0.83,5,5,6,6.0,5.5,0.19,0.5,10,2,5760.0,"[0.8592549273600911, 0.6058380411445193, 0.4316697215292379, 0.32461244914431125, 0.29898418014229616, 0.3853292566116986, 0.6184818884427356, 0.9112753545916268, 1.124060711596949, 1.0918553682168552, 1.0519012231472415, 1.0604058710082023, 1.1010962834034748, 1.1484706050156464, 1.2414843039249468, 1.286522046207647, 1.3072562312959182, 1.4024657757114494, 1.4690763553789117, 1.4352382086312834, 1.3078676789813133, 1.2336627867197074, 1.2117583717879756, 1.0914323600059634]",40,True,81,0.2,0.9529637315538194,,1,0.1414213562373095,7.778174593052023
20260927T095930443635Z_577f21e5,DRL,40,0.83,5,5,6,6.0,5.5,0.19,0.5,10,2,5760.0,"[0.8592549273600911, 0.6058380411445193, 0.4316697215292379, 0.32461244914431125, 0.29898418014229616, 0.3853292566116986, 0.6184818884427356, 0.9112753545916268, 1.124060711596949, 1.0918553682168552, 1.0519012231472415, 1.0604058710082023, 1.1010962834034748, 1.1484706050156464, 1.2414843039249468, 1.286522046207647, 1.3072562312959182, 1.4024657757114494, 1.4690763553789117, 1.4352382086312834, 1.3078676789813133, 1.2336627867197074, 1.2117583717879756, 1.0914323600059634]",40,True,81,0.2442732516826255,0.9605029466417101,,1,0.17272727272727273,7.778174593052023
20260927T095930443635Z_577f21e5,DRL,40,1.0,5,5,6,5.5,5.5,0.19,0.5,10,2,5760.0,"[0.8592549273600911, 0.6058380411445193, 0.4316697215292379, 0.32461244914431125, 0.29898418014229616, 0.3853292566116986, 0.6184818884427356, 0.9112753545916268, 1.124060711596949, 1.0918553682168552, 1.0519012231472415, 1.0604058710082023, 1.1010962834034748, 1.1484706050156464, 1.2414843039249468, 1.286522046207647, 1.3072562312959182, 1.4024657757114494, 1.4690763553789117, 1.4352382086312834, 1.3078676789813133, 1.2336627867197074, 1.2117583717879756, 1.0914323600059634]",40,True,81,0.1,0.751566899617513,,1,0.07071067811865475,7.778174593052023
20260927T095930443635Z_577f21e5,DRL,40,1.0,5,5,6,5.5,5.5,0.19,0.5,10,2,5760.0,"[0.8592549273600911, 0.6058380411445193, 0.4316697215292379, 0.32461244914431125, 0.29898418014229616, 0.3853292566116986, 0.6184818884427356, 0.9112753545916268, 1.124060711596949, 1.0918553682168552, 1.0519012231472415, 1.0604058710082023, 1.1010962834034748, 1.1484706050156464, 1.2414843039249468, 1.286522046207647, 1.3072562312959182, 1.4024657757114494, 1.4690763553789117, 1.4352382086312834, 1.3078676789813133, 1.2336627867197074, 1.2117583717879756, 1.0914323600059634]",40,True,81,0.2,0.8907645670572917,,1,0.1414213562373095,7.778174593052023
20260927T095930443635Z_577f21e5,DRL,40,1.0,5,5,6,5.5,5.5,0.19,0.5,10,2,5760.0,"[0.8592549273600911, 0.6058380411445193, 0.4316697215292379, 0.32461244914431125, 0.29898418014229616, 0.3853292566116986, 0.6184818884427356, 0.9112753545916268, 1.124060711596949, 1.0918553682168552, 1.0519012231472415, 1.0604058710082023, 1.1010962834034748, 1.1484706050156464, 1.2414843039249468, 1.286522046207647, 1.3072562312959182, 1.4024657757114494, 1.4690763553789117, 1.4352382086312834, 1.3078676789813133, 1.2336627867197074, 1.2117583717879756, 1.0914323600059634]",40,True,81,0.2442732516826255,0.8923331875271268,,1,0.17272727272727273,7.778174593052023
20260927T095930443635Z_577f21e5,DRL,40,1.0,5,5,6,6.0,5.5,0.19,0.5,10,2,5760.0,"[0.8592549273600911, 0.6058380411445193, 0.4316697215292379, 0.32461244914431125, 0.29898418014229616, 0.3853292566116986, 0.6184818884427356, 0.9112753545916268, 1.124060711596949, 1.0918553682168552, 1.0519012231472415, 1.0604058710082023, 1.1010962834034748, 1.1484706050156464, 1.2414843039249468, 1.286522046207647, 1.3072562312959182, 1.4024657757114494, 1.4690763553789117, 1.4352382086312834, 1.3078676789813133, 1.2336627867197074, 1.2117583717879756, 1.0914323600059634]",40,True,81,0.1,0.8227981567382813,,1,0.07071067811865475,7.778174593052023
20260927T095930443635Z_577f21e5,DRL,40,1.0,5,5,6,6.0,5.5,0.19,0.5,10,2,5760.0,"[0.8592549273600911, 0.6058380411445193, 0.4316697215292379, 0.32461244914431125, 0.29898418014229616, 0.3853292566116986, 0.6184818884427356, 0.9112753545916268, 1.124060711596949, 1.0918553682168552, 1.0519012231472415, 1.0604058710082023, 1.1010962834034748, 1.1484706050156464, 1.2414843039249468, 1.286522046207647, 1.3072562312959182, 1.4024657757114494, 1.4690763553789117, 1.4352382086312834, 1.3078676789813133, 1.2336627867197074, 1.2117583717879756, 1.0914323600059634]",40,True,81,0.2,0.9574529690212673,,1,0.1414213562373095,7.778174593052023
20260927T095930443635Z_577f21e5,DRL,40,1.0,5,5,6,6.0,5.5,0.19,0.5,10,2,5760.0,"[0.8592549273600911, 0.6058380411445193, 0.4316697215292379, 0.32461244914431125, 0.29898418014229616, 0.3853292566116986, 0.6184818884427356, 0.9112753545916268, 1.124060711596949, 1.0918553682168552, 1.0519012231472415, 1.0604058710082023, 1.1010962834034748, 1.1484706050156464, 1.2414843039249468, 1.286522046207647, 1.3072562312959182, 1.4024657757114494, 1.4690763553789117, 1.4352382086312834, 1.3078676789813133, 1.2336627867197074, 1.2117583717879756, 1.0914323600059634]",40,True,81,0.2442732516826255,0.9759503512912326,,1,0.17272727272727273,7.778174593052023
20260927T095930443635Z_577f21e5,FOUR_ZONE,2,0.33,5,5,6,5.5,5.5,0.19,0.5,10,2,5760.0,"[0.8592549273600911, 0.6058380411445193, 0.4316697215292379, 0.32461244914431125, 0.29898418014229616, 0.3853292566116986, 0.6184818884427356, 0.9112753545916268, 1.124060711596949, 1.0918553682168552, 1.0519012231472415, 1.0604058710082023, 1.1010962834034748, 1.1484706050156464, 1.2414843039249468, 1.286522046207647, 1.3072562312959182, 1.4024657757114494, 1.4690763553789117, 1.4352382086312834, 1.3078676789813133, 1.2336627867197074, 1.2117583717879756, 1.0914323600059634]",40,True,81,0.1,0.28990252950917117,,1,0.07071067811865475,7.778174593052023
20260927T095930443635Z_577f21e5,FOUR_ZONE,2,0.33,5,5,6,5.5,5.5,0.19,0.5,10,2,5760.0,"[0.8592549273600911, 0.6058380411445193, 0.4316697215292379, 0.32461244914431125, 0.29898418014229616, 0.3853292566116986, 0.6184818884427356, 0.9112753545916268, 1.124060711596949, 1.0918553682168552, 1.0519012231472415, 1.0604058710082023, 1.1010962834034748, 1.1484706050156464, 1.2414843039249468, 1.286522046207647, 1.3072562312959182, 1.4024657757114494, 1.4690763553789117, 1.4352382086312834, 1.3078676789813133, 1.2336627867197074, 1.2117583717879756, 1.0914323600059634]",40,True,81,0.2,0.3198822824578536,,1,0.1414213562373095,7.778174593052023
20260927T095930443635Z_577f21e5,FOUR_ZONE,2,0.33,5,5,6,5.5,5.5,0.19,0.5,10,2,5760.0,"[0.8592549273600911, 0.6058380411445193, 0.4316697215292379, 0.32461244914431125, 0.29898418014229616, 0.3853292566116986, 0.6184818884427356, 0.9112753545916268, 1.124060711596949, 1.0918553682168552, 1.0519012231472415, 1.0604058710082023, 1.1010962834034748, 1.1484706050156464, 1.2414843039249468, 1.286522046207647, 1.3072562312959182, 1.4024657757114494, 1.4690763553789117, 1.4352382086312834, 1.3078676789813133, 1.2336627867197074, 1.2117583717879756, 1.0914323600059634]",40,True,81,0.2442732516826255,0.3198822824578536,,1,0.17272727272727273,7.778174593052023
20260927T095930443635Z_577f21e5,FOUR_ZONE,2,0.33,5,5,6,6.0,5.5,0.19,0.5,10,2,5760.0,"[0.8592549273600911, 0.6058380411445193, 0.4316697215292379, 0.32461244914431125, 0.29898418014229616, 0.3853292566116986, 0.6184818884427356, 0.9112753545916268, 1.124060711596949, 1.0918553682168552, 1.0519012231472415, 1.0604058710082023, 1.1010962834034748, 1.1484706050156464, 1.2414843039249468, 1.286522046207647, 1.3072562312959182, 1.4024657757114494, 1.4690763553789117, 1.4352382086312834, 1.3078676789813133, 1.2336627867197074, 1.2117583717879756, 1.0914323600059634]",40,True,81,0.1,0.299995311792346,,1,0.07071067811865475,7.778174593052023
20260927T095930443635Z_577f21e5,FOUR_ZONE,2,0.33,5,5,6,6.0,5.5,0.19,0.5,10,2,5760.0,"[0.8592549273600911, 0.6058380411445193, 0.4316697215292379, 0.32461244914431125, 0.29898418014229616, 0.3853292566116986, 0.6184818884427356, 0.9112753545916268, 1.124060711596949, 1.0918553682168552, 1.0519012231472415, 1.0604058710082023, 1.1010962834034748, 1.1484706050156464, 1.2414843039249468, 1.286522046207647, 1.3072562312959182, 1.4024657757114494, 1.4690763553789117, 1.4352382086312834, 1.3078676789813133, 1.2336627867197074, 1.2117583717879756, 1.0914323600059634]",40,True,81,0.2,0.3330626082323823,,1,0.1414213562373095,7.778174593052023
20260927T095930443635Z_577f21e5,FOUR_ZONE,2,0.33,5,5,6,6.0,5.5,0.19,0.5,10,2,5760.0,"[0.8592549273600911, 0.6058380411445193, 0.4316697215292379, 0.32461244914431125, 0.29898418014229616, 0.3853292566116986, 0.6184818884427356, 0.9112753545916268, 1.124060711596949, 1.0918553682168552, 1.0519012231472415, 1.0604058710082023, 1.1010962834034748, 1.1484706050156464, 1.2414843039249468, 1.286522046207647, 1.3072562312959182, 1.4024657757114494, 1.4690763553789117, 1.4352382086312834, 1.3078676789813133, 1.2336627867197074, 1.2117583717879756, 1.0914323600059634]",40,True,81,0.2442732516826255,0.3330626082323823,,1,0.17272727272727273,7.778174593052023
20260927T095930443635Z_577f21e5,FOUR_ZONE,2,0.5,5,5,6,5.5,5.5,0.19,0.5,10,2,5760.0,"[0.8592549273600911, 0.6058380411445193, 0.4316697215292379, 0.32461244914431125, 0.29898418014229616, 0.3853292566116986, 0.6184818884427356, 0.9112753545916268, 1.124060711596949, 1.0918553682168552, 1.0519012231472415, 1.0604058710082023, 1.1010962834034748, 1.1484706050156464, 1.2414843039249468, 1.286522046207647, 1.3072562312959182, 1.4024657757114494, 1.4690763553789117, 1.4352382086312834, 1.3078676789813133, 1.2336627867197074, 1.2117583717879756, 1.0914323600059634]",40,True,81,0.1,0.24357034795763993,,1,0.07071067811865475,7.778174593052023
20260927T095930443635Z_577f21e5,FOUR_ZONE,2,0.5,5,5,6,5.5,5.5,0.19,0.5,10,2,5760.0,"[0.8592549273600911, 0.6058380411445193, 0.4316697215292379, 0.32461244914431125, 0.29898418014229616, 0.3853292566116986, 0.6184818884427356, 0.9112753545916268, 1.124060711596949, 1.0918553682168552, 1.0519012231472415, 1.0604058710082023, 1.1010962834034748, 1.1484706050156464, 1.2414843039249468, 1.286522046207647, 1.3072562312959182, 1.4024657757114494, 1.4690763553789117, 1.4352382086312834, 1.3078676789813133, 1.2336627867197074, 1.2117583717879756, 1.0914323600059634]",40,True,81,0.2,0.320830985597851,,1,0.1414213562373095,7.778174593052023
20260927T095930443635Z_577f21e5,FOUR_ZONE,2,0.5,5,5,6,5.5,5.5,0.19,0.5,10,2,5760.0,"[0.8592549273600911, 0.6058380411445193, 0.4316697215292379, 0.32461244914431125, 0.29898418014229616, 0.3853292566116986, 0.6184818884427356, 0.9112753545916268, 1.124060711596949, 1.0918553682168552, 1.0519012231472415, 1.0604058710082023, 1.1010962834034748, 1.1484706050156464, 1.2414843039249468, 1.286522046207647, 1.3072562312959182, 1.4024657757114494, 1.4690763553789117, 1.4352382086312834, 1.3078676789813133, 1.2336627867197074, 1.2117583717879756, 1.0914323600059634]",40,True,81,0.2442732516826255,0.32930947370070185,,1,0.17272727272727273,7.778174593052023
20260927T095930443635Z_577f21e5,FOUR_ZONE,2,0.5,5,5,6,6.0,5.5,0.19,0.5,10,2,5760.0,"[0.8592549273600911, 0.6058380411445193, 0.4316697215292379, 0.32461244914431125, 0.29898418014229616, 0.3853292566116986, 0.6184818884427356, 0.9112753545916268, 1.124060711596949, 1.0918553682168552, 1.0519012231472415, 1.0604058710082023, 1.1010962834034748, 1.1484706050156464, 1.2414843039249468, 1.286522046207647, 1.3072562312959182, 1.4024657757114494, 1.4690763553789117, 1.4352382086312834, 1.3078676789813133, 1.2336627867197074, 1.2117583717879756, 1.0914323600059634]",40,True,81,0.1,0.24357034795763993,,1,0.07071067811865475,7.778174593052023
20260927T095930443635Z_577f21e5,FOUR_ZONE,2,0.5,5,5,6,6.0,5.5,0.19,0.5,10,2,5760.0,"[0.8592549273600911, 0.6058380411445193, 0.4316697215292379, 0.32461244914431125, 0.29898418014229616, 0.3853292566116986, 0.6184818884427356, 0.9112753545916268, 1.124060711596949, 1.0918553682168552, 1.0519012231472415, 1.0604058710082023, 1.1010962834034748, 1.1484706050156464, 1.2414843039249468, 1.286522046207647, 1.3072562312959182, 1.4024657757114494, 1.4690763553789117, 1.4352382086312834, 1.3078676789813133, 1.2336627867197074, 1.2117583717879756, 1.0914323600059634]",40,True,81,0.2,0.3285364950856855,,1,0.1414213562373095,7.778174593052023
20260927T095930443635Z_577f21e5,FOUR_ZONE,2,0.5,5,5,6,6.0,5.5,0.19,0.5,10,2,5760.0,"[0.8592549273600911, 0.6058380411445193, 0.4316697215292379, 0.32461244914431125, 0.29898418014229616, 0.3853292566116986, 0.6184818884427356, 0.9112753545916268, 1.124060711596949, 1.0918553682168552, 1.0519012231472415, 1.0604058710082023, 1.1010962834034748, 1.1484706050156464, 1.2414843039249468, 1.286522046207647, 1.3072562312959182, 1.4024657757114494, 1.4690763553789117, 1.4352382086312834, 1.3078676789813133, 1.2336627867197074, 1.2117583717879756, 1.0914323600059634]",40,True,81,0.2442732516826255,0.3383748807584113,,1,0.17272727272727273,7.778174593052023
20260927T095930443635Z_577f21e5,FOUR_ZONE,2,0.67,5,5,6,5.5,5.5,0.19,0.5,10,2,5760.0,"[0.8592549273600911, 0.6058380411445193, 0.4316697215292379, 0.32461244914431125, 0.29898418014229616, 0.3853292566116986, 0.6184818884427356, 0.9112753545916268, 1.124060711596949, 1.0918553682168552, 1.0519012231472415, 1.0604058710082023, 1.1010962834034748, 1.1484706050156464, 1.2414843039249468, 1.286522046207647, 1.3072562312959182, 1.4024657757114494, 1.4690763553789117, 1.4352382086312834, 1.3078676789813133, 1.2336627867197074, 1.2117583717879756, 1.0914323600059634]",40,True,81,0.1,0.29766853911967217,,1,0.07071067811865475,7.778174593052023
20260927T095930443635Z_577f21e5,FOUR_ZONE,2,0.67,5,5,6,5.5,5.5,0.19,0.5,10,2,5760.0,"[0.8592549273600911, 0.6058380411445193, 0.4316697215292379, 0.32461244914431125, 0.29898418014229616, 0.3853292566116986, 0.6184818884427356, 0.9112753545916268, 1.124060711596949, 1.0918553682168552, 1.0519012231472415, 1.0604058710082023, 1.1010962834034748, 1.1484706050156464, 1.2414843039249468, 1.286522046207647, 1.3072562312959182, 1.4024657757114494, 1.4690763553789117, 1.4352382086312834, 1.3078676789813133, 1.2336627867197074, 1.2117583717879756, 1.0914323600059634]",40,True,81,0.2,0.2997996842258957,,1,0.1414213562373095,7.778174593052023
20260927T095930443635Z_577f21e5,FOUR_ZONE,2,0.67,5,5,6,5.5,5.5,0.19,0.5,10,2,5760.0,"[0.8592549273600911, 0.6058380411445193, 0.4316697215292379, 0.32461244914431125, 0.29898418014229616, 0.3853292566116986, 0.6184818884427356, 0.9112753545916268, 1.124060711596949, 1.0918553682168552, 1.0519012231472415, 1.0604058710082023, 1.1010962834034748, 1.1484706050156464, 1.2414843039249468, 1.286522046207647, 1.3072562312959182, 1.4024657757114494, 1.4690763553789117, 1.4352382086312834, 1.3078676789813133, 1.2336627867197074, 1.2117583717879756, 1.0914323600059634]",40,True,81,0.2442732516826255,0.2997996842258957,,1,0.17272727272727273,7.778174593052023
20260927T095930443635Z_577f21e5,FOUR_ZONE,2,0.67,5,5,6,6.0,5.5,0.19,0.5,10,2,5760.0,"[0.8592549273600911, 0.6058380411445193, 0.4316697215292379, 0.32461244914431125, 0.29898418014229616, 0.3853292566116986, 0.6184818884427356, 0.9112753545916268, 1.124060711596949, 1.0918553682168552, 1.0519012231472415, 1.0604058710082023, 1.1010962834034748, 1.1484706050156464, 1.2414843039249468, 1.286522046207647, 1.3072562312959182, 1.4024657757114494, 1.4690763553789117, 1.4352382086312834, 1.3078676789813133, 1.2336627867197074, 1.2117583717879756, 1.0914323600059634]",40,True,81,0.1,0.3001033058649377,,1,0.07071067811865475,7.778174593052023
20260927T095930443635Z_577f21e5,FOUR_ZONE,2,0.67,5,5,6,6.0,5.5,0.19,0.5,10,2,5760.0,"[0.8592549273600911, 0.6058380411445193, 0.4316697215292379, 0.32461244914431125, 0.29898418014229616, 0.3853292566116986, 0.6184818884427356, 0.9112753545916268, 1.124060711596949, 1.0918553682168552, 1.0519012231472415, 1.0604058710082023, 1.1010962834034748, 1.1484706050156464, 1.2414843039249468, 1.286522046207647, 1.3072562312959182, 1.4024657757114494, 1.4690763553789117, 1.4352382086312834, 1.3078676789813133, 1.2336627867197074, 1.2117583717879756, 1.0914323600059634]",40,True,81,0.2,0.302636823124522,,1,0.1414213562373095,7.778174593052023
20260927T095930443635Z_577f21e5,FOUR_ZONE,2,0.67,5,5,6,6.0,5.5,0.19,0.5,10,2,5760.0,"[0.8592549273600911, 0.6058380411445193, 0.4316697215292379, 0.32461244914431125, 0.29898418014229616, 0.3853292566116986, 0.6184818884427356, 0.9112753545916268, 1.124060711596949, 1.0918553682168552, 1.0519012231472415, 1.0604058710082023, 1.1010962834034748, 1.1484706050156464, 1.2414843039249468, 1.286522046207647, 1.3072562312959182, 1.4024657757114494, 1.4690763553789117, 1.4352382086312834, 1.3078676789813133, 1.2336627867197074, 1.2117583717879756, 1.0914323600059634]",40,True,81,0.2442732516826255,0.302636823124522,,1,0.17272727272727273,7.778174593052023
20260927T095930443635Z_577f21e5,FOUR_ZONE,2,0.83,5,5,6,5.5,5.5,0.19,0.5,10,2,5760.0,"[0.8592549273600911, 0.6058380411445193, 0.4316697215292379, 0.32461244914431125, 0.29898418014229616, 0.3853292566116986, 0.6184818884427356, 0.9112753545916268, 1.124060711596949, 1.0918553682168552, 1.0519012231472415, 1.0604058710082023, 1.1010962834034748, 1.1484706050156464, 1.2414843039249468, 1.286522046207647, 1.3072562312959182, 1.4024657757114494, 1.4690763553789117, 1.4352382086312834, 1.3078676789813133, 1.2336627867197074, 1.2117583717879756, 1.0914323600059634]",40,True,81,0.1,0.3083235638921454,,1,0.07071067811865475,7.778174593052023
20260927T095930443635Z_577f21e5,FOUR_ZONE,2,0.83,5,5,6,5.5,5.5,0.19,0.5,10,2,5760.0,"[0.8592549273600911, 0.6058380411445193, 0.4316697215292379, 0.32461244914431125, 0.29898418014229616, 0.3853292566116986, 0.6184818884427356, 0.9112753545916268, 1.124060711596949, 1.0918553682168552, 1.0519012231472415, 1.0604058710082023, 1.1010962834034748, 1.1484706050156464, 1.2414843039249468, 1.286522046207647, 1.3072562312959182, 1.4024657757114494, 1.4690763553789117, 1.4352382086312834, 1.3078676789813133, 1.2336627867197074, 1.2117583717879756, 1.0914323600059634]",40,True,81,0.2,0.32382718370537317,,1,0.1414213562373095,7.778174593052023
20260927T095930443635Z_577f21e5,FOUR_ZONE,2,0.83,5,5,6,5.5,5.5,0.19,0.5,10,2,5760.0,"[0.8592549273600911, 0.6058380411445193, 0.4316697215292379, 0.32461244914431125, 0.29898418014229616, 0.3853292566116986, 0.6184818884427356, 0.9112753545916268, 1.124060711596949, 1.0918553682168552, 1.0519012231472415, 1.0604058710082023, 1.1010962834034748, 1.1484706050156464, 1.2414843039249468, 1.286522046207647, 1.3072562312959182, 1.4024657757114494, 1.4690763553789117, 1.4352382086312834, 1.3078676789813133, 1.2336627867197074, 1.2117583717879756, 1.0914323600059634]",40,True,81,0.2442732516826255,0.32382718370537317,,1,0.17272727272727273,7.778174593052023
20260927T095930443635Z_577f21e5,FOUR_ZONE,2,0.83,5,5,6,6.0,5.5,0.19,0.5,10,2,5760.0,"[0.8592549273600911, 0.6058380411445193, 0.4316697215292379, 0.32461244914431125, 0.29898418014229616, 0.3853292566116986, 0.6184818884427356, 0.9112753545916268, 1.124060711596949, 1.0918553682168552, 1.0519012231472415, 1.0604058710082023, 1.1010962834034748, 1.1484706050156464, 1.2414843039249468, 1.286522046207647, 1.3072562312959182, 1.4024657757114494, 1.4690763553789117, 1.4352382086312834, 1.3078676789813133, 1.2336627867197074, 1.2117583717879756, 1.0914323600059634]",40,True,81,0.1,0.3083235638921454,,1,0.07071067811865475,7.778174593052023
20260927T095930443635Z_577f21e5,FOUR_ZONE,2,0.83,5,5,6,6.0,5.5,0.19,0.5,10,2,5760.0,"[0.8592549273600911, 0.6058380411445193, 0.4316697215292379, 0.32461244914431125, 0.29898418014229616, 0.3853292566116986, 0.6184818884427356, 0.9112753545916268, 1.124060711596949, 1.0918553682168552, 1.0519012231472415, 1.0604058710082023, 1.1010962834034748, 1.1484706050156464, 1.2414843039249468, 1.286522046207647, 1.3072562312959182, 1.4024657757114494, 1.4690763553789117, 1.4352382086312834, 1.3078676789813133, 1.2336627867197074, 1.2117583717879756, 1.0914323600059634]",40,True,81,0.2,0.3258001074443118,,1,0.1414213562373095,7.778174593052023
20260927T095930443635Z_577f21e5,FOUR_ZONE,2,0.83,5,5,6,6.0,5.5,0.19,0.5,10,2,5760.0,"[0.8592549273600911, 0.6058380411445193, 0.4316697215292379, 0.32461244914431125, 0.29898418014229616, 0.3853292566116986, 0.6184818884427356, 0.9112753545916268, 1.124060711596949, 1.0918553682168552, 1.0519012231472415, 1.0604058710082023, 1.1010962834034748, 1.1484706050156464, 1.2414843039249468, 1.286522046207647, 1.3072562312959182, 1.4024657757114494, 1.4690763553789117, 1.4352382086312834, 1.3078676789813133, 1.2336627867197074, 1.2117583717879756, 1.0914323600059634]",40,True,81,0.2442732516826255,0.3258001074443118,,1,0.17272727272727273,7.778174593052023
20260927T095930443635Z_577f21e5,FOUR_ZONE,2,1.0,5,5,6,5.5,5.5,0.19,0.5,10,2,5760.0,"[0.8592549273600911, 0.6058380411445193, 0.4316697215292379, 0.32461244914431125, 0.29898418014229616, 0.3853292566116986, 0.6184818884427356, 0.9112753545916268, 1.124060711596949, 1.0918553682168552, 1.0519012231472415, 1.0604058710082023, 1.1010962834034748, 1.1484706050156464, 1.2414843039249468, 1.286522046207647, 1.3072562312959182, 1.4024657757114494, 1.4690763553789117, 1.4352382086312834, 1.3078676789813133, 1.2336627867197074, 1.2117583717879756, 1.0914323600059634]",40,True,81,0.1,0.35750960604133236,,1,0.07071067811865475,7.778174593052023
20260927T095930443635Z_577f21e5,FOUR_ZONE,2,1.0,5,5,6,5.5,5.5,0.19,0.5,10,2,5760.0,"[0.8592549273600911, 0.6058380411445193, 0.4316697215292379, 0.32461244914431125, 0.29898418014229616, 0.3853292566116986, 0.6184818884427356, 0.9112753545916268, 1.124060711596949, 1.0918553682168552, 1.0519012231472415, 1.0604058710082023, 1.1010962834034748, 1.1484706050156464, 1.2414843039249468, 1.286522046207647, 1.3072562312959182, 1.4024657757114494, 1.4690763553789117, 1.4352382086312834, 1.3078676789813133, 1.2336627867197074, 1.2117583717879756, 1.0914323600059634]",40,True,81,0.2,0.35750960604133236,,1,0.1414213562373095,7.778174593052023
20260927T095930443635Z_577f21e5,FOUR_ZONE,2,1.0,5,5,6,5.5,5.5,0.19,0.5,10,2,5760.0,"[0.8592549273600911, 0.6058380411445193, 0.4316697215292379, 0.32461244914431125, 0.29898418014229616, 0.3853292566116986, 0.6184818884427356, 0.9112753545916268, 1.124060711596949, 1.0918553682168552, 1.0519012231472415, 1.0604058710082023, 1.1010962834034748, 1.1484706050156464, 1.2414843039249468, 1.286522046207647, 1.3072562312959182, 1.4024657757114494, 1.4690763553789117, 1.4352382086312834, 1.3078676789813133, 1.2336627867197074, 1.2117583717879756, 1.0914323600059634]",40,True,81,0.2442732516826255,0.37308009184361995,,1,0.17272727272727273,7.778174593052023
20260927T095930443635Z_577f21e5,FOUR_ZONE,2,1.0,5,5,6,6.0,5.5,0.19,0.5,10,2,5760.0,"[0.8592549273600911, 0.6058380411445193, 0.4316697215292379, 0.32461244914431125, 0.29898418014229616, 0.3853292566116986, 0.6184818884427356, 0.9112753545916268, 1.124060711596949, 1.0918553682168552, 1.0519012231472415, 1.0604058710082023, 1.1010962834034748, 1.1484706050156464, 1.2414843039249468, 1.286522046207647, 1.3072562312959182, 1.4024657757114494, 1.4690763553789117, 1.4352382086312834, 1.3078676789813133, 1.2336627867197074, 1.2117583717879756, 1.0914323600059634]",40,True,81,0.1,0.35990592750667244,,1,0.07071067811865475,7.778174593052023
20260927T095930443635Z_577f21e5,FOUR_ZONE,2,1.0,5,5,6,6.0,5.5,0.19,0.5,10,2,5760.0,"[0.8592549273600911, 0.6058380411445193, 0.4316697215292379, 0.32461244914431125, 0.29898418014229616, 0.3853292566116986, 0.6184818884427356, 0.9112753545916268, 1.124060711596949, 1.0918553682168552, 1.0519012231472415, 1.0604058710082023, 1.1010962834034748, 1.1484706050156464, 1.2414843039249468, 1.286522046207647, 1.3072562312959182, 1.4024657757114494, 1.4690763553789117, 1.4352382086312834, 1.3078676789813133, 1.2336627867197074, 1.2117583717879756, 1.0914323600059634]",40,True,81,0.2,0.35990592750667244,,1,0.1414213562373095,7.778174593052023
20260927T095930443635Z_577f21e5,FOUR_ZONE,2,1.0,5,5,6,6.0,5.5,0.19,0.5,10,2,5760.0,"[0.8592549273600911, 0.6058380411445193, 0.4316697215292379, 0.32461244914431125, 0.29898418014229616, 0.3853292566116986, 0.6184818884427356, 0.9112753545916268, 1.124060711596949, 1.0918553682168552, 1.0519012231472415, 1.0604058710082023, 1.1010962834034748, 1.1484706050156464, 1.2414843039249468, 1.286522046207647, 1.3072562312959182, 1.4024657757114494, 1.4690763553789117, 1.4352382086312834, 1.3078676789813133, 1.2336627867197074, 1.2117583717879756, 1.0914323600059634]",40,True,81,0.2442732516826255,0.37710336294184116,,1,0.17272727272727273,7.778174593052023
20260927T095930443635Z_577f21e5,FOUR_ZONE,5,0.33,5,5,6,5.5,5.5,0.19,0.5,10,2,5760.0,"[0.8592549273600911, 0.6058380411445193, 0.4316697215292379, 0.32461244914431125, 0.29898418014229616, 0.3853292566116986, 0.6184818884427356, 0.9112753545916268, 1.124060711596949, 1.0918553682168552, 1.0519012231472415, 1.0604058710082023, 1.1010962834034748, 1.1484706050156464, 1.2414843039249468, 1.286522046207647, 1.3072562312959182, 1.4024657757114494, 1.4690763553789117, 1.4352382086312834, 1.3078676789813133, 1.2336627867197074, 1.2117583717879756, 1.0914323600059634]",40,True,81,0.1,0.19618528610354224,,1,0.07071067811865475,7.778174593052023
20260927T095930443635Z_577f21e5,FOUR_ZONE,5,0.33,5,5,6,5.5,5.5,0.19,0.5,10,2,5760.0,"[0.8592549273600911, 0.6058380411445193, 0.4316697215292379, 0.32461244914431125, 0.29898418014229616, 0.3853292566116986, 0.6184818884427356, 0.9112753545916268, 1.124060711596949, 1.0918553682168552, 1.0519012231472415, 1.0604058710082023, 1.1010962834034748, 1.1484706050156464, 1.2414843039249468, 1.286522046207647, 1.3072562312959182, 1.4024657757114494, 1.4690763553789117, 1.4352382086312834, 1.3078676789813133, 1.2336627867197074, 1.2117583717879756, 1.0914323600059634]",40,True,81,0.2,0.34407855907925167,,1,0.1414213562373095,7.778174593052023
20260927T095930443635Z_577f21e5,FOUR_ZONE,5,0.33,5,5,6,5.5,5.5,0.19,0.5,10,2,5760.0,"[0.8592549273600911, 0.6058380411445193, 0.4316697215292379, 0.32461244914431125, 0.29898418014229616, 0.3853292566116986, 0.6184818884427356, 0.9112753545916268, 1.124060711596949, 1.0918553682168552, 1.0519012231472415, 1.0604058710082023, 1.1010962834034748, 1.1484706050156464, 1.2414843039249468, 1.286522046207647, 1.3072562312959182, 1.4024657757114494, 1.4690763553789117, 1.4352382086312834, 1.3078676789813133, 1.2336627867197074, 1.2117583717879756, 1.0914323600059634]",40,True,81,0.2442732516826255,0.38192429944950756,,1,0.17272727272727273,7.778174593052023
20260927T095930443635Z_577f21e5,FOUR_ZONE,5,0.33,5,5,6,6.0,5.5,0.19,0.5,10,2,5760.0,"[0.8592549273600911, 0.6058380411445193, 0.4316697215292379, 0.32461244914431125, 0.29898418014229616, 0.3853292566116986, 0.6184818884427356, 0.9112753545916268, 1.124060711596949, 1.0918553682168552, 1.0519012231472415, 1.0604058710082023, 1.1010962834034748, 1.1484706050156464, 1.2414843039249468, 1.286522046207647, 1.3072562312959182, 1.4024657757114494, 1.4690763553789117, 1.4352382086312834, 1.3078676789813133, 1.2336627867197074, 1.2117583717879756, 1.0914323600059634]",40,True,81,0.1,0.19618528610354224,,1,0.07071067811865475,7.778174593052023
20260927T095930443635Z_577f21e5,FOUR_ZONE,5,0.33,5,5,6,6.0,5.5,0.19,0.5,10,2,5760.0,"[0.8592549273600911, 0.6058380411445193, 0.4316697215292379, 0.32461244914431125, 0.29898418014229616, 0.3853292566116986, 0.6184818884427356, 0.9112753545916268, 1.124060711596949, 1.0918553682168552, 1.0519012231472415, 1.0604058710082023, 1.1010962834034748, 1.1484706050156464, 1.2414843039249468, 1.286522046207647, 1.3072562312959182, 1.4024657757114494, 1.4690763553789117, 1.4352382086312834, 1.3078676789813133, 1.2336627867197074, 1.2117583717879756, 1.0914323600059634]",40,True,81,0.2,0.36045434361843276,,1,0.1414213562373095,7.778174593052023
20260927T095930443635Z_577f21e5,FOUR_ZONE,5,0.33,5,5,6,6.0,5.5,0.19,0.5,10,2,5760.0,"[0.8592549273600911, 0.6058380411445193, 0.4316697215292379, 0.32461244914431125, 0.29898418014229616, 0.3853292566116986, 0.6184818884427356, 0.9112753545916268, 1.124060711596949, 1.0918553682168552, 1.0519012231472415, 1.0604058710082023, 1.1010962834034748, 1.1484706050156464, 1.2414843039249468, 1.286522046207647, 1.3072562312959182, 1.4024657757114494, 1.4690763553789117, 1.4352382086312834, 1.3078676789813133, 1.2336627867197074, 1.2117583717879756, 1.0914323600059634]",40,True,81,0.2442732516826255,0.40198003471209276,,1,0.17272727272727273,7.778174593052023
20260927T095930443635Z_577f21e5,FOUR_ZONE,5,0.5,5,5,6,5.5,5.5,0.19,0.5,10,2,5760.0,"[0.8592549273600911, 0.6058380411445193, 0.4316697215292379, 0.32461244914431125, 0.29898418014229616, 0.3853292566116986, 0.6184818884427356, 0.9112753545916268, 1.124060711596949, 1.0918553682168552, 1.0519012231472415, 1.0604058710082023, 1.1010962834034748, 1.1484706050156464, 1.2414843039249468, 1.286522046207647, 1.3072562312959182, 1.4024657757114494, 1.4690763553789117, 1.4352382086312834, 1.3078676789813133, 1.2336627867197074, 1.2117583717879756, 1.0914323600059634]",40,True,81,0.1,0.24357034795763993,,1,0.07071067811865475,7.778174593052023
20260927T095930443635Z_577f21e5,FOUR_ZONE,5,0.5,5,5,6,5.5,5.5,0.19,0.5,10,2,5760.0,"[0.8592549273600911, 0.6058380411445193, 0.4316697215292379, 0.32461244914431125, 0.29898418014229616, 0.3853292566116986, 0.6184818884427356, 0.9112753545916268, 1.124060711596949, 1.0918553682168552, 1.0519012231472415, 1.0604058710082023, 1.1010962834034748, 1.1484706050156464, 1.2414843039249468, 1.286522046207647, 1.3072562312959182, 1.4024657757114494, 1.4690763553789117, 1.4352382086312834, 1.3078676789813133, 1.2336627867197074, 1.2117583717879756, 1.0914323600059634]",40,True,81,0.2,0.37775190137997394,,1,0.1414213562373095,7.778174593052023
20260927T095930443635Z_577f21e5,FOUR_ZONE,5,0.5,5,5,6,5.5,5.5,0.19,0.5,10,2,5760.0,"[0.8592549273600911, 0.6058380411445193, 0.4316697215292379, 0.32461244914431125, 0.29898418014229616, 0.3853292566116986, 0.6184818884427356, 0.9112753545916268, 1.124060711596949, 1.0918553682168552, 1.0519012231472415, 1.0604058710082023, 1.1010962834034748, 1.1484706050156464, 1.2414843039249468, 1.286522046207647, 1.3072562312959182, 1.4024657757114494, 1.4690763553789117, 1.4352382086312834, 1.3078676789813133, 1.2336627867197074, 1.2117583717879756, 1.0914323600059634]",40,True,81,0.2442732516826255,0.3969332405526228,,1,0.17272727272727273,7.778174593052023
20260927T095930443635Z_577f21e5,FOUR_ZONE,5,0.5,5,5,6,6.0,5.5,0.19,0.5,10,2,5760.0,"[0.8592549273600911, 0.6058380411445193, 0.4316697215292379, 0.32461244914431125, 0.29898418014229616, 0.3853292566116986, 0.6184818884427356, 0.9112753545916268, 1.124060711596949, 1.0918553682168552, 1.0519012231472415, 1.0604058710082023, 1.1010962834034748, 1.1484706050156464, 1.2414843039249468, 1.286522046207647, 1.3072562312959182, 1.4024657757114494, 1.4690763553789117, 1.4352382086312834, 1.3078676789813133, 1.2336627867197074, 1.2117583717879756, 1.0914323600059634]",40,True,81,0.1,0.24357034795763993,,1,0.07071067811865475,7.778174593052023
20260927T095930443635Z_577f21e5,FOUR_ZONE,5,0.5,5,5,6,6.0,5.5,0.19,0.5,10,2,5760.0,"[0.8592549273600911, 0.6058380411445193, 0.4316697215292379, 0.32461244914431125, 0.29898418014229616, 0.3853292566116986, 0.6184818884427356, 0.9112753545916268, 1.124060711596949, 1.0918553682168552, 1.0519012231472415, 1.0604058710082023, 1.1010962834034748, 1.1484706050156464, 1.2414843039249468, 1.286522046207647, 1.3072562312959182, 1.4024657757114494, 1.4690763553789117, 1.4352382086312834, 1.3078676789813133, 1.2336627867197074, 1.2117583717879756, 1.0914323600059634]",40,True,81,0.2,0.392929221994553,,1,0.1414213562373095,7.778174593052023
20260927T095930443635Z_577f21e5,FOUR_ZONE,5,0.5,5,5,6,6.0,5.5,0.19,0.5,10,2,5760.0,"[0.8592549273600911, 0.6058380411445193, 0.4316697215292379, 0.32461244914431125, 0.29898418014229616, 0.3853292566116986, 0.6184818884427356, 0.9112753545916268, 1.124060711596949, 1.0918553682168552, 1.0519012231472415, 1.0604058710082023, 1.1010962834034748, 1.1484706050156464, 1.2414843039249468, 1.286522046207647, 1.3072562312959182, 1.4024657757114494, 1.4690763553789117, 1.4352382086312834, 1.3078676789813133, 1.2336627867197074, 1.2117583717879756, 1.0914323600059634]",40,True,81,0.2442732516826255,0.4143315183442886,,1,0.17272727272727273,7.778174593052023
20260927T095930443635Z_577f21e5,FOUR_ZONE,5,0.67,5,5,6,5.5,5.5,0.19,0.5,10,2,5760.0,"[0.8592549273600911, 0.6058380411445193, 0.4316697215292379, 0.32461244914431125, 0.29898418014229616, 0.3853292566116986, 0.6184818884427356, 0.9112753545916268, 1.124060711596949, 1.0918553682168552, 1.0519012231472415, 1.0604058710082023, 1.1010962834034748, 1.1484706050156464, 1.2414843039249468, 1.286522046207647, 1.3072562312959182, 1.4024657757114494, 1.4690763553789117, 1.4352382086312834, 1.3078676789813133, 1.2336627867197074, 1.2117583717879756, 1.0914323600059634]",40,True,81,0.1,0.30351312464710084,,1,0.07071067811865475,7.778174593052023
20260927T095930443635Z_577f21e5,FOUR_ZONE,5,0.67,5,5,6,5.5,5.5,0.19,0.5,10,2,5760.0,"[0.8592549273600911, 0.6058380411445193, 0.4316697215292379, 0.32461244914431125, 0.29898418014229616, 0.3853292566116986, 0.6184818884427356, 0.9112753545916268, 1.124060711596949, 1.0918553682168552, 1.0519012231472415, 1.0604058710082023, 1.1010962834034748, 1.1484706050156464, 1.2414843039249468, 1.286522046207647, 1.3072562312959182, 1.4024657757114494, 1.4690763553789117, 1.4352382086312834, 1.3078676789813133, 1.2336627867197074, 1.2117583717879756, 1.0914323600059634]",40,True,81,0.2,0.3725661145410504,,1,0.1414213562373095,7.778174593052023
20260927T095930443635Z_577f21e5,FOUR_ZONE,5,0.67,5,5,6,5.5,5.5,0.19,0.5,10,2,5760.0,"[0.8592549273600911, 0.6058380411445193, 0.4316697215292379, 0.32461244914431125, 0.29898418014229616, 0.3853292566116986, 0.6184818884427356, 0.9112753545916268, 1.124060711596949, 1.0918553682168552, 1.0519012231472415, 1.0604058710082023, 1.1010962834034748, 1.1484706050156464, 1.2414843039249468, 1.286522046207647, 1.3072562312959182, 1.4024657757114494, 1.4690763553789117, 1.4352382086312834, 1.3078676789813133, 1.2336627867197074, 1.2117583717879756, 1.0914323600059634]",40,True,81,0.2442732516826255,0.3903753887370936,,1,0.17272727272727273,7.778174593052023
20260927T095930443635Z_577f21e5,FOUR_ZONE,5,0.67,5,5,6,6.0,5.5,0.19,0.5,10,2,5760.0,"[0.8592549273600911, 0.6058380411445193, 0.4316697215292379, 0.32461244914431125, 0.29898418014229616, 0.3853292566116986, 0.6184818884427356, 0.9112753545916268, 1.124060711596949, 1.0918553682168552, 1.0519012231472415, 1.0604058710082023, 1.1010962834034748, 1.1484706050156464, 1.2414843039249468, 1.286522046207647, 1.3072562312959182, 1.4024657757114494, 1.4690763553789117, 1.4352382086312834, 1.3078676789813133, 1.2336627867197074, 1.2117583717879756, 1.0914323600059634]",40,True,81,0.1,0.30621934188681743,,1,0.07071067811865475,7.778174593052023
20260927T095930443635Z_577f21e5,FOUR_ZONE,5,0.67,5,5,6,6.0,5.5,0.19,0.5,10,2,5760.0,"[0.8592549273600911, 0.6058380411445193, 0.4316697215292379, 0.32461244914431125, 0.29898418014229616, 0.3853292566116986, 0.6184818884427356, 0.9112753545916268, 1.124060711596949, 1.0918553682168552, 1.0519012231472415, 1.0604058710082023, 1.1010962834034748, 1.1484706050156464, 1.2414843039249468, 1.286522046207647, 1.3072562312959182, 1.4024657757114494, 1.4690763553789117, 1.4352382086312834, 1.3078676789813133, 1.2336627867197074, 1.2117583717879756, 1.0914323600059634]",40,True,81,0.2,0.3833581193627553,,1,0.1414213562373095,7.778174593052023
20260927T095930443635Z_577f21e5,FOUR_ZONE,5,0.67,5,5,6,6.0,5.5,0.19,0.5,10,2,5760.0,"[0.8592549273600911, 0.6058380411445193, 0.4316697215292379, 0.32461244914431125, 0.29898418014229616, 0.3853292566116986, 0.6184818884427356, 0.9112753545916268, 1.124060711596949, 1.0918553682168552, 1.0519012231472415, 1.0604058710082023, 1.1010962834034748, 1.1484706050156464, 1.2414843039249468, 1.286522046207647, 1.3072562312959182, 1.4024657757114494, 1.4690763553789117, 1.4352382086312834, 1.3078676789813133, 1.2336627867197074, 1.2117583717879756, 1.0914323600059634]",40,True,81,0.2442732516826255,0.40307030792325715,,1,0.17272727272727273,7.778174593052023
20260927T095930443635Z_577f21e5,FOUR_ZONE,5,0.83,5,5,6,5.5,5.5,0.19,0.5,10,2,5760.0,"[0.8592549273600911, 0.6058380411445193, 0.4316697215292379, 0.32461244914431125, 0.29898418014229616, 0.3853292566116986, 0.6184818884427356, 0.9112753545916268, 1.124060711596949, 1.0918553682168552, 1.0519012231472415, 1.0604058710082023, 1.1010962834034748, 1.1484706050156464, 1.2414843039249468, 1.286522046207647, 1.3072562312959182, 1.4024657757114494, 1.4690763553789117, 1.4352382086312834, 1.3078676789813133, 1.2336627867197074, 1.2117583717879756, 1.0914323600059634]",40,True,81,0.1,0.3372611633034252,,1,0.07071067811865475,7.778174593052023
20260927T095930443635Z_577f21e5,FOUR_ZONE,5,0.83,5,5,6,5.5,5.5,0.19,0.5,10,2,5760.0,"[0.8592549273600911, 0.6058380411445193, 0.4316697215292379, 0.32461244914431125, 0.29898418014229616, 0.3853292566116986, 0.6184818884427356, 0.9112753545916268, 1.124060711596949, 1.0918553682168552, 1.0519012231472415, 1.0604058710082023, 1.1010962834034748, 1.1484706050156464, 1.2414843039249468, 1.286522046207647, 1.3072562312959182, 1.4024657757114494, 1.4690763553789117, 1.4352382086312834, 1.3078676789813133, 1.2336627867197074, 1.2117583717879756, 1.0914323600059634]",40,True,81,0.2,0.36921157242856645,,1,0.1414213562373095,7.778174593052023
20260927T095930443635Z_577f21e5,FOUR_ZONE,5,0.83,5,5,6,5.5,5.5,0.19,0.5,10,2,5760.0,"[0.8592549273600911, 0.6058380411445193, 0.4316697215292379, 0.32461244914431125, 0.29898418014229616, 0.3853292566116986, 0.6184818884427356, 0.9112753545916268, 1.124060711596949, 1.0918553682168552, 1.0519012231472415, 1.0604058710082023, 1.1010962834034748, 1.1484706050156464, 1.2414843039249468, 1.286522046207647, 1.3072562312959182, 1.4024657757114494, 1.4690763553789117, 1.4352382086312834, 1.3078676789813133, 1.2336627867197074, 1.2117583717879756, 1.0914323600059634]",40,True,81,0.2442732516826255,0.36921157242856645,,1,0.17272727272727273,7.778174593052023
20260927T095930443635Z_577f21e5,FOUR_ZONE,5,0.83,5,5,6,6.0,5.5,0.19,0.5,10,2,5760.0,"[0.8592549273600911, 0.6058380411445193, 0.4316697215292379, 0.32461244914431125, 0.29898418014229616, 0.3853292566116986, 0.6184818884427356, 0.9112753545916268, 1.124060711596949, 1.0918553682168552, 1.0519012231472415, 1.0604058710082023, 1.1010962834034748, 1.1484706050156464, 1.2414843039249468, 1.286522046207647, 1.3072562312959182, 1.4024657757114494, 1.4690763553789117, 1.4352382086312834, 1.3078676789813133, 1.2336627867197074, 1.2117583717879756, 1.0914323600059634]",40,True,81,0.1,0.34007953049661116,,1,0.07071067811865475,7.778174593052023
20260927T095930443635Z_577f21e5,FOUR_ZONE,5,0.83,5,5,6,6.0,5.5,0.19,0.5,10,2,5760.0,"[0.8592549273600911, 0.6058380411445193, 0.4316697215292379, 0.32461244914431125, 0.29898418014229616, 0.3853292566116986, 0.6184818884427356, 0.9112753545916268, 1.124060711596949, 1.0918553682168552, 1.0519012231472415, 1.0604058710082023, 1.1010962834034748, 1.1484706050156464, 1.2414843039249468, 1.286522046207647, 1.3072562312959182, 1.4024657757114494, 1.4690763553789117, 1.4352382086312834, 1.3078676789813133, 1.2336627867197074, 1.2117583717879756, 1.0914323600059634]",40,True,81,0.2,0.3761810625222687,,1,0.1414213562373095,7.778174593052023
20260927T095930443635Z_577f21e5,FOUR_ZONE,5,0.83,5,5,6,6.0,5.5,0.19,0.5,10,2,5760.0,"[0.8592549273600911, 0.6058380411445193, 0.4316697215292379, 0.32461244914431125, 0.29898418014229616, 0.3853292566116986, 0.6184818884427356, 0.9112753545916268, 1.124060711596949, 1.0918553682168552, 1.0519012231472415, 1.0604058710082023, 1.1010962834034748, 1.1484706050156464, 1.2414843039249468, 1.286522046207647, 1.3072562312959182, 1.4024657757114494, 1.4690763553789117, 1.4352382086312834, 1.3078676789813133, 1.2336627867197074, 1.2117583717879756, 1.0914323600059634]",40,True,81,0.2442732516826255,0.3761810625222687,,1,0.17272727272727273,7.778174593052023
20260927T095930443635Z_577f21e5,FOUR_ZONE,5,1.0,5,5,6,5.5,5.5,0.19,0.5,10,2,5760.0,"[0.8592549273600911, 0.6058380411445193, 0.4316697215292379, 0.32461244914431125, 0.29898418014229616, 0.3853292566116986, 0.6184818884427356, 0.9112753545916268, 1.124060711596949, 1.0918553682168552, 1.0519012231472415, 1.0604058710082023, 1.1010962834034748, 1.1484706050156464, 1.2414843039249468, 1.286522046207647, 1.3072562312959182, 1.4024657757114494, 1.4690763553789117, 1.4352382086312834, 1.3078676789813133, 1.2336627867197074, 1.2117583717879756, 1.0914323600059634]",40,True,81,0.1,0.3475378989922307,,1,0.07071067811865475,7.778174593052023
20260927T095930443635Z_577f21e5,FOUR_ZONE,5,1.0,5,5,6,5.5,5.5,0.19,0.5,10,2,5760.0,"[0.8592549273600911, 0.6058380411445193, 0.4316697215292379, 0.32461244914431125, 0.29898418014229616, 0.3853292566116986, 0.6184818884427356, 0.9112753545916268, 1.124060711596949, 1.0918553682168552, 1.0519012231472415, 1.0604058710082023, 1.1010962834034748, 1.1484706050156464, 1.2414843039249468, 1.286522046207647, 1.3072562312959182, 1.4024657757114494, 1.4690763553789117, 1.4352382086312834, 1.3078676789813133, 1.2336627867197074, 1.2117583717879756, 1.0914323600059634]",40,True,81,0.2,0.3576078714409835,,1,0.1414213562373095,7.778174593052023
20260927T095930443635Z_577f21e5,FOUR_ZONE,5,1.0,5,5,6,5.5,5.5,0.19,0.5,10,2,5760.0,"[0.8592549273600911, 0.6058380411445193, 0.4316697215292379, 0.32461244914431125, 0.29898418014229616, 0.3853292566116986, 0.6184818884427356, 0.9112753545916268, 1.124060711596949, 1.0918553682168552, 1.0519012231472415, 1.0604058710082023, 1.1010962834034748, 1.1484706050156464, 1.2414843039249468, 1.286522046207647, 1.3072562312959182, 1.4024657757114494, 1.4690763553789117, 1.4352382086312834, 1.3078676789813133, 1.2336627867197074, 1.2117583717879756, 1.0914323600059634]",40,True,81,0.2442732516826255,0.37269857977699117,,1,0.17272727272727273,7.778174593052023
20260927T095930443635Z_577f21e5,FOUR_ZONE,5,1.0,5,5,6,6.0,5.5,0.19,0.5,10,2,5760.0,"[0.8592549273600911, 0.6058380411445193, 0.4316697215292379, 0.32461244914431125, 0.29898418014229616, 0.3853292566116986, 0.6184818884427356, 0.9112753545916268, 1.124060711596949, 1.0918553682168552, 1.0519012231472415, 1.0604058710082023, 1.1010962834034748, 1.1484706050156464, 1.2414843039249468, 1.286522046207647, 1.3072562312959182, 1.4024657757114494, 1.4690763553789117, 1.4352382086312834, 1.3078676789813133, 1.2336627867197074, 1.2117583717879756, 1.0914323600059634]",40,True,81,0.1,0.348885058478074,,1,0.07071067811865475,7.778174593052023
20260927T095930443635Z_577f21e5,FOUR_ZONE,5,1.0,5,5,6,6.0,5.5,0.19,0.5,10,2,5760.0,"[0.8592549273600911, 0.6058380411445193, 0.4316697215292379, 0.32461244914431125, 0.29898418014229616, 0.3853292566116986, 0.6184818884427356, 0.9112753545916268, 1.124060711596949, 1.0918553682168552, 1.0519012231472415, 1.0604058710082023, 1.1010962834034748, 1.1484706050156464, 1.2414843039249468, 1.286522046207647, 1.3072562312959182, 1.4024657757114494, 1.4690763553789117, 1.4352382086312834, 1.3078676789813133, 1.2336627867197074, 1.2117583717879756, 1.0914323600059634]",40,True,81,0.2,0.3602944004544957,,1,0.1414213562373095,7.778174593052023
20260927T095930443635Z_577f21e5,FOUR_ZONE,5,1.0,5,5,6,6.0,5.5,0.19,0.5,10,2,5760.0,"[0.8592549273600911, 0.6058380411445193, 0.4316697215292379, 0.32461244914431125, 0.29898418014229616, 0.3853292566116986, 0.6184818884427356, 0.9112753545916268, 1.124060711596949, 1.0918553682168552, 1.0519012231472415, 1.0604058710082023, 1.1010962834034748, 1.1484706050156464, 1.2414843039249468, 1.286522046207647, 1.3072562312959182, 1.4024657757114494, 1.4690763553789117, 1.4352382086312834, 1.3078676789813133, 1.2336627867197074, 1.2117583717879756, 1.0914323600059634]",40,True,81,0.2442732516826255,0.3771992709989653,,1,0.17272727272727273,7.778174593052023
20260927T095930443635Z_577f21e5,FOUR_ZONE,10,0.33,5,5,6,5.5,5.5,0.19,0.5,10,2,5760.0,"[0.8592549273600911, 0.6058380411445193, 0.4316697215292379, 0.32461244914431125, 0.29898418014229616, 0.3853292566116986, 0.6184818884427356, 0.9112753545916268, 1.124060711596949, 1.0918553682168552, 1.0519012231472415, 1.0604058710082023, 1.1010962834034748, 1.1484706050156464, 1.2414843039249468, 1.286522046207647, 1.3072562312959182, 1.4024657757114494, 1.4690763553789117, 1.4352382086312834, 1.3078676789813133, 1.2336627867197074, 1.2117583717879756, 1.0914323600059634]",40,True,81,0.1,0.20152861306030825,,1,0.07071067811865475,7.778174593052023
20260927T095930443635Z_577f21e5,FOUR_ZONE,10,0.33,5,5,6,5.5,5.5,0.19,0.5,10,2,5760.0,"[0.8592549273600911, 0.6058380411445193, 0.4316697215292379, 0.32461244914431125, 0.29898418014229616, 0.3853292566116986, 0.6184818884427356, 0.9112753545916268, 1.124060711596949, 1.0918553682168552, 1.0519012231472415, 1.0604058710082023, 1.1010962834034748, 1.1484706050156464, 1.2414843039249468, 1.286522046207647, 1.3072562312959182, 1.4024657757114494, 1.4690763553789117, 1.4352382086312834, 1.3078676789813133, 1.2336627867197074, 1.2117583717879756, 1.0914323600059634]",40,True,81,0.2,0.37988571603905685,,1,0.1414213562373095,7.778174593052023
20260927T095930443635Z_577f21e5,FOUR_ZONE,10,0.33,5,5,6,5.5,5.5,0.19,0.5,10,2,5760.0,"[0.8592549273600911, 0.6058380411445193, 0.4316697215292379, 0.32461244914431125, 0.29898418014229616, 0.3853292566116986, 0.6184818884427356, 0.9112753545916268, 1.124060711596949, 1.0918553682168552, 1.0519012231472415, 1.0604058710082023, 1.1010962834034748, 1.1484706050156464, 1.2414843039249468, 1.286522046207647, 1.3072562312959182, 1.4024657757114494, 1.4690763553789117, 1.4352382086312834, 1.3078676789813133, 1.2336627867197074, 1.2117583717879756, 1.0914323600059634]",40,True,81,0.2442732516826255,0.4253012540896566,,1,0.17272727272727273,7.778174593052023
20260927T095930443635Z_577f21e5,FOUR_ZONE,10,0.33,5,5,6,6.0,5.5,0.19,0.5,10,2,5760.0,"[0.8592549273600911, 0.6058380411445193, 0.4316697215292379, 0.32461244914431125, 0.29898418014229616, 0.3853292566116986, 0.6184818884427356, 0.9112753545916268, 1.124060711596949, 1.0918553682168552, 1.0519012231472415, 1.0604058710082023, 1.1010962834034748, 1.1484706050156464, 1.2414843039249468, 1.286522046207647, 1.3072562312959182, 1.4024657757114494, 1.4690763553789117, 1.4352382086312834, 1.3078676789813133, 1.2336627867197074, 1.2117583717879756, 1.0914323600059634]",40,True,81,0.1,0.20207893060882706,,1,0.07071067811865475,7.778174593052023
20260927T095930443635Z_577f21e5,FOUR_ZONE,10,0.33,5,5,6,6.0,5.5,0.19,0.5,10,2,5760.0,"[0.8592549273600911, 0.6058380411445193, 0.4316697215292379, 0.32461244914431125, 0.29898418014229616, 0.3853292566116986, 0.6184818884427356, 0.9112753545916268, 1.124060711596949, 1.0918553682168552, 1.0519012231472415, 1.0604058710082023, 1.1010962834034748, 1.1484706050156464, 1.2414843039249468, 1.286522046207647, 1.3072562312959182, 1.4024657757114494, 1.4690763553789117, 1.4352382086312834, 1.3078676789813133, 1.2336627867197074, 1.2117583717879756, 1.0914323600059634]",40,True,81,0.2,0.40018650343902906,,1,0.1414213562373095,7.778174593052023
20260927T095930443635Z_577f21e5,FOUR_ZONE,10,0.33,5,5,6,6.0,5.5,0.19,0.5,10,2,5760.0,"[0.8592549273600911, 0.6058380411445193, 0.4316697215292379, 0.32461244914431125, 0.29898418014229616, 0.3853292566116986, 0.6184818884427356, 0.9112753545916268, 1.124060711596949, 1.0918553682168552, 1.0519012231472415, 1.0604058710082023, 1.1010962834034748, 1.1484706050156464, 1.2414843039249468, 1.286522046207647, 1.3072562312959182, 1.4024657757114494, 1.4690763553789117, 1.4352382086312834, 1.3078676789813133, 1.2336627867197074, 1.2117583717879756, 1.0914323600059634]",40,True,81,0.2442732516826255,0.4501270780771698,,1,0.17272727272727273,7.778174593052023
20260927T095930443635Z_577f21e5,FOUR_ZONE,10,0.5,5,5,6,5.5,5.5,0.19,0.5,10,2,5760.0,"[0.8592549273600911, 0.6058380411445193, 0.4316697215292379, 0.32461244914431125, 0.29898418014229616, 0.3853292566116986, 0.6184818884427356, 0.9112753545916268, 1.124060711596949, 1.0918553682168552, 1.0519012231472415, 1.0604058710082023, 1.1010962834034748, 1.1484706050156464, 1.2414843039249468, 1.286522046207647, 1.3072562312959182, 1.4024657757114494, 1.4690763553789117, 1.4352382086312834, 1.3078676789813133, 1.2336627867197074, 1.2117583717879756, 1.0914323600059634]",40,True,81,0.1,0.2929041790676013,,1,0.07071067811865475,7.778174593052023
20260927T095930443635Z_577f21e5,FOUR_ZONE,10,0.5,5,5,6,5.5,5.5,0.19,0.5,10,2,5760.0,"[0.8592549273600911, 0.6058380411445193, 0.4316697215292379, 0.32461244914431125, 0.29898418014229616, 0.3853292566116986, 0.6184818884427356, 0.9112753545916268, 1.124060711596949, 1.0918553682168552, 1.0519012231472415, 1.0604058710082023, 1.1010962834034748, 1.1484706050156464, 1.2414843039249468, 1.286522046207647, 1.3072562312959182, 1.4024657757114494, 1.4690763553789117, 1.4352382086312834, 1.3078676789813133, 1.2336627867197074, 1.2117583717879756, 1.0914323600059634]",40,True,81,0.2,0.3435350603875706,,1,0.1414213562373095,7.778174593052023
20260927T095930443635Z_577f21e5,FOUR_ZONE,10,0.5,5,5,6,5.5,5.5,0.19,0.5,10,2,5760.0,"[0.8592549273600911, 0.6058380411445193, 0.4316697215292379, 0.32461244914431125, 0.29898418014229616, 0.3853292566116986, 0.6184818884427356, 0.9112753545916268, 1.124060711596949, 1.0918553682168552, 1.0519012231472415, 1.0604058710082023, 1.1010962834034748, 1.1484706050156464, 1.2414843039249468, 1.286522046207647, 1.3072562312959182, 1.4024657757114494, 1.4690763553789117, 1.4352382086312834, 1.3078676789813133, 1.2336627867197074, 1.2117583717879756, 1.0914323600059634]",40,True,81,0.2442732516826255,0.3182796249823572,,1,0.17272727272727273,7.778174593052023
20260927T095930443635Z_577f21e5,FOUR_ZONE,10,0.5,5,5,6,6.0,5.5,0.19,0.5,10,2,5760.0,"[0.8592549273600911, 0.6058380411445193, 0.4316697215292379, 0.32461244914431125, 0.29898418014229616, 0.3853292566116986, 0.6184818884427356, 0.9112753545916268, 1.124060711596949, 1.0918553682168552, 1.0519012231472415, 1.0604058710082023, 1.1010962834034748, 1.1484706050156464, 1.2414843039249468, 1.286522046207647, 1.3072562312959182, 1.4024657757114494, 1.4690763553789117, 1.4352382086312834, 1.3078676789813133, 1.2336627867197074, 1.2117583717879756, 1.0914323600059634]",40,True,81,0.1,0.2982348250926473,,1,0.07071067811865475,7.778174593052023
20260927T095930443635Z_577f21e5,FOUR_ZONE,10,0.5,5,5,6,6.0,5.5,0.19,0.5,10,2,5760.0,"[0.8592549273600911, 0.6058380411445193, 0.4316697215292379, 0.32461244914431125, 0.29898418014229616, 0.3853292566116986, 0.6184818884427356, 0.9112753545916268, 1.124060711596949, 1.0918553682168552, 1.0519012231472415, 1.0604058710082023, 1.1010962834034748, 1.1484706050156464, 1.2414843039249468, 1.286522046207647, 1.3072562312959182, 1.4024657757114494, 1.4690763553789117, 1.4352382086312834, 1.3078676789813133, 1.2336627867197074, 1.2117583717879756, 1.0914323600059634]",40,True,81,0.2,0.35503336279971615,,1,0.1414213562373095,7.778174593052023
20260927T095930443635Z_577f21e5,FOUR_ZONE,10,0.5,5,5,6,6.0,5.5,0.19,0.5,10,2,5760.0,"[0.8592549273600911, 0.6058380411445193, 0.4316697215292379, 0.32461244914431125, 0.29898418014229616, 0.3853292566116986, 0.6184818884427356, 0.9112753545916268, 1.124060711596949, 1.0918553682168552, 1.0519012231472415, 1.0604058710082023, 1.1010962834034748, 1.1484706050156464, 1.2414843039249468, 1.286522046207647, 1.3072562312959182, 1.4024657757114494, 1.4690763553789117, 1.4352382086312834, 1.3078676789813133, 1.2336627867197074, 1.2117583717879756, 1.0914323600059634]",40,True,81,0.2442732516826255,0.3276271571200522,,1,0.17272727272727273,7.778174593052023
20260927T095930443635Z_577f21e5,FOUR_ZONE,10,0.67,5,5,6,5.5,5.5,0.19,0.5,10,2,5760.0,"[0.8592549273600911, 0.6058380411445193, 0.4316697215292379, 0.32461244914431125, 0.29898418014229616, 0.3853292566116986, 0.6184818884427356, 0.9112753545916268, 1.124060711596949, 1.0918553682168552, 1.0519012231472415, 1.0604058710082023, 1.1010962834034748, 1.1484706050156464, 1.2414843039249468, 1.286522046207647, 1.3072562312959182, 1.4024657757114494, 1.4690763553789117, 1.4352382086312834, 1.3078676789813133, 1.2336627867197074, 1.2117583717879756, 1.0914323600059634]",40,True,81,0.1,0.28630109126121045,,1,0.07071067811865475,7.778174593052023
20260927T095930443635Z_577f21e5,FOUR_ZONE,10,0.67,5,5,6,5.5,5.5,0.19,0.5,10,2,5760.0,"[0.8592549273600911, 0.6058380411445193, 0.4316697215292379, 0.32461244914431125, 0.29898418014229616, 0.3853292566116986, 0.6184818884427356, 0.9112753545916268, 1.124060711596949, 1.0918553682168552, 1.0519012231472415, 1.0604058710082023, 1.1010962834034748, 1.1484706050156464, 1.2414843039249468, 1.286522046207647, 1.3072562312959182, 1.4024657757114494, 1.4690763553789117, 1.4352382086312834, 1.3078676789813133, 1.2336627867197074, 1.2117583717879756, 1.0914323600059634]",40,True,81,0.2,0.37963541714355037,,1,0.1414213562373095,7.778174593052023
20260927T095930443635Z_577f21e5,FOUR_ZONE,10,0.67,5,5,6,5.5,5.5,0.19,0.5,10,2,5760.0,"[0.8592549273600911, 0.6058380411445193, 0.4316697215292379, 0.32461244914431125, 0.29898418014229616, 0.3853292566116986, 0.6184818884427356, 0.9112753545916268, 1.124060711596949, 1.0918553682168552, 1.0519012231472415, 1.0604058710082023, 1.1010962834034748, 1.1484706050156464, 1.2414843039249468, 1.286522046207647, 1.3072562312959182, 1.4024657757114494, 1.4690763553789117, 1.4352382086312834, 1.3078676789813133, 1.2336627867197074, 1.2117583717879756, 1.0914323600059634]",40,True,81,0.2442732516826255,0.36797508529469936,,1,0.17272727272727273,7.778174593052023
20260927T095930443635Z_577f21e5,FOUR_ZONE,10,0.67,5,5,6,6.0,5.5,0.19,0.5,10,2,5760.0,"[0.8592549273600911, 0.6058380411445193, 0.4316697215292379, 0.32461244914431125, 0.29898418014229616, 0.3853292566116986, 0.6184818884427356, 0.9112753545916268, 1.124060711596949, 1.0918553682168552, 1.0519012231472415, 1.0604058710082023, 1.1010962834034748, 1.1484706050156464, 1.2414843039249468, 1.286522046207647, 1.3072562312959182, 1.4024657757114494, 1.4690763553789117, 1.4352382086312834, 1.3078676789813133, 1.2336627867197074, 1.2117583717879756, 1.0914323600059634]",40,True,81,0.1,0.2875692553858525,,1,0.07071067811865475,7.778174593052023
20260927T095930443635Z_577f21e5,FOUR_ZONE,10,0.67,5,5,6,6.0,5.5,0.19,0.5,10,2,5760.0,"[0.8592549273600911, 0.6058380411445193, 0.4316697215292379, 0.32461244914431125, 0.29898418014229616, 0.3853292566116986, 0.6184818884427356, 0.9112753545916268, 1.124060711596949, 1.0918553682168552, 1.0519012231472415, 1.0604058710082023, 1.1010962834034748, 1.1484706050156464, 1.2414843039249468, 1.286522046207647, 1.3072562312959182, 1.4024657757114494, 1.4690763553789117, 1.4352382086312834, 1.3078676789813133, 1.2336627867197074, 1.2117583717879756, 1.0914323600059634]",40,True,81,0.2,0.3913472061313704,,1,0.1414213562373095,7.778174593052023
20260927T095930443635Z_577f21e5,FOUR_ZONE,10,0.67,5,5,6,6.0,5.5,0.19,0.5,10,2,5760.0,"[0.8592549273600911, 0.6058380411445193, 0.4316697215292379, 0.32461244914431125, 0.29898418014229616, 0.3853292566116986, 0.6184818884427356, 0.9112753545916268, 1.124060711596949, 1.0918553682168552, 1.0519012231472415, 1.0604058710082023, 1.1010962834034748, 1.1484706050156464, 1.2414843039249468, 1.286522046207647, 1.3072562312959182, 1.4024657757114494, 1.4690763553789117, 1.4352382086312834, 1.3078676789813133, 1.2336627867197074, 1.2117583717879756, 1.0914323600059634]",40,True,81,0.2442732516826255,0.37953759473755055,,1,0.17272727272727273,7.778174593052023
20260927T095930443635Z_577f21e5,FOUR_ZONE,10,0.83,5,5,6,5.5,5.5,0.19,0.5,10,2,5760.0,"[0.8592549273600911, 0.6058380411445193, 0.4316697215292379, 0.32461244914431125, 0.29898418014229616, 0.3853292566116986, 0.6184818884427356, 0.9112753545916268, 1.124060711596949, 1.0918553682168552, 1.0519012231472415, 1.0604058710082023, 1.1010962834034748, 1.1484706050156464, 1.2414843039249468, 1.286522046207647, 1.3072562312959182, 1.4024657757114494, 1.4690763553789117, 1.4352382086312834, 1.3078676789813133, 1.2336627867197074, 1.2117583717879756, 1.0914323600059634]",40,True,81,0.1,0.3271933470390335,,1,0.07071067811865475,7.778174593052023
20260927T095930443635Z_577f21e5,FOUR_ZONE,10,0.83,5,5,6,5.5,5.5,0.19,0.5,10,2,5760.0,"[0.8592549273600911, 0.6058380411445193, 0.4316697215292379, 0.32461244914431125, 0.29898418014229616, 0.3853292566116986, 0.6184818884427356, 0.9112753545916268, 1.124060711596949, 1.0918553682168552, 1.0519012231472415, 1.0604058710082023, 1.1010962834034748, 1.1484706050156464, 1.2414843039249468, 1.286522046207647, 1.3072562312959182, 1.4024657757114494, 1.4690763553789117, 1.4352382086312834, 1.3078676789813133, 1.2336627867197074, 1.2117583717879756, 1.0914323600059634]",40,True,81,0.2,0.43191328869201956,,1,0.1414213562373095,7.778174593052023
20260927T095930443635Z_577f21e5,FOUR_ZONE,10,0.83,5,5,6,5.5,5.5,0.19,0.5,10,2,5760.0,"[0.8592549273600911, 0.6058380411445193, 0.4316697215292379, 0.32461244914431125, 0.29898418014229616, 0.3853292566116986, 0.6184818884427356, 0.9112753545916268, 1.124060711596949, 1.0918553682168552, 1.0519012231472415, 1.0604058710082023, 1.1010962834034748, 1.1484706050156464, 1.2414843039249468, 1.286522046207647, 1.3072562312959182, 1.4024657757114494, 1.4690763553789117, 1.4352382086312834, 1.3078676789813133, 1.2336627867197074, 1.2117583717879756, 1.0914323600059634]",40,True,81,0.2442732516826255,0.43191328869201956,,1,0.17272727272727273,7.778174593052023
20260927T095930443635Z_577f21e5,FOUR_ZONE,10,0.83,5,5,6,6.0,5.5,0.19,0.5,10,2,5760.0,"[0.8592549273600911, 0.6058380411445193, 0.4316697215292379, 0.32461244914431125, 0.29898418014229616, 0.3853292566116986, 0.6184818884427356, 0.9112753545916268, 1.124060711596949, 1.0918553682168552, 1.0519012231472415, 1.0604058710082023, 1.1010962834034748, 1.1484706050156464, 1.2414843039249468, 1.286522046207647, 1.3072562312959182, 1.4024657757114494, 1.4690763553789117, 1.4352382086312834, 1.3078676789813133, 1.2336627867197074, 1.2117583717879756, 1.0914323600059634]",40,True,81,0.1,0.32963691382553795,,1,0.07071067811865475,7.778174593052023
20260927T095930443635Z_577f21e5,FOUR_ZONE,10,0.83,5,5,6,6.0,5.5,0.19,0.5,10,2,5760.0,"[0.8592549273600911, 0.6058380411445193, 0.4316697215292379, 0.32461244914431125, 0.29898418014229616, 0.3853292566116986, 0.6184818884427356, 0.9112753545916268, 1.124060711596949, 1.0918553682168552, 1.0519012231472415, 1.0604058710082023, 1.1010962834034748, 1.1484706050156464, 1.2414843039249468, 1.286522046207647, 1.3072562312959182, 1.4024657757114494, 1.4690763553789117, 1.4352382086312834, 1.3078676789813133, 1.2336627867197074, 1.2117583717879756, 1.0914323600059634]",40,True,81,0.2,0.4467625056781238,,1,0.1414213562373095,7.778174593052023
20260927T095930443635Z_577f21e5,FOUR_ZONE,10,0.83,5,5,6,6.0,5.5,0.19,0.5,10,2,5760.0,"[0.8592549273600911, 0.6058380411445193, 0.4316697215292379, 0.32461244914431125, 0.29898418014229616, 0.3853292566116986, 0.6184818884427356, 0.9112753545916268, 1.124060711596949, 1.0918553682168552, 1.0519012231472415, 1.0604058710082023, 1.1010962834034748, 1.1484706050156464, 1.2414843039249468, 1.286522046207647, 1.3072562312959182, 1.4024657757114494, 1.4690763553789117, 1.4352382086312834, 1.3078676789813133, 1.2336627867197074, 1.2117583717879756, 1.0914323600059634]",40,True,81,0.2442732516826255,0.4467625056781238,,1,0.17272727272727273,7.778174593052023
20260927T095930443635Z_577f21e5,FOUR_ZONE,10,1.0,5,5,6,5.5,5.5,0.19,0.5,10,2,5760.0,"[0.8592549273600911, 0.6058380411445193, 0.4316697215292379, 0.32461244914431125, 0.29898418014229616, 0.3853292566116986, 0.6184818884427356, 0.9112753545916268, 1.124060711596949, 1.0918553682168552, 1.0519012231472415, 1.0604058710082023, 1.1010962834034748, 1.1484706050156464, 1.2414843039249468, 1.286522046207647, 1.3072562312959182, 1.4024657757114494, 1.4690763553789117, 1.4352382086312834, 1.3078676789813133, 1.2336627867197074, 1.2117583717879756, 1.0914323600059634]",40,True,81,0.1,0.3371565750866898,,1,0.07071067811865475,7.778174593052023
20260927T095930443635Z_577f21e5,FOUR_ZONE,10,1.0,5,5,6,5.5,5.5,0.19,0.5,10,2,5760.0,"[0.8592549273600911, 0.6058380411445193, 0.4316697215292379, 0.32461244914431125, 0.29898418014229616, 0.3853292566116986, 0.6184818884427356, 0.9112753545916268, 1.124060711596949, 1.0918553682168552, 1.0519012231472415, 1.0604058710082023, 1.1010962834034748, 1.1484706050156464, 1.2414843039249468, 1.286522046207647, 1.3072562312959182, 1.4024657757114494, 1.4690763553789117, 1.4352382086312834, 1.3078676789813133, 1.2336627867197074, 1.2117583717879756, 1.0914323600059634]",40,True,81,0.2,0.35607978043257726,,1,0.1414213562373095,7.778174593052023
20260927T095930443635Z_577f21e5,FOUR_ZONE,10,1.0,5,5,6,5.5,5.5,0.19,0.5,10,2,5760.0,"[0.8592549273600911, 0.6058380411445193, 0.4316697215292379, 0.32461244914431125, 0.29898418014229616, 0.3853292566116986, 0.6184818884427356, 0.9112753545916268, 1.124060711596949, 1.0918553682168552, 1.0519012231472415, 1.0604058710082023, 1.1010962834034748, 1.1484706050156464, 1.2414843039249468, 1.286522046207647, 1.3072562312959182, 1.4024657757114494, 1.4690763553789117, 1.4352382086312834, 1.3078676789813133, 1.2336627867197074, 1.2117583717879756, 1.0914323600059634]",40,True,81,0.2442732516826255,0.35607978043257726,,1,0.17272727272727273,7.778174593052023
20260927T095930443635Z_577f21e5,FOUR_ZONE,10,1.0,5,5,6,6.0,5.5,0.19,0.5,10,2,5760.0,"[0.8592549273600911, 0.6058380411445193, 0.4316697215292379, 0.32461244914431125, 0.29898418014229616, 0.3853292566116986, 0.6184818884427356, 0.9112753545916268, 1.124060711596949, 1.0918553682168552, 1.0519012231472415, 1.0604058710082023, 1.1010962834034748, 1.1484706050156464, 1.2414843039249468, 1.286522046207647, 1.3072562312959182, 1.4024657757114494, 1.4690763553789117, 1.4352382086312834, 1.3078676789813133, 1.2336627867197074, 1.2117583717879756, 1.0914323600059634]",40,True,81,0.1,0.3371565750866898,,1,0.07071067811865475,7.778174593052023
20260927T095930443635Z_577f21e5,FOUR_ZONE,10,1.0,5,5,6,6.0,5.5,0.19,0.5,10,2,5760.0,"[0.8592549273600911, 0.6058380411445193, 0.4316697215292379, 0.32461244914431125, 0.29898418014229616, 0.3853292566116986, 0.6184818884427356, 0.9112753545916268, 1.124060711596949, 1.0918553682168552, 1.0519012231472415, 1.0604058710082023, 1.1010962834034748, 1.1484706050156464, 1.2414843039249468, 1.286522046207647, 1.3072562312959182, 1.4024657757114494, 1.4690763553789117, 1.4352382086312834, 1.3078676789813133, 1.2336627867197074, 1.2117583717879756, 1.0914323600059634]",40,True,81,0.2,0.3587276579121266,,1,0.1414213562373095,7.778174593052023
20260927T095930443635Z_577f21e5,FOUR_ZONE,10,1.0,5,5,6,6.0,5.5,0.19,0.5,10,2,5760.0,"[0.8592549273600911, 0.6058380411445193, 0.4316697215292379, 0.32461244914431125, 0.29898418014229616, 0.3853292566116986, 0.6184818884427356, 0.9112753545916268, 1.124060711596949, 1.0918553682168552, 1.0519012231472415, 1.0604058710082023, 1.1010962834034748, 1.1484706050156464, 1.2414843039249468, 1.286522046207647, 1.3072562312959182, 1.4024657757114494, 1.4690763553789117, 1.4352382086312834, 1.3078676789813133, 1.2336627867197074, 1.2117583717879756, 1.0914323600059634]",40,True,81,0.2442732516826255,0.3587276579121266,,1,0.17272727272727273,7.778174593052023
20260927T095930443635Z_577f21e5,FOUR_ZONE,20,0.33,5,5,6,5.5,5.5,0.19,0.5,10,2,5760.0,"[0.8592549273600911, 0.6058380411445193, 0.4316697215292379, 0.32461244914431125, 0.29898418014229616, 0.3853292566116986, 0.6184818884427356, 0.9112753545916268, 1.124060711596949, 1.0918553682168552, 1.0519012231472415, 1.0604058710082023, 1.1010962834034748, 1.1484706050156464, 1.2414843039249468, 1.286522046207647, 1.3072562312959182, 1.4024657757114494, 1.4690763553789117, 1.4352382086312834, 1.3078676789813133, 1.2336627867197074, 1.2117583717879756, 1.0914323600059634]",40,True,81,0.1,0.26039181176592013,,1,0.07071067811865475,7.778174593052023
20260927T095930443635Z_577f21e5,FOUR_ZONE,20,0.33,5,5,6,5.5,5.5,0.19,0.5,10,2,5760.0,"[0.8592549273600911, 0.6058380411445193, 0.4316697215292379, 0.32461244914431125, 0.29898418014229616, 0.3853292566116986, 0.6184818884427356, 0.9112753545916268, 1.124060711596949, 1.0918553682168552, 1.0519012231472415, 1.0604058710082023, 1.1010962834034748, 1.1484706050156464, 1.2414843039249468, 1.286522046207647, 1.3072562312959182, 1.4024657757114494, 1.4690763553789117, 1.4352382086312834, 1.3078676789813133, 1.2336627867197074, 1.2117583717879756, 1.0914323600059634]",40,True,81,0.2,0.37235806887970774,,1,0.1414213562373095,7.778174593052023
20260927T095930443635Z_577f21e5,FOUR_ZONE,20,0.33,5,5,6,5.5,5.5,0.19,0.5,10,2,5760.0,"[0.8592549273600911, 0.6058380411445193, 0.4316697215292379, 0.32461244914431125, 0.29898418014229616, 0.3853292566116986, 0.6184818884427356, 0.9112753545916268, 1.124060711596949, 1.0918553682168552, 1.0519012231472415, 1.0604058710082023, 1.1010962834034748, 1.1484706050156464, 1.2414843039249468, 1.286522046207647, 1.3072562312959182, 1.4024657757114494, 1.4690763553789117, 1.4352382086312834, 1.3078676789813133, 1.2336627867197074, 1.2117583717879756, 1.0914323600059634]",40,True,81,0.2442732516826255,0.4219571210335994,,1,0.17272727272727273,7.778174593052023
20260927T095930443635Z_577f21e5,FOUR_ZONE,20,0.33,5,5,6,6.0,5.5,0.19,0.5,10,2,5760.0,"[0.8592549273600911, 0.6058380411445193, 0.4316697215292379, 0.32461244914431125, 0.29898418014229616, 0.3853292566116986, 0.6184818884427356, 0.9112753545916268, 1.124060711596949, 1.0918553682168552, 1.0519012231472415, 1.0604058710082023, 1.1010962834034748, 1.1484706050156464, 1.2414843039249468, 1.286522046207647, 1.3072562312959182, 1.4024657757114494, 1.4690763553789117, 1.4352382086312834, 1.3078676789813133, 1.2336627867197074, 1.2117583717879756, 1.0914323600059634]",40,True,81,0.1,0.26739456617164287,,1,0.07071067811865475,7.778174593052023
20260927T095930443635Z_577f21e5,FOUR_ZONE,20,0.33,5,5,6,6.0,5.5,0.19,0.5,10,2,5760.0,"[0.8592549273600911, 0.6058380411445193, 0.4316697215292379, 0.32461244914431125, 0.29898418014229616, 0.3853292566116986, 0.6184818884427356, 0.9112753545916268, 1.124060711596949, 1.0918553682168552, 1.0519012231472415, 1.0604058710082023, 1.1010962834034748, 1.1484706050156464, 1.2414843039249468, 1.286522046207647, 1.3072562312959182, 1.4024657757114494, 1.4690763553789117, 1.4352382086312834, 1.3078676789813133, 1.2336627867197074, 1.2117583717879756, 1.0914323600059634]",40,True,81,0.2,0.3914780098070172,,1,0.1414213562373095,7.778174593052023
20260927T095930443635Z_577f21e5,FOUR_ZONE,20,0.33,5,5,6,6.0,5.5,0.19,0.5,10,2,5760.0,"[0.8592549273600911, 0.6058380411445193, 0.4316697215292379, 0.32461244914431125, 0.29898418014229616, 0.3853292566116986, 0.6184818884427356, 0.9112753545916268, 1.124060711596949, 1.0918553682168552, 1.0519012231472415, 1.0604058710082023, 1.1010962834034748, 1.1484706050156464, 1.2414843039249468, 1.286522046207647, 1.3072562312959182, 1.4024657757114494, 1.4690763553789117, 1.4352382086312834, 1.3078676789813133, 1.2336627867197074, 1.2117583717879756, 1.0914323600059634]",40,True,81,0.2442732516826255,0.4460878233978714,,1,0.17272727272727273,7.778174593052023
20260927T095930443635Z_577f21e5,FOUR_ZONE,20,0.5,5,5,6,5.5,5.5,0.19,0.5,10,2,5760.0,"[0.8592549273600911, 0.6058380411445193, 0.4316697215292379, 0.32461244914431125, 0.29898418014229616, 0.3853292566116986, 0.6184818884427356, 0.9112753545916268, 1.124060711596949, 1.0918553682168552, 1.0519012231472415, 1.0604058710082023, 1.1010962834034748, 1.1484706050156464, 1.2414843039249468, 1.286522046207647, 1.3072562312959182, 1.4024657757114494, 1.4690763553789117, 1.4352382086312834, 1.3078676789813133, 1.2336627867197074, 1.2117583717879756, 1.0914323600059634]",40,True,81,0.1,0.3272270743728529,,1,0.07071067811865475,7.778174593052023
20260927T095930443635Z_577f21e5,FOUR_ZONE,20,0.5,5,5,6,5.5,5.5,0.19,0.5,10,2,5760.0,"[0.8592549273600911, 0.6058380411445193, 0.4316697215292379, 0.32461244914431125, 0.29898418014229616, 0.3853292566116986, 0.6184818884427356, 0.9112753545916268, 1.124060711596949, 1.0918553682168552, 1.0519012231472415, 1.0604058710082023, 1.1010962834034748, 1.1484706050156464, 1.2414843039249468, 1.286522046207647, 1.3072562312959182, 1.4024657757114494, 1.4690763553789117, 1.4352382086312834, 1.3078676789813133, 1.2336627867197074, 1.2117583717879756, 1.0914323600059634]",40,True,81,0.2,0.38506986192775233,,1,0.1414213562373095,7.778174593052023
20260927T095930443635Z_577f21e5,FOUR_ZONE,20,0.5,5,5,6,5.5,5.5,0.19,0.5,10,2,5760.0,"[0.8592549273600911, 0.6058380411445193, 0.4316697215292379, 0.32461244914431125, 0.29898418014229616, 0.3853292566116986, 0.6184818884427356, 0.9112753545916268, 1.124060711596949, 1.0918553682168552, 1.0519012231472415, 1.0604058710082023, 1.1010962834034748, 1.1484706050156464, 1.2414843039249468, 1.286522046207647, 1.3072562312959182, 1.4024657757114494, 1.4690763553789117, 1.4352382086312834, 1.3078676789813133, 1.2336627867197074, 1.2117583717879756, 1.0914323600059634]",40,True,81,0.2442732516826255,0.3711970502965,,1,0.17272727272727273,7.778174593052023
20260927T095930443635Z_577f21e5,FOUR_ZONE,20,0.5,5,5,6,6.0,5.5,0.19,0.5,10,2,5760.0,"[0.8592549273600911, 0.6058380411445193, 0.4316697215292379, 0.32461244914431125, 0.29898418014229616, 0.3853292566116986, 0.6184818884427356, 0.9112753545916268, 1.124060711596949, 1.0918553682168552, 1.0519012231472415, 1.0604058710082023, 1.1010962834034748, 1.1484706050156464, 1.2414843039249468, 1.286522046207647, 1.3072562312959182, 1.4024657757114494, 1.4690763553789117, 1.4352382086312834, 1.3078676789813133, 1.2336627867197074, 1.2117583717879756, 1.0914323600059634]",40,True,81,0.1,0.33621421435200577,,1,0.07071067811865475,7.778174593052023
20260927T095930443635Z_577f21e5,FOUR_ZONE,20,0.5,5,5,6,6.0,5.5,0.19,0.5,10,2,5760.0,"[0.8592549273600911, 0.6058380411445193, 0.4316697215292379, 0.32461244914431125, 0.29898418014229616, 0.3853292566116986, 0.6184818884427356, 0.9112753545916268, 1.124060711596949, 1.0918553682168552, 1.0519012231472415, 1.0604058710082023, 1.1010962834034748, 1.1484706050156464, 1.2414843039249468, 1.286522046207647, 1.3072562312959182, 1.4024657757114494, 1.4690763553789117, 1.4352382086312834, 1.3078676789813133, 1.2336627867197074, 1.2117583717879756, 1.0914323600059634]",40,True,81,0.2,0.4015081316714736,,1,0.1414213562373095,7.778174593052023
20260927T095930443635Z_577f21e5,FOUR_ZONE,20,0.5,5,5,6,6.0,5.5,0.19,0.5,10,2,5760.0,"[0.8592549273600911, 0.6058380411445193, 0.4316697215292379, 0.32461244914431125, 0.29898418014229616, 0.3853292566116986, 0.6184818884427356, 0.9112753545916268, 1.124060711596949, 1.0918553682168552, 1.0519012231472415, 1.0604058710082023, 1.1010962834034748, 1.1484706050156464, 1.2414843039249468, 1.286522046207647, 1.3072562312959182, 1.4024657757114494, 1.4690763553789117, 1.4352382086312834, 1.3078676789813133, 1.2336627867197074, 1.2117583717879756, 1.0914323600059634]",40,True,81,0.2442732516826255,0.3856966017422748,,1,0.17272727272727273,7.778174593052023
20260927T095930443635Z_577f21e5,FOUR_ZONE,20,0.67,5,5,6,5.5,5.5,0.19,0.5,10,2,5760.0,"[0.8592549273600911, 0.6058380411445193, 0.4316697215292379, 0.32461244914431125, 0.29898418014229616, 0.3853292566116986, 0.6184818884427356, 0.9112753545916268, 1.124060711596949, 1.0918553682168552, 1.0519012231472415, 1.0604058710082023, 1.1010962834034748, 1.1484706050156464, 1.2414843039249468, 1.286522046207647, 1.3072562312959182, 1.4024657757114494, 1.4690763553789117, 1.4352382086312834, 1.3078676789813133, 1.2336627867197074, 1.2117583717879756, 1.0914323600059634]",40,True,81,0.1,0.3265142793166623,,1,0.07071067811865475,7.778174593052023
20260927T095930443635Z_577f21e5,FOUR_ZONE,20,0.67,5,5,6,5.5,5.5,0.19,0.5,10,2,5760.0,"[0.8592549273600911, 0.6058380411445193, 0.4316697215292379, 0.32461244914431125, 0.29898418014229616, 0.3853292566116986, 0.6184818884427356, 0.9112753545916268, 1.124060711596949, 1.0918553682168552, 1.0519012231472415, 1.0604058710082023, 1.1010962834034748, 1.1484706050156464, 1.2414843039249468, 1.286522046207647, 1.3072562312959182, 1.4024657757114494, 1.4690763553789117, 1.4352382086312834, 1.3078676789813133, 1.2336627867197074, 1.2117583717879756, 1.0914323600059634]",40,True,81,0.2,0.35107899892182665,,1,0.1414213562373095,7.778174593052023
20260927T095930443635Z_577f21e5,FOUR_ZONE,20,0.67,5,5,6,5.5,5.5,0.19,0.5,10,2,5760.0,"[0.8592549273600911, 0.6058380411445193, 0.4316697215292379, 0.32461244914431125, 0.29898418014229616, 0.3853292566116986, 0.6184818884427356, 0.9112753545916268, 1.124060711596949, 1.0918553682168552, 1.0519012231472415, 1.0604058710082023, 1.1010962834034748, 1.1484706050156464, 1.2414843039249468, 1.286522046207647, 1.3072562312959182, 1.4024657757114494, 1.4690763553789117, 1.4352382086312834, 1.3078676789813133, 1.2336627867197074, 1.2117583717879756, 1.0914323600059634]",40,True,81,0.2442732516826255,0.35107899892182665,,1,0.17272727272727273,7.778174593052023
20260927T095930443635Z_577f21e5,FOUR_ZONE,20,0.67,5,5,6,6.0,5.5,0.19,0.5,10,2,5760.0,"[0.8592549273600911, 0.6058380411445193, 0.4316697215292379, 0.32461244914431125, 0.29898418014229616, 0.3853292566116986, 0.6184818884427356, 0.9112753545916268, 1.124060711596949, 1.0918553682168552, 1.0519012231472415, 1.0604058710082023, 1.1010962834034748, 1.1484706050156464, 1.2414843039249468, 1.286522046207647, 1.3072562312959182, 1.4024657757114494, 1.4690763553789117, 1.4352382086312834, 1.3078676789813133, 1.2336627867197074, 1.2117583717879756, 1.0914323600059634]",40,True,81,0.1,0.3330096357343308,,1,0.07071067811865475,7.778174593052023
20260927T095930443635Z_577f21e5,FOUR_ZONE,20,0.67,5,5,6,6.0,5.5,0.19,0.5,10,2,5760.0,"[0.8592549273600911, 0.6058380411445193, 0.4316697215292379, 0.32461244914431125, 0.29898418014229616, 0.3853292566116986, 0.6184818884427356, 0.9112753545916268, 1.124060711596949, 1.0918553682168552, 1.0519012231472415, 1.0604058710082023, 1.1010962834034748, 1.1484706050156464, 1.2414843039249468, 1.286522046207647, 1.3072562312959182, 1.4024657757114494, 1.4690763553789117, 1.4352382086312834, 1.3078676789813133, 1.2336627867197074, 1.2117583717879756, 1.0914323600059634]",40,True,81,0.2,0.36111166560341457,,1,0.1414213562373095,7.778174593052023
20260927T095930443635Z_577f21e5,FOUR_ZONE,20,0.67,5,5,6,6.0,5.5,0.19,0.5,10,2,5760.0,"[0.8592549273600911, 0.6058380411445193, 0.4316697215292379, 0.32461244914431125, 0.29898418014229616, 0.3853292566116986, 0.6184818884427356, 0.9112753545916268, 1.124060711596949, 1.0918553682168552, 1.0519012231472415, 1.0604058710082023, 1.1010962834034748, 1.1484706050156464, 1.2414843039249468, 1.286522046207647, 1.3072562312959182, 1.4024657757114494, 1.4690763553789117, 1.4352382086312834, 1.3078676789813133, 1.2336627867197074, 1.2117583717879756, 1.0914323600059634]",40,True,81,0.2442732516826255,0.36111166560341457,,1,0.17272727272727273,7.778174593052023
20260927T095930443635Z_577f21e5,FOUR_ZONE,20,0.83,5,5,6,5.5,5.5,0.19,0.5,10,2,5760.0,"[0.8592549273600911, 0.6058380411445193, 0.4316697215292379, 0.32461244914431125, 0.29898418014229616, 0.3853292566116986, 0.6184818884427356, 0.9112753545916268, 1.124060711596949, 1.0918553682168552, 1.0519012231472415, 1.0604058710082023, 1.1010962834034748, 1.1484706050156464, 1.2414843039249468, 1.286522046207647, 1.3072562312959182, 1.4024657757114494, 1.4690763553789117, 1.4352382086312834, 1.3078676789813133, 1.2336627867197074, 1.2117583717879756, 1.0914323600059634]",40,True,81,0.1,0.3622402143412074,,1,0.07071067811865475,7.778174593052023
20260927T095930443635Z_577f21e5,FOUR_ZONE,20,0.83,5,5,6,5.5,5.5,0.19,0.5,10,2,5760.0,"[0.8592549273600911, 0.6058380411445193, 0.4316697215292379, 0.32461244914431125, 0.29898418014229616, 0.3853292566116986, 0.6184818884427356, 0.9112753545916268, 1.124060711596949, 1.0918553682168552, 1.0519012231472415, 1.0604058710082023, 1.1010962834034748, 1.1484706050156464, 1.2414843039249468, 1.286522046207647, 1.3072562312959182, 1.4024657757114494, 1.4690763553789117, 1.4352382086312834, 1.3078676789813133, 1.2336627867197074, 1.2117583717879756, 1.0914323600059634]",40,True,81,0.2,0.4030724500200588,,1,0.1414213562373095,7.778174593052023
20260927T095930443635Z_577f21e5,FOUR_ZONE,20,0.83,5,5,6,5.5,5.5,0.19,0.5,10,2,5760.0,"[0.8592549273600911, 0.6058380411445193, 0.4316697215292379, 0.32461244914431125, 0.29898418014229616, 0.3853292566116986, 0.6184818884427356, 0.9112753545916268, 1.124060711596949, 1.0918553682168552, 1.0519012231472415, 1.0604058710082023, 1.1010962834034748, 1.1484706050156464, 1.2414843039249468, 1.286522046207647, 1.3072562312959182, 1.4024657757114494, 1.4690763553789117, 1.4352382086312834, 1.3078676789813133, 1.2336627867197074, 1.2117583717879756, 1.0914323600059634]",40,True,81,0.2442732516826255,0.44704431750110746,,1,0.17272727272727273,7.778174593052023
20260927T095930443635Z_577f21e5,FOUR_ZONE,20,0.83,5,5,6,6.0,5.5,0.19,0.5,10,2,5760.0,"[0.8592549273600911, 0.6058380411445193, 0.4316697215292379, 0.32461244914431125, 0.29898418014229616, 0.3853292566116986, 0.6184818884427356, 0.9112753545916268, 1.124060711596949, 1.0918553682168552, 1.0519012231472415, 1.0604058710082023, 1.1010962834034748, 1.1484706050156464, 1.2414843039249468, 1.286522046207647, 1.3072562312959182, 1.4024657757114494, 1.4690763553789117, 1.4352382086312834, 1.3078676789813133, 1.2336627867197074, 1.2117583717879756, 1.0914323600059634]",40,True,81,0.1,0.3685685583547027,,1,0.07071067811865475,7.778174593052023
20260927T095930443635Z_577f21e5,FOUR_ZONE,20,0.83,5,5,6,6.0,5.5,0.19,0.5,10,2,5760.0,"[0.8592549273600911, 0.6058380411445193, 0.4316697215292379, 0.32461244914431125, 0.29898418014229616, 0.3853292566116986, 0.6184818884427356, 0.9112753545916268, 1.124060711596949, 1.0918553682168552, 1.0519012231472415, 1.0604058710082023, 1.1010962834034748, 1.1484706050156464, 1.2414843039249468, 1.286522046207647, 1.3072562312959182, 1.4024657757114494, 1.4690763553789117, 1.4352382086312834, 1.3078676789813133, 1.2336627867197074, 1.2117583717879756, 1.0914323600059634]",40,True,81,0.2,0.4141374349785412,,1,0.1414213562373095,7.778174593052023
20260927T095930443635Z_577f21e5,FOUR_ZONE,20,0.83,5,5,6,6.0,5.5,0.19,0.5,10,2,5760.0,"[0.8592549273600911, 0.6058380411445193, 0.4316697215292379, 0.32461244914431125, 0.29898418014229616, 0.3853292566116986, 0.6184818884427356, 0.9112753545916268, 1.124060711596949, 1.0918553682168552, 1.0519012231472415, 1.0604058710082023, 1.1010962834034748, 1.1484706050156464, 1.2414843039249468, 1.286522046207647, 1.3072562312959182, 1.4024657757114494, 1.4690763553789117, 1.4352382086312834, 1.3078676789813133, 1.2336627867197074, 1.2117583717879756, 1.0914323600059634]",40,True,81,0.2442732516826255,0.4630363228394813,,1,0.17272727272727273,7.778174593052023
20260927T095930443635Z_577f21e5,FOUR_ZONE,20,1.0,5,5,6,5.5,5.5,0.19,0.5,10,2,5760.0,"[0.8592549273600911, 0.6058380411445193, 0.4316697215292379, 0.32461244914431125, 0.29898418014229616, 0.3853292566116986, 0.6184818884427356, 0.9112753545916268, 1.124060711596949, 1.0918553682168552, 1.0519012231472415, 1.0604058710082023, 1.1010962834034748, 1.1484706050156464, 1.2414843039249468, 1.286522046207647, 1.3072562312959182, 1.4024657757114494, 1.4690763553789117, 1.4352382086312834, 1.3078676789813133, 1.2336627867197074, 1.2117583717879756, 1.0914323600059634]",40,True,81,0.1,0.38745138309638155,,1,0.07071067811865475,7.778174593052023
20260927T095930443635Z_577f21e5,FOUR_ZONE,20,1.0,5,5,6,5.5,5.5,0.19,0.5,10,2,5760.0,"[0.8592549273600911, 0.6058380411445193, 0.4316697215292379, 0.32461244914431125, 0.29898418014229616, 0.3853292566116986, 0.6184818884427356, 0.9112753545916268, 1.124060711596949, 1.0918553682168552, 1.0519012231472415, 1.0604058710082023, 1.1010962834034748, 1.1484706050156464, 1.2414843039249468, 1.286522046207647, 1.3072562312959182, 1.4024657757114494, 1.4690763553789117, 1.4352382086312834, 1.3078676789813133, 1.2336627867197074, 1.2117583717879756, 1.0914323600059634]",40,True,81,0.2,0.39330385840705784,,1,0.1414213562373095,7.778174593052023
20260927T095930443635Z_577f21e5,FOUR_ZONE,20,1.0,5,5,6,5.5,5.5,0.19,0.5,10,2,5760.0,"[0.8592549273600911, 0.6058380411445193, 0.4316697215292379, 0.32461244914431125, 0.29898418014229616, 0.3853292566116986, 0.6184818884427356, 0.9112753545916268, 1.124060711596949, 1.0918553682168552, 1.0519012231472415, 1.0604058710082023, 1.1010962834034748, 1.1484706050156464, 1.2414843039249468, 1.286522046207647, 1.3072562312959182, 1.4024657757114494, 1.4690763553789117, 1.4352382086312834, 1.3078676789813133, 1.2336627867197074, 1.2117583717879756, 1.0914323600059634]",40,True,81,0.2442732516826255,0.43930793598613777,,1,0.17272727272727273,7.778174593052023
20260927T095930443635Z_577f21e5,FOUR_ZONE,20,1.0,5,5,6,6.0,5.5,0.19,0.5,10,2,5760.0,"[0.8592549273600911, 0.6058380411445193, 0.4316697215292379, 0.32461244914431125, 0.29898418014229616, 0.3853292566116986, 0.6184818884427356, 0.9112753545916268, 1.124060711596949, 1.0918553682168552, 1.0519012231472415, 1.0604058710082023, 1.1010962834034748, 1.1484706050156464, 1.2414843039249468, 1.286522046207647, 1.3072562312959182, 1.4024657757114494, 1.4690763553789117, 1.4352382086312834, 1.3078676789813133, 1.2336627867197074, 1.2117583717879756, 1.0914323600059634]",40,True,81,0.1,0.3932179380337173,,1,0.07071067811865475,7.778174593052023
20260927T095930443635Z_577f21e5,FOUR_ZONE,20,1.0,5,5,6,6.0,5.5,0.19,0.5,10,2,5760.0,"[0.8592549273600911, 0.6058380411445193, 0.4316697215292379, 0.32461244914431125, 0.29898418014229616, 0.3853292566116986, 0.6184818884427356, 0.9112753545916268, 1.124060711596949, 1.0918553682168552, 1.0519012231472415, 1.0604058710082023, 1.1010962834034748, 1.1484706050156464, 1.2414843039249468, 1.286522046207647, 1.3072562312959182, 1.4024657757114494, 1.4690763553789117, 1.4352382086312834, 1.3078676789813133, 1.2336627867197074, 1.2117583717879756, 1.0914323600059634]",40,True,81,0.2,0.4000779295027782,,1,0.1414213562373095,7.778174593052023
20260927T095930443635Z_577f21e5,FOUR_ZONE,20,1.0,5,5,6,6.0,5.5,0.19,0.5,10,2,5760.0,"[0.8592549273600911, 0.6058380411445193, 0.4316697215292379, 0.32461244914431125, 0.29898418014229616, 0.3853292566116986, 0.6184818884427356, 0.9112753545916268, 1.124060711596949, 1.0918553682168552, 1.0519012231472415, 1.0604058710082023, 1.1010962834034748, 1.1484706050156464, 1.2414843039249468, 1.286522046207647, 1.3072562312959182, 1.4024657757114494, 1.4690763553789117, 1.4352382086312834, 1.3078676789813133, 1.2336627867197074, 1.2117583717879756, 1.0914323600059634]",40,True,81,0.2442732516826255,0.45124582658734236,,1,0.17272727272727273,7.778174593052023
20260927T095930443635Z_577f21e5,FOUR_ZONE,30,0.33,5,5,6,5.5,5.5,0.19,0.5,10,2,5760.0,"[0.8592549273600911, 0.6058380411445193, 0.4316697215292379, 0.32461244914431125, 0.29898418014229616, 0.3853292566116986, 0.6184818884427356, 0.9112753545916268, 1.124060711596949, 1.0918553682168552, 1.0519012231472415, 1.0604058710082023, 1.1010962834034748, 1.1484706050156464, 1.2414843039249468, 1.286522046207647, 1.3072562312959182, 1.4024657757114494, 1.4690763553789117, 1.4352382086312834, 1.3078676789813133, 1.2336627867197074, 1.2117583717879756, 1.0914323600059634]",40,True,81,0.1,0.29892416748658246,,1,0.07071067811865475,7.778174593052023
20260927T095930443635Z_577f21e5,FOUR_ZONE,30,0.33,5,5,6,5.5,5.5,0.19,0.5,10,2,5760.0,"[0.8592549273600911, 0.6058380411445193, 0.4316697215292379, 0.32461244914431125, 0.29898418014229616, 0.3853292566116986, 0.6184818884427356, 0.9112753545916268, 1.124060711596949, 1.0918553682168552, 1.0519012231472415, 1.0604058710082023, 1.1010962834034748, 1.1484706050156464, 1.2414843039249468, 1.286522046207647, 1.3072562312959182, 1.4024657757114494, 1.4690763553789117, 1.4352382086312834, 1.3078676789813133, 1.2336627867197074, 1.2117583717879756, 1.0914323600059634]",40,True,81,0.2,0.42668101709213613,,1,0.1414213562373095,7.778174593052023
20260927T095930443635Z_577f21e5,FOUR_ZONE,30,0.33,5,5,6,5.5,5.5,0.19,0.5,10,2,5760.0,"[0.8592549273600911, 0.6058380411445193, 0.4316697215292379, 0.32461244914431125, 0.29898418014229616, 0.3853292566116986, 0.6184818884427356, 0.9112753545916268, 1.124060711596949, 1.0918553682168552, 1.0519012231472415, 1.0604058710082023, 1.1010962834034748, 1.1484706050156464, 1.2414843039249468, 1.286522046207647, 1.3072562312959182, 1.4024657757114494, 1.4690763553789117, 1.4352382086312834, 1.3078676789813133, 1.2336627867197074, 1.2117583717879756, 1.0914323600059634]",40,True,81,0.2442732516826255,0.4222872422506832,,1,0.17272727272727273,7.778174593052023
20260927T095930443635Z_577f21e5,FOUR_ZONE,30,0.33,5,5,6,6.0,5.5,0.19,0.5,10,2,5760.0,"[0.8592549273600911, 0.6058380411445193, 0.4316697215292379, 0.32461244914431125, 0.29898418014229616, 0.3853292566116986, 0.6184818884427356, 0.9112753545916268, 1.124060711596949, 1.0918553682168552, 1.0519012231472415, 1.0604058710082023, 1.1010962834034748, 1.1484706050156464, 1.2414843039249468, 1.286522046207647, 1.3072562312959182, 1.4024657757114494, 1.4690763553789117, 1.4352382086312834, 1.3078676789813133, 1.2336627867197074, 1.2117583717879756, 1.0914323600059634]",40,True,81,0.1,0.3097081574454331,,1,0.07071067811865475,7.778174593052023
20260927T095930443635Z_577f21e5,FOUR_ZONE,30,0.33,5,5,6,6.0,5.5,0.19,0.5,10,2,5760.0,"[0.8592549273600911, 0.6058380411445193, 0.4316697215292379, 0.32461244914431125, 0.29898418014229616, 0.3853292566116986, 0.6184818884427356, 0.9112753545916268, 1.124060711596949, 1.0918553682168552, 1.0519012231472415, 1.0604058710082023, 1.1010962834034748, 1.1484706050156464, 1.2414843039249468, 1.286522046207647, 1.3072562312959182, 1.4024657757114494, 1.4690763553789117, 1.4352382086312834, 1.3078676789813133, 1.2336627867197074, 1.2117583717879756, 1.0914323600059634]",40,True,81,0.2,0.45128755855319214,,1,0.1414213562373095,7.778174593052023
20260927T095930443635Z_577f21e5,FOUR_ZONE,30,0.33,5,5,6,6.0,5.5,0.19,0.5,10,2,5760.0,"[0.8592549273600911, 0.6058380411445193, 0.4316697215292379, 0.32461244914431125, 0.29898418014229616, 0.3853292566116986, 0.6184818884427356, 0.9112753545916268, 1.124060711596949, 1.0918553682168552, 1.0519012231472415, 1.0604058710082023, 1.1010962834034748, 1.1484706050156464, 1.2414843039249468, 1.286522046207647, 1.3072562312959182, 1.4024657757114494, 1.4690763553789117, 1.4352382086312834, 1.3078676789813133, 1.2336627867197074, 1.2117583717879756, 1.0914323600059634]",40,True,81,0.2442732516826255,0.44671611874034894,,1,0.17272727272727273,7.778174593052023
20260927T095930443635Z_577f21e5,FOUR_ZONE,30,0.5,5,5,6,5.5,5.5,0.19,0.5,10,2,5760.0,"[0.8592549273600911, 0.6058380411445193, 0.4316697215292379, 0.32461244914431125, 0.29898418014229616, 0.3853292566116986, 0.6184818884427356, 0.9112753545916268, 1.124060711596949, 1.0918553682168552, 1.0519012231472415, 1.0604058710082023, 1.1010962834034748, 1.1484706050156464, 1.2414843039249468, 1.286522046207647, 1.3072562312959182, 1.4024657757114494, 1.4690763553789117, 1.4352382086312834, 1.3078676789813133, 1.2336627867197074, 1.2117583717879756, 1.0914323600059634]",40,True,81,0.1,0.3243601560847463,,1,0.07071067811865475,7.778174593052023
20260927T095930443635Z_577f21e5,FOUR_ZONE,30,0.5,5,5,6,5.5,5.5,0.19,0.5,10,2,5760.0,"[0.8592549273600911, 0.6058380411445193, 0.4316697215292379, 0.32461244914431125, 0.29898418014229616, 0.3853292566116986, 0.6184818884427356, 0.9112753545916268, 1.124060711596949, 1.0918553682168552, 1.0519012231472415, 1.0604058710082023, 1.1010962834034748, 1.1484706050156464, 1.2414843039249468, 1.286522046207647, 1.3072562312959182, 1.4024657757114494, 1.4690763553789117, 1.4352382086312834, 1.3078676789813133, 1.2336627867197074, 1.2117583717879756, 1.0914323600059634]",40,True,81,0.2,0.37820341729790236,,1,0.1414213562373095,7.778174593052023
20260927T095930443635Z_577f21e5,FOUR_ZONE,30,0.5,5,5,6,5.5,5.5,0.19,0.5,10,2,5760.0,"[0.8592549273600911, 0.6058380411445193, 0.4316697215292379, 0.32461244914431125, 0.29898418014229616, 0.3853292566116986, 0.6184818884427356, 0.9112753545916268, 1.124060711596949, 1.0918553682168552, 1.0519012231472415, 1.0604058710082023, 1.1010962834034748, 1.1484706050156464, 1.2414843039249468, 1.286522046207647, 1.3072562312959182, 1.4024657757114494, 1.4690763553789117, 1.4352382086312834, 1.3078676789813133, 1.2336627867197074, 1.2117583717879756, 1.0914323600059634]",40,True,81,0.2442732516826255,0.40510557144407244,,1,0.17272727272727273,7.778174593052023
20260927T095930443635Z_577f21e5,FOUR_ZONE,30,0.5,5,5,6,6.0,5.5,0.19,0.5,10,2,5760.0,"[0.8592549273600911, 0.6058380411445193, 0.4316697215292379, 0.32461244914431125, 0.29898418014229616, 0.3853292566116986, 0.6184818884427356, 0.9112753545916268, 1.124060711596949, 1.0918553682168552, 1.0519012231472415, 1.0604058710082023, 1.1010962834034748, 1.1484706050156464, 1.2414843039249468, 1.286522046207647, 1.3072562312959182, 1.4024657757114494, 1.4690763553789117, 1.4352382086312834, 1.3078676789813133, 1.2336627867197074, 1.2117583717879756, 1.0914323600059634]",40,True,81,0.1,0.33299059675900927,,1,0.07071067811865475,7.778174593052023
20260927T095930443635Z_577f21e5,FOUR_ZONE,30,0.5,5,5,6,6.0,5.5,0.19,0.5,10,2,5760.0,"[0.8592549273600911, 0.6058380411445193, 0.4316697215292379, 0.32461244914431125, 0.29898418014229616, 0.3853292566116986, 0.6184818884427356, 0.9112753545916268, 1.124060711596949, 1.0918553682168552, 1.0519012231472415, 1.0604058710082023, 1.1010962834034748, 1.1484706050156464, 1.2414843039249468, 1.286522046207647, 1.3072562312959182, 1.4024657757114494, 1.4690763553789117, 1.4352382086312834, 1.3078676789813133, 1.2336627867197074, 1.2117583717879756, 1.0914323600059634]",40,True,81,0.2,0.3934344640150934,,1,0.1414213562373095,7.778174593052023
20260927T095930443635Z_577f21e5,FOUR_ZONE,30,0.5,5,5,6,6.0,5.5,0.19,0.5,10,2,5760.0,"[0.8592549273600911, 0.6058380411445193, 0.4316697215292379, 0.32461244914431125, 0.29898418014229616, 0.3853292566116986, 0.6184818884427356, 0.9112753545916268, 1.124060711596949, 1.0918553682168552, 1.0519012231472415, 1.0604058710082023, 1.1010962834034748, 1.1484706050156464, 1.2414843039249468, 1.286522046207647, 1.3072562312959182, 1.4024657757114494, 1.4690763553789117, 1.4352382086312834, 1.3078676789813133, 1.2336627867197074, 1.2117583717879756, 1.0914323600059634]",40,True,81,0.2442732516826255,0.42334772503565227,,1,0.17272727272727273,7.778174593052023
20260927T095930443635Z_577f21e5,FOUR_ZONE,30,0.67,5,5,6,5.5,5.5,0.19,0.5,10,2,5760.0,"[0.8592549273600911, 0.6058380411445193, 0.4316697215292379, 0.32461244914431125, 0.29898418014229616, 0.3853292566116986, 0.6184818884427356, 0.9112753545916268, 1.124060711596949, 1.0918553682168552, 1.0519012231472415, 1.0604058710082023, 1.1010962834034748, 1.1484706050156464, 1.2414843039249468, 1.286522046207647, 1.3072562312959182, 1.4024657757114494, 1.4690763553789117, 1.4352382086312834, 1.3078676789813133, 1.2336627867197074, 1.2117583717879756, 1.0914323600059634]",40,True,81,0.1,0.3318502518831921,,1,0.07071067811865475,7.778174593052023
20260927T095930443635Z_577f21e5,FOUR_ZONE,30,0.67,5,5,6,5.5,5.5,0.19,0.5,10,2,5760.0,"[0.8592549273600911, 0.6058380411445193, 0.4316697215292379, 0.32461244914431125, 0.29898418014229616, 0.3853292566116986, 0.6184818884427356, 0.9112753545916268, 1.124060711596949, 1.0918553682168552, 1.0519012231472415, 1.0604058710082023, 1.1010962834034748, 1.1484706050156464, 1.2414843039249468, 1.286522046207647, 1.3072562312959182, 1.4024657757114494, 1.4690763553789117, 1.4352382086312834, 1.3078676789813133, 1.2336627867197074, 1.2117583717879756, 1.0914323600059634]",40,True,81,0.2,0.42194503359967356,,1,0.1414213562373095,7.778174593052023
20260927T095930443635Z_577f21e5,FOUR_ZONE,30,0.67,5,5,6,5.5,5.5,0.19,0.5,10,2,5760.0,"[0.8592549273600911, 0.6058380411445193, 0.4316697215292379, 0.32461244914431125, 0.29898418014229616, 0.3853292566116986, 0.6184818884427356, 0.9112753545916268, 1.124060711596949, 1.0918553682168552, 1.0519012231472415, 1.0604058710082023, 1.1010962834034748, 1.1484706050156464, 1.2414843039249468, 1.286522046207647, 1.3072562312959182, 1.4024657757114494, 1.4690763553789117, 1.4352382086312834, 1.3078676789813133, 1.2336627867197074, 1.2117583717879756, 1.0914323600059634]",40,True,81,0.2442732516826255,0.44001006870306486,,1,0.17272727272727273,7.778174593052023
20260927T095930443635Z_577f21e5,FOUR_ZONE,30,0.67,5,5,6,6.0,5.5,0.19,0.5,10,2,5760.0,"[0.8592549273600911, 0.6058380411445193, 0.4316697215292379, 0.32461244914431125, 0.29898418014229616, 0.3853292566116986, 0.6184818884427356, 0.9112753545916268, 1.124060711596949, 1.0918553682168552, 1.0519012231472415, 1.0604058710082023, 1.1010962834034748, 1.1484706050156464, 1.2414843039249468, 1.286522046207647, 1.3072562312959182, 1.4024657757114494, 1.4690763553789117, 1.4352382086312834, 1.3078676789813133, 1.2336627867197074, 1.2117583717879756, 1.0914323600059634]",40,True,81,0.1,0.3371405540524846,,1,0.07071067811865475,7.778174593052023
20260927T095930443635Z_577f21e5,FOUR_ZONE,30,0.67,5,5,6,6.0,5.5,0.19,0.5,10,2,5760.0,"[0.8592549273600911, 0.6058380411445193, 0.4316697215292379, 0.32461244914431125, 0.29898418014229616, 0.3853292566116986, 0.6184818884427356, 0.9112753545916268, 1.124060711596949, 1.0918553682168552, 1.0519012231472415, 1.0604058710082023, 1.1010962834034748, 1.1484706050156464, 1.2414843039249468, 1.286522046207647, 1.3072562312959182, 1.4024657757114494, 1.4690763553789117, 1.4352382086312834, 1.3078676789813133, 1.2336627867197074, 1.2117583717879756, 1.0914323600059634]",40,True,81,0.2,0.4384509340761351,,1,0.1414213562373095,7.778174593052023
20260927T095930443635Z_577f21e5,FOUR_ZONE,30,0.67,5,5,6,6.0,5.5,0.19,0.5,10,2,5760.0,"[0.8592549273600911, 0.6058380411445193, 0.4316697215292379, 0.32461244914431125, 0.29898418014229616, 0.3853292566116986, 0.6184818884427356, 0.9112753545916268, 1.124060711596949, 1.0918553682168552, 1.0519012231472415, 1.0604058710082023, 1.1010962834034748, 1.1484706050156464, 1.2414843039249468, 1.286522046207647, 1.3072562312959182, 1.4024657757114494, 1.4690763553789117, 1.4352382086312834, 1.3078676789813133, 1.2336627867197074, 1.2117583717879756, 1.0914323600059634]",40,True,81,0.2442732516826255,0.4586149839244441,,1,0.17272727272727273,7.778174593052023
20260927T095930443635Z_577f21e5,FOUR_ZONE,30,0.83,5,5,6,5.5,5.5,0.19,0.5,10,2,5760.0,"[0.8592549273600911, 0.6058380411445193, 0.4316697215292379, 0.32461244914431125, 0.29898418014229616, 0.3853292566116986, 0.6184818884427356, 0.9112753545916268, 1.124060711596949, 1.0918553682168552, 1.0519012231472415, 1.0604058710082023, 1.1010962834034748, 1.1484706050156464, 1.2414843039249468, 1.286522046207647, 1.3072562312959182, 1.4024657757114494, 1.4690763553789117, 1.4352382086312834, 1.3078676789813133, 1.2336627867197074, 1.2117583717879756, 1.0914323600059634]",40,True,81,0.1,0.3758232756692579,,1,0.07071067811865475,7.778174593052023
20260927T095930443635Z_577f21e5,FOUR_ZONE,30,0.83,5,5,6,5.5,5.5,0.19,0.5,10,2,5760.0,"[0.8592549273600911, 0.6058380411445193, 0.4316697215292379, 0.32461244914431125, 0.29898418014229616, 0.3853292566116986, 0.6184818884427356, 0.9112753545916268, 1.124060711596949, 1.0918553682168552, 1.0519012231472415, 1.0604058710082023, 1.1010962834034748, 1.1484706050156464, 1.2414843039249468, 1.286522046207647, 1.3072562312959182, 1.4024657757114494, 1.4690763553789117, 1.4352382086312834, 1.3078676789813133, 1.2336627867197074, 1.2117583717879756, 1.0914323600059634]",40,True,81,0.2,0.4313934798877863,,1,0.1414213562373095,7.778174593052023
20260927T095930443635Z_577f21e5,FOUR_ZONE,30,0.83,5,5,6,5.5,5.5,0.19,0.5,10,2,5760.0,"[0.8592549273600911, 0.6058380411445193, 0.4316697215292379, 0.32461244914431125, 0.29898418014229616, 0.3853292566116986, 0.6184818884427356, 0.9112753545916268, 1.124060711596949, 1.0918553682168552, 1.0519012231472415, 1.0604058710082023, 1.1010962834034748, 1.1484706050156464, 1.2414843039249468, 1.286522046207647, 1.3072562312959182, 1.4024657757114494, 1.4690763553789117, 1.4352382086312834, 1.3078676789813133, 1.2336627867197074, 1.2117583717879756, 1.0914323600059634]",40,True,81,0.2442732516826255,0.43768721406098005,,1,0.17272727272727273,7.778174593052023
20260927T095930443635Z_577f21e5,FOUR_ZONE,30,0.83,5,5,6,6.0,5.5,0.19,0.5,10,2,5760.0,"[0.8592549273600911, 0.6058380411445193, 0.4316697215292379, 0.32461244914431125, 0.29898418014229616, 0.3853292566116986, 0.6184818884427356, 0.9112753545916268, 1.124060711596949, 1.0918553682168552, 1.0519012231472415, 1.0604058710082023, 1.1010962834034748, 1.1484706050156464, 1.2414843039249468, 1.286522046207647, 1.3072562312959182, 1.4024657757114494, 1.4690763553789117, 1.4352382086312834, 1.3078676789813133, 1.2336627867197074, 1.2117583717879756, 1.0914323600059634]",40,True,81,0.1,0.3835993634154465,,1,0.07071067811865475,7.778174593052023
20260927T095930443635Z_577f21e5,FOUR_ZONE,30,0.83,5,5,6,6.0,5.5,0.19,0.5,10,2,5760.0,"[0.8592549273600911, 0.6058380411445193, 0.4316697215292379, 0.32461244914431125, 0.29898418014229616, 0.3853292566116986, 0.6184818884427356, 0.9112753545916268, 1.124060711596949, 1.0918553682168552, 1.0519012231472415, 1.0604058710082023, 1.1010962834034748, 1.1484706050156464, 1.2414843039249468, 1.286522046207647, 1.3072562312959182, 1.4024657757114494, 1.4690763553789117, 1.4352382086312834, 1.3078676789813133, 1.2336627867197074, 1.2117583717879756, 1.0914323600059634]",40,True,81,0.2,0.44550316876456253,,1,0.1414213562373095,7.778174593052023
20260927T095930443635Z_577f21e5,FOUR_ZONE,30,0.83,5,5,6,6.0,5.5,0.19,0.5,10,2,5760.0,"[0.8592549273600911, 0.6058380411445193, 0.4316697215292379, 0.32461244914431125, 0.29898418014229616, 0.3853292566116986, 0.6184818884427356, 0.9112753545916268, 1.124060711596949, 1.0918553682168552, 1.0519012231472415, 1.0604058710082023, 1.1010962834034748, 1.1484706050156464, 1.2414843039249468, 1.286522046207647, 1.3072562312959182, 1.4024657757114494, 1.4690763553789117, 1.4352382086312834, 1.3078676789813133, 1.2336627867197074, 1.2117583717879756, 1.0914323600059634]",40,True,81,0.2442732516826255,0.4526686929388578,,1,0.17272727272727273,7.778174593052023
20260927T095930443635Z_577f21e5,FOUR_ZONE,30,1.0,5,5,6,5.5,5.5,0.19,0.5,10,2,5760.0,"[0.8592549273600911, 0.6058380411445193, 0.4316697215292379, 0.32461244914431125, 0.29898418014229616, 0.3853292566116986, 0.6184818884427356, 0.9112753545916268, 1.124060711596949, 1.0918553682168552, 1.0519012231472415, 1.0604058710082023, 1.1010962834034748, 1.1484706050156464, 1.2414843039249468, 1.286522046207647, 1.3072562312959182, 1.4024657757114494, 1.4690763553789117, 1.4352382086312834, 1.3078676789813133, 1.2336627867197074, 1.2117583717879756, 1.0914323600059634]",40,True,81,0.1,0.39823231814347076,,1,0.07071067811865475,7.778174593052023
20260927T095930443635Z_577f21e5,FOUR_ZONE,30,1.0,5,5,6,5.5,5.5,0.19,0.5,10,2,5760.0,"[0.8592549273600911, 0.6058380411445193, 0.4316697215292379, 0.32461244914431125, 0.29898418014229616, 0.3853292566116986, 0.6184818884427356, 0.9112753545916268, 1.124060711596949, 1.0918553682168552, 1.0519012231472415, 1.0604058710082023, 1.1010962834034748, 1.1484706050156464, 1.2414843039249468, 1.286522046207647, 1.3072562312959182, 1.4024657757114494, 1.4690763553789117, 1.4352382086312834, 1.3078676789813133, 1.2336627867197074, 1.2117583717879756, 1.0914323600059634]",40,True,81,0.2,0.4186976826764375,,1,0.1414213562373095,7.778174593052023
20260927T095930443635Z_577f21e5,FOUR_ZONE,30,1.0,5,5,6,5.5,5.5,0.19,0.5,10,2,5760.0,"[0.8592549273600911, 0.6058380411445193, 0.4316697215292379, 0.32461244914431125, 0.29898418014229616, 0.3853292566116986, 0.6184818884427356, 0.9112753545916268, 1.124060711596949, 1.0918553682168552, 1.0519012231472415, 1.0604058710082023, 1.1010962834034748, 1.1484706050156464, 1.2414843039249468, 1.286522046207647, 1.3072562312959182, 1.4024657757114494, 1.4690763553789117, 1.4352382086312834, 1.3078676789813133, 1.2336627867197074, 1.2117583717879756, 1.0914323600059634]",40,True,81,0.2442732516826255,0.42918771844161185,,1,0.17272727272727273,7.778174593052023
20260927T095930443635Z_577f21e5,FOUR_ZONE,30,1.0,5,5,6,6.0,5.5,0.19,0.5,10,2,5760.0,"[0.8592549273600911, 0.6058380411445193, 0.4316697215292379, 0.32461244914431125, 0.29898418014229616, 0.3853292566116986, 0.6184818884427356, 0.9112753545916268, 1.124060711596949, 1.0918553682168552, 1.0519012231472415, 1.0604058710082023, 1.1010962834034748, 1.1484706050156464, 1.2414843039249468, 1.286522046207647, 1.3072562312959182, 1.4024657757114494, 1.4690763553789117, 1.4352382086312834, 1.3078676789813133, 1.2336627867197074, 1.2117583717879756, 1.0914323600059634]",40,True,81,0.1,0.4064564747853322,,1,0.07071067811865475,7.778174593052023
20260927T095930443635Z_577f21e5,FOUR_ZONE,30,1.0,5,5,6,6.0,5.5,0.19,0.5,10,2,5760.0,"[0.8592549273600911, 0.6058380411445193, 0.4316697215292379, 0.32461244914431125, 0.29898418014229616, 0.3853292566116986, 0.6184818884427356, 0.9112753545916268, 1.124060711596949, 1.0918553682168552, 1.0519012231472415, 1.0604058710082023, 1.1010962834034748, 1.1484706050156464, 1.2414843039249468, 1.286522046207647, 1.3072562312959182, 1.4024657757114494, 1.4690763553789117, 1.4352382086312834, 1.3078676789813133, 1.2336627867197074, 1.2117583717879756, 1.0914323600059634]",40,True,81,0.2,0.42898521211258533,,1,0.1414213562373095,7.778174593052023
20260927T095930443635Z_577f21e5,FOUR_ZONE,30,1.0,5,5,6,6.0,5.5,0.19,0.5,10,2,5760.0,"[0.8592549273600911, 0.6058380411445193, 0.4316697215292379, 0.32461244914431125, 0.29898418014229616, 0.3853292566116986, 0.6184818884427356, 0.9112753545916268, 1.124060711596949, 1.0918553682168552, 1.0519012231472415, 1.0604058710082023, 1.1010962834034748, 1.1484706050156464, 1.2414843039249468, 1.286522046207647, 1.3072562312959182, 1.4024657757114494, 1.4690763553789117, 1.4352382086312834, 1.3078676789813133, 1.2336627867197074, 1.2117583717879756, 1.0914323600059634]",40,True,81,0.2442732516826255,0.44132552654422513,,1,0.17272727272727273,7.778174593052023
20260927T095930443635Z_577f21e5,FOUR_ZONE,40,0.33,5,5,6,5.5,5.5,0.19,0.5,10,2,5760.0,"[0.8592549273600911, 0.6058380411445193, 0.4316697215292379, 0.32461244914431125, 0.29898418014229616, 0.3853292566116986, 0.6184818884427356, 0.9112753545916268, 1.124060711596949, 1.0918553682168552, 1.0519012231472415, 1.0604058710082023, 1.1010962834034748, 1.1484706050156464, 1.2414843039249468, 1.286522046207647, 1.3072562312959182, 1.4024657757114494, 1.4690763553789117, 1.4352382086312834, 1.3078676789813133, 1.2336627867197074, 1.2117583717879756, 1.0914323600059634]",40,True,81,0.1,0.3396038560349246,,1,0.07071067811865475,7.778174593052023
20260927T095930443635Z_577f21e5,FOUR_ZONE,40,0.33,5,5,6,5.5,5.5,0.19,0.5,10,2,5760.0,"[0.8592549273600911, 0.6058380411445193, 0.4316697215292379, 0.32461244914431125, 0.29898418014229616, 0.3853292566116986, 0.6184818884427356, 0.9112753545916268, 1.124060711596949, 1.0918553682168552, 1.0519012231472415, 1.0604058710082023, 1.1010962834034748, 1.1484706050156464, 1.2414843039249468, 1.286522046207647, 1.3072562312959182, 1.4024657757114494, 1.4690763553789117, 1.4352382086312834, 1.3078676789813133, 1.2336627867197074, 1.2117583717879756, 1.0914323600059634]",40,True,81,0.2,0.47076367267174885,,1,0.1414213562373095,7.778174593052023
20260927T095930443635Z_577f21e5,FOUR_ZONE,40,0.33,5,5,6,5.5,5.5,0.19,0.5,10,2,5760.0,"[0.8592549273600911, 0.6058380411445193, 0.4316697215292379, 0.32461244914431125, 0.29898418014229616, 0.3853292566116986, 0.6184818884427356, 0.9112753545916268, 1.124060711596949, 1.0918553682168552, 1.0519012231472415, 1.0604058710082023, 1.1010962834034748, 1.1484706050156464, 1.2414843039249468, 1.286522046207647, 1.3072562312959182, 1.4024657757114494, 1.4690763553789117, 1.4352382086312834, 1.3078676789813133, 1.2336627867197074, 1.2117583717879756, 1.0914323600059634]",40,True,81,0.2442732516826255,0.47594719388009743,,1,0.17272727272727273,7.778174593052023
20260927T095930443635Z_577f21e5,FOUR_ZONE,40,0.33,5,5,6,6.0,5.5,0.19,0.5,10,2,5760.0,"[0.8592549273600911, 0.6058380411445193, 0.4316697215292379, 0.32461244914431125, 0.29898418014229616, 0.3853292566116986, 0.6184818884427356, 0.9112753545916268, 1.124060711596949, 1.0918553682168552, 1.0519012231472415, 1.0604058710082023, 1.1010962834034748, 1.1484706050156464, 1.2414843039249468, 1.286522046207647, 1.3072562312959182, 1.4024657757114494, 1.4690763553789117, 1.4352382086312834, 1.3078676789813133, 1.2336627867197074, 1.2117583717879756, 1.0914323600059634]",40,True,81,0.1,0.3554530008749462,,1,0.07071067811865475,7.778174593052023
20260927T095930443635Z_577f21e5,FOUR_ZONE,40,0.33,5,5,6,6.0,5.5,0.19,0.5,10,2,5760.0,"[0.8592549273600911, 0.6058380411445193, 0.4316697215292379, 0.32461244914431125, 0.29898418014229616, 0.3853292566116986, 0.6184818884427356, 0.9112753545916268, 1.124060711596949, 1.0918553682168552, 1.0519012231472415, 1.0604058710082023, 1.1010962834034748, 1.1484706050156464, 1.2414843039249468, 1.286522046207647, 1.3072562312959182, 1.4024657757114494, 1.4690763553789117, 1.4352382086312834, 1.3078676789813133, 1.2336627867197074, 1.2117583717879756, 1.0914323600059634]",40,True,81,0.2,0.5000696578659745,,1,0.1414213562373095,7.778174593052023
20260927T095930443635Z_577f21e5,FOUR_ZONE,40,0.33,5,5,6,6.0,5.5,0.19,0.5,10,2,5760.0,"[0.8592549273600911, 0.6058380411445193, 0.4316697215292379, 0.32461244914431125, 0.29898418014229616, 0.3853292566116986, 0.6184818884427356, 0.9112753545916268, 1.124060711596949, 1.0918553682168552, 1.0519012231472415, 1.0604058710082023, 1.1010962834034748, 1.1484706050156464, 1.2414843039249468, 1.286522046207647, 1.3072562312959182, 1.4024657757114494, 1.4690763553789117, 1.4352382086312834, 1.3078676789813133, 1.2336627867197074, 1.2117583717879756, 1.0914323600059634]",40,True,81,0.2442732516826255,0.5058347373845427,,1,0.17272727272727273,7.778174593052023
20260927T095930443635Z_577f21e5,FOUR_ZONE,40,0.5,5,5,6,5.5,5.5,0.19,0.5,10,2,5760.0,"[0.8592549273600911, 0.6058380411445193, 0.4316697215292379, 0.32461244914431125, 0.29898418014229616, 0.3853292566116986, 0.6184818884427356, 0.9112753545916268, 1.124060711596949, 1.0918553682168552, 1.0519012231472415, 1.0604058710082023, 1.1010962834034748, 1.1484706050156464, 1.2414843039249468, 1.286522046207647, 1.3072562312959182, 1.4024657757114494, 1.4690763553789117, 1.4352382086312834, 1.3078676789813133, 1.2336627867197074, 1.2117583717879756, 1.0914323600059634]",40,True,81,0.1,0.35795116077769884,,1,0.07071067811865475,7.778174593052023
20260927T095930443635Z_577f21e5,FOUR_ZONE,40,0.5,5,5,6,5.5,5.5,0.19,0.5,10,2,5760.0,"[0.8592549273600911, 0.6058380411445193, 0.4316697215292379, 0.32461244914431125, 0.29898418014229616, 0.3853292566116986, 0.6184818884427356, 0.9112753545916268, 1.124060711596949, 1.0918553682168552, 1.0519012231472415, 1.0604058710082023, 1.1010962834034748, 1.1484706050156464, 1.2414843039249468, 1.286522046207647, 1.3072562312959182, 1.4024657757114494, 1.4690763553789117, 1.4352382086312834, 1.3078676789813133, 1.2336627867197074, 1.2117583717879756, 1.0914323600059634]",40,True,81,0.2,0.49732509068080355,,1,0.1414213562373095,7.778174593052023
20260927T095930443635Z_577f21e5,FOUR_ZONE,40,0.5,5,5,6,5.5,5.5,0.19,0.5,10,2,5760.0,"[0.8592549273600911, 0.6058380411445193, 0.4316697215292379, 0.32461244914431125, 0.29898418014229616, 0.3853292566116986, 0.6184818884427356, 0.9112753545916268, 1.124060711596949, 1.0918553682168552, 1.0519012231472415, 1.0604058710082023, 1.1010962834034748, 1.1484706050156464, 1.2414843039249468, 1.286522046207647, 1.3072562312959182, 1.4024657757114494, 1.4690763553789117, 1.4352382086312834, 1.3078676789813133, 1.2336627867197074, 1.2117583717879756, 1.0914323600059634]",40,True,81,0.2442732516826255,0.5083853809393307,,1,0.17272727272727273,7.778174593052023
20260927T095930443635Z_577f21e5,FOUR_ZONE,40,0.5,5,5,6,6.0,5.5,0.19,0.5,10,2,5760.0,"[0.8592549273600911, 0.6058380411445193, 0.4316697215292379, 0.32461244914431125, 0.29898418014229616, 0.3853292566116986, 0.6184818884427356, 0.9112753545916268, 1.124060711596949, 1.0918553682168552, 1.0519012231472415, 1.0604058710082023, 1.1010962834034748, 1.1484706050156464, 1.2414843039249468, 1.286522046207647, 1.3072562312959182, 1.4024657757114494, 1.4690763553789117, 1.4352382086312834, 1.3078676789813133, 1.2336627867197074, 1.2117583717879756, 1.0914323600059634]",40,True,81,0.1,0.37113843176975725,,1,0.07071067811865475,7.778174593052023
20260927T095930443635Z_577f21e5,FOUR_ZONE,40,0.5,5,5,6,6.0,5.5,0.19,0.5,10,2,5760.0,"[0.8592549273600911, 0.6058380411445193, 0.4316697215292379, 0.32461244914431125, 0.29898418014229616, 0.3853292566116986, 0.6184818884427356, 0.9112753545916268, 1.124060711596949, 1.0918553682168552, 1.0519012231472415, 1.0604058710082023, 1.1010962834034748, 1.1484706050156464, 1.2414843039249468, 1.286522046207647, 1.3072562312959182, 1.4024657757114494, 1.4690763553789117, 1.4352382086312834, 1.3078676789813133, 1.2336627867197074, 1.2117583717879756, 1.0914323600059634]",40,True,81,0.2,0.5258095092773437,,1,0.1414213562373095,7.778174593052023
20260927T095930443635Z_577f21e5,FOUR_ZONE,40,0.5,5,5,6,6.0,5.5,0.19,0.5,10,2,5760.0,"[0.8592549273600911, 0.6058380411445193, 0.4316697215292379, 0.32461244914431125, 0.29898418014229616, 0.3853292566116986, 0.6184818884427356, 0.9112753545916268, 1.124060711596949, 1.0918553682168552, 1.0519012231472415, 1.0604058710082023, 1.1010962834034748, 1.1484706050156464, 1.2414843039249468, 1.286522046207647, 1.3072562312959182, 1.4024657757114494, 1.4690763553789117, 1.4352382086312834, 1.3078676789813133, 1.2336627867197074, 1.2117583717879756, 1.0914323600059634]",40,True,81,0.2442732516826255,0.5380736425863962,,1,0.17272727272727273,7.778174593052023
20260927T095930443635Z_577f21e5,FOUR_ZONE,40,0.67,5,5,6,5.5,5.5,0.19,0.5,10,2,5760.0,"[0.8592549273600911, 0.6058380411445193, 0.4316697215292379, 0.32461244914431125, 0.29898418014229616, 0.3853292566116986, 0.6184818884427356, 0.9112753545916268, 1.124060711596949, 1.0918553682168552, 1.0519012231472415, 1.0604058710082023, 1.1010962834034748, 1.1484706050156464, 1.2414843039249468, 1.286522046207647, 1.3072562312959182, 1.4024657757114494, 1.4690763553789117, 1.4352382086312834, 1.3078676789813133, 1.2336627867197074, 1.2117583717879756, 1.0914323600059634]",40,True,81,0.1,0.38762716231460465,,1,0.07071067811865475,7.778174593052023
20260927T095930443635Z_577f21e5,FOUR_ZONE,40,0.67,5,5,6,5.5,5.5,0.19,0.5,10,2,5760.0,"[0.8592549273600911, 0.6058380411445193, 0.4316697215292379, 0.32461244914431125, 0.29898418014229616, 0.3853292566116986, 0.6184818884427356, 0.9112753545916268, 1.124060711596949, 1.0918553682168552, 1.0519012231472415, 1.0604058710082023, 1.1010962834034748, 1.1484706050156464, 1.2414843039249468, 1.286522046207647, 1.3072562312959182, 1.4024657757114494, 1.4690763553789117, 1.4352382086312834, 1.3078676789813133, 1.2336627867197074, 1.2117583717879756, 1.0914323600059634]",40,True,81,0.2,0.44565569835052044,,1,0.1414213562373095,7.778174593052023
20260927T095930443635Z_577f21e5,FOUR_ZONE,40,0.67,5,5,6,5.5,5.5,0.19,0.5,10,2,5760.0,"[0.8592549273600911, 0.6058380411445193, 0.4316697215292379, 0.32461244914431125, 0.29898418014229616, 0.3853292566116986, 0.6184818884427356, 0.9112753545916268, 1.124060711596949, 1.0918553682168552, 1.0519012231472415, 1.0604058710082023, 1.1010962834034748, 1.1484706050156464, 1.2414843039249468, 1.286522046207647, 1.3072562312959182, 1.4024657757114494, 1.4690763553789117, 1.4352382086312834, 1.3078676789813133, 1.2336627867197074, 1.2117583717879756, 1.0914323600059634]",40,True,81,0.2442732516826255,0.4638164313605118,,1,0.17272727272727273,7.778174593052023
20260927T095930443635Z_577f21e5,FOUR_ZONE,40,0.67,5,5,6,6.0,5.5,0.19,0.5,10,2,5760.0,"[0.8592549273600911, 0.6058380411445193, 0.4316697215292379, 0.32461244914431125, 0.29898418014229616, 0.3853292566116986, 0.6184818884427356, 0.9112753545916268, 1.124060711596949, 1.0918553682168552, 1.0519012231472415, 1.0604058710082023, 1.1010962834034748, 1.1484706050156464, 1.2414843039249468, 1.286522046207647, 1.3072562312959182, 1.4024657757114494, 1.4690763553789117, 1.4352382086312834, 1.3078676789813133, 1.2336627867197074, 1.2117583717879756, 1.0914323600059634]",40,True,81,0.1,0.40091458900354815,,1,0.07071067811865475,7.778174593052023
20260927T095930443635Z_577f21e5,FOUR_ZONE,40,0.67,5,5,6,6.0,5.5,0.19,0.5,10,2,5760.0,"[0.8592549273600911, 0.6058380411445193, 0.4316697215292379, 0.32461244914431125, 0.29898418014229616, 0.3853292566116986, 0.6184818884427356, 0.9112753545916268, 1.124060711596949, 1.0918553682168552, 1.0519012231472415, 1.0604058710082023, 1.1010962834034748, 1.1484706050156464, 1.2414843039249468, 1.286522046207647, 1.3072562312959182, 1.4024657757114494, 1.4690763553789117, 1.4352382086312834, 1.3078676789813133, 1.2336627867197074, 1.2117583717879756, 1.0914323600059634]",40,True,81,0.2,0.4653685609786404,,1,0.1414213562373095,7.778174593052023
20260927T095930443635Z_577f21e5,FOUR_ZONE,40,0.67,5,5,6,6.0,5.5,0.19,0.5,10,2,5760.0,"[0.8592549273600911, 0.6058380411445193, 0.4316697215292379, 0.32461244914431125, 0.29898418014229616, 0.3853292566116986, 0.6184818884427356, 0.9112753545916268, 1.124060711596949, 1.0918553682168552, 1.0519012231472415, 1.0604058710082023, 1.1010962834034748, 1.1484706050156464, 1.2414843039249468, 1.286522046207647, 1.3072562312959182, 1.4024657757114494, 1.4690763553789117, 1.4352382086312834, 1.3078676789813133, 1.2336627867197074, 1.2117583717879756, 1.0914323600059634]",40,True,81,0.2442732516826255,0.48561583785791107,,1,0.17272727272727273,7.778174593052023
20260927T095930443635Z_577f21e5,FOUR_ZONE,40,0.83,5,5,6,5.5,5.5,0.19,0.5,10,2,5760.0,"[0.8592549273600911, 0.6058380411445193, 0.4316697215292379, 0.32461244914431125, 0.29898418014229616, 0.3853292566116986, 0.6184818884427356, 0.9112753545916268, 1.124060711596949, 1.0918553682168552, 1.0519012231472415, 1.0604058710082023, 1.1010962834034748, 1.1484706050156464, 1.2414843039249468, 1.286522046207647, 1.3072562312959182, 1.4024657757114494, 1.4690763553789117, 1.4352382086312834, 1.3078676789813133, 1.2336627867197074, 1.2117583717879756, 1.0914323600059634]",40,True,81,0.1,0.3911692999869055,,1,0.07071067811865475,7.778174593052023
20260927T095930443635Z_577f21e5,FOUR_ZONE,40,0.83,5,5,6,5.5,5.5,0.19,0.5,10,2,5760.0,"[0.8592549273600911, 0.6058380411445193, 0.4316697215292379, 0.32461244914431125, 0.29898418014229616, 0.3853292566116986, 0.6184818884427356, 0.9112753545916268, 1.124060711596949, 1.0918553682168552, 1.0519012231472415, 1.0604058710082023, 1.1010962834034748, 1.1484706050156464, 1.2414843039249468, 1.286522046207647, 1.3072562312959182, 1.4024657757114494, 1.4690763553789117, 1.4352382086312834, 1.3078676789813133, 1.2336627867197074, 1.2117583717879756, 1.0914323600059634]",40,True,81,0.2,0.439232714165756,,1,0.1414213562373095,7.778174593052023
20260927T095930443635Z_577f21e5,FOUR_ZONE,40,0.83,5,5,6,5.5,5.5,0.19,0.5,10,2,5760.0,"[0.8592549273600911, 0.6058380411445193, 0.4316697215292379, 0.32461244914431125, 0.29898418014229616, 0.3853292566116986, 0.6184818884427356, 0.9112753545916268, 1.124060711596949, 1.0918553682168552, 1.0519012231472415, 1.0604058710082023, 1.1010962834034748, 1.1484706050156464, 1.2414843039249468, 1.286522046207647, 1.3072562312959182, 1.4024657757114494, 1.4690763553789117, 1.4352382086312834, 1.3078676789813133, 1.2336627867197074, 1.2117583717879756, 1.0914323600059634]",40,True,81,0.2442732516826255,0.4427511639334498,,1,0.17272727272727273,7.778174593052023
20260927T095930443635Z_577f21e5,FOUR_ZONE,40,0.83,5,5,6,6.0,5.5,0.19,0.5,10,2,5760.0,"[0.8592549273600911, 0.6058380411445193, 0.4316697215292379, 0.32461244914431125, 0.29898418014229616, 0.3853292566116986, 0.6184818884427356, 0.9112753545916268, 1.124060711596949, 1.0918553682168552, 1.0519012231472415, 1.0604058710082023, 1.1010962834034748, 1.1484706050156464, 1.2414843039249468, 1.286522046207647, 1.3072562312959182, 1.4024657757114494, 1.4690763553789117, 1.4352382086312834, 1.3078676789813133, 1.2336627867197074, 1.2117583717879756, 1.0914323600059634]",40,True,81,0.1,0.4009799248567498,,1,0.07071067811865475,7.778174593052023
20260927T095930443635Z_577f21e5,FOUR_ZONE,40,0.83,5,5,6,6.0,5.5,0.19,0.5,10,2,5760.0,"[0.8592549273600911, 0.6058380411445193, 0.4316697215292379, 0.32461244914431125, 0.29898418014229616, 0.3853292566116986, 0.6184818884427356, 0.9112753545916268, 1.124060711596949, 1.0918553682168552, 1.0519012231472415, 1.0604058710082023, 1.1010962834034748, 1.1484706050156464, 1.2414843039249468, 1.286522046207647, 1.3072562312959182, 1.4024657757114494, 1.4690763553789117, 1.4352382086312834, 1.3078676789813133, 1.2336627867197074, 1.2117583717879756, 1.0914323600059634]",40,True,81,0.2,0.4545716540492816,,1,0.1414213562373095,7.778174593052023
20260927T095930443635Z_577f21e5,FOUR_ZONE,40,0.83,5,5,6,6.0,5.5,0.19,0.5,10,2,5760.0,"[0.8592549273600911, 0.6058380411445193, 0.4316697215292379, 0.32461244914431125, 0.29898418014229616, 0.3853292566116986, 0.6184818884427356, 0.9112753545916268, 1.124060711596949, 1.0918553682168552, 1.0519012231472415, 1.0604058710082023, 1.1010962834034748, 1.1484706050156464, 1.2414843039249468, 1.286522046207647, 1.3072562312959182, 1.4024657757114494, 1.4690763553789117, 1.4352382086312834, 1.3078676789813133, 1.2336627867197074, 1.2117583717879756, 1.0914323600059634]",40,True,81,0.2442732516826255,0.4586974011897435,,1,0.17272727272727273,7.778174593052023
20260927T095930443635Z_577f21e5,FOUR_ZONE,40,1.0,5,5,6,5.5,5.5,0.19,0.5,10,2,5760.0,"[0.8592549273600911, 0.6058380411445193, 0.4316697215292379, 0.32461244914431125, 0.29898418014229616, 0.3853292566116986, 0.6184818884427356, 0.9112753545916268, 1.124060711596949, 1.0918553682168552, 1.0519012231472415, 1.0604058710082023, 1.1010962834034748, 1.1484706050156464, 1.2414843039249468, 1.286522046207647, 1.3072562312959182, 1.4024657757114494, 1.4690763553789117, 1.4352382086312834, 1.3078676789813133, 1.2336627867197074, 1.2117583717879756, 1.0914323600059634]",40,True,81,0.1,0.39201263465087594,,1,0.07071067811865475,7.778174593052023
20260927T095930443635Z_577f21e5,FOUR_ZONE,40,1.0,5,5,6,5.5,5.5,0.19,0.5,10,2,5760.0,"[0.8592549273600911, 0.6058380411445193, 0.4316697215292379, 0.32461244914431125, 0.29898418014229616, 0.3853292566116986, 0.6184818884427356, 0.9112753545916268, 1.124060711596949, 1.0918553682168552, 1.0519012231472415, 1.0604058710082023, 1.1010962834034748, 1.1484706050156464, 1.2414843039249468, 1.286522046207647, 1.3072562312959182, 1.4024657757114494, 1.4690763553789117, 1.4352382086312834, 1.3078676789813133, 1.2336627867197074, 1.2117583717879756, 1.0914323600059634]",40,True,81,0.2,0.44255183346877497,,1,0.1414213562373095,7.778174593052023
20260927T095930443635Z_577f21e5,FOUR_ZONE,40,1.0,5,5,6,5.5,5.5,0.19,0.5,10,2,5760.0,"[0.8592549273600911, 0.6058380411445193, 0.4316697215292379, 0.32461244914431125, 0.29898418014229616, 0.3853292566116986, 0.6184818884427356, 0.9112753545916268, 1.124060711596949, 1.0918553682168552, 1.0519012231472415, 1.0604058710082023, 1.1010962834034748, 1.1484706050156464, 1.2414843039249468, 1.286522046207647, 1.3072562312959182, 1.4024657757114494, 1.4690763553789117, 1.4352382086312834, 1.3078676789813133, 1.2336627867197074, 1.2117583717879756, 1.0914323600059634]",40,True,81,0.2442732516826255,0.44052763097426473,,1,0.17272727272727273,7.778174593052023
20260927T095930443635Z_577f21e5,FOUR_ZONE,40,1.0,5,5,6,6.0,5.5,0.19,0.5,10,2,5760.0,"[0.8592549273600911, 0.6058380411445193, 0.4316697215292379, 0.32461244914431125, 0.29898418014229616, 0.3853292566116986, 0.6184818884427356, 0.9112753545916268, 1.124060711596949, 1.0918553682168552, 1.0519012231472415, 1.0604058710082023, 1.1010962834034748, 1.1484706050156464, 1.2414843039249468, 1.286522046207647, 1.3072562312959182, 1.4024657757114494, 1.4690763553789117, 1.4352382086312834, 1.3078676789813133, 1.2336627867197074, 1.2117583717879756, 1.0914323600059634]",40,True,81,0.1,0.3995206088155982,,1,0.07071067811865475,7.778174593052023
20260927T095930443635Z_577f21e5,FOUR_ZONE,40,1.0,5,5,6,6.0,5.5,0.19,0.5,10,2,5760.0,"[0.8592549273600911, 0.6058380411445193, 0.4316697215292379, 0.32461244914431125, 0.29898418014229616, 0.3853292566116986, 0.6184818884427356, 0.9112753545916268, 1.124060711596949, 1.0918553682168552, 1.0519012231472415, 1.0604058710082023, 1.1010962834034748, 1.1484706050156464, 1.2414843039249468, 1.286522046207647, 1.3072562312959182, 1.4024657757114494, 1.4690763553789117, 1.4352382086312834, 1.3078676789813133, 1.2336627867197074, 1.2117583717879756, 1.0914323600059634]",40,True,81,0.2,0.4565429826881494,,1,0.1414213562373095,7.778174593052023
20260927T095930443635Z_577f21e5,FOUR_ZONE,40,1.0,5,5,6,6.0,5.5,0.19,0.5,10,2,5760.0,"[0.8592549273600911, 0.6058380411445193, 0.4316697215292379, 0.32461244914431125, 0.29898418014229616, 0.3853292566116986, 0.6184818884427356, 0.9112753545916268, 1.124060711596949, 1.0918553682168552, 1.0519012231472415, 1.0604058710082023, 1.1010962834034748, 1.1484706050156464, 1.2414843039249468, 1.286522046207647, 1.3072562312959182, 1.4024657757114494, 1.4690763553789117, 1.4352382086312834, 1.3078676789813133, 1.2336627867197074, 1.2117583717879756, 1.0914323600059634]",40,True,81,0.2442732516826255,0.45353823673023896,,1,0.17272727272727273,7.778174593052023
20260927T095930443635Z_577f21e5,HEUR,2,0.33,5,5,6,5.5,5.5,0.19,0.5,10,2,5760.0,"[0.8592549273600911, 0.6058380411445193, 0.4316697215292379, 0.32461244914431125, 0.29898418014229616, 0.3853292566116986, 0.6184818884427356, 0.9112753545916268, 1.124060711596949, 1.0918553682168552, 1.0519012231472415, 1.0604058710082023, 1.1010962834034748, 1.1484706050156464, 1.2414843039249468, 1.286522046207647, 1.3072562312959182, 1.4024657757114494, 1.4690763553789117, 1.4352382086312834, 1.3078676789813133, 1.2336627867197074, 1.2117583717879756, 1.0914323600059634]",40,True,81,0.1,0.3524735497729915,,1,0.07071067811865475,7.778174593052023
20260927T095930443635Z_577f21e5,HEUR,2,0.33,5,5,6,5.5,5.5,0.19,0.5,10,2,5760.0,"[0.8592549273600911, 0.6058380411445193, 0.4316697215292379, 0.32461244914431125, 0.29898418014229616, 0.3853292566116986, 0.6184818884427356, 0.9112753545916268, 1.124060711596949, 1.0918553682168552, 1.0519012231472415, 1.0604058710082023, 1.1010962834034748, 1.1484706050156464, 1.2414843039249468, 1.286522046207647, 1.3072562312959182, 1.4024657757114494, 1.4690763553789117, 1.4352382086312834, 1.3078676789813133, 1.2336627867197074, 1.2117583717879756, 1.0914323600059634]",40,True,81,0.2,0.3605958170645838,,1,0.1414213562373095,7.778174593052023
20260927T095930443635Z_577f21e5,HEUR,2,0.33,5,5,6,5.5,5.5,0.19,0.5,10,2,5760.0,"[0.8592549273600911, 0.6058380411445193, 0.4316697215292379, 0.32461244914431125, 0.29898418014229616, 0.3853292566116986, 0.6184818884427356, 0.9112753545916268, 1.124060711596949, 1.0918553682168552, 1.0519012231472415, 1.0604058710082023, 1.1010962834034748, 1.1484706050156464, 1.2414843039249468, 1.286522046207647, 1.3072562312959182, 1.4024657757114494, 1.4690763553789117, 1.4352382086312834, 1.3078676789813133, 1.2336627867197074, 1.2117583717879756, 1.0914323600059634]",40,True,81,0.2442732516826255,0.36868657916146574,,1,0.17272727272727273,7.778174593052023
20260927T095930443635Z_577f21e5,HEUR,2,0.33,5,5,6,6.0,5.5,0.19,0.5,10,2,5760.0,"[0.8592549273600911, 0.6058380411445193, 0.4316697215292379, 0.32461244914431125, 0.29898418014229616, 0.3853292566116986, 0.6184818884427356, 0.9112753545916268, 1.124060711596949, 1.0918553682168552, 1.0519012231472415, 1.0604058710082023, 1.1010962834034748, 1.1484706050156464, 1.2414843039249468, 1.286522046207647, 1.3072562312959182, 1.4024657757114494, 1.4690763553789117, 1.4352382086312834, 1.3078676789813133, 1.2336627867197074, 1.2117583717879756, 1.0914323600059634]",40,True,81,0.1,0.3714433205270577,,1,0.07071067811865475,7.778174593052023
20260927T095930443635Z_577f21e5,HEUR,2,0.33,5,5,6,6.0,5.5,0.19,0.5,10,2,5760.0,"[0.8592549273600911, 0.6058380411445193, 0.4316697215292379, 0.32461244914431125, 0.29898418014229616, 0.3853292566116986, 0.6184818884427356, 0.9112753545916268, 1.124060711596949, 1.0918553682168552, 1.0519012231472415, 1.0604058710082023, 1.1010962834034748, 1.1484706050156464, 1.2414843039249468, 1.286522046207647, 1.3072562312959182, 1.4024657757114494, 1.4690763553789117, 1.4352382086312834, 1.3078676789813133, 1.2336627867197074, 1.2117583717879756, 1.0914323600059634]",40,True,81,0.2,0.38164725354922713,,1,0.1414213562373095,7.778174593052023
20260927T095930443635Z_577f21e5,HEUR,2,0.33,5,5,6,6.0,5.5,0.19,0.5,10,2,5760.0,"[0.8592549273600911, 0.6058380411445193, 0.4316697215292379, 0.32461244914431125, 0.29898418014229616, 0.3853292566116986, 0.6184818884427356, 0.9112753545916268, 1.124060711596949, 1.0918553682168552, 1.0519012231472415, 1.0604058710082023, 1.1010962834034748, 1.1484706050156464, 1.2414843039249468, 1.286522046207647, 1.3072562312959182, 1.4024657757114494, 1.4690763553789117, 1.4352382086312834, 1.3078676789813133, 1.2336627867197074, 1.2117583717879756, 1.0914323600059634]",40,True,81,0.2442732516826255,0.39099897311179344,,1,0.17272727272727273,7.778174593052023
20260927T095930443635Z_577f21e5,HEUR,2,0.5,5,5,6,5.5,5.5,0.19,0.5,10,2,5760.0,"[0.8592549273600911, 0.6058380411445193, 0.4316697215292379, 0.32461244914431125, 0.29898418014229616, 0.3853292566116986, 0.6184818884427356, 0.9112753545916268, 1.124060711596949, 1.0918553682168552, 1.0519012231472415, 1.0604058710082023, 1.1010962834034748, 1.1484706050156464, 1.2414843039249468, 1.286522046207647, 1.3072562312959182, 1.4024657757114494, 1.4690763553789117, 1.4352382086312834, 1.3078676789813133, 1.2336627867197074, 1.2117583717879756, 1.0914323600059634]",40,True,81,0.1,0.35464784371157354,,1,0.07071067811865475,7.778174593052023
20260927T095930443635Z_577f21e5,HEUR,2,0.5,5,5,6,5.5,5.5,0.19,0.5,10,2,5760.0,"[0.8592549273600911, 0.6058380411445193, 0.4316697215292379, 0.32461244914431125, 0.29898418014229616, 0.3853292566116986, 0.6184818884427356, 0.9112753545916268, 1.124060711596949, 1.0918553682168552, 1.0519012231472415, 1.0604058710082023, 1.1010962834034748, 1.1484706050156464, 1.2414843039249468, 1.286522046207647, 1.3072562312959182, 1.4024657757114494, 1.4690763553789117, 1.4352382086312834, 1.3078676789813133, 1.2336627867197074, 1.2117583717879756, 1.0914323600059634]",40,True,81,0.2,0.3715725602774784,,1,0.1414213562373095,7.778174593052023
20260927T095930443635Z_577f21e5,HEUR,2,0.5,5,5,6,5.5,5.5,0.19,0.5,10,2,5760.0,"[0.8592549273600911, 0.6058380411445193, 0.4316697215292379, 0.32461244914431125, 0.29898418014229616, 0.3853292566116986, 0.6184818884427356, 0.9112753545916268, 1.124060711596949, 1.0918553682168552, 1.0519012231472415, 1.0604058710082023, 1.1010962834034748, 1.1484706050156464, 1.2414843039249468, 1.286522046207647, 1.3072562312959182, 1.4024657757114494, 1.4690763553789117, 1.4352382086312834, 1.3078676789813133, 1.2336627867197074, 1.2117583717879756, 1.0914323600059634]",40,True,81,0.2442732516826255,0.40912079252016903,,1,0.17272727272727273,7.778174593052023
20260927T095930443635Z_577f21e5,HEUR,2,0.5,5,5,6,6.0,5.5,0.19,0.5,10,2,5760.0,"[0.8592549273600911, 0.6058380411445193, 0.4316697215292379, 0.32461244914431125, 0.29898418014229616, 0.3853292566116986, 0.6184818884427356, 0.9112753545916268, 1.124060711596949, 1.0918553682168552, 1.0519012231472415, 1.0604058710082023, 1.1010962834034748, 1.1484706050156464, 1.2414843039249468, 1.286522046207647, 1.3072562312959182, 1.4024657757114494, 1.4690763553789117, 1.4352382086312834, 1.3078676789813133, 1.2336627867197074, 1.2117583717879756, 1.0914323600059634]",40,True,81,0.1,0.3710012034774635,,1,0.07071067811865475,7.778174593052023
20260927T095930443635Z_577f21e5,HEUR,2,0.5,5,5,6,6.0,5.5,0.19,0.5,10,2,5760.0,"[0.8592549273600911, 0.6058380411445193, 0.4316697215292379, 0.32461244914431125, 0.29898418014229616, 0.3853292566116986, 0.6184818884427356, 0.9112753545916268, 1.124060711596949, 1.0918553682168552, 1.0519012231472415, 1.0604058710082023, 1.1010962834034748, 1.1484706050156464, 1.2414843039249468, 1.286522046207647, 1.3072562312959182, 1.4024657757114494, 1.4690763553789117, 1.4352382086312834, 1.3078676789813133, 1.2336627867197074, 1.2117583717879756, 1.0914323600059634]",40,True,81,0.2,0.39050793212519214,,1,0.1414213562373095,7.778174593052023
20260927T095930443635Z_577f21e5,HEUR,2,0.5,5,5,6,6.0,5.5,0.19,0.5,10,2,5760.0,"[0.8592549273600911, 0.6058380411445193, 0.4316697215292379, 0.32461244914431125, 0.29898418014229616, 0.3853292566116986, 0.6184818884427356, 0.9112753545916268, 1.124060711596949, 1.0918553682168552, 1.0519012231472415, 1.0604058710082023, 1.1010962834034748, 1.1484706050156464, 1.2414843039249468, 1.286522046207647, 1.3072562312959182, 1.4024657757114494, 1.4690763553789117, 1.4352382086312834, 1.3078676789813133, 1.2336627867197074, 1.2117583717879756, 1.0914323600059634]",40,True,81,0.2442732516826255,0.43348415290319214,,1,0.17272727272727273,7.778174593052023
20260927T095930443635Z_577f21e5,HEUR,2,0.67,5,5,6,5.5,5.5,0.19,0.5,10,2,5760.0,"[0.8592549273600911, 0.6058380411445193, 0.4316697215292379, 0.32461244914431125, 0.29898418014229616, 0.3853292566116986, 0.6184818884427356, 0.9112753545916268, 1.124060711596949, 1.0918553682168552, 1.0519012231472415, 1.0604058710082023, 1.1010962834034748, 1.1484706050156464, 1.2414843039249468, 1.286522046207647, 1.3072562312959182, 1.4024657757114494, 1.4690763553789117, 1.4352382086312834, 1.3078676789813133, 1.2336627867197074, 1.2117583717879756, 1.0914323600059634]",40,True,81,0.1,0.39790370475113124,,1,0.07071067811865475,7.778174593052023
20260927T095930443635Z_577f21e5,HEUR,2,0.67,5,5,6,5.5,5.5,0.19,0.5,10,2,5760.0,"[0.8592549273600911, 0.6058380411445193, 0.4316697215292379, 0.32461244914431125, 0.29898418014229616, 0.3853292566116986, 0.6184818884427356, 0.9112753545916268, 1.124060711596949, 1.0918553682168552, 1.0519012231472415, 1.0604058710082023, 1.1010962834034748, 1.1484706050156464, 1.2414843039249468, 1.286522046207647, 1.3072562312959182, 1.4024657757114494, 1.4690763553789117, 1.4352382086312834, 1.3078676789813133, 1.2336627867197074, 1.2117583717879756, 1.0914323600059634]",40,True,81,0.2,0.42536017310152047,,1,0.1414213562373095,7.778174593052023
20260927T095930443635Z_577f21e5,HEUR,2,0.67,5,5,6,5.5,5.5,0.19,0.5,10,2,5760.0,"[0.8592549273600911, 0.6058380411445193, 0.4316697215292379, 0.32461244914431125, 0.29898418014229616, 0.3853292566116986, 0.6184818884427356, 0.9112753545916268, 1.124060711596949, 1.0918553682168552, 1.0519012231472415, 1.0604058710082023, 1.1010962834034748, 1.1484706050156464, 1.2414843039249468, 1.286522046207647, 1.3072562312959182, 1.4024657757114494, 1.4690763553789117, 1.4352382086312834, 1.3078676789813133, 1.2336627867197074, 1.2117583717879756, 1.0914323600059634]",40,True,81,0.2442732516826255,0.4525205435498093,,1,0.17272727272727273,7.778174593052023
20260927T095930443635Z_577f21e5,HEUR,2,0.67,5,5,6,6.0,5.5,0.19,0.5,10,2,5760.0,"[0.8592549273600911, 0.6058380411445193, 0.4316697215292379, 0.32461244914431125, 0.29898418014229616, 0.3853292566116986, 0.6184818884427356, 0.9112753545916268, 1.124060711596949, 1.0918553682168552, 1.0519012231472415, 1.0604058710082023, 1.1010962834034748, 1.1484706050156464, 1.2414843039249468, 1.286522046207647, 1.3072562312959182, 1.4024657757114494, 1.4690763553789117, 1.4352382086312834, 1.3078676789813133, 1.2336627867197074, 1.2117583717879756, 1.0914323600059634]",40,True,81,0.1,0.41647211135242856,,1,0.07071067811865475,7.778174593052023
20260927T095930443635Z_577f21e5,HEUR,2,0.67,5,5,6,6.0,5.5,0.19,0.5,10,2,5760.0,"[0.8592549273600911, 0.6058380411445193, 0.4316697215292379, 0.32461244914431125, 0.29898418014229616, 0.3853292566116986, 0.6184818884427356, 0.9112753545916268, 1.124060711596949, 1.0918553682168552, 1.0519012231472415, 1.0604058710082023, 1.1010962834034748, 1.1484706050156464, 1.2414843039249468, 1.286522046207647, 1.3072562312959182, 1.4024657757114494, 1.4690763553789117, 1.4352382086312834, 1.3078676789813133, 1.2336627867197074, 1.2117583717879756, 1.0914323600059634]",40,True,81,0.2,0.4490766943096656,,1,0.1414213562373095,7.778174593052023
20260927T095930443635Z_577f21e5,HEUR,2,0.67,5,5,6,6.0,5.5,0.19,0.5,10,2,5760.0,"[0.8592549273600911, 0.6058380411445193, 0.4316697215292379, 0.32461244914431125, 0.29898418014229616, 0.3853292566116986, 0.6184818884427356, 0.9112753545916268, 1.124060711596949, 1.0918553682168552, 1.0519012231472415, 1.0604058710082023, 1.1010962834034748, 1.1484706050156464, 1.2414843039249468, 1.286522046207647, 1.3072562312959182, 1.4024657757114494, 1.4690763553789117, 1.4352382086312834, 1.3078676789813133, 1.2336627867197074, 1.2117583717879756, 1.0914323600059634]",40,True,81,0.2442732516826255,0.4813607258394177,,1,0.17272727272727273,7.778174593052023
20260927T095930443635Z_577f21e5,HEUR,2,0.83,5,5,6,5.5,5.5,0.19,0.5,10,2,5760.0,"[0.8592549273600911, 0.6058380411445193, 0.4316697215292379, 0.32461244914431125, 0.29898418014229616, 0.3853292566116986, 0.6184818884427356, 0.9112753545916268, 1.124060711596949, 1.0918553682168552, 1.0519012231472415, 1.0604058710082023, 1.1010962834034748, 1.1484706050156464, 1.2414843039249468, 1.286522046207647, 1.3072562312959182, 1.4024657757114494, 1.4690763553789117, 1.4352382086312834, 1.3078676789813133, 1.2336627867197074, 1.2117583717879756, 1.0914323600059634]",40,True,81,0.1,0.36752060284767807,,1,0.07071067811865475,7.778174593052023
20260927T095930443635Z_577f21e5,HEUR,2,0.83,5,5,6,5.5,5.5,0.19,0.5,10,2,5760.0,"[0.8592549273600911, 0.6058380411445193, 0.4316697215292379, 0.32461244914431125, 0.29898418014229616, 0.3853292566116986, 0.6184818884427356, 0.9112753545916268, 1.124060711596949, 1.0918553682168552, 1.0519012231472415, 1.0604058710082023, 1.1010962834034748, 1.1484706050156464, 1.2414843039249468, 1.286522046207647, 1.3072562312959182, 1.4024657757114494, 1.4690763553789117, 1.4352382086312834, 1.3078676789813133, 1.2336627867197074, 1.2117583717879756, 1.0914323600059634]",40,True,81,0.2,0.47922755032777786,,1,0.1414213562373095,7.778174593052023
20260927T095930443635Z_577f21e5,HEUR,2,0.83,5,5,6,5.5,5.5,0.19,0.5,10,2,5760.0,"[0.8592549273600911, 0.6058380411445193, 0.4316697215292379, 0.32461244914431125, 0.29898418014229616, 0.3853292566116986, 0.6184818884427356, 0.9112753545916268, 1.124060711596949, 1.0918553682168552, 1.0519012231472415, 1.0604058710082023, 1.1010962834034748, 1.1484706050156464, 1.2414843039249468, 1.286522046207647, 1.3072562312959182, 1.4024657757114494, 1.4690763553789117, 1.4352382086312834, 1.3078676789813133, 1.2336627867197074, 1.2117583717879756, 1.0914323600059634]",40,True,81,0.2442732516826255,0.5234136578588483,,1,0.17272727272727273,7.778174593052023
20260927T095930443635Z_577f21e5,HEUR,2,0.83,5,5,6,6.0,5.5,0.19,0.5,10,2,5760.0,"[0.8592549273600911, 0.6058380411445193, 0.4316697215292379, 0.32461244914431125, 0.29898418014229616, 0.3853292566116986, 0.6184818884427356, 0.9112753545916268, 1.124060711596949, 1.0918553682168552, 1.0519012231472415, 1.0604058710082023, 1.1010962834034748, 1.1484706050156464, 1.2414843039249468, 1.286522046207647, 1.3072562312959182, 1.4024657757114494, 1.4690763553789117, 1.4352382086312834, 1.3078676789813133, 1.2336627867197074, 1.2117583717879756, 1.0914323600059634]",40,True,81,0.1,0.37865955795195694,,1,0.07071067811865475,7.778174593052023
20260927T095930443635Z_577f21e5,HEUR,2,0.83,5,5,6,6.0,5.5,0.19,0.5,10,2,5760.0,"[0.8592549273600911, 0.6058380411445193, 0.4316697215292379, 0.32461244914431125, 0.29898418014229616, 0.3853292566116986, 0.6184818884427356, 0.9112753545916268, 1.124060711596949, 1.0918553682168552, 1.0519012231472415, 1.0604058710082023, 1.1010962834034748, 1.1484706050156464, 1.2414843039249468, 1.286522046207647, 1.3072562312959182, 1.4024657757114494, 1.4690763553789117, 1.4352382086312834, 1.3078676789813133, 1.2336627867197074, 1.2117583717879756, 1.0914323600059634]",40,True,81,0.2,0.50723168750604,,1,0.1414213562373095,7.778174593052023
20260927T095930443635Z_577f21e5,HEUR,2,0.83,5,5,6,6.0,5.5,0.19,0.5,10,2,5760.0,"[0.8592549273600911, 0.6058380411445193, 0.4316697215292379, 0.32461244914431125, 0.29898418014229616, 0.3853292566116986, 0.6184818884427356, 0.9112753545916268, 1.124060711596949, 1.0918553682168552, 1.0519012231472415, 1.0604058710082023, 1.1010962834034748, 1.1484706050156464, 1.2414843039249468, 1.286522046207647, 1.3072562312959182, 1.4024657757114494, 1.4690763553789117, 1.4352382086312834, 1.3078676789813133, 1.2336627867197074, 1.2117583717879756, 1.0914323600059634]",40,True,81,0.2442732516826255,0.5567995846926511,,1,0.17272727272727273,7.778174593052023
20260927T095930443635Z_577f21e5,HEUR,2,1.0,5,5,6,5.5,5.5,0.19,0.5,10,2,5760.0,"[0.8592549273600911, 0.6058380411445193, 0.4316697215292379, 0.32461244914431125, 0.29898418014229616, 0.3853292566116986, 0.6184818884427356, 0.9112753545916268, 1.124060711596949, 1.0918553682168552, 1.0519012231472415, 1.0604058710082023, 1.1010962834034748, 1.1484706050156464, 1.2414843039249468, 1.286522046207647, 1.3072562312959182, 1.4024657757114494, 1.4690763553789117, 1.4352382086312834, 1.3078676789813133, 1.2336627867197074, 1.2117583717879756, 1.0914323600059634]",40,True,81,0.1,0.4136124018809242,,1,0.07071067811865475,7.778174593052023
20260927T095930443635Z_577f21e5,HEUR,2,1.0,5,5,6,5.5,5.5,0.19,0.5,10,2,5760.0,"[0.8592549273600911, 0.6058380411445193, 0.4316697215292379, 0.32461244914431125, 0.29898418014229616, 0.3853292566116986, 0.6184818884427356, 0.9112753545916268, 1.124060711596949, 1.0918553682168552, 1.0519012231472415, 1.0604058710082023, 1.1010962834034748, 1.1484706050156464, 1.2414843039249468, 1.286522046207647, 1.3072562312959182, 1.4024657757114494, 1.4690763553789117, 1.4352382086312834, 1.3078676789813133, 1.2336627867197074, 1.2117583717879756, 1.0914323600059634]",40,True,81,0.2,0.45989178902692623,,1,0.1414213562373095,7.778174593052023
20260927T095930443635Z_577f21e5,HEUR,2,1.0,5,5,6,5.5,5.5,0.19,0.5,10,2,5760.0,"[0.8592549273600911, 0.6058380411445193, 0.4316697215292379, 0.32461244914431125, 0.29898418014229616, 0.3853292566116986, 0.6184818884427356, 0.9112753545916268, 1.124060711596949, 1.0918553682168552, 1.0519012231472415, 1.0604058710082023, 1.1010962834034748, 1.1484706050156464, 1.2414843039249468, 1.286522046207647, 1.3072562312959182, 1.4024657757114494, 1.4690763553789117, 1.4352382086312834, 1.3078676789813133, 1.2336627867197074, 1.2117583717879756, 1.0914323600059634]",40,True,81,0.2442732516826255,0.5134026581570078,,1,0.17272727272727273,7.778174593052023
20260927T095930443635Z_577f21e5,HEUR,2,1.0,5,5,6,6.0,5.5,0.19,0.5,10,2,5760.0,"[0.8592549273600911, 0.6058380411445193, 0.4316697215292379, 0.32461244914431125, 0.29898418014229616, 0.3853292566116986, 0.6184818884427356, 0.9112753545916268, 1.124060711596949, 1.0918553682168552, 1.0519012231472415, 1.0604058710082023, 1.1010962834034748, 1.1484706050156464, 1.2414843039249468, 1.286522046207647, 1.3072562312959182, 1.4024657757114494, 1.4690763553789117, 1.4352382086312834, 1.3078676789813133, 1.2336627867197074, 1.2117583717879756, 1.0914323600059634]",40,True,81,0.1,0.4302682462852887,,1,0.07071067811865475,7.778174593052023
20260927T095930443635Z_577f21e5,HEUR,2,1.0,5,5,6,6.0,5.5,0.19,0.5,10,2,5760.0,"[0.8592549273600911, 0.6058380411445193, 0.4316697215292379, 0.32461244914431125, 0.29898418014229616, 0.3853292566116986, 0.6184818884427356, 0.9112753545916268, 1.124060711596949, 1.0918553682168552, 1.0519012231472415, 1.0604058710082023, 1.1010962834034748, 1.1484706050156464, 1.2414843039249468, 1.286522046207647, 1.3072562312959182, 1.4024657757114494, 1.4690763553789117, 1.4352382086312834, 1.3078676789813133, 1.2336627867197074, 1.2117583717879756, 1.0914323600059634]",40,True,81,0.2,0.483342975373275,,1,0.1414213562373095,7.778174593052023
20260927T095930443635Z_577f21e5,HEUR,2,1.0,5,5,6,6.0,5.5,0.19,0.5,10,2,5760.0,"[0.8592549273600911, 0.6058380411445193, 0.4316697215292379, 0.32461244914431125, 0.29898418014229616, 0.3853292566116986, 0.6184818884427356, 0.9112753545916268, 1.124060711596949, 1.0918553682168552, 1.0519012231472415, 1.0604058710082023, 1.1010962834034748, 1.1484706050156464, 1.2414843039249468, 1.286522046207647, 1.3072562312959182, 1.4024657757114494, 1.4690763553789117, 1.4352382086312834, 1.3078676789813133, 1.2336627867197074, 1.2117583717879756, 1.0914323600059634]",40,True,81,0.2442732516826255,0.5454141213928885,,1,0.17272727272727273,7.778174593052023
20260927T095930443635Z_577f21e5,HEUR,5,0.33,5,5,6,5.5,5.5,0.19,0.5,10,2,5760.0,"[0.8592549273600911, 0.6058380411445193, 0.4316697215292379, 0.32461244914431125, 0.29898418014229616, 0.3853292566116986, 0.6184818884427356, 0.9112753545916268, 1.124060711596949, 1.0918553682168552, 1.0519012231472415, 1.0604058710082023, 1.1010962834034748, 1.1484706050156464, 1.2414843039249468, 1.286522046207647, 1.3072562312959182, 1.4024657757114494, 1.4690763553789117, 1.4352382086312834, 1.3078676789813133, 1.2336627867197074, 1.2117583717879756, 1.0914323600059634]",40,True,81,0.1,0.29860449193235156,,1,0.07071067811865475,7.778174593052023
20260927T095930443635Z_577f21e5,HEUR,5,0.33,5,5,6,5.5,5.5,0.19,0.5,10,2,5760.0,"[0.8592549273600911, 0.6058380411445193, 0.4316697215292379, 0.32461244914431125, 0.29898418014229616, 0.3853292566116986, 0.6184818884427356, 0.9112753545916268, 1.124060711596949, 1.0918553682168552, 1.0519012231472415, 1.0604058710082023, 1.1010962834034748, 1.1484706050156464, 1.2414843039249468, 1.286522046207647, 1.3072562312959182, 1.4024657757114494, 1.4690763553789117, 1.4352382086312834, 1.3078676789813133, 1.2336627867197074, 1.2117583717879756, 1.0914323600059634]",40,True,81,0.2,0.46206682658209736,,1,0.1414213562373095,7.778174593052023
20260927T095930443635Z_577f21e5,HEUR,5,0.33,5,5,6,5.5,5.5,0.19,0.5,10,2,5760.0,"[0.8592549273600911, 0.6058380411445193, 0.4316697215292379, 0.32461244914431125, 0.29898418014229616, 0.3853292566116986, 0.6184818884427356, 0.9112753545916268, 1.124060711596949, 1.0918553682168552, 1.0519012231472415, 1.0604058710082023, 1.1010962834034748, 1.1484706050156464, 1.2414843039249468, 1.286522046207647, 1.3072562312959182, 1.4024657757114494, 1.4690763553789117, 1.4352382086312834, 1.3078676789813133, 1.2336627867197074, 1.2117583717879756, 1.0914323600059634]",40,True,81,0.2442732516826255,0.46576012908138176,,1,0.17272727272727273,7.778174593052023
20260927T095930443635Z_577f21e5,HEUR,5,0.33,5,5,6,6.0,5.5,0.19,0.5,10,2,5760.0,"[0.8592549273600911, 0.6058380411445193, 0.4316697215292379, 0.32461244914431125, 0.29898418014229616, 0.3853292566116986, 0.6184818884427356, 0.9112753545916268, 1.124060711596949, 1.0918553682168552, 1.0519012231472415, 1.0604058710082023, 1.1010962834034748, 1.1484706050156464, 1.2414843039249468, 1.286522046207647, 1.3072562312959182, 1.4024657757114494, 1.4690763553789117, 1.4352382086312834, 1.3078676789813133, 1.2336627867197074, 1.2117583717879756, 1.0914323600059634]",40,True,81,0.1,0.3140237420379101,,1,0.07071067811865475,7.778174593052023
20260927T095930443635Z_577f21e5,HEUR,5,0.33,5,5,6,6.0,5.5,0.19,0.5,10,2,5760.0,"[0.8592549273600911, 0.6058380411445193, 0.4316697215292379, 0.32461244914431125, 0.29898418014229616, 0.3853292566116986, 0.6184818884427356, 0.9112753545916268, 1.124060711596949, 1.0918553682168552, 1.0519012231472415, 1.0604058710082023, 1.1010962834034748, 1.1484706050156464, 1.2414843039249468, 1.286522046207647, 1.3072562312959182, 1.4024657757114494, 1.4690763553789117, 1.4352382086312834, 1.3078676789813133, 1.2336627867197074, 1.2117583717879756, 1.0914323600059634]",40,True,81,0.2,0.49625545731821125,,1,0.1414213562373095,7.778174593052023
20260927T095930443635Z_577f21e5,HEUR,5,0.33,5,5,6,6.0,5.5,0.19,0.5,10,2,5760.0,"[0.8592549273600911, 0.6058380411445193, 0.4316697215292379, 0.32461244914431125, 0.29898418014229616, 0.3853292566116986, 0.6184818884427356, 0.9112753545916268, 1.124060711596949, 1.0918553682168552, 1.0519012231472415, 1.0604058710082023, 1.1010962834034748, 1.1484706050156464, 1.2414843039249468, 1.286522046207647, 1.3072562312959182, 1.4024657757114494, 1.4690763553789117, 1.4352382086312834, 1.3078676789813133, 1.2336627867197074, 1.2117583717879756, 1.0914323600059634]",40,True,81,0.2442732516826255,0.5022753128812885,,1,0.17272727272727273,7.778174593052023
20260927T095930443635Z_577f21e5,HEUR,5,0.5,5,5,6,5.5,5.5,0.19,0.5,10,2,5760.0,"[0.8592549273600911, 0.6058380411445193, 0.4316697215292379, 0.32461244914431125, 0.29898418014229616, 0.3853292566116986, 0.6184818884427356, 0.9112753545916268, 1.124060711596949, 1.0918553682168552, 1.0519012231472415, 1.0604058710082023, 1.1010962834034748, 1.1484706050156464, 1.2414843039249468, 1.286522046207647, 1.3072562312959182, 1.4024657757114494, 1.4690763553789117, 1.4352382086312834, 1.3078676789813133, 1.2336627867197074, 1.2117583717879756, 1.0914323600059634]",40,True,81,0.1,0.3568775744857221,,1,0.07071067811865475,7.778174593052023
20260927T095930443635Z_577f21e5,HEUR,5,0.5,5,5,6,5.5,5.5,0.19,0.5,10,2,5760.0,"[0.8592549273600911, 0.6058380411445193, 0.4316697215292379, 0.32461244914431125, 0.29898418014229616, 0.3853292566116986, 0.6184818884427356, 0.9112753545916268, 1.124060711596949, 1.0918553682168552, 1.0519012231472415, 1.0604058710082023, 1.1010962834034748, 1.1484706050156464, 1.2414843039249468, 1.286522046207647, 1.3072562312959182, 1.4024657757114494, 1.4690763553789117, 1.4352382086312834, 1.3078676789813133, 1.2336627867197074, 1.2117583717879756, 1.0914323600059634]",40,True,81,0.2,0.491230903089132,,1,0.1414213562373095,7.778174593052023
20260927T095930443635Z_577f21e5,HEUR,5,0.5,5,5,6,5.5,5.5,0.19,0.5,10,2,5760.0,"[0.8592549273600911, 0.6058380411445193, 0.4316697215292379, 0.32461244914431125, 0.29898418014229616, 0.3853292566116986, 0.6184818884427356, 0.9112753545916268, 1.124060711596949, 1.0918553682168552, 1.0519012231472415, 1.0604058710082023, 1.1010962834034748, 1.1484706050156464, 1.2414843039249468, 1.286522046207647, 1.3072562312959182, 1.4024657757114494, 1.4690763553789117, 1.4352382086312834, 1.3078676789813133, 1.2336627867197074, 1.2117583717879756, 1.0914323600059634]",40,True,81,0.2442732516826255,0.490584628571231,,1,0.17272727272727273,7.778174593052023
20260927T095930443635Z_577f21e5,HEUR,5,0.5,5,5,6,6.0,5.5,0.19,0.5,10,2,5760.0,"[0.8592549273600911, 0.6058380411445193, 0.4316697215292379, 0.32461244914431125, 0.29898418014229616, 0.3853292566116986, 0.6184818884427356, 0.9112753545916268, 1.124060711596949, 1.0918553682168552, 1.0519012231472415, 1.0604058710082023, 1.1010962834034748, 1.1484706050156464, 1.2414843039249468, 1.286522046207647, 1.3072562312959182, 1.4024657757114494, 1.4690763553789117, 1.4352382086312834, 1.3078676789813133, 1.2336627867197074, 1.2117583717879756, 1.0914323600059634]",40,True,81,0.1,0.37432107185052965,,1,0.07071067811865475,7.778174593052023
20260927T095930443635Z_577f21e5,HEUR,5,0.5,5,5,6,6.0,5.5,0.19,0.5,10,2,5760.0,"[0.8592549273600911, 0.6058380411445193, 0.4316697215292379, 0.32461244914431125, 0.29898418014229616, 0.3853292566116986, 0.6184818884427356, 0.9112753545916268, 1.124060711596949, 1.0918553682168552, 1.0519012231472415, 1.0604058710082023, 1.1010962834034748, 1.1484706050156464, 1.2414843039249468, 1.286522046207647, 1.3072562312959182, 1.4024657757114494, 1.4690763553789117, 1.4352382086312834, 1.3078676789813133, 1.2336627867197074, 1.2117583717879756, 1.0914323600059634]",40,True,81,0.2,0.527493439377466,,1,0.1414213562373095,7.778174593052023
20260927T095930443635Z_577f21e5,HEUR,5,0.5,5,5,6,6.0,5.5,0.19,0.5,10,2,5760.0,"[0.8592549273600911, 0.6058380411445193, 0.4316697215292379, 0.32461244914431125, 0.29898418014229616, 0.3853292566116986, 0.6184818884427356, 0.9112753545916268, 1.124060711596949, 1.0918553682168552, 1.0519012231472415, 1.0604058710082023, 1.1010962834034748, 1.1484706050156464, 1.2414843039249468, 1.286522046207647, 1.3072562312959182, 1.4024657757114494, 1.4690763553789117, 1.4352382086312834, 1.3078676789813133, 1.2336627867197074, 1.2117583717879756, 1.0914323600059634]",40,True,81,0.2442732516826255,0.5280402594179683,,1,0.17272727272727273,7.778174593052023
20260927T095930443635Z_577f21e5,HEUR,5,0.67,5,5,6,5.5,5.5,0.19,0.5,10,2,5760.0,"[0.8592549273600911, 0.6058380411445193, 0.4316697215292379, 0.32461244914431125, 0.29898418014229616, 0.3853292566116986, 0.6184818884427356, 0.9112753545916268, 1.124060711596949, 1.0918553682168552, 1.0519012231472415, 1.0604058710082023, 1.1010962834034748, 1.1484706050156464, 1.2414843039249468, 1.286522046207647, 1.3072562312959182, 1.4024657757114494, 1.4690763553789117, 1.4352382086312834, 1.3078676789813133, 1.2336627867197074, 1.2117583717879756, 1.0914323600059634]",40,True,81,0.1,0.4291396370810699,,1,0.07071067811865475,7.778174593052023
20260927T095930443635Z_577f21e5,HEUR,5,0.67,5,5,6,5.5,5.5,0.19,0.5,10,2,5760.0,"[0.8592549273600911, 0.6058380411445193, 0.4316697215292379, 0.32461244914431125, 0.29898418014229616, 0.3853292566116986, 0.6184818884427356, 0.9112753545916268, 1.124060711596949, 1.0918553682168552, 1.0519012231472415, 1.0604058710082023, 1.1010962834034748, 1.1484706050156464, 1.2414843039249468, 1.286522046207647, 1.3072562312959182, 1.4024657757114494, 1.4690763553789117, 1.4352382086312834, 1.3078676789813133, 1.2336627867197074, 1.2117583717879756, 1.0914323600059634]",40,True,81,0.2,0.5431975927142964,,1,0.1414213562373095,7.778174593052023
20260927T095930443635Z_577f21e5,HEUR,5,0.67,5,5,6,5.5,5.5,0.19,0.5,10,2,5760.0,"[0.8592549273600911, 0.6058380411445193, 0.4316697215292379, 0.32461244914431125, 0.29898418014229616, 0.3853292566116986, 0.6184818884427356, 0.9112753545916268, 1.124060711596949, 1.0918553682168552, 1.0519012231472415, 1.0604058710082023, 1.1010962834034748, 1.1484706050156464, 1.2414843039249468, 1.286522046207647, 1.3072562312959182, 1.4024657757114494, 1.4690763553789117, 1.4352382086312834, 1.3078676789813133, 1.2336627867197074, 1.2117583717879756, 1.0914323600059634]",40,True,81,0.2442732516826255,0.5833749670165662,,1,0.17272727272727273,7.778174593052023
20260927T095930443635Z_577f21e5,HEUR,5,0.67,5,5,6,6.0,5.5,0.19,0.5,10,2,5760.0,"[0.8592549273600911, 0.6058380411445193, 0.4316697215292379, 0.32461244914431125, 0.29898418014229616, 0.3853292566116986, 0.6184818884427356, 0.9112753545916268, 1.124060711596949, 1.0918553682168552, 1.0519012231472415, 1.0604058710082023, 1.1010962834034748, 1.1484706050156464, 1.2414843039249468, 1.286522046207647, 1.3072562312959182, 1.4024657757114494, 1.4690763553789117, 1.4352382086312834, 1.3078676789813133, 1.2336627867197074, 1.2117583717879756, 1.0914323600059634]",40,True,81,0.1,0.45373246155463826,,1,0.07071067811865475,7.778174593052023
20260927T095930443635Z_577f21e5,HEUR,5,0.67,5,5,6,6.0,5.5,0.19,0.5,10,2,5760.0,"[0.8592549273600911, 0.6058380411445193, 0.4316697215292379, 0.32461244914431125, 0.29898418014229616, 0.3853292566116986, 0.6184818884427356, 0.9112753545916268, 1.124060711596949, 1.0918553682168552, 1.0519012231472415, 1.0604058710082023, 1.1010962834034748, 1.1484706050156464, 1.2414843039249468, 1.286522046207647, 1.3072562312959182, 1.4024657757114494, 1.4690763553789117, 1.4352382086312834, 1.3078676789813133, 1.2336627867197074, 1.2117583717879756, 1.0914323600059634]",40,True,81,0.2,0.5857019823243137,,1,0.1414213562373095,7.778174593052023
20260927T095930443635Z_577f21e5,HEUR,5,0.67,5,5,6,6.0,5.5,0.19,0.5,10,2,5760.0,"[0.8592549273600911, 0.6058380411445193, 0.4316697215292379, 0.32461244914431125, 0.29898418014229616, 0.3853292566116986, 0.6184818884427356, 0.9112753545916268, 1.124060711596949, 1.0918553682168552, 1.0519012231472415, 1.0604058710082023, 1.1010962834034748, 1.1484706050156464, 1.2414843039249468, 1.286522046207647, 1.3072562312959182, 1.4024657757114494, 1.4690763553789117, 1.4352382086312834, 1.3078676789813133, 1.2336627867197074, 1.2117583717879756, 1.0914323600059634]",40,True,81,0.2442732516826255,0.6304820828186877,,1,0.17272727272727273,7.778174593052023
20260927T095930443635Z_577f21e5,HEUR,5,0.83,5,5,6,5.5,5.5,0.19,0.5,10,2,5760.0,"[0.8592549273600911, 0.6058380411445193, 0.4316697215292379, 0.32461244914431125, 0.29898418014229616, 0.3853292566116986, 0.6184818884427356, 0.9112753545916268, 1.124060711596949, 1.0918553682168552, 1.0519012231472415, 1.0604058710082023, 1.1010962834034748, 1.1484706050156464, 1.2414843039249468, 1.286522046207647, 1.3072562312959182, 1.4024657757114494, 1.4690763553789117, 1.4352382086312834, 1.3078676789813133, 1.2336627867197074, 1.2117583717879756, 1.0914323600059634]",40,True,81,0.1,0.4577226577056937,,1,0.07071067811865475,7.778174593052023
20260927T095930443635Z_577f21e5,HEUR,5,0.83,5,5,6,5.5,5.5,0.19,0.5,10,2,5760.0,"[0.8592549273600911, 0.6058380411445193, 0.4316697215292379, 0.32461244914431125, 0.29898418014229616, 0.3853292566116986, 0.6184818884427356, 0.9112753545916268, 1.124060711596949, 1.0918553682168552, 1.0519012231472415, 1.0604058710082023, 1.1010962834034748, 1.1484706050156464, 1.2414843039249468, 1.286522046207647, 1.3072562312959182, 1.4024657757114494, 1.4690763553789117, 1.4352382086312834, 1.3078676789813133, 1.2336627867197074, 1.2117583717879756, 1.0914323600059634]",40,True,81,0.2,0.6033020507217987,,1,0.1414213562373095,7.778174593052023
20260927T095930443635Z_577f21e5,HEUR,5,0.83,5,5,6,5.5,5.5,0.19,0.5,10,2,5760.0,"[0.8592549273600911, 0.6058380411445193, 0.4316697215292379, 0.32461244914431125, 0.29898418014229616, 0.3853292566116986, 0.6184818884427356, 0.9112753545916268, 1.124060711596949, 1.0918553682168552, 1.0519012231472415, 1.0604058710082023, 1.1010962834034748, 1.1484706050156464, 1.2414843039249468, 1.286522046207647, 1.3072562312959182, 1.4024657757114494, 1.4690763553789117, 1.4352382086312834, 1.3078676789813133, 1.2336627867197074, 1.2117583717879756, 1.0914323600059634]",40,True,81,0.2442732516826255,0.5867226516018248,,1,0.17272727272727273,7.778174593052023
20260927T095930443635Z_577f21e5,HEUR,5,0.83,5,5,6,6.0,5.5,0.19,0.5,10,2,5760.0,"[0.8592549273600911, 0.6058380411445193, 0.4316697215292379, 0.32461244914431125, 0.29898418014229616, 0.3853292566116986, 0.6184818884427356, 0.9112753545916268, 1.124060711596949, 1.0918553682168552, 1.0519012231472415, 1.0604058710082023, 1.1010962834034748, 1.1484706050156464, 1.2414843039249468, 1.286522046207647, 1.3072562312959182, 1.4024657757114494, 1.4690763553789117, 1.4352382086312834, 1.3078676789813133, 1.2336627867197074, 1.2117583717879756, 1.0914323600059634]",40,True,81,0.1,0.48304241641822826,,1,0.07071067811865475,7.778174593052023
20260927T095930443635Z_577f21e5,HEUR,5,0.83,5,5,6,6.0,5.5,0.19,0.5,10,2,5760.0,"[0.8592549273600911, 0.6058380411445193, 0.4316697215292379, 0.32461244914431125, 0.29898418014229616, 0.3853292566116986, 0.6184818884427356, 0.9112753545916268, 1.124060711596949, 1.0918553682168552, 1.0519012231472415, 1.0604058710082023, 1.1010962834034748, 1.1484706050156464, 1.2414843039249468, 1.286522046207647, 1.3072562312959182, 1.4024657757114494, 1.4690763553789117, 1.4352382086312834, 1.3078676789813133, 1.2336627867197074, 1.2117583717879756, 1.0914323600059634]",40,True,81,0.2,0.6508681260508024,,1,0.1414213562373095,7.778174593052023
20260927T095930443635Z_577f21e5,HEUR,5,0.83,5,5,6,6.0,5.5,0.19,0.5,10,2,5760.0,"[0.8592549273600911, 0.6058380411445193, 0.4316697215292379, 0.32461244914431125, 0.29898418014229616, 0.3853292566116986, 0.6184818884427356, 0.9112753545916268, 1.124060711596949, 1.0918553682168552, 1.0519012231472415, 1.0604058710082023, 1.1010962834034748, 1.1484706050156464, 1.2414843039249468, 1.286522046207647, 1.3072562312959182, 1.4024657757114494, 1.4690763553789117, 1.4352382086312834, 1.3078676789813133, 1.2336627867197074, 1.2117583717879756, 1.0914323600059634]",40,True,81,0.2442732516826255,0.6338217668694375,,1,0.17272727272727273,7.778174593052023
20260927T095930443635Z_577f21e5,HEUR,5,1.0,5,5,6,5.5,5.5,0.19,0.5,10,2,5760.0,"[0.8592549273600911, 0.6058380411445193, 0.4316697215292379, 0.32461244914431125, 0.29898418014229616, 0.3853292566116986, 0.6184818884427356, 0.9112753545916268, 1.124060711596949, 1.0918553682168552, 1.0519012231472415, 1.0604058710082023, 1.1010962834034748, 1.1484706050156464, 1.2414843039249468, 1.286522046207647, 1.3072562312959182, 1.4024657757114494, 1.4690763553789117, 1.4352382086312834, 1.3078676789813133, 1.2336627867197074, 1.2117583717879756, 1.0914323600059634]",40,True,81,0.1,0.44720998447455584,,1,0.07071067811865475,7.778174593052023
20260927T095930443635Z_577f21e5,HEUR,5,1.0,5,5,6,5.5,5.5,0.19,0.5,10,2,5760.0,"[0.8592549273600911, 0.6058380411445193, 0.4316697215292379, 0.32461244914431125, 0.29898418014229616, 0.3853292566116986, 0.6184818884427356, 0.9112753545916268, 1.124060711596949, 1.0918553682168552, 1.0519012231472415, 1.0604058710082023, 1.1010962834034748, 1.1484706050156464, 1.2414843039249468, 1.286522046207647, 1.3072562312959182, 1.4024657757114494, 1.4690763553789117, 1.4352382086312834, 1.3078676789813133, 1.2336627867197074, 1.2117583717879756, 1.0914323600059634]",40,True,81,0.2,0.5772255207504433,,1,0.1414213562373095,7.778174593052023
20260927T095930443635Z_577f21e5,HEUR,5,1.0,5,5,6,5.5,5.5,0.19,0.5,10,2,5760.0,"[0.8592549273600911, 0.6058380411445193, 0.4316697215292379, 0.32461244914431125, 0.29898418014229616, 0.3853292566116986, 0.6184818884427356, 0.9112753545916268, 1.124060711596949, 1.0918553682168552, 1.0519012231472415, 1.0604058710082023, 1.1010962834034748, 1.1484706050156464, 1.2414843039249468, 1.286522046207647, 1.3072562312959182, 1.4024657757114494, 1.4690763553789117, 1.4352382086312834, 1.3078676789813133, 1.2336627867197074, 1.2117583717879756, 1.0914323600059634]",40,True,81,0.2442732516826255,0.5681920314315252,,1,0.17272727272727273,7.778174593052023
20260927T095930443635Z_577f21e5,HEUR,5,1.0,5,5,6,6.0,5.5,0.19,0.5,10,2,5760.0,"[0.8592549273600911, 0.6058380411445193, 0.4316697215292379, 0.32461244914431125, 0.29898418014229616, 0.3853292566116986, 0.6184818884427356, 0.9112753545916268, 1.124060711596949, 1.0918553682168552, 1.0519012231472415, 1.0604058710082023, 1.1010962834034748, 1.1484706050156464, 1.2414843039249468, 1.286522046207647, 1.3072562312959182, 1.4024657757114494, 1.4690763553789117, 1.4352382086312834, 1.3078676789813133, 1.2336627867197074, 1.2117583717879756, 1.0914323600059634]",40,True,81,0.1,0.47155243920853374,,1,0.07071067811865475,7.778174593052023
20260927T095930443635Z_577f21e5,HEUR,5,1.0,5,5,6,6.0,5.5,0.19,0.5,10,2,5760.0,"[0.8592549273600911, 0.6058380411445193, 0.4316697215292379, 0.32461244914431125, 0.29898418014229616, 0.3853292566116986, 0.6184818884427356, 0.9112753545916268, 1.124060711596949, 1.0918553682168552, 1.0519012231472415, 1.0604058710082023, 1.1010962834034748, 1.1484706050156464, 1.2414843039249468, 1.286522046207647, 1.3072562312959182, 1.4024657757114494, 1.4690763553789117, 1.4352382086312834, 1.3078676789813133, 1.2336627867197074, 1.2117583717879756, 1.0914323600059634]",40,True,81,0.2,0.6213382680704915,,1,0.1414213562373095,7.778174593052023
20260927T095930443635Z_577f21e5,HEUR,5,1.0,5,5,6,6.0,5.5,0.19,0.5,10,2,5760.0,"[0.8592549273600911, 0.6058380411445193, 0.4316697215292379, 0.32461244914431125, 0.29898418014229616, 0.3853292566116986, 0.6184818884427356, 0.9112753545916268, 1.124060711596949, 1.0918553682168552, 1.0519012231472415, 1.0604058710082023, 1.1010962834034748, 1.1484706050156464, 1.2414843039249468, 1.286522046207647, 1.3072562312959182, 1.4024657757114494, 1.4690763553789117, 1.4352382086312834, 1.3078676789813133, 1.2336627867197074, 1.2117583717879756, 1.0914323600059634]",40,True,81,0.2442732516826255,0.6113684369266108,,1,0.17272727272727273,7.778174593052023
20260927T095930443635Z_577f21e5,HEUR,10,0.33,5,5,6,5.5,5.5,0.19,0.5,10,2,5760.0,"[0.8592549273600911, 0.6058380411445193, 0.4316697215292379, 0.32461244914431125, 0.29898418014229616, 0.3853292566116986, 0.6184818884427356, 0.9112753545916268, 1.124060711596949, 1.0918553682168552, 1.0519012231472415, 1.0604058710082023, 1.1010962834034748, 1.1484706050156464, 1.2414843039249468, 1.286522046207647, 1.3072562312959182, 1.4024657757114494, 1.4690763553789117, 1.4352382086312834, 1.3078676789813133, 1.2336627867197074, 1.2117583717879756, 1.0914323600059634]",40,True,81,0.1,0.37065040318127873,,1,0.07071067811865475,7.778174593052023
20260927T095930443635Z_577f21e5,HEUR,10,0.33,5,5,6,5.5,5.5,0.19,0.5,10,2,5760.0,"[0.8592549273600911, 0.6058380411445193, 0.4316697215292379, 0.32461244914431125, 0.29898418014229616, 0.3853292566116986, 0.6184818884427356, 0.9112753545916268, 1.124060711596949, 1.0918553682168552, 1.0519012231472415, 1.0604058710082023, 1.1010962834034748, 1.1484706050156464, 1.2414843039249468, 1.286522046207647, 1.3072562312959182, 1.4024657757114494, 1.4690763553789117, 1.4352382086312834, 1.3078676789813133, 1.2336627867197074, 1.2117583717879756, 1.0914323600059634]",40,True,81,0.2,0.5259338225769062,,1,0.1414213562373095,7.778174593052023
20260927T095930443635Z_577f21e5,HEUR,10,0.33,5,5,6,5.5,5.5,0.19,0.5,10,2,5760.0,"[0.8592549273600911, 0.6058380411445193, 0.4316697215292379, 0.32461244914431125, 0.29898418014229616, 0.3853292566116986, 0.6184818884427356, 0.9112753545916268, 1.124060711596949, 1.0918553682168552, 1.0519012231472415, 1.0604058710082023, 1.1010962834034748, 1.1484706050156464, 1.2414843039249468, 1.286522046207647, 1.3072562312959182, 1.4024657757114494, 1.4690763553789117, 1.4352382086312834, 1.3078676789813133, 1.2336627867197074, 1.2117583717879756, 1.0914323600059634]",40,True,81,0.2442732516826255,0.5738145834079941,,1,0.17272727272727273,7.778174593052023
20260927T095930443635Z_577f21e5,HEUR,10,0.33,5,5,6,6.0,5.5,0.19,0.5,10,2,5760.0,"[0.8592549273600911, 0.6058380411445193, 0.4316697215292379, 0.32461244914431125, 0.29898418014229616, 0.3853292566116986, 0.6184818884427356, 0.9112753545916268, 1.124060711596949, 1.0918553682168552, 1.0519012231472415, 1.0604058710082023, 1.1010962834034748, 1.1484706050156464, 1.2414843039249468, 1.286522046207647, 1.3072562312959182, 1.4024657757114494, 1.4690763553789117, 1.4352382086312834, 1.3078676789813133, 1.2336627867197074, 1.2117583717879756, 1.0914323600059634]",40,True,81,0.1,0.3936452112015976,,1,0.07071067811865475,7.778174593052023
20260927T095930443635Z_577f21e5,HEUR,10,0.33,5,5,6,6.0,5.5,0.19,0.5,10,2,5760.0,"[0.8592549273600911, 0.6058380411445193, 0.4316697215292379, 0.32461244914431125, 0.29898418014229616, 0.3853292566116986, 0.6184818884427356, 0.9112753545916268, 1.124060711596949, 1.0918553682168552, 1.0519012231472415, 1.0604058710082023, 1.1010962834034748, 1.1484706050156464, 1.2414843039249468, 1.286522046207647, 1.3072562312959182, 1.4024657757114494, 1.4690763553789117, 1.4352382086312834, 1.3078676789813133, 1.2336627867197074, 1.2117583717879756, 1.0914323600059634]",40,True,81,0.2,0.5694662239554925,,1,0.1414213562373095,7.778174593052023
20260927T095930443635Z_577f21e5,HEUR,10,0.33,5,5,6,6.0,5.5,0.19,0.5,10,2,5760.0,"[0.8592549273600911, 0.6058380411445193, 0.4316697215292379, 0.32461244914431125, 0.29898418014229616, 0.3853292566116986, 0.6184818884427356, 0.9112753545916268, 1.124060711596949, 1.0918553682168552, 1.0519012231472415, 1.0604058710082023, 1.1010962834034748, 1.1484706050156464, 1.2414843039249468, 1.286522046207647, 1.3072562312959182, 1.4024657757114494, 1.4690763553789117, 1.4352382086312834, 1.3078676789813133, 1.2336627867197074, 1.2117583717879756, 1.0914323600059634]",40,True,81,0.2442732516826255,0.6229760826180835,,1,0.17272727272727273,7.778174593052023
20260927T095930443635Z_577f21e5,HEUR,10,0.5,5,5,6,5.5,5.5,0.19,0.5,10,2,5760.0,"[0.8592549273600911, 0.6058380411445193, 0.4316697215292379, 0.32461244914431125, 0.29898418014229616, 0.3853292566116986, 0.6184818884427356, 0.9112753545916268, 1.124060711596949, 1.0918553682168552, 1.0519012231472415, 1.0604058710082023, 1.1010962834034748, 1.1484706050156464, 1.2414843039249468, 1.286522046207647, 1.3072562312959182, 1.4024657757114494, 1.4690763553789117, 1.4352382086312834, 1.3078676789813133, 1.2336627867197074, 1.2117583717879756, 1.0914323600059634]",40,True,81,0.1,0.44589480475197985,,1,0.07071067811865475,7.778174593052023
20260927T095930443635Z_577f21e5,HEUR,10,0.5,5,5,6,5.5,5.5,0.19,0.5,10,2,5760.0,"[0.8592549273600911, 0.6058380411445193, 0.4316697215292379, 0.32461244914431125, 0.29898418014229616, 0.3853292566116986, 0.6184818884427356, 0.9112753545916268, 1.124060711596949, 1.0918553682168552, 1.0519012231472415, 1.0604058710082023, 1.1010962834034748, 1.1484706050156464, 1.2414843039249468, 1.286522046207647, 1.3072562312959182, 1.4024657757114494, 1.4690763553789117, 1.4352382086312834, 1.3078676789813133, 1.2336627867197074, 1.2117583717879756, 1.0914323600059634]",40,True,81,0.2,0.584302187940451,,1,0.1414213562373095,7.778174593052023
20260927T095930443635Z_577f21e5,HEUR,10,0.5,5,5,6,5.5,5.5,0.19,0.5,10,2,5760.0,"[0.8592549273600911, 0.6058380411445193, 0.4316697215292379, 0.32461244914431125, 0.29898418014229616, 0.3853292566116986, 0.6184818884427356, 0.9112753545916268, 1.124060711596949, 1.0918553682168552, 1.0519012231472415, 1.0604058710082023, 1.1010962834034748, 1.1484706050156464, 1.2414843039249468, 1.286522046207647, 1.3072562312959182, 1.4024657757114494, 1.4690763553789117, 1.4352382086312834, 1.3078676789813133, 1.2336627867197074, 1.2117583717879756, 1.0914323600059634]",40,True,81,0.2442732516826255,0.6380670227234091,,1,0.17272727272727273,7.778174593052023
20260927T095930443635Z_577f21e5,HEUR,10,0.5,5,5,6,6.0,5.5,0.19,0.5,10,2,5760.0,"[0.8592549273600911, 0.6058380411445193, 0.4316697215292379, 0.32461244914431125, 0.29898418014229616, 0.3853292566116986, 0.6184818884427356, 0.9112753545916268, 1.124060711596949, 1.0918553682168552, 1.0519012231472415, 1.0604058710082023, 1.1010962834034748, 1.1484706050156464, 1.2414843039249468, 1.286522046207647, 1.3072562312959182, 1.4024657757114494, 1.4690763553789117, 1.4352382086312834, 1.3078676789813133, 1.2336627867197074, 1.2117583717879756, 1.0914323600059634]",40,True,81,0.1,0.47722999106186625,,1,0.07071067811865475,7.778174593052023
20260927T095930443635Z_577f21e5,HEUR,10,0.5,5,5,6,6.0,5.5,0.19,0.5,10,2,5760.0,"[0.8592549273600911, 0.6058380411445193, 0.4316697215292379, 0.32461244914431125, 0.29898418014229616, 0.3853292566116986, 0.6184818884427356, 0.9112753545916268, 1.124060711596949, 1.0918553682168552, 1.0519012231472415, 1.0604058710082023, 1.1010962834034748, 1.1484706050156464, 1.2414843039249468, 1.286522046207647, 1.3072562312959182, 1.4024657757114494, 1.4690763553789117, 1.4352382086312834, 1.3078676789813133, 1.2336627867197074, 1.2117583717879756, 1.0914323600059634]",40,True,81,0.2,0.633293210998062,,1,0.1414213562373095,7.778174593052023
20260927T095930443635Z_577f21e5,HEUR,10,0.5,5,5,6,6.0,5.5,0.19,0.5,10,2,5760.0,"[0.8592549273600911, 0.6058380411445193, 0.4316697215292379, 0.32461244914431125, 0.29898418014229616, 0.3853292566116986, 0.6184818884427356, 0.9112753545916268, 1.124060711596949, 1.0918553682168552, 1.0519012231472415, 1.0604058710082023, 1.1010962834034748, 1.1484706050156464, 1.2414843039249468, 1.286522046207647, 1.3072562312959182, 1.4024657757114494, 1.4690763553789117, 1.4352382086312834, 1.3078676789813133, 1.2336627867197074, 1.2117583717879756, 1.0914323600059634]",40,True,81,0.2442732516826255,0.6927465055254611,,1,0.17272727272727273,7.778174593052023
20260927T095930443635Z_577f21e5,HEUR,10,0.67,5,5,6,5.5,5.5,0.19,0.5,10,2,5760.0,"[0.8592549273600911, 0.6058380411445193, 0.4316697215292379, 0.32461244914431125, 0.29898418014229616, 0.3853292566116986, 0.6184818884427356, 0.9112753545916268, 1.124060711596949, 1.0918553682168552, 1.0519012231472415, 1.0604058710082023, 1.1010962834034748, 1.1484706050156464, 1.2414843039249468, 1.286522046207647, 1.3072562312959182, 1.4024657757114494, 1.4690763553789117, 1.4352382086312834, 1.3078676789813133, 1.2336627867197074, 1.2117583717879756, 1.0914323600059634]",40,True,81,0.1,0.5139497205132053,,1,0.07071067811865475,7.778174593052023
20260927T095930443635Z_577f21e5,HEUR,10,0.67,5,5,6,5.5,5.5,0.19,0.5,10,2,5760.0,"[0.8592549273600911, 0.6058380411445193, 0.4316697215292379, 0.32461244914431125, 0.29898418014229616, 0.3853292566116986, 0.6184818884427356, 0.9112753545916268, 1.124060711596949, 1.0918553682168552, 1.0519012231472415, 1.0604058710082023, 1.1010962834034748, 1.1484706050156464, 1.2414843039249468, 1.286522046207647, 1.3072562312959182, 1.4024657757114494, 1.4690763553789117, 1.4352382086312834, 1.3078676789813133, 1.2336627867197074, 1.2117583717879756, 1.0914323600059634]",40,True,81,0.2,0.6246741832386363,,1,0.1414213562373095,7.778174593052023
20260927T095930443635Z_577f21e5,HEUR,10,0.67,5,5,6,5.5,5.5,0.19,0.5,10,2,5760.0,"[0.8592549273600911, 0.6058380411445193, 0.4316697215292379, 0.32461244914431125, 0.29898418014229616, 0.3853292566116986, 0.6184818884427356, 0.9112753545916268, 1.124060711596949, 1.0918553682168552, 1.0519012231472415, 1.0604058710082023, 1.1010962834034748, 1.1484706050156464, 1.2414843039249468, 1.286522046207647, 1.3072562312959182, 1.4024657757114494, 1.4690763553789117, 1.4352382086312834, 1.3078676789813133, 1.2336627867197074, 1.2117583717879756, 1.0914323600059634]",40,True,81,0.2442732516826255,0.6386840451875261,,1,0.17272727272727273,7.778174593052023
20260927T095930443635Z_577f21e5,HEUR,10,0.67,5,5,6,6.0,5.5,0.19,0.5,10,2,5760.0,"[0.8592549273600911, 0.6058380411445193, 0.4316697215292379, 0.32461244914431125, 0.29898418014229616, 0.3853292566116986, 0.6184818884427356, 0.9112753545916268, 1.124060711596949, 1.0918553682168552, 1.0519012231472415, 1.0604058710082023, 1.1010962834034748, 1.1484706050156464, 1.2414843039249468, 1.286522046207647, 1.3072562312959182, 1.4024657757114494, 1.4690763553789117, 1.4352382086312834, 1.3078676789813133, 1.2336627867197074, 1.2117583717879756, 1.0914323600059634]",40,True,81,0.1,0.5521838396224967,,1,0.07071067811865475,7.778174593052023
20260927T095930443635Z_577f21e5,HEUR,10,0.67,5,5,6,6.0,5.5,0.19,0.5,10,2,5760.0,"[0.8592549273600911, 0.6058380411445193, 0.4316697215292379, 0.32461244914431125, 0.29898418014229616, 0.3853292566116986, 0.6184818884427356, 0.9112753545916268, 1.124060711596949, 1.0918553682168552, 1.0519012231472415, 1.0604058710082023, 1.1010962834034748, 1.1484706050156464, 1.2414843039249468, 1.286522046207647, 1.3072562312959182, 1.4024657757114494, 1.4690763553789117, 1.4352382086312834, 1.3078676789813133, 1.2336627867197074, 1.2117583717879756, 1.0914323600059634]",40,True,81,0.2,0.6767393022017045,,1,0.1414213562373095,7.778174593052023
20260927T095930443635Z_577f21e5,HEUR,10,0.67,5,5,6,6.0,5.5,0.19,0.5,10,2,5760.0,"[0.8592549273600911, 0.6058380411445193, 0.4316697215292379, 0.32461244914431125, 0.29898418014229616, 0.3853292566116986, 0.6184818884427356, 0.9112753545916268, 1.124060711596949, 1.0918553682168552, 1.0519012231472415, 1.0604058710082023, 1.1010962834034748, 1.1484706050156464, 1.2414843039249468, 1.286522046207647, 1.3072562312959182, 1.4024657757114494, 1.4690763553789117, 1.4352382086312834, 1.3078676789813133, 1.2336627867197074, 1.2117583717879756, 1.0914323600059634]",40,True,81,0.2442732516826255,0.6917406028749519,,1,0.17272727272727273,7.778174593052023
20260927T095930443635Z_577f21e5,HEUR,10,0.83,5,5,6,5.5,5.5,0.19,0.5,10,2,5760.0,"[0.8592549273600911, 0.6058380411445193, 0.4316697215292379, 0.32461244914431125, 0.29898418014229616, 0.3853292566116986, 0.6184818884427356, 0.9112753545916268, 1.124060711596949, 1.0918553682168552, 1.0519012231472415, 1.0604058710082023, 1.1010962834034748, 1.1484706050156464, 1.2414843039249468, 1.286522046207647, 1.3072562312959182, 1.4024657757114494, 1.4690763553789117, 1.4352382086312834, 1.3078676789813133, 1.2336627867197074, 1.2117583717879756, 1.0914323600059634]",40,True,81,0.1,0.5624445269036036,,1,0.07071067811865475,7.778174593052023
20260927T095930443635Z_577f21e5,HEUR,10,0.83,5,5,6,5.5,5.5,0.19,0.5,10,2,5760.0,"[0.8592549273600911, 0.6058380411445193, 0.4316697215292379, 0.32461244914431125, 0.29898418014229616, 0.3853292566116986, 0.6184818884427356, 0.9112753545916268, 1.124060711596949, 1.0918553682168552, 1.0519012231472415, 1.0604058710082023, 1.1010962834034748, 1.1484706050156464, 1.2414843039249468, 1.286522046207647, 1.3072562312959182, 1.4024657757114494, 1.4690763553789117, 1.4352382086312834, 1.3078676789813133, 1.2336627867197074, 1.2117583717879756, 1.0914323600059634]",40,True,81,0.2,0.6457258241746172,,1,0.1414213562373095,7.778174593052023
20260927T095930443635Z_577f21e5,HEUR,10,0.83,5,5,6,5.5,5.5,0.19,0.5,10,2,5760.0,"[0.8592549273600911, 0.6058380411445193, 0.4316697215292379, 0.32461244914431125, 0.29898418014229616, 0.3853292566116986, 0.6184818884427356, 0.9112753545916268, 1.124060711596949, 1.0918553682168552, 1.0519012231472415, 1.0604058710082023, 1.1010962834034748, 1.1484706050156464, 1.2414843039249468, 1.286522046207647, 1.3072562312959182, 1.4024657757114494, 1.4690763553789117, 1.4352382086312834, 1.3078676789813133, 1.2336627867197074, 1.2117583717879756, 1.0914323600059634]",40,True,81,0.2442732516826255,0.6542026242479125,,1,0.17272727272727273,7.778174593052023
20260927T095930443635Z_577f21e5,HEUR,10,0.83,5,5,6,6.0,5.5,0.19,0.5,10,2,5760.0,"[0.8592549273600911, 0.6058380411445193, 0.4316697215292379, 0.32461244914431125, 0.29898418014229616, 0.3853292566116986, 0.6184818884427356, 0.9112753545916268, 1.124060711596949, 1.0918553682168552, 1.0519012231472415, 1.0604058710082023, 1.1010962834034748, 1.1484706050156464, 1.2414843039249468, 1.286522046207647, 1.3072562312959182, 1.4024657757114494, 1.4690763553789117, 1.4352382086312834, 1.3078676789813133, 1.2336627867197074, 1.2117583717879756, 1.0914323600059634]",40,True,81,0.1,0.6039503138058856,,1,0.07071067811865475,7.778174593052023
20260927T095930443635Z_577f21e5,HEUR,10,0.83,5,5,6,6.0,5.5,0.19,0.5,10,2,5760.0,"[0.8592549273600911, 0.6058380411445193, 0.4316697215292379, 0.32461244914431125, 0.29898418014229616, 0.3853292566116986, 0.6184818884427356, 0.9112753545916268, 1.124060711596949, 1.0918553682168552, 1.0519012231472415, 1.0604058710082023, 1.1010962834034748, 1.1484706050156464, 1.2414843039249468, 1.286522046207647, 1.3072562312959182, 1.4024657757114494, 1.4690763553789117, 1.4352382086312834, 1.3078676789813133, 1.2336627867197074, 1.2117583717879756, 1.0914323600059634]",40,True,81,0.2,0.6995297450423514,,1,0.1414213562373095,7.778174593052023
20260927T095930443635Z_577f21e5,HEUR,10,0.83,5,5,6,6.0,5.5,0.19,0.5,10,2,5760.0,"[0.8592549273600911, 0.6058380411445193, 0.4316697215292379, 0.32461244914431125, 0.29898418014229616, 0.3853292566116986, 0.6184818884427356, 0.9112753545916268, 1.124060711596949, 1.0918553682168552, 1.0519012231472415, 1.0604058710082023, 1.1010962834034748, 1.1484706050156464, 1.2414843039249468, 1.286522046207647, 1.3072562312959182, 1.4024657757114494, 1.4690763553789117, 1.4352382086312834, 1.3078676789813133, 1.2336627867197074, 1.2117583717879756, 1.0914323600059634]",40,True,81,0.2442732516826255,0.7091909774907323,,1,0.17272727272727273,7.778174593052023
20260927T095930443635Z_577f21e5,HEUR,10,1.0,5,5,6,5.5,5.5,0.19,0.5,10,2,5760.0,"[0.8592549273600911, 0.6058380411445193, 0.4316697215292379, 0.32461244914431125, 0.29898418014229616, 0.3853292566116986, 0.6184818884427356, 0.9112753545916268, 1.124060711596949, 1.0918553682168552, 1.0519012231472415, 1.0604058710082023, 1.1010962834034748, 1.1484706050156464, 1.2414843039249468, 1.286522046207647, 1.3072562312959182, 1.4024657757114494, 1.4690763553789117, 1.4352382086312834, 1.3078676789813133, 1.2336627867197074, 1.2117583717879756, 1.0914323600059634]",40,True,81,0.1,0.5497451630110756,,1,0.07071067811865475,7.778174593052023
20260927T095930443635Z_577f21e5,HEUR,10,1.0,5,5,6,5.5,5.5,0.19,0.5,10,2,5760.0,"[0.8592549273600911, 0.6058380411445193, 0.4316697215292379, 0.32461244914431125, 0.29898418014229616, 0.3853292566116986, 0.6184818884427356, 0.9112753545916268, 1.124060711596949, 1.0918553682168552, 1.0519012231472415, 1.0604058710082023, 1.1010962834034748, 1.1484706050156464, 1.2414843039249468, 1.286522046207647, 1.3072562312959182, 1.4024657757114494, 1.4690763553789117, 1.4352382086312834, 1.3078676789813133, 1.2336627867197074, 1.2117583717879756, 1.0914323600059634]",40,True,81,0.2,0.65454573338909,,1,0.1414213562373095,7.778174593052023
20260927T095930443635Z_577f21e5,HEUR,10,1.0,5,5,6,5.5,5.5,0.19,0.5,10,2,5760.0,"[0.8592549273600911, 0.6058380411445193, 0.4316697215292379, 0.32461244914431125, 0.29898418014229616, 0.3853292566116986, 0.6184818884427356, 0.9112753545916268, 1.124060711596949, 1.0918553682168552, 1.0519012231472415, 1.0604058710082023, 1.1010962834034748, 1.1484706050156464, 1.2414843039249468, 1.286522046207647, 1.3072562312959182, 1.4024657757114494, 1.4690763553789117, 1.4352382086312834, 1.3078676789813133, 1.2336627867197074, 1.2117583717879756, 1.0914323600059634]",40,True,81,0.2442732516826255,0.6783076418520911,,1,0.17272727272727273,7.778174593052023
20260927T095930443635Z_577f21e5,HEUR,10,1.0,5,5,6,6.0,5.5,0.19,0.5,10,2,5760.0,"[0.8592549273600911, 0.6058380411445193, 0.4316697215292379, 0.32461244914431125, 0.29898418014229616, 0.3853292566116986, 0.6184818884427356, 0.9112753545916268, 1.124060711596949, 1.0918553682168552, 1.0519012231472415, 1.0604058710082023, 1.1010962834034748, 1.1484706050156464, 1.2414843039249468, 1.286522046207647, 1.3072562312959182, 1.4024657757114494, 1.4690763553789117, 1.4352382086312834, 1.3078676789813133, 1.2336627867197074, 1.2117583717879756, 1.0914323600059634]",40,True,81,0.1,0.5898491999421918,,1,0.07071067811865475,7.778174593052023
20260927T095930443635Z_577f21e5,HEUR,10,1.0,5,5,6,6.0,5.5,0.19,0.5,10,2,5760.0,"[0.8592549273600911, 0.6058380411445193, 0.4316697215292379, 0.32461244914431125, 0.29898418014229616, 0.3853292566116986, 0.6184818884427356, 0.9112753545916268, 1.124060711596949, 1.0918553682168552, 1.0519012231472415, 1.0604058710082023, 1.1010962834034748, 1.1484706050156464, 1.2414843039249468, 1.286522046207647, 1.3072562312959182, 1.4024657757114494, 1.4690763553789117, 1.4352382086312834, 1.3078676789813133, 1.2336627867197074, 1.2117583717879756, 1.0914323600059634]",40,True,81,0.2,0.7094418563393609,,1,0.1414213562373095,7.778174593052023
20260927T095930443635Z_577f21e5,HEUR,10,1.0,5,5,6,6.0,5.5,0.19,0.5,10,2,5760.0,"[0.8592549273600911, 0.6058380411445193, 0.4316697215292379, 0.32461244914431125, 0.29898418014229616, 0.3853292566116986, 0.6184818884427356, 0.9112753545916268, 1.124060711596949, 1.0918553682168552, 1.0519012231472415, 1.0604058710082023, 1.1010962834034748, 1.1484706050156464, 1.2414843039249468, 1.286522046207647, 1.3072562312959182, 1.4024657757114494, 1.4690763553789117, 1.4352382086312834, 1.3078676789813133, 1.2336627867197074, 1.2117583717879756, 1.0914323600059634]",40,True,81,0.2442732516826255,0.7356185372854661,,1,0.17272727272727273,7.778174593052023
20260927T095930443635Z_577f21e5,HEUR,20,0.33,5,5,6,5.5,5.5,0.19,0.5,10,2,5760.0,"[0.8592549273600911, 0.6058380411445193, 0.4316697215292379, 0.32461244914431125, 0.29898418014229616, 0.3853292566116986, 0.6184818884427356, 0.9112753545916268, 1.124060711596949, 1.0918553682168552, 1.0519012231472415, 1.0604058710082023, 1.1010962834034748, 1.1484706050156464, 1.2414843039249468, 1.286522046207647, 1.3072562312959182, 1.4024657757114494, 1.4690763553789117, 1.4352382086312834, 1.3078676789813133, 1.2336627867197074, 1.2117583717879756, 1.0914323600059634]",40,True,81,0.1,0.4857649092819807,,1,0.07071067811865475,7.778174593052023
20260927T095930443635Z_577f21e5,HEUR,20,0.33,5,5,6,5.5,5.5,0.19,0.5,10,2,5760.0,"[0.8592549273600911, 0.6058380411445193, 0.4316697215292379, 0.32461244914431125, 0.29898418014229616, 0.3853292566116986, 0.6184818884427356, 0.9112753545916268, 1.124060711596949, 1.0918553682168552, 1.0519012231472415, 1.0604058710082023, 1.1010962834034748, 1.1484706050156464, 1.2414843039249468, 1.286522046207647, 1.3072562312959182, 1.4024657757114494, 1.4690763553789117, 1.4352382086312834, 1.3078676789813133, 1.2336627867197074, 1.2117583717879756, 1.0914323600059634]",40,True,81,0.2,0.5860053636912901,,1,0.1414213562373095,7.778174593052023
20260927T095930443635Z_577f21e5,HEUR,20,0.33,5,5,6,5.5,5.5,0.19,0.5,10,2,5760.0,"[0.8592549273600911, 0.6058380411445193, 0.4316697215292379, 0.32461244914431125, 0.29898418014229616, 0.3853292566116986, 0.6184818884427356, 0.9112753545916268, 1.124060711596949, 1.0918553682168552, 1.0519012231472415, 1.0604058710082023, 1.1010962834034748, 1.1484706050156464, 1.2414843039249468, 1.286522046207647, 1.3072562312959182, 1.4024657757114494, 1.4690763553789117, 1.4352382086312834, 1.3078676789813133, 1.2336627867197074, 1.2117583717879756, 1.0914323600059634]",40,True,81,0.2442732516826255,0.6125409927780069,,1,0.17272727272727273,7.778174593052023
20260927T095930443635Z_577f21e5,HEUR,20,0.33,5,5,6,6.0,5.5,0.19,0.5,10,2,5760.0,"[0.8592549273600911, 0.6058380411445193, 0.4316697215292379, 0.32461244914431125, 0.29898418014229616, 0.3853292566116986, 0.6184818884427356, 0.9112753545916268, 1.124060711596949, 1.0918553682168552, 1.0519012231472415, 1.0604058710082023, 1.1010962834034748, 1.1484706050156464, 1.2414843039249468, 1.286522046207647, 1.3072562312959182, 1.4024657757114494, 1.4690763553789117, 1.4352382086312834, 1.3078676789813133, 1.2336627867197074, 1.2117583717879756, 1.0914323600059634]",40,True,81,0.1,0.5248080242902405,,1,0.07071067811865475,7.778174593052023
20260927T095930443635Z_577f21e5,HEUR,20,0.33,5,5,6,6.0,5.5,0.19,0.5,10,2,5760.0,"[0.8592549273600911, 0.6058380411445193, 0.4316697215292379, 0.32461244914431125, 0.29898418014229616, 0.3853292566116986, 0.6184818884427356, 0.9112753545916268, 1.124060711596949, 1.0918553682168552, 1.0519012231472415, 1.0604058710082023, 1.1010962834034748, 1.1484706050156464, 1.2414843039249468, 1.286522046207647, 1.3072562312959182, 1.4024657757114494, 1.4690763553789117, 1.4352382086312834, 1.3078676789813133, 1.2336627867197074, 1.2117583717879756, 1.0914323600059634]",40,True,81,0.2,0.6367604161669226,,1,0.1414213562373095,7.778174593052023
20260927T095930443635Z_577f21e5,HEUR,20,0.33,5,5,6,6.0,5.5,0.19,0.5,10,2,5760.0,"[0.8592549273600911, 0.6058380411445193, 0.4316697215292379, 0.32461244914431125, 0.29898418014229616, 0.3853292566116986, 0.6184818884427356, 0.9112753545916268, 1.124060711596949, 1.0918553682168552, 1.0519012231472415, 1.0604058710082023, 1.1010962834034748, 1.1484706050156464, 1.2414843039249468, 1.286522046207647, 1.3072562312959182, 1.4024657757114494, 1.4690763553789117, 1.4352382086312834, 1.3078676789813133, 1.2336627867197074, 1.2117583717879756, 1.0914323600059634]",40,True,81,0.2442732516826255,0.6665339452338327,,1,0.17272727272727273,7.778174593052023
20260927T095930443635Z_577f21e5,HEUR,20,0.5,5,5,6,5.5,5.5,0.19,0.5,10,2,5760.0,"[0.8592549273600911, 0.6058380411445193, 0.4316697215292379, 0.32461244914431125, 0.29898418014229616, 0.3853292566116986, 0.6184818884427356, 0.9112753545916268, 1.124060711596949, 1.0918553682168552, 1.0519012231472415, 1.0604058710082023, 1.1010962834034748, 1.1484706050156464, 1.2414843039249468, 1.286522046207647, 1.3072562312959182, 1.4024657757114494, 1.4690763553789117, 1.4352382086312834, 1.3078676789813133, 1.2336627867197074, 1.2117583717879756, 1.0914323600059634]",40,True,81,0.1,0.5267110660495065,,1,0.07071067811865475,7.778174593052023
20260927T095930443635Z_577f21e5,HEUR,20,0.5,5,5,6,5.5,5.5,0.19,0.5,10,2,5760.0,"[0.8592549273600911, 0.6058380411445193, 0.4316697215292379, 0.32461244914431125, 0.29898418014229616, 0.3853292566116986, 0.6184818884427356, 0.9112753545916268, 1.124060711596949, 1.0918553682168552, 1.0519012231472415, 1.0604058710082023, 1.1010962834034748, 1.1484706050156464, 1.2414843039249468, 1.286522046207647, 1.3072562312959182, 1.4024657757114494, 1.4690763553789117, 1.4352382086312834, 1.3078676789813133, 1.2336627867197074, 1.2117583717879756, 1.0914323600059634]",40,True,81,0.2,0.6558130661615733,,1,0.1414213562373095,7.778174593052023
20260927T095930443635Z_577f21e5,HEUR,20,0.5,5,5,6,5.5,5.5,0.19,0.5,10,2,5760.0,"[0.8592549273600911, 0.6058380411445193, 0.4316697215292379, 0.32461244914431125, 0.29898418014229616, 0.3853292566116986, 0.6184818884427356, 0.9112753545916268, 1.124060711596949, 1.0918553682168552, 1.0519012231472415, 1.0604058710082023, 1.1010962834034748, 1.1484706050156464, 1.2414843039249468, 1.286522046207647, 1.3072562312959182, 1.4024657757114494, 1.4690763553789117, 1.4352382086312834, 1.3078676789813133, 1.2336627867197074, 1.2117583717879756, 1.0914323600059634]",40,True,81,0.2442732516826255,0.6531562749586649,,1,0.17272727272727273,7.778174593052023
20260927T095930443635Z_577f21e5,HEUR,20,0.5,5,5,6,6.0,5.5,0.19,0.5,10,2,5760.0,"[0.8592549273600911, 0.6058380411445193, 0.4316697215292379, 0.32461244914431125, 0.29898418014229616, 0.3853292566116986, 0.6184818884427356, 0.9112753545916268, 1.124060711596949, 1.0918553682168552, 1.0519012231472415, 1.0604058710082023, 1.1010962834034748, 1.1484706050156464, 1.2414843039249468, 1.286522046207647, 1.3072562312959182, 1.4024657757114494, 1.4690763553789117, 1.4352382086312834, 1.3078676789813133, 1.2336627867197074, 1.2117583717879756, 1.0914323600059634]",40,True,81,0.1,0.5677091785496904,,1,0.07071067811865475,7.778174593052023
20260927T095930443635Z_577f21e5,HEUR,20,0.5,5,5,6,6.0,5.5,0.19,0.5,10,2,5760.0,"[0.8592549273600911, 0.6058380411445193, 0.4316697215292379, 0.32461244914431125, 0.29898418014229616, 0.3853292566116986, 0.6184818884427356, 0.9112753545916268, 1.124060711596949, 1.0918553682168552, 1.0519012231472415, 1.0604058710082023, 1.1010962834034748, 1.1484706050156464, 1.2414843039249468, 1.286522046207647, 1.3072562312959182, 1.4024657757114494, 1.4690763553789117, 1.4352382086312834, 1.3078676789813133, 1.2336627867197074, 1.2117583717879756, 1.0914323600059634]",40,True,81,0.2,0.7129042566841287,,1,0.1414213562373095,7.778174593052023
20260927T095930443635Z_577f21e5,HEUR,20,0.5,5,5,6,6.0,5.5,0.19,0.5,10,2,5760.0,"[0.8592549273600911, 0.6058380411445193, 0.4316697215292379, 0.32461244914431125, 0.29898418014229616, 0.3853292566116986, 0.6184818884427356, 0.9112753545916268, 1.124060711596949, 1.0918553682168552, 1.0519012231472415, 1.0604058710082023, 1.1010962834034748, 1.1484706050156464, 1.2414843039249468, 1.286522046207647, 1.3072562312959182, 1.4024657757114494, 1.4690763553789117, 1.4352382086312834, 1.3078676789813133, 1.2336627867197074, 1.2117583717879756, 1.0914323600059634]",40,True,81,0.2442732516826255,0.7103406540308682,,1,0.17272727272727273,7.778174593052023
20260927T095930443635Z_577f21e5,HEUR,20,0.67,5,5,6,5.5,5.5,0.19,0.5,10,2,5760.0,"[0.8592549273600911, 0.6058380411445193, 0.4316697215292379, 0.32461244914431125, 0.29898418014229616, 0.3853292566116986, 0.6184818884427356, 0.9112753545916268, 1.124060711596949, 1.0918553682168552, 1.0519012231472415, 1.0604058710082023, 1.1010962834034748, 1.1484706050156464, 1.2414843039249468, 1.286522046207647, 1.3072562312959182, 1.4024657757114494, 1.4690763553789117, 1.4352382086312834, 1.3078676789813133, 1.2336627867197074, 1.2117583717879756, 1.0914323600059634]",40,True,81,0.1,0.5849251676383995,,1,0.07071067811865475,7.778174593052023
20260927T095930443635Z_577f21e5,HEUR,20,0.67,5,5,6,5.5,5.5,0.19,0.5,10,2,5760.0,"[0.8592549273600911, 0.6058380411445193, 0.4316697215292379, 0.32461244914431125, 0.29898418014229616, 0.3853292566116986, 0.6184818884427356, 0.9112753545916268, 1.124060711596949, 1.0918553682168552, 1.0519012231472415, 1.0604058710082023, 1.1010962834034748, 1.1484706050156464, 1.2414843039249468, 1.286522046207647, 1.3072562312959182, 1.4024657757114494, 1.4690763553789117, 1.4352382086312834, 1.3078676789813133, 1.2336627867197074, 1.2117583717879756, 1.0914323600059634]",40,True,81,0.2,0.6793039735135851,,1,0.1414213562373095,7.778174593052023
20260927T095930443635Z_577f21e5,HEUR,20,0.67,5,5,6,5.5,5.5,0.19,0.5,10,2,5760.0,"[0.8592549273600911, 0.6058380411445193, 0.4316697215292379, 0.32461244914431125, 0.29898418014229616, 0.3853292566116986, 0.6184818884427356, 0.9112753545916268, 1.124060711596949, 1.0918553682168552, 1.0519012231472415, 1.0604058710082023, 1.1010962834034748, 1.1484706050156464, 1.2414843039249468, 1.286522046207647, 1.3072562312959182, 1.4024657757114494, 1.4690763553789117, 1.4352382086312834, 1.3078676789813133, 1.2336627867197074, 1.2117583717879756, 1.0914323600059634]",40,True,81,0.2442732516826255,0.6710410150929715,,1,0.17272727272727273,7.778174593052023
20260927T095930443635Z_577f21e5,HEUR,20,0.67,5,5,6,6.0,5.5,0.19,0.5,10,2,5760.0,"[0.8592549273600911, 0.6058380411445193, 0.4316697215292379, 0.32461244914431125, 0.29898418014229616, 0.3853292566116986, 0.6184818884427356, 0.9112753545916268, 1.124060711596949, 1.0918553682168552, 1.0519012231472415, 1.0604058710082023, 1.1010962834034748, 1.1484706050156464, 1.2414843039249468, 1.286522046207647, 1.3072562312959182, 1.4024657757114494, 1.4690763553789117, 1.4352382086312834, 1.3078676789813133, 1.2336627867197074, 1.2117583717879756, 1.0914323600059634]",40,True,81,0.1,0.6320226842977656,,1,0.07071067811865475,7.778174593052023
20260927T095930443635Z_577f21e5,HEUR,20,0.67,5,5,6,6.0,5.5,0.19,0.5,10,2,5760.0,"[0.8592549273600911, 0.6058380411445193, 0.4316697215292379, 0.32461244914431125, 0.29898418014229616, 0.3853292566116986, 0.6184818884427356, 0.9112753545916268, 1.124060711596949, 1.0918553682168552, 1.0519012231472415, 1.0604058710082023, 1.1010962834034748, 1.1484706050156464, 1.2414843039249468, 1.286522046207647, 1.3072562312959182, 1.4024657757114494, 1.4690763553789117, 1.4352382086312834, 1.3078676789813133, 1.2336627867197074, 1.2117583717879756, 1.0914323600059634]",40,True,81,0.2,0.7387857556034609,,1,0.1414213562373095,7.778174593052023
20260927T095930443635Z_577f21e5,HEUR,20,0.67,5,5,6,6.0,5.5,0.19,0.5,10,2,5760.0,"[0.8592549273600911, 0.6058380411445193, 0.4316697215292379, 0.32461244914431125, 0.29898418014229616, 0.3853292566116986, 0.6184818884427356, 0.9112753545916268, 1.124060711596949, 1.0918553682168552, 1.0519012231472415, 1.0604058710082023, 1.1010962834034748, 1.1484706050156464, 1.2414843039249468, 1.286522046207647, 1.3072562312959182, 1.4024657757114494, 1.4690763553789117, 1.4352382086312834, 1.3078676789813133, 1.2336627867197074, 1.2117583717879756, 1.0914323600059634]",40,True,81,0.2442732516826255,0.7301508871526918,,1,0.17272727272727273,7.778174593052023
20260927T095930443635Z_577f21e5,HEUR,20,0.83,5,5,6,5.5,5.5,0.19,0.5,10,2,5760.0,"[0.8592549273600911, 0.6058380411445193, 0.4316697215292379, 0.32461244914431125, 0.29898418014229616, 0.3853292566116986, 0.6184818884427356, 0.9112753545916268, 1.124060711596949, 1.0918553682168552, 1.0519012231472415, 1.0604058710082023, 1.1010962834034748, 1.1484706050156464, 1.2414843039249468, 1.286522046207647, 1.3072562312959182, 1.4024657757114494, 1.4690763553789117, 1.4352382086312834, 1.3078676789813133, 1.2336627867197074, 1.2117583717879756, 1.0914323600059634]",40,True,81,0.1,0.574546784740671,,1,0.07071067811865475,7.778174593052023
20260927T095930443635Z_577f21e5,HEUR,20,0.83,5,5,6,5.5,5.5,0.19,0.5,10,2,5760.0,"[0.8592549273600911, 0.6058380411445193, 0.4316697215292379, 0.32461244914431125, 0.29898418014229616, 0.3853292566116986, 0.6184818884427356, 0.9112753545916268, 1.124060711596949, 1.0918553682168552, 1.0519012231472415, 1.0604058710082023, 1.1010962834034748, 1.1484706050156464, 1.2414843039249468, 1.286522046207647, 1.3072562312959182, 1.4024657757114494, 1.4690763553789117, 1.4352382086312834, 1.3078676789813133, 1.2336627867197074, 1.2117583717879756, 1.0914323600059634]",40,True,81,0.2,0.675390919866956,,1,0.1414213562373095,7.778174593052023
20260927T095930443635Z_577f21e5,HEUR,20,0.83,5,5,6,5.5,5.5,0.19,0.5,10,2,5760.0,"[0.8592549273600911, 0.6058380411445193, 0.4316697215292379, 0.32461244914431125, 0.29898418014229616, 0.3853292566116986, 0.6184818884427356, 0.9112753545916268, 1.124060711596949, 1.0918553682168552, 1.0519012231472415, 1.0604058710082023, 1.1010962834034748, 1.1484706050156464, 1.2414843039249468, 1.286522046207647, 1.3072562312959182, 1.4024657757114494, 1.4690763553789117, 1.4352382086312834, 1.3078676789813133, 1.2336627867197074, 1.2117583717879756, 1.0914323600059634]",40,True,81,0.2442732516826255,0.675819378841432,,1,0.17272727272727273,7.778174593052023
20260927T095930443635Z_577f21e5,HEUR,20,0.83,5,5,6,6.0,5.5,0.19,0.5,10,2,5760.0,"[0.8592549273600911, 0.6058380411445193, 0.4316697215292379, 0.32461244914431125, 0.29898418014229616, 0.3853292566116986, 0.6184818884427356, 0.9112753545916268, 1.124060711596949, 1.0918553682168552, 1.0519012231472415, 1.0604058710082023, 1.1010962834034748, 1.1484706050156464, 1.2414843039249468, 1.286522046207647, 1.3072562312959182, 1.4024657757114494, 1.4690763553789117, 1.4352382086312834, 1.3078676789813133, 1.2336627867197074, 1.2117583717879756, 1.0914323600059634]",40,True,81,0.1,0.6208661257462081,,1,0.07071067811865475,7.778174593052023
20260927T095930443635Z_577f21e5,HEUR,20,0.83,5,5,6,6.0,5.5,0.19,0.5,10,2,5760.0,"[0.8592549273600911, 0.6058380411445193, 0.4316697215292379, 0.32461244914431125, 0.29898418014229616, 0.3853292566116986, 0.6184818884427356, 0.9112753545916268, 1.124060711596949, 1.0918553682168552, 1.0519012231472415, 1.0604058710082023, 1.1010962834034748, 1.1484706050156464, 1.2414843039249468, 1.286522046207647, 1.3072562312959182, 1.4024657757114494, 1.4690763553789117, 1.4352382086312834, 1.3078676789813133, 1.2336627867197074, 1.2117583717879756, 1.0914323600059634]",40,True,81,0.2,0.7345726990794254,,1,0.1414213562373095,7.778174593052023
20260927T095930443635Z_577f21e5,HEUR,20,0.83,5,5,6,6.0,5.5,0.19,0.5,10,2,5760.0,"[0.8592549273600911, 0.6058380411445193, 0.4316697215292379, 0.32461244914431125, 0.29898418014229616, 0.3853292566116986, 0.6184818884427356, 0.9112753545916268, 1.124060711596949, 1.0918553682168552, 1.0519012231472415, 1.0604058710082023, 1.1010962834034748, 1.1484706050156464, 1.2414843039249468, 1.286522046207647, 1.3072562312959182, 1.4024657757114494, 1.4690763553789117, 1.4352382086312834, 1.3078676789813133, 1.2336627867197074, 1.2117583717879756, 1.0914323600059634]",40,True,81,0.2442732516826255,0.7353035343310322,,1,0.17272727272727273,7.778174593052023
20260927T095930443635Z_577f21e5,HEUR,20,1.0,5,5,6,5.5,5.5,0.19,0.5,10,2,5760.0,"[0.8592549273600911, 0.6058380411445193, 0.4316697215292379, 0.32461244914431125, 0.29898418014229616, 0.3853292566116986, 0.6184818884427356, 0.9112753545916268, 1.124060711596949, 1.0918553682168552, 1.0519012231472415, 1.0604058710082023, 1.1010962834034748, 1.1484706050156464, 1.2414843039249468, 1.286522046207647, 1.3072562312959182, 1.4024657757114494, 1.4690763553789117, 1.4352382086312834, 1.3078676789813133, 1.2336627867197074, 1.2117583717879756, 1.0914323600059634]",40,True,81,0.1,0.6090906299841227,,1,0.07071067811865475,7.778174593052023
20260927T095930443635Z_577f21e5,HEUR,20,1.0,5,5,6,5.5,5.5,0.19,0.5,10,2,5760.0,"[0.8592549273600911, 0.6058380411445193, 0.4316697215292379, 0.32461244914431125, 0.29898418014229616, 0.3853292566116986, 0.6184818884427356, 0.9112753545916268, 1.124060711596949, 1.0918553682168552, 1.0519012231472415, 1.0604058710082023, 1.1010962834034748, 1.1484706050156464, 1.2414843039249468, 1.286522046207647, 1.3072562312959182, 1.4024657757114494, 1.4690763553789117, 1.4352382086312834, 1.3078676789813133, 1.2336627867197074, 1.2117583717879756, 1.0914323600059634]",40,True,81,0.2,0.6896502062579907,,1,0.1414213562373095,7.778174593052023
20260927T095930443635Z_577f21e5,HEUR,20,1.0,5,5,6,5.5,5.5,0.19,0.5,10,2,5760.0,"[0.8592549273600911, 0.6058380411445193, 0.4316697215292379, 0.32461244914431125, 0.29898418014229616, 0.3853292566116986, 0.6184818884427356, 0.9112753545916268, 1.124060711596949, 1.0918553682168552, 1.0519012231472415, 1.0604058710082023, 1.1010962834034748, 1.1484706050156464, 1.2414843039249468, 1.286522046207647, 1.3072562312959182, 1.4024657757114494, 1.4690763553789117, 1.4352382086312834, 1.3078676789813133, 1.2336627867197074, 1.2117583717879756, 1.0914323600059634]",40,True,81,0.2442732516826255,0.7169511246746898,,1,0.17272727272727273,7.778174593052023
20260927T095930443635Z_577f21e5,HEUR,20,1.0,5,5,6,6.0,5.5,0.19,0.5,10,2,5760.0,"[0.8592549273600911, 0.6058380411445193, 0.4316697215292379, 0.32461244914431125, 0.29898418014229616, 0.3853292566116986, 0.6184818884427356, 0.9112753545916268, 1.124060711596949, 1.0918553682168552, 1.0519012231472415, 1.0604058710082023, 1.1010962834034748, 1.1484706050156464, 1.2414843039249468, 1.286522046207647, 1.3072562312959182, 1.4024657757114494, 1.4690763553789117, 1.4352382086312834, 1.3078676789813133, 1.2336627867197074, 1.2117583717879756, 1.0914323600059634]",40,True,81,0.1,0.6578515563259741,,1,0.07071067811865475,7.778174593052023
20260927T095930443635Z_577f21e5,HEUR,20,1.0,5,5,6,6.0,5.5,0.19,0.5,10,2,5760.0,"[0.8592549273600911, 0.6058380411445193, 0.4316697215292379, 0.32461244914431125, 0.29898418014229616, 0.3853292566116986, 0.6184818884427356, 0.9112753545916268, 1.124060711596949, 1.0918553682168552, 1.0519012231472415, 1.0604058710082023, 1.1010962834034748, 1.1484706050156464, 1.2414843039249468, 1.286522046207647, 1.3072562312959182, 1.4024657757114494, 1.4690763553789117, 1.4352382086312834, 1.3078676789813133, 1.2336627867197074, 1.2117583717879756, 1.0914323600059634]",40,True,81,0.2,0.7499420263557426,,1,0.1414213562373095,7.778174593052023
20260927T095930443635Z_577f21e5,HEUR,20,1.0,5,5,6,6.0,5.5,0.19,0.5,10,2,5760.0,"[0.8592549273600911, 0.6058380411445193, 0.4316697215292379, 0.32461244914431125, 0.29898418014229616, 0.3853292566116986, 0.6184818884427356, 0.9112753545916268, 1.124060711596949, 1.0918553682168552, 1.0519012231472415, 1.0604058710082023, 1.1010962834034748, 1.1484706050156464, 1.2414843039249468, 1.286522046207647, 1.3072562312959182, 1.4024657757114494, 1.4690763553789117, 1.4352382086312834, 1.3078676789813133, 1.2336627867197074, 1.2117583717879756, 1.0914323600059634]",40,True,81,0.2442732516826255,0.7801515725828818,,1,0.17272727272727273,7.778174593052023
20260927T095930443635Z_577f21e5,HEUR,30,0.33,5,5,6,5.5,5.5,0.19,0.5,10,2,5760.0,"[0.8592549273600911, 0.6058380411445193, 0.4316697215292379, 0.32461244914431125, 0.29898418014229616, 0.3853292566116986, 0.6184818884427356, 0.9112753545916268, 1.124060711596949, 1.0918553682168552, 1.0519012231472415, 1.0604058710082023, 1.1010962834034748, 1.1484706050156464, 1.2414843039249468, 1.286522046207647, 1.3072562312959182, 1.4024657757114494, 1.4690763553789117, 1.4352382086312834, 1.3078676789813133, 1.2336627867197074, 1.2117583717879756, 1.0914323600059634]",40,True,81,0.1,0.5581146198543695,,1,0.07071067811865475,7.778174593052023
20260927T095930443635Z_577f21e5,HEUR,30,0.33,5,5,6,5.5,5.5,0.19,0.5,10,2,5760.0,"[0.8592549273600911, 0.6058380411445193, 0.4316697215292379, 0.32461244914431125, 0.29898418014229616, 0.3853292566116986, 0.6184818884427356, 0.9112753545916268, 1.124060711596949, 1.0918553682168552, 1.0519012231472415, 1.0604058710082023, 1.1010962834034748, 1.1484706050156464, 1.2414843039249468, 1.286522046207647, 1.3072562312959182, 1.4024657757114494, 1.4690763553789117, 1.4352382086312834, 1.3078676789813133, 1.2336627867197074, 1.2117583717879756, 1.0914323600059634]",40,True,81,0.2,0.6515860109507339,,1,0.1414213562373095,7.778174593052023
20260927T095930443635Z_577f21e5,HEUR,30,0.33,5,5,6,5.5,5.5,0.19,0.5,10,2,5760.0,"[0.8592549273600911, 0.6058380411445193, 0.4316697215292379, 0.32461244914431125, 0.29898418014229616, 0.3853292566116986, 0.6184818884427356, 0.9112753545916268, 1.124060711596949, 1.0918553682168552, 1.0519012231472415, 1.0604058710082023, 1.1010962834034748, 1.1484706050156464, 1.2414843039249468, 1.286522046207647, 1.3072562312959182, 1.4024657757114494, 1.4690763553789117, 1.4352382086312834, 1.3078676789813133, 1.2336627867197074, 1.2117583717879756, 1.0914323600059634]",40,True,81,0.2442732516826255,0.6575208038118597,,1,0.17272727272727273,7.778174593052023
20260927T095930443635Z_577f21e5,HEUR,30,0.33,5,5,6,6.0,5.5,0.19,0.5,10,2,5760.0,"[0.8592549273600911, 0.6058380411445193, 0.4316697215292379, 0.32461244914431125, 0.29898418014229616, 0.3853292566116986, 0.6184818884427356, 0.9112753545916268, 1.124060711596949, 1.0918553682168552, 1.0519012231472415, 1.0604058710082023, 1.1010962834034748, 1.1484706050156464, 1.2414843039249468, 1.286522046207647, 1.3072562312959182, 1.4024657757114494, 1.4690763553789117, 1.4352382086312834, 1.3078676789813133, 1.2336627867197074, 1.2117583717879756, 1.0914323600059634]",40,True,81,0.1,0.6043801993837339,,1,0.07071067811865475,7.778174593052023
20260927T095930443635Z_577f21e5,HEUR,30,0.33,5,5,6,6.0,5.5,0.19,0.5,10,2,5760.0,"[0.8592549273600911, 0.6058380411445193, 0.4316697215292379, 0.32461244914431125, 0.29898418014229616, 0.3853292566116986, 0.6184818884427356, 0.9112753545916268, 1.124060711596949, 1.0918553682168552, 1.0519012231472415, 1.0604058710082023, 1.1010962834034748, 1.1484706050156464, 1.2414843039249468, 1.286522046207647, 1.3072562312959182, 1.4024657757114494, 1.4690763553789117, 1.4352382086312834, 1.3078676789813133, 1.2336627867197074, 1.2117583717879756, 1.0914323600059634]",40,True,81,0.2,0.7093944690395613,,1,0.1414213562373095,7.778174593052023
20260927T095930443635Z_577f21e5,HEUR,30,0.33,5,5,6,6.0,5.5,0.19,0.5,10,2,5760.0,"[0.8592549273600911, 0.6058380411445193, 0.4316697215292379, 0.32461244914431125, 0.29898418014229616, 0.3853292566116986, 0.6184818884427356, 0.9112753545916268, 1.124060711596949, 1.0918553682168552, 1.0519012231472415, 1.0604058710082023, 1.1010962834034748, 1.1484706050156464, 1.2414843039249468, 1.286522046207647, 1.3072562312959182, 1.4024657757114494, 1.4690763553789117, 1.4352382086312834, 1.3078676789813133, 1.2336627867197074, 1.2117583717879756, 1.0914323600059634]",40,True,81,0.2442732516826255,0.7161270661108391,,1,0.17272727272727273,7.778174593052023
20260927T095930443635Z_577f21e5,HEUR,30,0.5,5,5,6,5.5,5.5,0.19,0.5,10,2,5760.0,"[0.8592549273600911, 0.6058380411445193, 0.4316697215292379, 0.32461244914431125, 0.29898418014229616, 0.3853292566116986, 0.6184818884427356, 0.9112753545916268, 1.124060711596949, 1.0918553682168552, 1.0519012231472415, 1.0604058710082023, 1.1010962834034748, 1.1484706050156464, 1.2414843039249468, 1.286522046207647, 1.3072562312959182, 1.4024657757114494, 1.4690763553789117, 1.4352382086312834, 1.3078676789813133, 1.2336627867197074, 1.2117583717879756, 1.0914323600059634]",40,True,81,0.1,0.6207821321205275,,1,0.07071067811865475,7.778174593052023
20260927T095930443635Z_577f21e5,HEUR,30,0.5,5,5,6,5.5,5.5,0.19,0.5,10,2,5760.0,"[0.8592549273600911, 0.6058380411445193, 0.4316697215292379, 0.32461244914431125, 0.29898418014229616, 0.3853292566116986, 0.6184818884427356, 0.9112753545916268, 1.124060711596949, 1.0918553682168552, 1.0519012231472415, 1.0604058710082023, 1.1010962834034748, 1.1484706050156464, 1.2414843039249468, 1.286522046207647, 1.3072562312959182, 1.4024657757114494, 1.4690763553789117, 1.4352382086312834, 1.3078676789813133, 1.2336627867197074, 1.2117583717879756, 1.0914323600059634]",40,True,81,0.2,0.6766953132605626,,1,0.1414213562373095,7.778174593052023
20260927T095930443635Z_577f21e5,HEUR,30,0.5,5,5,6,5.5,5.5,0.19,0.5,10,2,5760.0,"[0.8592549273600911, 0.6058380411445193, 0.4316697215292379, 0.32461244914431125, 0.29898418014229616, 0.3853292566116986, 0.6184818884427356, 0.9112753545916268, 1.124060711596949, 1.0918553682168552, 1.0519012231472415, 1.0604058710082023, 1.1010962834034748, 1.1484706050156464, 1.2414843039249468, 1.286522046207647, 1.3072562312959182, 1.4024657757114494, 1.4690763553789117, 1.4352382086312834, 1.3078676789813133, 1.2336627867197074, 1.2117583717879756, 1.0914323600059634]",40,True,81,0.2442732516826255,0.664720969210972,,1,0.17272727272727273,7.778174593052023
20260927T095930443635Z_577f21e5,HEUR,30,0.5,5,5,6,6.0,5.5,0.19,0.5,10,2,5760.0,"[0.8592549273600911, 0.6058380411445193, 0.4316697215292379, 0.32461244914431125, 0.29898418014229616, 0.3853292566116986, 0.6184818884427356, 0.9112753545916268, 1.124060711596949, 1.0918553682168552, 1.0519012231472415, 1.0604058710082023, 1.1010962834034748, 1.1484706050156464, 1.2414843039249468, 1.286522046207647, 1.3072562312959182, 1.4024657757114494, 1.4690763553789117, 1.4352382086312834, 1.3078676789813133, 1.2336627867197074, 1.2117583717879756, 1.0914323600059634]",40,True,81,0.1,0.6728803871651373,,1,0.07071067811865475,7.778174593052023
20260927T095930443635Z_577f21e5,HEUR,30,0.5,5,5,6,6.0,5.5,0.19,0.5,10,2,5760.0,"[0.8592549273600911, 0.6058380411445193, 0.4316697215292379, 0.32461244914431125, 0.29898418014229616, 0.3853292566116986, 0.6184818884427356, 0.9112753545916268, 1.124060711596949, 1.0918553682168552, 1.0519012231472415, 1.0604058710082023, 1.1010962834034748, 1.1484706050156464, 1.2414843039249468, 1.286522046207647, 1.3072562312959182, 1.4024657757114494, 1.4690763553789117, 1.4352382086312834, 1.3078676789813133, 1.2336627867197074, 1.2117583717879756, 1.0914323600059634]",40,True,81,0.2,0.7367164176077362,,1,0.1414213562373095,7.778174593052023
20260927T095930443635Z_577f21e5,HEUR,30,0.5,5,5,6,6.0,5.5,0.19,0.5,10,2,5760.0,"[0.8592549273600911, 0.6058380411445193, 0.4316697215292379, 0.32461244914431125, 0.29898418014229616, 0.3853292566116986, 0.6184818884427356, 0.9112753545916268, 1.124060711596949, 1.0918553682168552, 1.0519012231472415, 1.0604058710082023, 1.1010962834034748, 1.1484706050156464, 1.2414843039249468, 1.286522046207647, 1.3072562312959182, 1.4024657757114494, 1.4690763553789117, 1.4352382086312834, 1.3078676789813133, 1.2336627867197074, 1.2117583717879756, 1.0914323600059634]",40,True,81,0.2442732516826255,0.7239313867248429,,1,0.17272727272727273,7.778174593052023
20260927T095930443635Z_577f21e5,HEUR,30,0.67,5,5,6,5.5,5.5,0.19,0.5,10,2,5760.0,"[0.8592549273600911, 0.6058380411445193, 0.4316697215292379, 0.32461244914431125, 0.29898418014229616, 0.3853292566116986, 0.6184818884427356, 0.9112753545916268, 1.124060711596949, 1.0918553682168552, 1.0519012231472415, 1.0604058710082023, 1.1010962834034748, 1.1484706050156464, 1.2414843039249468, 1.286522046207647, 1.3072562312959182, 1.4024657757114494, 1.4690763553789117, 1.4352382086312834, 1.3078676789813133, 1.2336627867197074, 1.2117583717879756, 1.0914323600059634]",40,True,81,0.1,0.6568172198502975,,1,0.07071067811865475,7.778174593052023
20260927T095930443635Z_577f21e5,HEUR,30,0.67,5,5,6,5.5,5.5,0.19,0.5,10,2,5760.0,"[0.8592549273600911, 0.6058380411445193, 0.4316697215292379, 0.32461244914431125, 0.29898418014229616, 0.3853292566116986, 0.6184818884427356, 0.9112753545916268, 1.124060711596949, 1.0918553682168552, 1.0519012231472415, 1.0604058710082023, 1.1010962834034748, 1.1484706050156464, 1.2414843039249468, 1.286522046207647, 1.3072562312959182, 1.4024657757114494, 1.4690763553789117, 1.4352382086312834, 1.3078676789813133, 1.2336627867197074, 1.2117583717879756, 1.0914323600059634]",40,True,81,0.2,0.709304691624868,,1,0.1414213562373095,7.778174593052023
20260927T095930443635Z_577f21e5,HEUR,30,0.67,5,5,6,5.5,5.5,0.19,0.5,10,2,5760.0,"[0.8592549273600911, 0.6058380411445193, 0.4316697215292379, 0.32461244914431125, 0.29898418014229616, 0.3853292566116986, 0.6184818884427356, 0.9112753545916268, 1.124060711596949, 1.0918553682168552, 1.0519012231472415, 1.0604058710082023, 1.1010962834034748, 1.1484706050156464, 1.2414843039249468, 1.286522046207647, 1.3072562312959182, 1.4024657757114494, 1.4690763553789117, 1.4352382086312834, 1.3078676789813133, 1.2336627867197074, 1.2117583717879756, 1.0914323600059634]",40,True,81,0.2442732516826255,0.7331133852489872,,1,0.17272727272727273,7.778174593052023
20260927T095930443635Z_577f21e5,HEUR,30,0.67,5,5,6,6.0,5.5,0.19,0.5,10,2,5760.0,"[0.8592549273600911, 0.6058380411445193, 0.4316697215292379, 0.32461244914431125, 0.29898418014229616, 0.3853292566116986, 0.6184818884427356, 0.9112753545916268, 1.124060711596949, 1.0918553682168552, 1.0519012231472415, 1.0604058710082023, 1.1010962834034748, 1.1484706050156464, 1.2414843039249468, 1.286522046207647, 1.3072562312959182, 1.4024657757114494, 1.4690763553789117, 1.4352382086312834, 1.3078676789813133, 1.2336627867197074, 1.2117583717879756, 1.0914323600059634]",40,True,81,0.1,0.712659251361812,,1,0.07071067811865475,7.778174593052023
20260927T095930443635Z_577f21e5,HEUR,30,0.67,5,5,6,6.0,5.5,0.19,0.5,10,2,5760.0,"[0.8592549273600911, 0.6058380411445193, 0.4316697215292379, 0.32461244914431125, 0.29898418014229616, 0.3853292566116986, 0.6184818884427356, 0.9112753545916268, 1.124060711596949, 1.0918553682168552, 1.0519012231472415, 1.0604058710082023, 1.1010962834034748, 1.1484706050156464, 1.2414843039249468, 1.286522046207647, 1.3072562312959182, 1.4024657757114494, 1.4690763553789117, 1.4352382086312834, 1.3078676789813133, 1.2336627867197074, 1.2117583717879756, 1.0914323600059634]",40,True,81,0.2,0.7721999467892028,,1,0.1414213562373095,7.778174593052023
20260927T095930443635Z_577f21e5,HEUR,30,0.67,5,5,6,6.0,5.5,0.19,0.5,10,2,5760.0,"[0.8592549273600911, 0.6058380411445193, 0.4316697215292379, 0.32461244914431125, 0.29898418014229616, 0.3853292566116986, 0.6184818884427356, 0.9112753545916268, 1.124060711596949, 1.0918553682168552, 1.0519012231472415, 1.0604058710082023, 1.1010962834034748, 1.1484706050156464, 1.2414843039249468, 1.286522046207647, 1.3072562312959182, 1.4024657757114494, 1.4690763553789117, 1.4352382086312834, 1.3078676789813133, 1.2336627867197074, 1.2117583717879756, 1.0914323600059634]",40,True,81,0.2442732516826255,0.7986512754995343,,1,0.17272727272727273,7.778174593052023
20260927T095930443635Z_577f21e5,HEUR,30,0.83,5,5,6,5.5,5.5,0.19,0.5,10,2,5760.0,"[0.8592549273600911, 0.6058380411445193, 0.4316697215292379, 0.32461244914431125, 0.29898418014229616, 0.3853292566116986, 0.6184818884427356, 0.9112753545916268, 1.124060711596949, 1.0918553682168552, 1.0519012231472415, 1.0604058710082023, 1.1010962834034748, 1.1484706050156464, 1.2414843039249468, 1.286522046207647, 1.3072562312959182, 1.4024657757114494, 1.4690763553789117, 1.4352382086312834, 1.3078676789813133, 1.2336627867197074, 1.2117583717879756, 1.0914323600059634]",40,True,81,0.1,0.6870023920016973,,1,0.07071067811865475,7.778174593052023
20260927T095930443635Z_577f21e5,HEUR,30,0.83,5,5,6,5.5,5.5,0.19,0.5,10,2,5760.0,"[0.8592549273600911, 0.6058380411445193, 0.4316697215292379, 0.32461244914431125, 0.29898418014229616, 0.3853292566116986, 0.6184818884427356, 0.9112753545916268, 1.124060711596949, 1.0918553682168552, 1.0519012231472415, 1.0604058710082023, 1.1010962834034748, 1.1484706050156464, 1.2414843039249468, 1.286522046207647, 1.3072562312959182, 1.4024657757114494, 1.4690763553789117, 1.4352382086312834, 1.3078676789813133, 1.2336627867197074, 1.2117583717879756, 1.0914323600059634]",40,True,81,0.2,0.7326946376428026,,1,0.1414213562373095,7.778174593052023
20260927T095930443635Z_577f21e5,HEUR,30,0.83,5,5,6,5.5,5.5,0.19,0.5,10,2,5760.0,"[0.8592549273600911, 0.6058380411445193, 0.4316697215292379, 0.32461244914431125, 0.29898418014229616, 0.3853292566116986, 0.6184818884427356, 0.9112753545916268, 1.124060711596949, 1.0918553682168552, 1.0519012231472415, 1.0604058710082023, 1.1010962834034748, 1.1484706050156464, 1.2414843039249468, 1.286522046207647, 1.3072562312959182, 1.4024657757114494, 1.4690763553789117, 1.4352382086312834, 1.3078676789813133, 1.2336627867197074, 1.2117583717879756, 1.0914323600059634]",40,True,81,0.2442732516826255,0.7516479201076683,,1,0.17272727272727273,7.778174593052023
20260927T095930443635Z_577f21e5,HEUR,30,0.83,5,5,6,6.0,5.5,0.19,0.5,10,2,5760.0,"[0.8592549273600911, 0.6058380411445193, 0.4316697215292379, 0.32461244914431125, 0.29898418014229616, 0.3853292566116986, 0.6184818884427356, 0.9112753545916268, 1.124060711596949, 1.0918553682168552, 1.0519012231472415, 1.0604058710082023, 1.1010962834034748, 1.1484706050156464, 1.2414843039249468, 1.286522046207647, 1.3072562312959182, 1.4024657757114494, 1.4690763553789117, 1.4352382086312834, 1.3078676789813133, 1.2336627867197074, 1.2117583717879756, 1.0914323600059634]",40,True,81,0.1,0.7445999982781387,,1,0.07071067811865475,7.778174593052023
20260927T095930443635Z_577f21e5,HEUR,30,0.83,5,5,6,6.0,5.5,0.19,0.5,10,2,5760.0,"[0.8592549273600911, 0.6058380411445193, 0.4316697215292379, 0.32461244914431125, 0.29898418014229616, 0.3853292566116986, 0.6184818884427356, 0.9112753545916268, 1.124060711596949, 1.0918553682168552, 1.0519012231472415, 1.0604058710082023, 1.1010962834034748, 1.1484706050156464, 1.2414843039249468, 1.286522046207647, 1.3072562312959182, 1.4024657757114494, 1.4690763553789117, 1.4352382086312834, 1.3078676789813133, 1.2336627867197074, 1.2117583717879756, 1.0914323600059634]",40,True,81,0.2,0.797670418606111,,1,0.1414213562373095,7.778174593052023
20260927T095930443635Z_577f21e5,HEUR,30,0.83,5,5,6,6.0,5.5,0.19,0.5,10,2,5760.0,"[0.8592549273600911, 0.6058380411445193, 0.4316697215292379, 0.32461244914431125, 0.29898418014229616, 0.3853292566116986, 0.6184818884427356, 0.9112753545916268, 1.124060711596949, 1.0918553682168552, 1.0519012231472415, 1.0604058710082023, 1.1010962834034748, 1.1484706050156464, 1.2414843039249468, 1.286522046207647, 1.3072562312959182, 1.4024657757114494, 1.4690763553789117, 1.4352382086312834, 1.3078676789813133, 1.2336627867197074, 1.2117583717879756, 1.0914323600059634]",40,True,81,0.2442732516826255,0.8186772248836316,,1,0.17272727272727273,7.778174593052023
20260927T095930443635Z_577f21e5,HEUR,30,1.0,5,5,6,5.5,5.5,0.19,0.5,10,2,5760.0,"[0.8592549273600911, 0.6058380411445193, 0.4316697215292379, 0.32461244914431125, 0.29898418014229616, 0.3853292566116986, 0.6184818884427356, 0.9112753545916268, 1.124060711596949, 1.0918553682168552, 1.0519012231472415, 1.0604058710082023, 1.1010962834034748, 1.1484706050156464, 1.2414843039249468, 1.286522046207647, 1.3072562312959182, 1.4024657757114494, 1.4690763553789117, 1.4352382086312834, 1.3078676789813133, 1.2336627867197074, 1.2117583717879756, 1.0914323600059634]",40,True,81,0.1,0.6706829586280566,,1,0.07071067811865475,7.778174593052023
20260927T095930443635Z_577f21e5,HEUR,30,1.0,5,5,6,5.5,5.5,0.19,0.5,10,2,5760.0,"[0.8592549273600911, 0.6058380411445193, 0.4316697215292379, 0.32461244914431125, 0.29898418014229616, 0.3853292566116986, 0.6184818884427356, 0.9112753545916268, 1.124060711596949, 1.0918553682168552, 1.0519012231472415, 1.0604058710082023, 1.1010962834034748, 1.1484706050156464, 1.2414843039249468, 1.286522046207647, 1.3072562312959182, 1.4024657757114494, 1.4690763553789117, 1.4352382086312834, 1.3078676789813133, 1.2336627867197074, 1.2117583717879756, 1.0914323600059634]",40,True,81,0.2,0.7664916431917032,,1,0.1414213562373095,7.778174593052023
20260927T095930443635Z_577f21e5,HEUR,30,1.0,5,5,6,5.5,5.5,0.19,0.5,10,2,5760.0,"[0.8592549273600911, 0.6058380411445193, 0.4316697215292379, 0.32461244914431125, 0.29898418014229616, 0.3853292566116986, 0.6184818884427356, 0.9112753545916268, 1.124060711596949, 1.0918553682168552, 1.0519012231472415, 1.0604058710082023, 1.1010962834034748, 1.1484706050156464, 1.2414843039249468, 1.286522046207647, 1.3072562312959182, 1.4024657757114494, 1.4690763553789117, 1.4352382086312834, 1.3078676789813133, 1.2336627867197074, 1.2117583717879756, 1.0914323600059634]",40,True,81,0.2442732516826255,0.7813910929361979,,1,0.17272727272727273,7.778174593052023
20260927T095930443635Z_577f21e5,HEUR,30,1.0,5,5,6,6.0,5.5,0.19,0.5,10,2,5760.0,"[0.8592549273600911, 0.6058380411445193, 0.4316697215292379, 0.32461244914431125, 0.29898418014229616, 0.3853292566116986, 0.6184818884427356, 0.9112753545916268, 1.124060711596949, 1.0918553682168552, 1.0519012231472415, 1.0604058710082023, 1.1010962834034748, 1.1484706050156464, 1.2414843039249468, 1.286522046207647, 1.3072562312959182, 1.4024657757114494, 1.4690763553789117, 1.4352382086312834, 1.3078676789813133, 1.2336627867197074, 1.2117583717879756, 1.0914323600059634]",40,True,81,0.1,0.7267424616359675,,1,0.07071067811865475,7.778174593052023
20260927T095930443635Z_577f21e5,HEUR,30,1.0,5,5,6,6.0,5.5,0.19,0.5,10,2,5760.0,"[0.8592549273600911, 0.6058380411445193, 0.4316697215292379, 0.32461244914431125, 0.29898418014229616, 0.3853292566116986, 0.6184818884427356, 0.9112753545916268, 1.124060711596949, 1.0918553682168552, 1.0519012231472415, 1.0604058710082023, 1.1010962834034748, 1.1484706050156464, 1.2414843039249468, 1.286522046207647, 1.3072562312959182, 1.4024657757114494, 1.4690763553789117, 1.4352382086312834, 1.3078676789813133, 1.2336627867197074, 1.2117583717879756, 1.0914323600059634]",40,True,81,0.2,0.8344795743723128,,1,0.1414213562373095,7.778174593052023
20260927T095930443635Z_577f21e5,HEUR,30,1.0,5,5,6,6.0,5.5,0.19,0.5,10,2,5760.0,"[0.8592549273600911, 0.6058380411445193, 0.4316697215292379, 0.32461244914431125, 0.29898418014229616, 0.3853292566116986, 0.6184818884427356, 0.9112753545916268, 1.124060711596949, 1.0918553682168552, 1.0519012231472415, 1.0604058710082023, 1.1010962834034748, 1.1484706050156464, 1.2414843039249468, 1.286522046207647, 1.3072562312959182, 1.4024657757114494, 1.4690763553789117, 1.4352382086312834, 1.3078676789813133, 1.2336627867197074, 1.2117583717879756, 1.0914323600059634]",40,True,81,0.2442732516826255,0.850846438937717,,1,0.17272727272727273,7.778174593052023
20260927T095930443635Z_577f21e5,HEUR,40,0.33,5,5,6,5.5,5.5,0.19,0.5,10,2,5760.0,"[0.8592549273600911, 0.6058380411445193, 0.4316697215292379, 0.32461244914431125, 0.29898418014229616, 0.3853292566116986, 0.6184818884427356, 0.9112753545916268, 1.124060711596949, 1.0918553682168552, 1.0519012231472415, 1.0604058710082023, 1.1010962834034748, 1.1484706050156464, 1.2414843039249468, 1.286522046207647, 1.3072562312959182, 1.4024657757114494, 1.4690763553789117, 1.4352382086312834, 1.3078676789813133, 1.2336627867197074, 1.2117583717879756, 1.0914323600059634]",40,True,81,0.1,0.6064909017876406,,1,0.07071067811865475,7.778174593052023
20260927T095930443635Z_577f21e5,HEUR,40,0.33,5,5,6,5.5,5.5,0.19,0.5,10,2,5760.0,"[0.8592549273600911, 0.6058380411445193, 0.4316697215292379, 0.32461244914431125, 0.29898418014229616, 0.3853292566116986, 0.6184818884427356, 0.9112753545916268, 1.124060711596949, 1.0918553682168552, 1.0519012231472415, 1.0604058710082023, 1.1010962834034748, 1.1484706050156464, 1.2414843039249468, 1.286522046207647, 1.3072562312959182, 1.4024657757114494, 1.4690763553789117, 1.4352382086312834, 1.3078676789813133, 1.2336627867197074, 1.2117583717879756, 1.0914323600059634]",40,True,81,0.2,0.6516282710865555,,1,0.1414213562373095,7.778174593052023
20260927T095930443635Z_577f21e5,HEUR,40,0.33,5,5,6,5.5,5.5,0.19,0.5,10,2,5760.0,"[0.8592549273600911, 0.6058380411445193, 0.4316697215292379, 0.32461244914431125, 0.29898418014229616, 0.3853292566116986, 0.6184818884427356, 0.9112753545916268, 1.124060711596949, 1.0918553682168552, 1.0519012231472415, 1.0604058710082023, 1.1010962834034748, 1.1484706050156464, 1.2414843039249468, 1.286522046207647, 1.3072562312959182, 1.4024657757114494, 1.4690763553789117, 1.4352382086312834, 1.3078676789813133, 1.2336627867197074, 1.2117583717879756, 1.0914323600059634]",40,True,81,0.2442732516826255,0.6774981481893368,,1,0.17272727272727273,7.778174593052023
20260927T095930443635Z_577f21e5,HEUR,40,0.33,5,5,6,6.0,5.5,0.19,0.5,10,2,5760.0,"[0.8592549273600911, 0.6058380411445193, 0.4316697215292379, 0.32461244914431125, 0.29898418014229616, 0.3853292566116986, 0.6184818884427356, 0.9112753545916268, 1.124060711596949, 1.0918553682168552, 1.0519012231472415, 1.0604058710082023, 1.1010962834034748, 1.1484706050156464, 1.2414843039249468, 1.286522046207647, 1.3072562312959182, 1.4024657757114494, 1.4690763553789117, 1.4352382086312834, 1.3078676789813133, 1.2336627867197074, 1.2117583717879756, 1.0914323600059634]",40,True,81,0.1,0.6592818946870165,,1,0.07071067811865475,7.778174593052023
20260927T095930443635Z_577f21e5,HEUR,40,0.33,5,5,6,6.0,5.5,0.19,0.5,10,2,5760.0,"[0.8592549273600911, 0.6058380411445193, 0.4316697215292379, 0.32461244914431125, 0.29898418014229616, 0.3853292566116986, 0.6184818884427356, 0.9112753545916268, 1.124060711596949, 1.0918553682168552, 1.0519012231472415, 1.0604058710082023, 1.1010962834034748, 1.1484706050156464, 1.2414843039249468, 1.286522046207647, 1.3072562312959182, 1.4024657757114494, 1.4690763553789117, 1.4352382086312834, 1.3078676789813133, 1.2336627867197074, 1.2117583717879756, 1.0914323600059634]",40,True,81,0.2,0.7098491528285973,,1,0.1414213562373095,7.778174593052023
20260927T095930443635Z_577f21e5,HEUR,40,0.33,5,5,6,6.0,5.5,0.19,0.5,10,2,5760.0,"[0.8592549273600911, 0.6058380411445193, 0.4316697215292379, 0.32461244914431125, 0.29898418014229616, 0.3853292566116986, 0.6184818884427356, 0.9112753545916268, 1.124060711596949, 1.0918553682168552, 1.0519012231472415, 1.0604058710082023, 1.1010962834034748, 1.1484706050156464, 1.2414843039249468, 1.286522046207647, 1.3072562312959182, 1.4024657757114494, 1.4690763553789117, 1.4352382086312834, 1.3078676789813133, 1.2336627867197074, 1.2117583717879756, 1.0914323600059634]",40,True,81,0.2442732516826255,0.7383607821922146,,1,0.17272727272727273,7.778174593052023
20260927T095930443635Z_577f21e5,HEUR,40,0.5,5,5,6,5.5,5.5,0.19,0.5,10,2,5760.0,"[0.8592549273600911, 0.6058380411445193, 0.4316697215292379, 0.32461244914431125, 0.29898418014229616, 0.3853292566116986, 0.6184818884427356, 0.9112753545916268, 1.124060711596949, 1.0918553682168552, 1.0519012231472415, 1.0604058710082023, 1.1010962834034748, 1.1484706050156464, 1.2414843039249468, 1.286522046207647, 1.3072562312959182, 1.4024657757114494, 1.4690763553789117, 1.4352382086312834, 1.3078676789813133, 1.2336627867197074, 1.2117583717879756, 1.0914323600059634]",40,True,81,0.1,0.6244289135698552,,1,0.07071067811865475,7.778174593052023
20260927T095930443635Z_577f21e5,HEUR,40,0.5,5,5,6,5.5,5.5,0.19,0.5,10,2,5760.0,"[0.8592549273600911, 0.6058380411445193, 0.4316697215292379, 0.32461244914431125, 0.29898418014229616, 0.3853292566116986, 0.6184818884427356, 0.9112753545916268, 1.124060711596949, 1.0918553682168552, 1.0519012231472415, 1.0604058710082023, 1.1010962834034748, 1.1484706050156464, 1.2414843039249468, 1.286522046207647, 1.3072562312959182, 1.4024657757114494, 1.4690763553789117, 1.4352382086312834, 1.3078676789813133, 1.2336627867197074, 1.2117583717879756, 1.0914323600059634]",40,True,81,0.2,0.7112585358743212,,1,0.1414213562373095,7.778174593052023
20260927T095930443635Z_577f21e5,HEUR,40,0.5,5,5,6,5.5,5.5,0.19,0.5,10,2,5760.0,"[0.8592549273600911, 0.6058380411445193, 0.4316697215292379, 0.32461244914431125, 0.29898418014229616, 0.3853292566116986, 0.6184818884427356, 0.9112753545916268, 1.124060711596949, 1.0918553682168552, 1.0519012231472415, 1.0604058710082023, 1.1010962834034748, 1.1484706050156464, 1.2414843039249468, 1.286522046207647, 1.3072562312959182, 1.4024657757114494, 1.4690763553789117, 1.4352382086312834, 1.3078676789813133, 1.2336627867197074, 1.2117583717879756, 1.0914323600059634]",40,True,81,0.2442732516826255,0.7358055538601346,,1,0.17272727272727273,7.778174593052023
20260927T095930443635Z_577f21e5,HEUR,40,0.5,5,5,6,6.0,5.5,0.19,0.5,10,2,5760.0,"[0.8592549273600911, 0.6058380411445193, 0.4316697215292379, 0.32461244914431125, 0.29898418014229616, 0.3853292566116986, 0.6184818884427356, 0.9112753545916268, 1.124060711596949, 1.0918553682168552, 1.0519012231472415, 1.0604058710082023, 1.1010962834034748, 1.1484706050156464, 1.2414843039249468, 1.286522046207647, 1.3072562312959182, 1.4024657757114494, 1.4690763553789117, 1.4352382086312834, 1.3078676789813133, 1.2336627867197074, 1.2117583717879756, 1.0914323600059634]",40,True,81,0.1,0.6779172759273416,,1,0.07071067811865475,7.778174593052023
20260927T095930443635Z_577f21e5,HEUR,40,0.5,5,5,6,6.0,5.5,0.19,0.5,10,2,5760.0,"[0.8592549273600911, 0.6058380411445193, 0.4316697215292379, 0.32461244914431125, 0.29898418014229616, 0.3853292566116986, 0.6184818884427356, 0.9112753545916268, 1.124060711596949, 1.0918553682168552, 1.0519012231472415, 1.0604058710082023, 1.1010962834034748, 1.1484706050156464, 1.2414843039249468, 1.286522046207647, 1.3072562312959182, 1.4024657757114494, 1.4690763553789117, 1.4352382086312834, 1.3078676789813133, 1.2336627867197074, 1.2117583717879756, 1.0914323600059634]",40,True,81,0.2,0.774975557271983,,1,0.1414213562373095,7.778174593052023
20260927T095930443635Z_577f21e5,HEUR,40,0.5,5,5,6,6.0,5.5,0.19,0.5,10,2,5760.0,"[0.8592549273600911, 0.6058380411445193, 0.4316697215292379, 0.32461244914431125, 0.29898418014229616, 0.3853292566116986, 0.6184818884427356, 0.9112753545916268, 1.124060711596949, 1.0918553682168552, 1.0519012231472415, 1.0604058710082023, 1.1010962834034748, 1.1484706050156464, 1.2414843039249468, 1.286522046207647, 1.3072562312959182, 1.4024657757114494, 1.4690763553789117, 1.4352382086312834, 1.3078676789813133, 1.2336627867197074, 1.2117583717879756, 1.0914323600059634]",40,True,81,0.2442732516826255,0.8019803025987413,,1,0.17272727272727273,7.778174593052023
20260927T095930443635Z_577f21e5,HEUR,40,0.67,5,5,6,5.5,5.5,0.19,0.5,10,2,5760.0,"[0.8592549273600911, 0.6058380411445193, 0.4316697215292379, 0.32461244914431125, 0.29898418014229616, 0.3853292566116986, 0.6184818884427356, 0.9112753545916268, 1.124060711596949, 1.0918553682168552, 1.0519012231472415, 1.0604058710082023, 1.1010962834034748, 1.1484706050156464, 1.2414843039249468, 1.286522046207647, 1.3072562312959182, 1.4024657757114494, 1.4690763553789117, 1.4352382086312834, 1.3078676789813133, 1.2336627867197074, 1.2117583717879756, 1.0914323600059634]",40,True,81,0.1,0.6613698510545629,,1,0.07071067811865475,7.778174593052023
20260927T095930443635Z_577f21e5,HEUR,40,0.67,5,5,6,5.5,5.5,0.19,0.5,10,2,5760.0,"[0.8592549273600911, 0.6058380411445193, 0.4316697215292379, 0.32461244914431125, 0.29898418014229616, 0.3853292566116986, 0.6184818884427356, 0.9112753545916268, 1.124060711596949, 1.0918553682168552, 1.0519012231472415, 1.0604058710082023, 1.1010962834034748, 1.1484706050156464, 1.2414843039249468, 1.286522046207647, 1.3072562312959182, 1.4024657757114494, 1.4690763553789117, 1.4352382086312834, 1.3078676789813133, 1.2336627867197074, 1.2117583717879756, 1.0914323600059634]",40,True,81,0.2,0.7442001942154931,,1,0.1414213562373095,7.778174593052023
20260927T095930443635Z_577f21e5,HEUR,40,0.67,5,5,6,5.5,5.5,0.19,0.5,10,2,5760.0,"[0.8592549273600911, 0.6058380411445193, 0.4316697215292379, 0.32461244914431125, 0.29898418014229616, 0.3853292566116986, 0.6184818884427356, 0.9112753545916268, 1.124060711596949, 1.0918553682168552, 1.0519012231472415, 1.0604058710082023, 1.1010962834034748, 1.1484706050156464, 1.2414843039249468, 1.286522046207647, 1.3072562312959182, 1.4024657757114494, 1.4690763553789117, 1.4352382086312834, 1.3078676789813133, 1.2336627867197074, 1.2117583717879756, 1.0914323600059634]",40,True,81,0.2442732516826255,0.7768896653917101,,1,0.17272727272727273,7.778174593052023
20260927T095930443635Z_577f21e5,HEUR,40,0.67,5,5,6,6.0,5.5,0.19,0.5,10,2,5760.0,"[0.8592549273600911, 0.6058380411445193, 0.4316697215292379, 0.32461244914431125, 0.29898418014229616, 0.3853292566116986, 0.6184818884427356, 0.9112753545916268, 1.124060711596949, 1.0918553682168552, 1.0519012231472415, 1.0604058710082023, 1.1010962834034748, 1.1484706050156464, 1.2414843039249468, 1.286522046207647, 1.3072562312959182, 1.4024657757114494, 1.4690763553789117, 1.4352382086312834, 1.3078676789813133, 1.2336627867197074, 1.2117583717879756, 1.0914323600059634]",40,True,81,0.1,0.718541990926558,,1,0.07071067811865475,7.778174593052023
20260927T095930443635Z_577f21e5,HEUR,40,0.67,5,5,6,6.0,5.5,0.19,0.5,10,2,5760.0,"[0.8592549273600911, 0.6058380411445193, 0.4316697215292379, 0.32461244914431125, 0.29898418014229616, 0.3853292566116986, 0.6184818884427356, 0.9112753545916268, 1.124060711596949, 1.0918553682168552, 1.0519012231472415, 1.0604058710082023, 1.1010962834034748, 1.1484706050156464, 1.2414843039249468, 1.286522046207647, 1.3072562312959182, 1.4024657757114494, 1.4690763553789117, 1.4352382086312834, 1.3078676789813133, 1.2336627867197074, 1.2117583717879756, 1.0914323600059634]",40,True,81,0.2,0.8108653117226923,,1,0.1414213562373095,7.778174593052023
20260927T095930443635Z_577f21e5,HEUR,40,0.67,5,5,6,6.0,5.5,0.19,0.5,10,2,5760.0,"[0.8592549273600911, 0.6058380411445193, 0.4316697215292379, 0.32461244914431125, 0.29898418014229616, 0.3853292566116986, 0.6184818884427356, 0.9112753545916268, 1.124060711596949, 1.0918553682168552, 1.0519012231472415, 1.0604058710082023, 1.1010962834034748, 1.1484706050156464, 1.2414843039249468, 1.286522046207647, 1.3072562312959182, 1.4024657757114494, 1.4690763553789117, 1.4352382086312834, 1.3078676789813133, 1.2336627867197074, 1.2117583717879756, 1.0914323600059634]",40,True,81,0.2442732516826255,0.8465864902072483,,1,0.17272727272727273,7.778174593052023
20260927T095930443635Z_577f21e5,HEUR,40,0.83,5,5,6,5.5,5.5,0.19,0.5,10,2,5760.0,"[0.8592549273600911, 0.6058380411445193, 0.4316697215292379, 0.32461244914431125, 0.29898418014229616, 0.3853292566116986, 0.6184818884427356, 0.9112753545916268, 1.124060711596949, 1.0918553682168552, 1.0519012231472415, 1.0604058710082023, 1.1010962834034748, 1.1484706050156464, 1.2414843039249468, 1.286522046207647, 1.3072562312959182, 1.4024657757114494, 1.4690763553789117, 1.4352382086312834, 1.3078676789813133, 1.2336627867197074, 1.2117583717879756, 1.0914323600059634]",40,True,81,0.1,0.6996366087096328,,1,0.07071067811865475,7.778174593052023
20260927T095930443635Z_577f21e5,HEUR,40,0.83,5,5,6,5.5,5.5,0.19,0.5,10,2,5760.0,"[0.8592549273600911, 0.6058380411445193, 0.4316697215292379, 0.32461244914431125, 0.29898418014229616, 0.3853292566116986, 0.6184818884427356, 0.9112753545916268, 1.124060711596949, 1.0918553682168552, 1.0519012231472415, 1.0604058710082023, 1.1010962834034748, 1.1484706050156464, 1.2414843039249468, 1.286522046207647, 1.3072562312959182, 1.4024657757114494, 1.4690763553789117, 1.4352382086312834, 1.3078676789813133, 1.2336627867197074, 1.2117583717879756, 1.0914323600059634]",40,True,81,0.2,0.7816299947102865,,1,0.1414213562373095,7.778174593052023
20260927T095930443635Z_577f21e5,HEUR,40,0.83,5,5,6,5.5,5.5,0.19,0.5,10,2,5760.0,"[0.8592549273600911, 0.6058380411445193, 0.4316697215292379, 0.32461244914431125, 0.29898418014229616, 0.3853292566116986, 0.6184818884427356, 0.9112753545916268, 1.124060711596949, 1.0918553682168552, 1.0519012231472415, 1.0604058710082023, 1.1010962834034748, 1.1484706050156464, 1.2414843039249468, 1.286522046207647, 1.3072562312959182, 1.4024657757114494, 1.4690763553789117, 1.4352382086312834, 1.3078676789813133, 1.2336627867197074, 1.2117583717879756, 1.0914323600059634]",40,True,81,0.2442732516826255,0.7883865356445312,,1,0.17272727272727273,7.778174593052023
20260927T095930443635Z_577f21e5,HEUR,40,0.83,5,5,6,6.0,5.5,0.19,0.5,10,2,5760.0,"[0.8592549273600911, 0.6058380411445193, 0.4316697215292379, 0.32461244914431125, 0.29898418014229616, 0.3853292566116986, 0.6184818884427356, 0.9112753545916268, 1.124060711596949, 1.0918553682168552, 1.0519012231472415, 1.0604058710082023, 1.1010962834034748, 1.1484706050156464, 1.2414843039249468, 1.286522046207647, 1.3072562312959182, 1.4024657757114494, 1.4690763553789117, 1.4352382086312834, 1.3078676789813133, 1.2336627867197074, 1.2117583717879756, 1.0914323600059634]",40,True,81,0.1,0.7596568018125398,,1,0.07071067811865475,7.778174593052023
20260927T095930443635Z_577f21e5,HEUR,40,0.83,5,5,6,6.0,5.5,0.19,0.5,10,2,5760.0,"[0.8592549273600911, 0.6058380411445193, 0.4316697215292379, 0.32461244914431125, 0.29898418014229616, 0.3853292566116986, 0.6184818884427356, 0.9112753545916268, 1.124060711596949, 1.0918553682168552, 1.0519012231472415, 1.0604058710082023, 1.1010962834034748, 1.1484706050156464, 1.2414843039249468, 1.286522046207647, 1.3072562312959182, 1.4024657757114494, 1.4690763553789117, 1.4352382086312834, 1.3078676789813133, 1.2336627867197074, 1.2117583717879756, 1.0914323600059634]",40,True,81,0.2,0.8515613640679254,,1,0.1414213562373095,7.778174593052023
20260927T095930443635Z_577f21e5,HEUR,40,0.83,5,5,6,6.0,5.5,0.19,0.5,10,2,5760.0,"[0.8592549273600911, 0.6058380411445193, 0.4316697215292379, 0.32461244914431125, 0.29898418014229616, 0.3853292566116986, 0.6184818884427356, 0.9112753545916268, 1.124060711596949, 1.0918553682168552, 1.0519012231472415, 1.0604058710082023, 1.1010962834034748, 1.1484706050156464, 1.2414843039249468, 1.286522046207647, 1.3072562312959182, 1.4024657757114494, 1.4690763553789117, 1.4352382086312834, 1.3078676789813133, 1.2336627867197074, 1.2117583717879756, 1.0914323600059634]",40,True,81,0.2442732516826255,0.8589806789822049,,1,0.17272727272727273,7.778174593052023
20260927T095930443635Z_577f21e5,HEUR,40,1.0,5,5,6,5.5,5.5,0.19,0.5,10,2,5760.0,"[0.8592549273600911, 0.6058380411445193, 0.4316697215292379, 0.32461244914431125, 0.29898418014229616, 0.3853292566116986, 0.6184818884427356, 0.9112753545916268, 1.124060711596949, 1.0918553682168552, 1.0519012231472415, 1.0604058710082023, 1.1010962834034748, 1.1484706050156464, 1.2414843039249468, 1.286522046207647, 1.3072562312959182, 1.4024657757114494, 1.4690763553789117, 1.4352382086312834, 1.3078676789813133, 1.2336627867197074, 1.2117583717879756, 1.0914323600059634]",40,True,81,0.1,0.7287446373754487,,1,0.07071067811865475,7.778174593052023
20260927T095930443635Z_577f21e5,HEUR,40,1.0,5,5,6,5.5,5.5,0.19,0.5,10,2,5760.0,"[0.8592549273600911, 0.6058380411445193, 0.4316697215292379, 0.32461244914431125, 0.29898418014229616, 0.3853292566116986, 0.6184818884427356, 0.9112753545916268, 1.124060711596949, 1.0918553682168552, 1.0519012231472415, 1.0604058710082023, 1.1010962834034748, 1.1484706050156464, 1.2414843039249468, 1.286522046207647, 1.3072562312959182, 1.4024657757114494, 1.4690763553789117, 1.4352382086312834, 1.3078676789813133, 1.2336627867197074, 1.2117583717879756, 1.0914323600059634]",40,True,81,0.2,0.8162061394585504,,1,0.1414213562373095,7.778174593052023
20260927T095930443635Z_577f21e5,HEUR,40,1.0,5,5,6,5.5,5.5,0.19,0.5,10,2,5760.0,"[0.8592549273600911, 0.6058380411445193, 0.4316697215292379, 0.32461244914431125, 0.29898418014229616, 0.3853292566116986, 0.6184818884427356, 0.9112753545916268, 1.124060711596949, 1.0918553682168552, 1.0519012231472415, 1.0604058710082023, 1.1010962834034748, 1.1484706050156464, 1.2414843039249468, 1.286522046207647, 1.3072562312959182, 1.4024657757114494, 1.4690763553789117, 1.4352382086312834, 1.3078676789813133, 1.2336627867197074, 1.2117583717879756, 1.0914323600059634]",40,True,81,0.2442732516826255,0.8108412170410156,,1,0.17272727272727273,7.778174593052023
20260927T095930443635Z_577f21e5,HEUR,40,1.0,5,5,6,6.0,5.5,0.19,0.5,10,2,5760.0,"[0.8592549273600911, 0.6058380411445193, 0.4316697215292379, 0.32461244914431125, 0.29898418014229616, 0.3853292566116986, 0.6184818884427356, 0.9112753545916268, 1.124060711596949, 1.0918553682168552, 1.0519012231472415, 1.0604058710082023, 1.1010962834034748, 1.1484706050156464, 1.2414843039249468, 1.286522046207647, 1.3072562312959182, 1.4024657757114494, 1.4690763553789117, 1.4352382086312834, 1.3078676789813133, 1.2336627867197074, 1.2117583717879756, 1.0914323600059634]",40,True,81,0.1,0.791151140370236,,1,0.07071067811865475,7.778174593052023
20260927T095930443635Z_577f21e5,HEUR,40,1.0,5,5,6,6.0,5.5,0.19,0.5,10,2,5760.0,"[0.8592549273600911, 0.6058380411445193, 0.4316697215292379, 0.32461244914431125, 0.29898418014229616, 0.3853292566116986, 0.6184818884427356, 0.9112753545916268, 1.124060711596949, 1.0918553682168552, 1.0519012231472415, 1.0604058710082023, 1.1010962834034748, 1.1484706050156464, 1.2414843039249468, 1.286522046207647, 1.3072562312959182, 1.4024657757114494, 1.4690763553789117, 1.4352382086312834, 1.3078676789813133, 1.2336627867197074, 1.2117583717879756, 1.0914323600059634]",40,True,81,0.2,0.889265645345052,,1,0.1414213562373095,7.778174593052023
20260927T095930443635Z_577f21e5,HEUR,40,1.0,5,5,6,6.0,5.5,0.19,0.5,10,2,5760.0,"[0.8592549273600911, 0.6058380411445193, 0.4316697215292379, 0.32461244914431125, 0.29898418014229616, 0.3853292566116986, 0.6184818884427356, 0.9112753545916268, 1.124060711596949, 1.0918553682168552, 1.0519012231472415, 1.0604058710082023, 1.1010962834034748, 1.1484706050156464, 1.2414843039249468, 1.286522046207647, 1.3072562312959182, 1.4024657757114494, 1.4690763553789117, 1.4352382086312834, 1.3078676789813133, 1.2336627867197074, 1.2117583717879756, 1.0914323600059634]",40,True,81,0.2442732516826255,0.8835602145724827,,1,0.17272727272727273,7.778174593052023
20260927T095930443635Z_577f21e5,HEUR_VOR,2,0.33,5,5,6,5.5,5.5,0.19,0.5,10,2,5760.0,"[0.8592549273600911, 0.6058380411445193, 0.4316697215292379, 0.32461244914431125, 0.29898418014229616, 0.3853292566116986, 0.6184818884427356, 0.9112753545916268, 1.124060711596949, 1.0918553682168552, 1.0519012231472415, 1.0604058710082023, 1.1010962834034748, 1.1484706050156464, 1.2414843039249468, 1.286522046207647, 1.3072562312959182, 1.4024657757114494, 1.4690763553789117, 1.4352382086312834, 1.3078676789813133, 1.2336627867197074, 1.2117583717879756, 1.0914323600059634]",40,True,81,0.1,0.28907279380524065,,1,0.07071067811865475,7.778174593052023
20260927T095930443635Z_577f21e5,HEUR_VOR,2,0.33,5,5,6,5.5,5.5,0.19,0.5,10,2,5760.0,"[0.8592549273600911, 0.6058380411445193, 0.4316697215292379, 0.32461244914431125, 0.29898418014229616, 0.3853292566116986, 0.6184818884427356, 0.9112753545916268, 1.124060711596949, 1.0918553682168552, 1.0519012231472415, 1.0604058710082023, 1.1010962834034748, 1.1484706050156464, 1.2414843039249468, 1.286522046207647, 1.3072562312959182, 1.4024657757114494, 1.4690763553789117, 1.4352382086312834, 1.3078676789813133, 1.2336627867197074, 1.2117583717879756, 1.0914323600059634]",40,True,81,0.2,0.2843732292638133,,1,0.1414213562373095,7.778174593052023
20260927T095930443635Z_577f21e5,HEUR_VOR,2,0.33,5,5,6,5.5,5.5,0.19,0.5,10,2,5760.0,"[0.8592549273600911, 0.6058380411445193, 0.4316697215292379, 0.32461244914431125, 0.29898418014229616, 0.3853292566116986, 0.6184818884427356, 0.9112753545916268, 1.124060711596949, 1.0918553682168552, 1.0519012231472415, 1.0604058710082023, 1.1010962834034748, 1.1484706050156464, 1.2414843039249468, 1.286522046207647, 1.3072562312959182, 1.4024657757114494, 1.4690763553789117, 1.4352382086312834, 1.3078676789813133, 1.2336627867197074, 1.2117583717879756, 1.0914323600059634]",40,True,81,0.2442732516826255,0.301183459257791,,1,0.17272727272727273,7.778174593052023
20260927T095930443635Z_577f21e5,HEUR_VOR,2,0.33,5,5,6,6.0,5.5,0.19,0.5,10,2,5760.0,"[0.8592549273600911, 0.6058380411445193, 0.4316697215292379, 0.32461244914431125, 0.29898418014229616, 0.3853292566116986, 0.6184818884427356, 0.9112753545916268, 1.124060711596949, 1.0918553682168552, 1.0519012231472415, 1.0604058710082023, 1.1010962834034748, 1.1484706050156464, 1.2414843039249468, 1.286522046207647, 1.3072562312959182, 1.4024657757114494, 1.4690763553789117, 1.4352382086312834, 1.3078676789813133, 1.2336627867197074, 1.2117583717879756, 1.0914323600059634]",40,True,81,0.1,0.3009455254737367,,1,0.07071067811865475,7.778174593052023
20260927T095930443635Z_577f21e5,HEUR_VOR,2,0.33,5,5,6,6.0,5.5,0.19,0.5,10,2,5760.0,"[0.8592549273600911, 0.6058380411445193, 0.4316697215292379, 0.32461244914431125, 0.29898418014229616, 0.3853292566116986, 0.6184818884427356, 0.9112753545916268, 1.124060711596949, 1.0918553682168552, 1.0519012231472415, 1.0604058710082023, 1.1010962834034748, 1.1484706050156464, 1.2414843039249468, 1.286522046207647, 1.3072562312959182, 1.4024657757114494, 1.4690763553789117, 1.4352382086312834, 1.3078676789813133, 1.2336627867197074, 1.2117583717879756, 1.0914323600059634]",40,True,81,0.2,0.29485446161020057,,1,0.1414213562373095,7.778174593052023
20260927T095930443635Z_577f21e5,HEUR_VOR,2,0.33,5,5,6,6.0,5.5,0.19,0.5,10,2,5760.0,"[0.8592549273600911, 0.6058380411445193, 0.4316697215292379, 0.32461244914431125, 0.29898418014229616, 0.3853292566116986, 0.6184818884427356, 0.9112753545916268, 1.124060711596949, 1.0918553682168552, 1.0519012231472415, 1.0604058710082023, 1.1010962834034748, 1.1484706050156464, 1.2414843039249468, 1.286522046207647, 1.3072562312959182, 1.4024657757114494, 1.4690763553789117, 1.4352382086312834, 1.3078676789813133, 1.2336627867197074, 1.2117583717879756, 1.0914323600059634]",40,True,81,0.2442732516826255,0.3141624078586244,,1,0.17272727272727273,7.778174593052023
20260927T095930443635Z_577f21e5,HEUR_VOR,2,0.5,5,5,6,5.5,5.5,0.19,0.5,10,2,5760.0,"[0.8592549273600911, 0.6058380411445193, 0.4316697215292379, 0.32461244914431125, 0.29898418014229616, 0.3853292566116986, 0.6184818884427356, 0.9112753545916268, 1.124060711596949, 1.0918553682168552, 1.0519012231472415, 1.0604058710082023, 1.1010962834034748, 1.1484706050156464, 1.2414843039249468, 1.286522046207647, 1.3072562312959182, 1.4024657757114494, 1.4690763553789117, 1.4352382086312834, 1.3078676789813133, 1.2336627867197074, 1.2117583717879756, 1.0914323600059634]",40,True,81,0.1,0.299502102927714,,1,0.07071067811865475,7.778174593052023
20260927T095930443635Z_577f21e5,HEUR_VOR,2,0.5,5,5,6,5.5,5.5,0.19,0.5,10,2,5760.0,"[0.8592549273600911, 0.6058380411445193, 0.4316697215292379, 0.32461244914431125, 0.29898418014229616, 0.3853292566116986, 0.6184818884427356, 0.9112753545916268, 1.124060711596949, 1.0918553682168552, 1.0519012231472415, 1.0604058710082023, 1.1010962834034748, 1.1484706050156464, 1.2414843039249468, 1.286522046207647, 1.3072562312959182, 1.4024657757114494, 1.4690763553789117, 1.4352382086312834, 1.3078676789813133, 1.2336627867197074, 1.2117583717879756, 1.0914323600059634]",40,True,81,0.2,0.3756646228092973,,1,0.1414213562373095,7.778174593052023
20260927T095930443635Z_577f21e5,HEUR_VOR,2,0.5,5,5,6,5.5,5.5,0.19,0.5,10,2,5760.0,"[0.8592549273600911, 0.6058380411445193, 0.4316697215292379, 0.32461244914431125, 0.29898418014229616, 0.3853292566116986, 0.6184818884427356, 0.9112753545916268, 1.124060711596949, 1.0918553682168552, 1.0519012231472415, 1.0604058710082023, 1.1010962834034748, 1.1484706050156464, 1.2414843039249468, 1.286522046207647, 1.3072562312959182, 1.4024657757114494, 1.4690763553789117, 1.4352382086312834, 1.3078676789813133, 1.2336627867197074, 1.2117583717879756, 1.0914323600059634]",40,True,81,0.2442732516826255,0.3756646228092973,,1,0.17272727272727273,7.778174593052023
20260927T095930443635Z_577f21e5,HEUR_VOR,2,0.5,5,5,6,6.0,5.5,0.19,0.5,10,2,5760.0,"[0.8592549273600911, 0.6058380411445193, 0.4316697215292379, 0.32461244914431125, 0.29898418014229616, 0.3853292566116986, 0.6184818884427356, 0.9112753545916268, 1.124060711596949, 1.0918553682168552, 1.0519012231472415, 1.0604058710082023, 1.1010962834034748, 1.1484706050156464, 1.2414843039249468, 1.286522046207647, 1.3072562312959182, 1.4024657757114494, 1.4690763553789117, 1.4352382086312834, 1.3078676789813133, 1.2336627867197074, 1.2117583717879756, 1.0914323600059634]",40,True,81,0.1,0.3076469839163212,,1,0.07071067811865475,7.778174593052023
20260927T095930443635Z_577f21e5,HEUR_VOR,2,0.5,5,5,6,6.0,5.5,0.19,0.5,10,2,5760.0,"[0.8592549273600911, 0.6058380411445193, 0.4316697215292379, 0.32461244914431125, 0.29898418014229616, 0.3853292566116986, 0.6184818884427356, 0.9112753545916268, 1.124060711596949, 1.0918553682168552, 1.0519012231472415, 1.0604058710082023, 1.1010962834034748, 1.1484706050156464, 1.2414843039249468, 1.286522046207647, 1.3072562312959182, 1.4024657757114494, 1.4690763553789117, 1.4352382086312834, 1.3078676789813133, 1.2336627867197074, 1.2117583717879756, 1.0914323600059634]",40,True,81,0.2,0.3940781993250693,,1,0.1414213562373095,7.778174593052023
20260927T095930443635Z_577f21e5,HEUR_VOR,2,0.5,5,5,6,6.0,5.5,0.19,0.5,10,2,5760.0,"[0.8592549273600911, 0.6058380411445193, 0.4316697215292379, 0.32461244914431125, 0.29898418014229616, 0.3853292566116986, 0.6184818884427356, 0.9112753545916268, 1.124060711596949, 1.0918553682168552, 1.0519012231472415, 1.0604058710082023, 1.1010962834034748, 1.1484706050156464, 1.2414843039249468, 1.286522046207647, 1.3072562312959182, 1.4024657757114494, 1.4690763553789117, 1.4352382086312834, 1.3078676789813133, 1.2336627867197074, 1.2117583717879756, 1.0914323600059634]",40,True,81,0.2442732516826255,0.3940781993250693,,1,0.17272727272727273,7.778174593052023
20260927T095930443635Z_577f21e5,HEUR_VOR,2,0.67,5,5,6,5.5,5.5,0.19,0.5,10,2,5760.0,"[0.8592549273600911, 0.6058380411445193, 0.4316697215292379, 0.32461244914431125, 0.29898418014229616, 0.3853292566116986, 0.6184818884427356, 0.9112753545916268, 1.124060711596949, 1.0918553682168552, 1.0519012231472415, 1.0604058710082023, 1.1010962834034748, 1.1484706050156464, 1.2414843039249468, 1.286522046207647, 1.3072562312959182, 1.4024657757114494, 1.4690763553789117, 1.4352382086312834, 1.3078676789813133, 1.2336627867197074, 1.2117583717879756, 1.0914323600059634]",40,True,81,0.1,0.37060959962374324,,1,0.07071067811865475,7.778174593052023
20260927T095930443635Z_577f21e5,HEUR_VOR,2,0.67,5,5,6,5.5,5.5,0.19,0.5,10,2,5760.0,"[0.8592549273600911, 0.6058380411445193, 0.4316697215292379, 0.32461244914431125, 0.29898418014229616, 0.3853292566116986, 0.6184818884427356, 0.9112753545916268, 1.124060711596949, 1.0918553682168552, 1.0519012231472415, 1.0604058710082023, 1.1010962834034748, 1.1484706050156464, 1.2414843039249468, 1.286522046207647, 1.3072562312959182, 1.4024657757114494, 1.4690763553789117, 1.4352382086312834, 1.3078676789813133, 1.2336627867197074, 1.2117583717879756, 1.0914323600059634]",40,True,81,0.2,0.4099731310189285,,1,0.1414213562373095,7.778174593052023
20260927T095930443635Z_577f21e5,HEUR_VOR,2,0.67,5,5,6,5.5,5.5,0.19,0.5,10,2,5760.0,"[0.8592549273600911, 0.6058380411445193, 0.4316697215292379, 0.32461244914431125, 0.29898418014229616, 0.3853292566116986, 0.6184818884427356, 0.9112753545916268, 1.124060711596949, 1.0918553682168552, 1.0519012231472415, 1.0604058710082023, 1.1010962834034748, 1.1484706050156464, 1.2414843039249468, 1.286522046207647, 1.3072562312959182, 1.4024657757114494, 1.4690763553789117, 1.4352382086312834, 1.3078676789813133, 1.2336627867197074, 1.2117583717879756, 1.0914323600059634]",40,True,81,0.2442732516826255,0.40337796195744174,,1,0.17272727272727273,7.778174593052023
20260927T095930443635Z_577f21e5,HEUR_VOR,2,0.67,5,5,6,6.0,5.5,0.19,0.5,10,2,5760.0,"[0.8592549273600911, 0.6058380411445193, 0.4316697215292379, 0.32461244914431125, 0.29898418014229616, 0.3853292566116986, 0.6184818884427356, 0.9112753545916268, 1.124060711596949, 1.0918553682168552, 1.0519012231472415, 1.0604058710082023, 1.1010962834034748, 1.1484706050156464, 1.2414843039249468, 1.286522046207647, 1.3072562312959182, 1.4024657757114494, 1.4690763553789117, 1.4352382086312834, 1.3078676789813133, 1.2336627867197074, 1.2117583717879756, 1.0914323600059634]",40,True,81,0.1,0.3852190407775909,,1,0.07071067811865475,7.778174593052023
20260927T095930443635Z_577f21e5,HEUR_VOR,2,0.67,5,5,6,6.0,5.5,0.19,0.5,10,2,5760.0,"[0.8592549273600911, 0.6058380411445193, 0.4316697215292379, 0.32461244914431125, 0.29898418014229616, 0.3853292566116986, 0.6184818884427356, 0.9112753545916268, 1.124060711596949, 1.0918553682168552, 1.0519012231472415, 1.0604058710082023, 1.1010962834034748, 1.1484706050156464, 1.2414843039249468, 1.286522046207647, 1.3072562312959182, 1.4024657757114494, 1.4690763553789117, 1.4352382086312834, 1.3078676789813133, 1.2336627867197074, 1.2117583717879756, 1.0914323600059634]",40,True,81,0.2,0.43001569402093826,,1,0.1414213562373095,7.778174593052023
20260927T095930443635Z_577f21e5,HEUR_VOR,2,0.67,5,5,6,6.0,5.5,0.19,0.5,10,2,5760.0,"[0.8592549273600911, 0.6058380411445193, 0.4316697215292379, 0.32461244914431125, 0.29898418014229616, 0.3853292566116986, 0.6184818884427356, 0.9112753545916268, 1.124060711596949, 1.0918553682168552, 1.0519012231472415, 1.0604058710082023, 1.1010962834034748, 1.1484706050156464, 1.2414843039249468, 1.286522046207647, 1.3072562312959182, 1.4024657757114494, 1.4690763553789117, 1.4352382086312834, 1.3078676789813133, 1.2336627867197074, 1.2117583717879756, 1.0914323600059634]",40,True,81,0.2442732516826255,0.42318680619625204,,1,0.17272727272727273,7.778174593052023
20260927T095930443635Z_577f21e5,HEUR_VOR,2,0.83,5,5,6,5.5,5.5,0.19,0.5,10,2,5760.0,"[0.8592549273600911, 0.6058380411445193, 0.4316697215292379, 0.32461244914431125, 0.29898418014229616, 0.3853292566116986, 0.6184818884427356, 0.9112753545916268, 1.124060711596949, 1.0918553682168552, 1.0519012231472415, 1.0604058710082023, 1.1010962834034748, 1.1484706050156464, 1.2414843039249468, 1.286522046207647, 1.3072562312959182, 1.4024657757114494, 1.4690763553789117, 1.4352382086312834, 1.3078676789813133, 1.2336627867197074, 1.2117583717879756, 1.0914323600059634]",40,True,81,0.1,0.32456804739330825,,1,0.07071067811865475,7.778174593052023
20260927T095930443635Z_577f21e5,HEUR_VOR,2,0.83,5,5,6,5.5,5.5,0.19,0.5,10,2,5760.0,"[0.8592549273600911, 0.6058380411445193, 0.4316697215292379, 0.32461244914431125, 0.29898418014229616, 0.3853292566116986, 0.6184818884427356, 0.9112753545916268, 1.124060711596949, 1.0918553682168552, 1.0519012231472415, 1.0604058710082023, 1.1010962834034748, 1.1484706050156464, 1.2414843039249468, 1.286522046207647, 1.3072562312959182, 1.4024657757114494, 1.4690763553789117, 1.4352382086312834, 1.3078676789813133, 1.2336627867197074, 1.2117583717879756, 1.0914323600059634]",40,True,81,0.2,0.4255132741946312,,1,0.1414213562373095,7.778174593052023
20260927T095930443635Z_577f21e5,HEUR_VOR,2,0.83,5,5,6,5.5,5.5,0.19,0.5,10,2,5760.0,"[0.8592549273600911, 0.6058380411445193, 0.4316697215292379, 0.32461244914431125, 0.29898418014229616, 0.3853292566116986, 0.6184818884427356, 0.9112753545916268, 1.124060711596949, 1.0918553682168552, 1.0519012231472415, 1.0604058710082023, 1.1010962834034748, 1.1484706050156464, 1.2414843039249468, 1.286522046207647, 1.3072562312959182, 1.4024657757114494, 1.4690763553789117, 1.4352382086312834, 1.3078676789813133, 1.2336627867197074, 1.2117583717879756, 1.0914323600059634]",40,True,81,0.2442732516826255,0.4581494530530175,,1,0.17272727272727273,7.778174593052023
20260927T095930443635Z_577f21e5,HEUR_VOR,2,0.83,5,5,6,6.0,5.5,0.19,0.5,10,2,5760.0,"[0.8592549273600911, 0.6058380411445193, 0.4316697215292379, 0.32461244914431125, 0.29898418014229616, 0.3853292566116986, 0.6184818884427356, 0.9112753545916268, 1.124060711596949, 1.0918553682168552, 1.0519012231472415, 1.0604058710082023, 1.1010962834034748, 1.1484706050156464, 1.2414843039249468, 1.286522046207647, 1.3072562312959182, 1.4024657757114494, 1.4690763553789117, 1.4352382086312834, 1.3078676789813133, 1.2336627867197074, 1.2117583717879756, 1.0914323600059634]",40,True,81,0.1,0.32967100462216326,,1,0.07071067811865475,7.778174593052023
20260927T095930443635Z_577f21e5,HEUR_VOR,2,0.83,5,5,6,6.0,5.5,0.19,0.5,10,2,5760.0,"[0.8592549273600911, 0.6058380411445193, 0.4316697215292379, 0.32461244914431125, 0.29898418014229616, 0.3853292566116986, 0.6184818884427356, 0.9112753545916268, 1.124060711596949, 1.0918553682168552, 1.0519012231472415, 1.0604058710082023, 1.1010962834034748, 1.1484706050156464, 1.2414843039249468, 1.286522046207647, 1.3072562312959182, 1.4024657757114494, 1.4690763553789117, 1.4352382086312834, 1.3078676789813133, 1.2336627867197074, 1.2117583717879756, 1.0914323600059634]",40,True,81,0.2,0.4439045569963979,,1,0.1414213562373095,7.778174593052023
20260927T095930443635Z_577f21e5,HEUR_VOR,2,0.83,5,5,6,6.0,5.5,0.19,0.5,10,2,5760.0,"[0.8592549273600911, 0.6058380411445193, 0.4316697215292379, 0.32461244914431125, 0.29898418014229616, 0.3853292566116986, 0.6184818884427356, 0.9112753545916268, 1.124060711596949, 1.0918553682168552, 1.0519012231472415, 1.0604058710082023, 1.1010962834034748, 1.1484706050156464, 1.2414843039249468, 1.286522046207647, 1.3072562312959182, 1.4024657757114494, 1.4690763553789117, 1.4352382086312834, 1.3078676789813133, 1.2336627867197074, 1.2117583717879756, 1.0914323600059634]",40,True,81,0.2442732516826255,0.4802181859371801,,1,0.17272727272727273,7.778174593052023
20260927T095930443635Z_577f21e5,HEUR_VOR,2,1.0,5,5,6,5.5,5.5,0.19,0.5,10,2,5760.0,"[0.8592549273600911, 0.6058380411445193, 0.4316697215292379, 0.32461244914431125, 0.29898418014229616, 0.3853292566116986, 0.6184818884427356, 0.9112753545916268, 1.124060711596949, 1.0918553682168552, 1.0519012231472415, 1.0604058710082023, 1.1010962834034748, 1.1484706050156464, 1.2414843039249468, 1.286522046207647, 1.3072562312959182, 1.4024657757114494, 1.4690763553789117, 1.4352382086312834, 1.3078676789813133, 1.2336627867197074, 1.2117583717879756, 1.0914323600059634]",40,True,81,0.1,0.37148040816657363,,1,0.07071067811865475,7.778174593052023
20260927T095930443635Z_577f21e5,HEUR_VOR,2,1.0,5,5,6,5.5,5.5,0.19,0.5,10,2,5760.0,"[0.8592549273600911, 0.6058380411445193, 0.4316697215292379, 0.32461244914431125, 0.29898418014229616, 0.3853292566116986, 0.6184818884427356, 0.9112753545916268, 1.124060711596949, 1.0918553682168552, 1.0519012231472415, 1.0604058710082023, 1.1010962834034748, 1.1484706050156464, 1.2414843039249468, 1.286522046207647, 1.3072562312959182, 1.4024657757114494, 1.4690763553789117, 1.4352382086312834, 1.3078676789813133, 1.2336627867197074, 1.2117583717879756, 1.0914323600059634]",40,True,81,0.2,0.4258572216568706,,1,0.1414213562373095,7.778174593052023
20260927T095930443635Z_577f21e5,HEUR_VOR,2,1.0,5,5,6,5.5,5.5,0.19,0.5,10,2,5760.0,"[0.8592549273600911, 0.6058380411445193, 0.4316697215292379, 0.32461244914431125, 0.29898418014229616, 0.3853292566116986, 0.6184818884427356, 0.9112753545916268, 1.124060711596949, 1.0918553682168552, 1.0519012231472415, 1.0604058710082023, 1.1010962834034748, 1.1484706050156464, 1.2414843039249468, 1.286522046207647, 1.3072562312959182, 1.4024657757114494, 1.4690763553789117, 1.4352382086312834, 1.3078676789813133, 1.2336627867197074, 1.2117583717879756, 1.0914323600059634]",40,True,81,0.2442732516826255,0.4537274723256797,,1,0.17272727272727273,7.778174593052023
20260927T095930443635Z_577f21e5,HEUR_VOR,2,1.0,5,5,6,6.0,5.5,0.19,0.5,10,2,5760.0,"[0.8592549273600911, 0.6058380411445193, 0.4316697215292379, 0.32461244914431125, 0.29898418014229616, 0.3853292566116986, 0.6184818884427356, 0.9112753545916268, 1.124060711596949, 1.0918553682168552, 1.0519012231472415, 1.0604058710082023, 1.1010962834034748, 1.1484706050156464, 1.2414843039249468, 1.286522046207647, 1.3072562312959182, 1.4024657757114494, 1.4690763553789117, 1.4352382086312834, 1.3078676789813133, 1.2336627867197074, 1.2117583717879756, 1.0914323600059634]",40,True,81,0.1,0.38095259268154275,,1,0.07071067811865475,7.778174593052023
20260927T095930443635Z_577f21e5,HEUR_VOR,2,1.0,5,5,6,6.0,5.5,0.19,0.5,10,2,5760.0,"[0.8592549273600911, 0.6058380411445193, 0.4316697215292379, 0.32461244914431125, 0.29898418014229616, 0.3853292566116986, 0.6184818884427356, 0.9112753545916268, 1.124060711596949, 1.0918553682168552, 1.0519012231472415, 1.0604058710082023, 1.1010962834034748, 1.1484706050156464, 1.2414843039249468, 1.286522046207647, 1.3072562312959182, 1.4024657757114494, 1.4690763553789117, 1.4352382086312834, 1.3078676789813133, 1.2336627867197074, 1.2117583717879756, 1.0914323600059634]",40,True,81,0.2,0.4430934157326957,,1,0.1414213562373095,7.778174593052023
20260927T095930443635Z_577f21e5,HEUR_VOR,2,1.0,5,5,6,6.0,5.5,0.19,0.5,10,2,5760.0,"[0.8592549273600911, 0.6058380411445193, 0.4316697215292379, 0.32461244914431125, 0.29898418014229616, 0.3853292566116986, 0.6184818884427356, 0.9112753545916268, 1.124060711596949, 1.0918553682168552, 1.0519012231472415, 1.0604058710082023, 1.1010962834034748, 1.1484706050156464, 1.2414843039249468, 1.286522046207647, 1.3072562312959182, 1.4024657757114494, 1.4690763553789117, 1.4352382086312834, 1.3078676789813133, 1.2336627867197074, 1.2117583717879756, 1.0914323600059634]",40,True,81,0.2442732516826255,0.47517142547323393,,1,0.17272727272727273,7.778174593052023
20260927T095930443635Z_577f21e5,HEUR_VOR,5,0.33,5,5,6,5.5,5.5,0.19,0.5,10,2,5760.0,"[0.8592549273600911, 0.6058380411445193, 0.4316697215292379, 0.32461244914431125, 0.29898418014229616, 0.3853292566116986, 0.6184818884427356, 0.9112753545916268, 1.124060711596949, 1.0918553682168552, 1.0519012231472415, 1.0604058710082023, 1.1010962834034748, 1.1484706050156464, 1.2414843039249468, 1.286522046207647, 1.3072562312959182, 1.4024657757114494, 1.4690763553789117, 1.4352382086312834, 1.3078676789813133, 1.2336627867197074, 1.2117583717879756, 1.0914323600059634]",40,True,81,0.1,0.2905801926403386,,1,0.07071067811865475,7.778174593052023
20260927T095930443635Z_577f21e5,HEUR_VOR,5,0.33,5,5,6,5.5,5.5,0.19,0.5,10,2,5760.0,"[0.8592549273600911, 0.6058380411445193, 0.4316697215292379, 0.32461244914431125, 0.29898418014229616, 0.3853292566116986, 0.6184818884427356, 0.9112753545916268, 1.124060711596949, 1.0918553682168552, 1.0519012231472415, 1.0604058710082023, 1.1010962834034748, 1.1484706050156464, 1.2414843039249468, 1.286522046207647, 1.3072562312959182, 1.4024657757114494, 1.4690763553789117, 1.4352382086312834, 1.3078676789813133, 1.2336627867197074, 1.2117583717879756, 1.0914323600059634]",40,True,81,0.2,0.4157043894873117,,1,0.1414213562373095,7.778174593052023
20260927T095930443635Z_577f21e5,HEUR_VOR,5,0.33,5,5,6,5.5,5.5,0.19,0.5,10,2,5760.0,"[0.8592549273600911, 0.6058380411445193, 0.4316697215292379, 0.32461244914431125, 0.29898418014229616, 0.3853292566116986, 0.6184818884427356, 0.9112753545916268, 1.124060711596949, 1.0918553682168552, 1.0519012231472415, 1.0604058710082023, 1.1010962834034748, 1.1484706050156464, 1.2414843039249468, 1.286522046207647, 1.3072562312959182, 1.4024657757114494, 1.4690763553789117, 1.4352382086312834, 1.3078676789813133, 1.2336627867197074, 1.2117583717879756, 1.0914323600059634]",40,True,81,0.2442732516826255,0.40191621521514903,,1,0.17272727272727273,7.778174593052023
20260927T095930443635Z_577f21e5,HEUR_VOR,5,0.33,5,5,6,6.0,5.5,0.19,0.5,10,2,5760.0,"[0.8592549273600911, 0.6058380411445193, 0.4316697215292379, 0.32461244914431125, 0.29898418014229616, 0.3853292566116986, 0.6184818884427356, 0.9112753545916268, 1.124060711596949, 1.0918553682168552, 1.0519012231472415, 1.0604058710082023, 1.1010962834034748, 1.1484706050156464, 1.2414843039249468, 1.286522046207647, 1.3072562312959182, 1.4024657757114494, 1.4690763553789117, 1.4352382086312834, 1.3078676789813133, 1.2336627867197074, 1.2117583717879756, 1.0914323600059634]",40,True,81,0.1,0.3037869286304606,,1,0.07071067811865475,7.778174593052023
20260927T095930443635Z_577f21e5,HEUR_VOR,5,0.33,5,5,6,6.0,5.5,0.19,0.5,10,2,5760.0,"[0.8592549273600911, 0.6058380411445193, 0.4316697215292379, 0.32461244914431125, 0.29898418014229616, 0.3853292566116986, 0.6184818884427356, 0.9112753545916268, 1.124060711596949, 1.0918553682168552, 1.0519012231472415, 1.0604058710082023, 1.1010962834034748, 1.1484706050156464, 1.2414843039249468, 1.286522046207647, 1.3072562312959182, 1.4024657757114494, 1.4690763553789117, 1.4352382086312834, 1.3078676789813133, 1.2336627867197074, 1.2117583717879756, 1.0914323600059634]",40,True,81,0.2,0.4422270152284904,,1,0.1414213562373095,7.778174593052023
20260927T095930443635Z_577f21e5,HEUR_VOR,5,0.33,5,5,6,6.0,5.5,0.19,0.5,10,2,5760.0,"[0.8592549273600911, 0.6058380411445193, 0.4316697215292379, 0.32461244914431125, 0.29898418014229616, 0.3853292566116986, 0.6184818884427356, 0.9112753545916268, 1.124060711596949, 1.0918553682168552, 1.0519012231472415, 1.0604058710082023, 1.1010962834034748, 1.1484706050156464, 1.2414843039249468, 1.286522046207647, 1.3072562312959182, 1.4024657757114494, 1.4690763553789117, 1.4352382086312834, 1.3078676789813133, 1.2336627867197074, 1.2117583717879756, 1.0914323600059634]",40,True,81,0.2442732516826255,0.4276859041825366,,1,0.17272727272727273,7.778174593052023
20260927T095930443635Z_577f21e5,HEUR_VOR,5,0.5,5,5,6,5.5,5.5,0.19,0.5,10,2,5760.0,"[0.8592549273600911, 0.6058380411445193, 0.4316697215292379, 0.32461244914431125, 0.29898418014229616, 0.3853292566116986, 0.6184818884427356, 0.9112753545916268, 1.124060711596949, 1.0918553682168552, 1.0519012231472415, 1.0604058710082023, 1.1010962834034748, 1.1484706050156464, 1.2414843039249468, 1.286522046207647, 1.3072562312959182, 1.4024657757114494, 1.4690763553789117, 1.4352382086312834, 1.3078676789813133, 1.2336627867197074, 1.2117583717879756, 1.0914323600059634]",40,True,81,0.1,0.30585438130094317,,1,0.07071067811865475,7.778174593052023
20260927T095930443635Z_577f21e5,HEUR_VOR,5,0.5,5,5,6,5.5,5.5,0.19,0.5,10,2,5760.0,"[0.8592549273600911, 0.6058380411445193, 0.4316697215292379, 0.32461244914431125, 0.29898418014229616, 0.3853292566116986, 0.6184818884427356, 0.9112753545916268, 1.124060711596949, 1.0918553682168552, 1.0519012231472415, 1.0604058710082023, 1.1010962834034748, 1.1484706050156464, 1.2414843039249468, 1.286522046207647, 1.3072562312959182, 1.4024657757114494, 1.4690763553789117, 1.4352382086312834, 1.3078676789813133, 1.2336627867197074, 1.2117583717879756, 1.0914323600059634]",40,True,81,0.2,0.3649398230439086,,1,0.1414213562373095,7.778174593052023
20260927T095930443635Z_577f21e5,HEUR_VOR,5,0.5,5,5,6,5.5,5.5,0.19,0.5,10,2,5760.0,"[0.8592549273600911, 0.6058380411445193, 0.4316697215292379, 0.32461244914431125, 0.29898418014229616, 0.3853292566116986, 0.6184818884427356, 0.9112753545916268, 1.124060711596949, 1.0918553682168552, 1.0519012231472415, 1.0604058710082023, 1.1010962834034748, 1.1484706050156464, 1.2414843039249468, 1.286522046207647, 1.3072562312959182, 1.4024657757114494, 1.4690763553789117, 1.4352382086312834, 1.3078676789813133, 1.2336627867197074, 1.2117583717879756, 1.0914323600059634]",40,True,81,0.2442732516826255,0.45694133288962546,,1,0.17272727272727273,7.778174593052023
20260927T095930443635Z_577f21e5,HEUR_VOR,5,0.5,5,5,6,6.0,5.5,0.19,0.5,10,2,5760.0,"[0.8592549273600911, 0.6058380411445193, 0.4316697215292379, 0.32461244914431125, 0.29898418014229616, 0.3853292566116986, 0.6184818884427356, 0.9112753545916268, 1.124060711596949, 1.0918553682168552, 1.0519012231472415, 1.0604058710082023, 1.1010962834034748, 1.1484706050156464, 1.2414843039249468, 1.286522046207647, 1.3072562312959182, 1.4024657757114494, 1.4690763553789117, 1.4352382086312834, 1.3078676789813133, 1.2336627867197074, 1.2117583717879756, 1.0914323600059634]",40,True,81,0.1,0.3154152608356137,,1,0.07071067811865475,7.778174593052023
20260927T095930443635Z_577f21e5,HEUR_VOR,5,0.5,5,5,6,6.0,5.5,0.19,0.5,10,2,5760.0,"[0.8592549273600911, 0.6058380411445193, 0.4316697215292379, 0.32461244914431125, 0.29898418014229616, 0.3853292566116986, 0.6184818884427356, 0.9112753545916268, 1.124060711596949, 1.0918553682168552, 1.0519012231472415, 1.0604058710082023, 1.1010962834034748, 1.1484706050156464, 1.2414843039249468, 1.286522046207647, 1.3072562312959182, 1.4024657757114494, 1.4690763553789117, 1.4352382086312834, 1.3078676789813133, 1.2336627867197074, 1.2117583717879756, 1.0914323600059634]",40,True,81,0.2,0.3825167201850499,,1,0.1414213562373095,7.778174593052023
20260927T095930443635Z_577f21e5,HEUR_VOR,5,0.5,5,5,6,6.0,5.5,0.19,0.5,10,2,5760.0,"[0.8592549273600911, 0.6058380411445193, 0.4316697215292379, 0.32461244914431125, 0.29898418014229616, 0.3853292566116986, 0.6184818884427356, 0.9112753545916268, 1.124060711596949, 1.0918553682168552, 1.0519012231472415, 1.0604058710082023, 1.1010962834034748, 1.1484706050156464, 1.2414843039249468, 1.286522046207647, 1.3072562312959182, 1.4024657757114494, 1.4690763553789117, 1.4352382086312834, 1.3078676789813133, 1.2336627867197074, 1.2117583717879756, 1.0914323600059634]",40,True,81,0.2442732516826255,0.484986811312952,,1,0.17272727272727273,7.778174593052023
20260927T095930443635Z_577f21e5,HEUR_VOR,5,0.67,5,5,6,5.5,5.5,0.19,0.5,10,2,5760.0,"[0.8592549273600911, 0.6058380411445193, 0.4316697215292379, 0.32461244914431125, 0.29898418014229616, 0.3853292566116986, 0.6184818884427356, 0.9112753545916268, 1.124060711596949, 1.0918553682168552, 1.0519012231472415, 1.0604058710082023, 1.1010962834034748, 1.1484706050156464, 1.2414843039249468, 1.286522046207647, 1.3072562312959182, 1.4024657757114494, 1.4690763553789117, 1.4352382086312834, 1.3078676789813133, 1.2336627867197074, 1.2117583717879756, 1.0914323600059634]",40,True,81,0.1,0.36090871043948747,,1,0.07071067811865475,7.778174593052023
20260927T095930443635Z_577f21e5,HEUR_VOR,5,0.67,5,5,6,5.5,5.5,0.19,0.5,10,2,5760.0,"[0.8592549273600911, 0.6058380411445193, 0.4316697215292379, 0.32461244914431125, 0.29898418014229616, 0.3853292566116986, 0.6184818884427356, 0.9112753545916268, 1.124060711596949, 1.0918553682168552, 1.0519012231472415, 1.0604058710082023, 1.1010962834034748, 1.1484706050156464, 1.2414843039249468, 1.286522046207647, 1.3072562312959182, 1.4024657757114494, 1.4690763553789117, 1.4352382086312834, 1.3078676789813133, 1.2336627867197074, 1.2117583717879756, 1.0914323600059634]",40,True,81,0.2,0.46542149400264776,,1,0.1414213562373095,7.778174593052023
20260927T095930443635Z_577f21e5,HEUR_VOR,5,0.67,5,5,6,5.5,5.5,0.19,0.5,10,2,5760.0,"[0.8592549273600911, 0.6058380411445193, 0.4316697215292379, 0.32461244914431125, 0.29898418014229616, 0.3853292566116986, 0.6184818884427356, 0.9112753545916268, 1.124060711596949, 1.0918553682168552, 1.0519012231472415, 1.0604058710082023, 1.1010962834034748, 1.1484706050156464, 1.2414843039249468, 1.286522046207647, 1.3072562312959182, 1.4024657757114494, 1.4690763553789117, 1.4352382086312834, 1.3078676789813133, 1.2336627867197074, 1.2117583717879756, 1.0914323600059634]",40,True,81,0.2442732516826255,0.5548870426871241,,1,0.17272727272727273,7.778174593052023
20260927T095930443635Z_577f21e5,HEUR_VOR,5,0.67,5,5,6,6.0,5.5,0.19,0.5,10,2,5760.0,"[0.8592549273600911, 0.6058380411445193, 0.4316697215292379, 0.32461244914431125, 0.29898418014229616, 0.3853292566116986, 0.6184818884427356, 0.9112753545916268, 1.124060711596949, 1.0918553682168552, 1.0519012231472415, 1.0604058710082023, 1.1010962834034748, 1.1484706050156464, 1.2414843039249468, 1.286522046207647, 1.3072562312959182, 1.4024657757114494, 1.4690763553789117, 1.4352382086312834, 1.3078676789813133, 1.2336627867197074, 1.2117583717879756, 1.0914323600059634]",40,True,81,0.1,0.3754730009948802,,1,0.07071067811865475,7.778174593052023
20260927T095930443635Z_577f21e5,HEUR_VOR,5,0.67,5,5,6,6.0,5.5,0.19,0.5,10,2,5760.0,"[0.8592549273600911, 0.6058380411445193, 0.4316697215292379, 0.32461244914431125, 0.29898418014229616, 0.3853292566116986, 0.6184818884427356, 0.9112753545916268, 1.124060711596949, 1.0918553682168552, 1.0519012231472415, 1.0604058710082023, 1.1010962834034748, 1.1484706050156464, 1.2414843039249468, 1.286522046207647, 1.3072562312959182, 1.4024657757114494, 1.4690763553789117, 1.4352382086312834, 1.3078676789813133, 1.2336627867197074, 1.2117583717879756, 1.0914323600059634]",40,True,81,0.2,0.49372702832699167,,1,0.1414213562373095,7.778174593052023
20260927T095930443635Z_577f21e5,HEUR_VOR,5,0.67,5,5,6,6.0,5.5,0.19,0.5,10,2,5760.0,"[0.8592549273600911, 0.6058380411445193, 0.4316697215292379, 0.32461244914431125, 0.29898418014229616, 0.3853292566116986, 0.6184818884427356, 0.9112753545916268, 1.124060711596949, 1.0918553682168552, 1.0519012231472415, 1.0604058710082023, 1.1010962834034748, 1.1484706050156464, 1.2414843039249468, 1.286522046207647, 1.3072562312959182, 1.4024657757114494, 1.4690763553789117, 1.4352382086312834, 1.3078676789813133, 1.2336627867197074, 1.2117583717879756, 1.0914323600059634]",40,True,81,0.2442732516826255,0.5934114915039361,,1,0.17272727272727273,7.778174593052023
20260927T095930443635Z_577f21e5,HEUR_VOR,5,0.83,5,5,6,5.5,5.5,0.19,0.5,10,2,5760.0,"[0.8592549273600911, 0.6058380411445193, 0.4316697215292379, 0.32461244914431125, 0.29898418014229616, 0.3853292566116986, 0.6184818884427356, 0.9112753545916268, 1.124060711596949, 1.0918553682168552, 1.0519012231472415, 1.0604058710082023, 1.1010962834034748, 1.1484706050156464, 1.2414843039249468, 1.286522046207647, 1.3072562312959182, 1.4024657757114494, 1.4690763553789117, 1.4352382086312834, 1.3078676789813133, 1.2336627867197074, 1.2117583717879756, 1.0914323600059634]",40,True,81,0.1,0.4209960417498669,,1,0.07071067811865475,7.778174593052023
20260927T095930443635Z_577f21e5,HEUR_VOR,5,0.83,5,5,6,5.5,5.5,0.19,0.5,10,2,5760.0,"[0.8592549273600911, 0.6058380411445193, 0.4316697215292379, 0.32461244914431125, 0.29898418014229616, 0.3853292566116986, 0.6184818884427356, 0.9112753545916268, 1.124060711596949, 1.0918553682168552, 1.0519012231472415, 1.0604058710082023, 1.1010962834034748, 1.1484706050156464, 1.2414843039249468, 1.286522046207647, 1.3072562312959182, 1.4024657757114494, 1.4690763553789117, 1.4352382086312834, 1.3078676789813133, 1.2336627867197074, 1.2117583717879756, 1.0914323600059634]",40,True,81,0.2,0.5428342878486055,,1,0.1414213562373095,7.778174593052023
20260927T095930443635Z_577f21e5,HEUR_VOR,5,0.83,5,5,6,5.5,5.5,0.19,0.5,10,2,5760.0,"[0.8592549273600911, 0.6058380411445193, 0.4316697215292379, 0.32461244914431125, 0.29898418014229616, 0.3853292566116986, 0.6184818884427356, 0.9112753545916268, 1.124060711596949, 1.0918553682168552, 1.0519012231472415, 1.0604058710082023, 1.1010962834034748, 1.1484706050156464, 1.2414843039249468, 1.286522046207647, 1.3072562312959182, 1.4024657757114494, 1.4690763553789117, 1.4352382086312834, 1.3078676789813133, 1.2336627867197074, 1.2117583717879756, 1.0914323600059634]",40,True,81,0.2442732516826255,0.5424845441738161,,1,0.17272727272727273,7.778174593052023
20260927T095930443635Z_577f21e5,HEUR_VOR,5,0.83,5,5,6,6.0,5.5,0.19,0.5,10,2,5760.0,"[0.8592549273600911, 0.6058380411445193, 0.4316697215292379, 0.32461244914431125, 0.29898418014229616, 0.3853292566116986, 0.6184818884427356, 0.9112753545916268, 1.124060711596949, 1.0918553682168552, 1.0519012231472415, 1.0604058710082023, 1.1010962834034748, 1.1484706050156464, 1.2414843039249468, 1.286522046207647, 1.3072562312959182, 1.4024657757114494, 1.4690763553789117, 1.4352382086312834, 1.3078676789813133, 1.2336627867197074, 1.2117583717879756, 1.0914323600059634]",40,True,81,0.1,0.4388987450807874,,1,0.07071067811865475,7.778174593052023
20260927T095930443635Z_577f21e5,HEUR_VOR,5,0.83,5,5,6,6.0,5.5,0.19,0.5,10,2,5760.0,"[0.8592549273600911, 0.6058380411445193, 0.4316697215292379, 0.32461244914431125, 0.29898418014229616, 0.3853292566116986, 0.6184818884427356, 0.9112753545916268, 1.124060711596949, 1.0918553682168552, 1.0519012231472415, 1.0604058710082023, 1.1010962834034748, 1.1484706050156464, 1.2414843039249468, 1.286522046207647, 1.3072562312959182, 1.4024657757114494, 1.4690763553789117, 1.4352382086312834, 1.3078676789813133, 1.2336627867197074, 1.2117583717879756, 1.0914323600059634]",40,True,81,0.2,0.5769447454323332,,1,0.1414213562373095,7.778174593052023
20260927T095930443635Z_577f21e5,HEUR_VOR,5,0.83,5,5,6,6.0,5.5,0.19,0.5,10,2,5760.0,"[0.8592549273600911, 0.6058380411445193, 0.4316697215292379, 0.32461244914431125, 0.29898418014229616, 0.3853292566116986, 0.6184818884427356, 0.9112753545916268, 1.124060711596949, 1.0918553682168552, 1.0519012231472415, 1.0604058710082023, 1.1010962834034748, 1.1484706050156464, 1.2414843039249468, 1.286522046207647, 1.3072562312959182, 1.4024657757114494, 1.4690763553789117, 1.4352382086312834, 1.3078676789813133, 1.2336627867197074, 1.2117583717879756, 1.0914323600059634]",40,True,81,0.2442732516826255,0.578101443875432,,1,0.17272727272727273,7.778174593052023
20260927T095930443635Z_577f21e5,HEUR_VOR,5,1.0,5,5,6,5.5,5.5,0.19,0.5,10,2,5760.0,"[0.8592549273600911, 0.6058380411445193, 0.4316697215292379, 0.32461244914431125, 0.29898418014229616, 0.3853292566116986, 0.6184818884427356, 0.9112753545916268, 1.124060711596949, 1.0918553682168552, 1.0519012231472415, 1.0604058710082023, 1.1010962834034748, 1.1484706050156464, 1.2414843039249468, 1.286522046207647, 1.3072562312959182, 1.4024657757114494, 1.4690763553789117, 1.4352382086312834, 1.3078676789813133, 1.2336627867197074, 1.2117583717879756, 1.0914323600059634]",40,True,81,0.1,0.4306942953106775,,1,0.07071067811865475,7.778174593052023
20260927T095930443635Z_577f21e5,HEUR_VOR,5,1.0,5,5,6,5.5,5.5,0.19,0.5,10,2,5760.0,"[0.8592549273600911, 0.6058380411445193, 0.4316697215292379, 0.32461244914431125, 0.29898418014229616, 0.3853292566116986, 0.6184818884427356, 0.9112753545916268, 1.124060711596949, 1.0918553682168552, 1.0519012231472415, 1.0604058710082023, 1.1010962834034748, 1.1484706050156464, 1.2414843039249468, 1.286522046207647, 1.3072562312959182, 1.4024657757114494, 1.4690763553789117, 1.4352382086312834, 1.3078676789813133, 1.2336627867197074, 1.2117583717879756, 1.0914323600059634]",40,True,81,0.2,0.5180845716771347,,1,0.1414213562373095,7.778174593052023
20260927T095930443635Z_577f21e5,HEUR_VOR,5,1.0,5,5,6,5.5,5.5,0.19,0.5,10,2,5760.0,"[0.8592549273600911, 0.6058380411445193, 0.4316697215292379, 0.32461244914431125, 0.29898418014229616, 0.3853292566116986, 0.6184818884427356, 0.9112753545916268, 1.124060711596949, 1.0918553682168552, 1.0519012231472415, 1.0604058710082023, 1.1010962834034748, 1.1484706050156464, 1.2414843039249468, 1.286522046207647, 1.3072562312959182, 1.4024657757114494, 1.4690763553789117, 1.4352382086312834, 1.3078676789813133, 1.2336627867197074, 1.2117583717879756, 1.0914323600059634]",40,True,81,0.2442732516826255,0.556548008606261,,1,0.17272727272727273,7.778174593052023
20260927T095930443635Z_577f21e5,HEUR_VOR,5,1.0,5,5,6,6.0,5.5,0.19,0.5,10,2,5760.0,"[0.8592549273600911, 0.6058380411445193, 0.4316697215292379, 0.32461244914431125, 0.29898418014229616, 0.3853292566116986, 0.6184818884427356, 0.9112753545916268, 1.124060711596949, 1.0918553682168552, 1.0519012231472415, 1.0604058710082023, 1.1010962834034748, 1.1484706050156464, 1.2414843039249468, 1.286522046207647, 1.3072562312959182, 1.4024657757114494, 1.4690763553789117, 1.4352382086312834, 1.3078676789813133, 1.2336627867197074, 1.2117583717879756, 1.0914323600059634]",40,True,81,0.1,0.44751010971899907,,1,0.07071067811865475,7.778174593052023
20260927T095930443635Z_577f21e5,HEUR_VOR,5,1.0,5,5,6,6.0,5.5,0.19,0.5,10,2,5760.0,"[0.8592549273600911, 0.6058380411445193, 0.4316697215292379, 0.32461244914431125, 0.29898418014229616, 0.3853292566116986, 0.6184818884427356, 0.9112753545916268, 1.124060711596949, 1.0918553682168552, 1.0519012231472415, 1.0604058710082023, 1.1010962834034748, 1.1484706050156464, 1.2414843039249468, 1.286522046207647, 1.3072562312959182, 1.4024657757114494, 1.4690763553789117, 1.4352382086312834, 1.3078676789813133, 1.2336627867197074, 1.2117583717879756, 1.0914323600059634]",40,True,81,0.2,0.5492092298055783,,1,0.1414213562373095,7.778174593052023
20260927T095930443635Z_577f21e5,HEUR_VOR,5,1.0,5,5,6,6.0,5.5,0.19,0.5,10,2,5760.0,"[0.8592549273600911, 0.6058380411445193, 0.4316697215292379, 0.32461244914431125, 0.29898418014229616, 0.3853292566116986, 0.6184818884427356, 0.9112753545916268, 1.124060711596949, 1.0918553682168552, 1.0519012231472415, 1.0604058710082023, 1.1010962834034748, 1.1484706050156464, 1.2414843039249468, 1.286522046207647, 1.3072562312959182, 1.4024657757114494, 1.4690763553789117, 1.4352382086312834, 1.3078676789813133, 1.2336627867197074, 1.2117583717879756, 1.0914323600059634]",40,True,81,0.2442732516826255,0.5916841353209948,,1,0.17272727272727273,7.778174593052023
20260927T095930443635Z_577f21e5,HEUR_VOR,10,0.33,5,5,6,5.5,5.5,0.19,0.5,10,2,5760.0,"[0.8592549273600911, 0.6058380411445193, 0.4316697215292379, 0.32461244914431125, 0.29898418014229616, 0.3853292566116986, 0.6184818884427356, 0.9112753545916268, 1.124060711596949, 1.0918553682168552, 1.0519012231472415, 1.0604058710082023, 1.1010962834034748, 1.1484706050156464, 1.2414843039249468, 1.286522046207647, 1.3072562312959182, 1.4024657757114494, 1.4690763553789117, 1.4352382086312834, 1.3078676789813133, 1.2336627867197074, 1.2117583717879756, 1.0914323600059634]",40,True,81,0.1,0.389981293308811,,1,0.07071067811865475,7.778174593052023
20260927T095930443635Z_577f21e5,HEUR_VOR,10,0.33,5,5,6,5.5,5.5,0.19,0.5,10,2,5760.0,"[0.8592549273600911, 0.6058380411445193, 0.4316697215292379, 0.32461244914431125, 0.29898418014229616, 0.3853292566116986, 0.6184818884427356, 0.9112753545916268, 1.124060711596949, 1.0918553682168552, 1.0519012231472415, 1.0604058710082023, 1.1010962834034748, 1.1484706050156464, 1.2414843039249468, 1.286522046207647, 1.3072562312959182, 1.4024657757114494, 1.4690763553789117, 1.4352382086312834, 1.3078676789813133, 1.2336627867197074, 1.2117583717879756, 1.0914323600059634]",40,True,81,0.2,0.44811877184885723,,1,0.1414213562373095,7.778174593052023
20260927T095930443635Z_577f21e5,HEUR_VOR,10,0.33,5,5,6,5.5,5.5,0.19,0.5,10,2,5760.0,"[0.8592549273600911, 0.6058380411445193, 0.4316697215292379, 0.32461244914431125, 0.29898418014229616, 0.3853292566116986, 0.6184818884427356, 0.9112753545916268, 1.124060711596949, 1.0918553682168552, 1.0519012231472415, 1.0604058710082023, 1.1010962834034748, 1.1484706050156464, 1.2414843039249468, 1.286522046207647, 1.3072562312959182, 1.4024657757114494, 1.4690763553789117, 1.4352382086312834, 1.3078676789813133, 1.2336627867197074, 1.2117583717879756, 1.0914323600059634]",40,True,81,0.2442732516826255,0.5260249488775637,,1,0.17272727272727273,7.778174593052023
20260927T095930443635Z_577f21e5,HEUR_VOR,10,0.33,5,5,6,6.0,5.5,0.19,0.5,10,2,5760.0,"[0.8592549273600911, 0.6058380411445193, 0.4316697215292379, 0.32461244914431125, 0.29898418014229616, 0.3853292566116986, 0.6184818884427356, 0.9112753545916268, 1.124060711596949, 1.0918553682168552, 1.0519012231472415, 1.0604058710082023, 1.1010962834034748, 1.1484706050156464, 1.2414843039249468, 1.286522046207647, 1.3072562312959182, 1.4024657757114494, 1.4690763553789117, 1.4352382086312834, 1.3078676789813133, 1.2336627867197074, 1.2117583717879756, 1.0914323600059634]",40,True,81,0.1,0.4135010544560449,,1,0.07071067811865475,7.778174593052023
20260927T095930443635Z_577f21e5,HEUR_VOR,10,0.33,5,5,6,6.0,5.5,0.19,0.5,10,2,5760.0,"[0.8592549273600911, 0.6058380411445193, 0.4316697215292379, 0.32461244914431125, 0.29898418014229616, 0.3853292566116986, 0.6184818884427356, 0.9112753545916268, 1.124060711596949, 1.0918553682168552, 1.0519012231472415, 1.0604058710082023, 1.1010962834034748, 1.1484706050156464, 1.2414843039249468, 1.286522046207647, 1.3072562312959182, 1.4024657757114494, 1.4690763553789117, 1.4352382086312834, 1.3078676789813133, 1.2336627867197074, 1.2117583717879756, 1.0914323600059634]",40,True,81,0.2,0.479886887551661,,1,0.1414213562373095,7.778174593052023
20260927T095930443635Z_577f21e5,HEUR_VOR,10,0.33,5,5,6,6.0,5.5,0.19,0.5,10,2,5760.0,"[0.8592549273600911, 0.6058380411445193, 0.4316697215292379, 0.32461244914431125, 0.29898418014229616, 0.3853292566116986, 0.6184818884427356, 0.9112753545916268, 1.124060711596949, 1.0918553682168552, 1.0519012231472415, 1.0604058710082023, 1.1010962834034748, 1.1484706050156464, 1.2414843039249468, 1.286522046207647, 1.3072562312959182, 1.4024657757114494, 1.4690763553789117, 1.4352382086312834, 1.3078676789813133, 1.2336627867197074, 1.2117583717879756, 1.0914323600059634]",40,True,81,0.2442732516826255,0.5664076608164196,,1,0.17272727272727273,7.778174593052023
20260927T095930443635Z_577f21e5,HEUR_VOR,10,0.5,5,5,6,5.5,5.5,0.19,0.5,10,2,5760.0,"[0.8592549273600911, 0.6058380411445193, 0.4316697215292379, 0.32461244914431125, 0.29898418014229616, 0.3853292566116986, 0.6184818884427356, 0.9112753545916268, 1.124060711596949, 1.0918553682168552, 1.0519012231472415, 1.0604058710082023, 1.1010962834034748, 1.1484706050156464, 1.2414843039249468, 1.286522046207647, 1.3072562312959182, 1.4024657757114494, 1.4690763553789117, 1.4352382086312834, 1.3078676789813133, 1.2336627867197074, 1.2117583717879756, 1.0914323600059634]",40,True,81,0.1,0.3783166450709754,,1,0.07071067811865475,7.778174593052023
20260927T095930443635Z_577f21e5,HEUR_VOR,10,0.5,5,5,6,5.5,5.5,0.19,0.5,10,2,5760.0,"[0.8592549273600911, 0.6058380411445193, 0.4316697215292379, 0.32461244914431125, 0.29898418014229616, 0.3853292566116986, 0.6184818884427356, 0.9112753545916268, 1.124060711596949, 1.0918553682168552, 1.0519012231472415, 1.0604058710082023, 1.1010962834034748, 1.1484706050156464, 1.2414843039249468, 1.286522046207647, 1.3072562312959182, 1.4024657757114494, 1.4690763553789117, 1.4352382086312834, 1.3078676789813133, 1.2336627867197074, 1.2117583717879756, 1.0914323600059634]",40,True,81,0.2,0.4698020856190267,,1,0.1414213562373095,7.778174593052023
20260927T095930443635Z_577f21e5,HEUR_VOR,10,0.5,5,5,6,5.5,5.5,0.19,0.5,10,2,5760.0,"[0.8592549273600911, 0.6058380411445193, 0.4316697215292379, 0.32461244914431125, 0.29898418014229616, 0.3853292566116986, 0.6184818884427356, 0.9112753545916268, 1.124060711596949, 1.0918553682168552, 1.0519012231472415, 1.0604058710082023, 1.1010962834034748, 1.1484706050156464, 1.2414843039249468, 1.286522046207647, 1.3072562312959182, 1.4024657757114494, 1.4690763553789117, 1.4352382086312834, 1.3078676789813133, 1.2336627867197074, 1.2117583717879756, 1.0914323600059634]",40,True,81,0.2442732516826255,0.5692691119201536,,1,0.17272727272727273,7.778174593052023
20260927T095930443635Z_577f21e5,HEUR_VOR,10,0.5,5,5,6,6.0,5.5,0.19,0.5,10,2,5760.0,"[0.8592549273600911, 0.6058380411445193, 0.4316697215292379, 0.32461244914431125, 0.29898418014229616, 0.3853292566116986, 0.6184818884427356, 0.9112753545916268, 1.124060711596949, 1.0918553682168552, 1.0519012231472415, 1.0604058710082023, 1.1010962834034748, 1.1484706050156464, 1.2414843039249468, 1.286522046207647, 1.3072562312959182, 1.4024657757114494, 1.4690763553789117, 1.4352382086312834, 1.3078676789813133, 1.2336627867197074, 1.2117583717879756, 1.0914323600059634]",40,True,81,0.1,0.39770156168014814,,1,0.07071067811865475,7.778174593052023
20260927T095930443635Z_577f21e5,HEUR_VOR,10,0.5,5,5,6,6.0,5.5,0.19,0.5,10,2,5760.0,"[0.8592549273600911, 0.6058380411445193, 0.4316697215292379, 0.32461244914431125, 0.29898418014229616, 0.3853292566116986, 0.6184818884427356, 0.9112753545916268, 1.124060711596949, 1.0918553682168552, 1.0519012231472415, 1.0604058710082023, 1.1010962834034748, 1.1484706050156464, 1.2414843039249468, 1.286522046207647, 1.3072562312959182, 1.4024657757114494, 1.4690763553789117, 1.4352382086312834, 1.3078676789813133, 1.2336627867197074, 1.2117583717879756, 1.0914323600059634]",40,True,81,0.2,0.5010928531034383,,1,0.1414213562373095,7.778174593052023
20260927T095930443635Z_577f21e5,HEUR_VOR,10,0.5,5,5,6,6.0,5.5,0.19,0.5,10,2,5760.0,"[0.8592549273600911, 0.6058380411445193, 0.4316697215292379, 0.32461244914431125, 0.29898418014229616, 0.3853292566116986, 0.6184818884427356, 0.9112753545916268, 1.124060711596949, 1.0918553682168552, 1.0519012231472415, 1.0604058710082023, 1.1010962834034748, 1.1484706050156464, 1.2414843039249468, 1.286522046207647, 1.3072562312959182, 1.4024657757114494, 1.4690763553789117, 1.4352382086312834, 1.3078676789813133, 1.2336627867197074, 1.2117583717879756, 1.0914323600059634]",40,True,81,0.2442732516826255,0.6124947930660931,,1,0.17272727272727273,7.778174593052023
20260927T095930443635Z_577f21e5,HEUR_VOR,10,0.67,5,5,6,5.5,5.5,0.19,0.5,10,2,5760.0,"[0.8592549273600911, 0.6058380411445193, 0.4316697215292379, 0.32461244914431125, 0.29898418014229616, 0.3853292566116986, 0.6184818884427356, 0.9112753545916268, 1.124060711596949, 1.0918553682168552, 1.0519012231472415, 1.0604058710082023, 1.1010962834034748, 1.1484706050156464, 1.2414843039249468, 1.286522046207647, 1.3072562312959182, 1.4024657757114494, 1.4690763553789117, 1.4352382086312834, 1.3078676789813133, 1.2336627867197074, 1.2117583717879756, 1.0914323600059634]",40,True,81,0.1,0.41634995906113537,,1,0.07071067811865475,7.778174593052023
20260927T095930443635Z_577f21e5,HEUR_VOR,10,0.67,5,5,6,5.5,5.5,0.19,0.5,10,2,5760.0,"[0.8592549273600911, 0.6058380411445193, 0.4316697215292379, 0.32461244914431125, 0.29898418014229616, 0.3853292566116986, 0.6184818884427356, 0.9112753545916268, 1.124060711596949, 1.0918553682168552, 1.0519012231472415, 1.0604058710082023, 1.1010962834034748, 1.1484706050156464, 1.2414843039249468, 1.286522046207647, 1.3072562312959182, 1.4024657757114494, 1.4690763553789117, 1.4352382086312834, 1.3078676789813133, 1.2336627867197074, 1.2117583717879756, 1.0914323600059634]",40,True,81,0.2,0.6112141105134501,,1,0.1414213562373095,7.778174593052023
20260927T095930443635Z_577f21e5,HEUR_VOR,10,0.67,5,5,6,5.5,5.5,0.19,0.5,10,2,5760.0,"[0.8592549273600911, 0.6058380411445193, 0.4316697215292379, 0.32461244914431125, 0.29898418014229616, 0.3853292566116986, 0.6184818884427356, 0.9112753545916268, 1.124060711596949, 1.0918553682168552, 1.0519012231472415, 1.0604058710082023, 1.1010962834034748, 1.1484706050156464, 1.2414843039249468, 1.286522046207647, 1.3072562312959182, 1.4024657757114494, 1.4690763553789117, 1.4352382086312834, 1.3078676789813133, 1.2336627867197074, 1.2117583717879756, 1.0914323600059634]",40,True,81,0.2442732516826255,0.5959427203736677,,1,0.17272727272727273,7.778174593052023
20260927T095930443635Z_577f21e5,HEUR_VOR,10,0.67,5,5,6,6.0,5.5,0.19,0.5,10,2,5760.0,"[0.8592549273600911, 0.6058380411445193, 0.4316697215292379, 0.32461244914431125, 0.29898418014229616, 0.3853292566116986, 0.6184818884427356, 0.9112753545916268, 1.124060711596949, 1.0918553682168552, 1.0519012231472415, 1.0604058710082023, 1.1010962834034748, 1.1484706050156464, 1.2414843039249468, 1.286522046207647, 1.3072562312959182, 1.4024657757114494, 1.4690763553789117, 1.4352382086312834, 1.3078676789813133, 1.2336627867197074, 1.2117583717879756, 1.0914323600059634]",40,True,81,0.1,0.4372093233999727,,1,0.07071067811865475,7.778174593052023
20260927T095930443635Z_577f21e5,HEUR_VOR,10,0.67,5,5,6,6.0,5.5,0.19,0.5,10,2,5760.0,"[0.8592549273600911, 0.6058380411445193, 0.4316697215292379, 0.32461244914431125, 0.29898418014229616, 0.3853292566116986, 0.6184818884427356, 0.9112753545916268, 1.124060711596949, 1.0918553682168552, 1.0519012231472415, 1.0604058710082023, 1.1010962834034748, 1.1484706050156464, 1.2414843039249468, 1.286522046207647, 1.3072562312959182, 1.4024657757114494, 1.4690763553789117, 1.4352382086312834, 1.3078676789813133, 1.2336627867197074, 1.2117583717879756, 1.0914323600059634]",40,True,81,0.2,0.6575086255165039,,1,0.1414213562373095,7.778174593052023
20260927T095930443635Z_577f21e5,HEUR_VOR,10,0.67,5,5,6,6.0,5.5,0.19,0.5,10,2,5760.0,"[0.8592549273600911, 0.6058380411445193, 0.4316697215292379, 0.32461244914431125, 0.29898418014229616, 0.3853292566116986, 0.6184818884427356, 0.9112753545916268, 1.124060711596949, 1.0918553682168552, 1.0519012231472415, 1.0604058710082023, 1.1010962834034748, 1.1484706050156464, 1.2414843039249468, 1.286522046207647, 1.3072562312959182, 1.4024657757114494, 1.4690763553789117, 1.4352382086312834, 1.3078676789813133, 1.2336627867197074, 1.2117583717879756, 1.0914323600059634]",40,True,81,0.2442732516826255,0.6405228391686879,,1,0.17272727272727273,7.778174593052023
20260927T095930443635Z_577f21e5,HEUR_VOR,10,0.83,5,5,6,5.5,5.5,0.19,0.5,10,2,5760.0,"[0.8592549273600911, 0.6058380411445193, 0.4316697215292379, 0.32461244914431125, 0.29898418014229616, 0.3853292566116986, 0.6184818884427356, 0.9112753545916268, 1.124060711596949, 1.0918553682168552, 1.0519012231472415, 1.0604058710082023, 1.1010962834034748, 1.1484706050156464, 1.2414843039249468, 1.286522046207647, 1.3072562312959182, 1.4024657757114494, 1.4690763553789117, 1.4352382086312834, 1.3078676789813133, 1.2336627867197074, 1.2117583717879756, 1.0914323600059634]",40,True,81,0.1,0.5216141270953566,,1,0.07071067811865475,7.778174593052023
20260927T095930443635Z_577f21e5,HEUR_VOR,10,0.83,5,5,6,5.5,5.5,0.19,0.5,10,2,5760.0,"[0.8592549273600911, 0.6058380411445193, 0.4316697215292379, 0.32461244914431125, 0.29898418014229616, 0.3853292566116986, 0.6184818884427356, 0.9112753545916268, 1.124060711596949, 1.0918553682168552, 1.0519012231472415, 1.0604058710082023, 1.1010962834034748, 1.1484706050156464, 1.2414843039249468, 1.286522046207647, 1.3072562312959182, 1.4024657757114494, 1.4690763553789117, 1.4352382086312834, 1.3078676789813133, 1.2336627867197074, 1.2117583717879756, 1.0914323600059634]",40,True,81,0.2,0.6621412176797088,,1,0.1414213562373095,7.778174593052023
20260927T095930443635Z_577f21e5,HEUR_VOR,10,0.83,5,5,6,5.5,5.5,0.19,0.5,10,2,5760.0,"[0.8592549273600911, 0.6058380411445193, 0.4316697215292379, 0.32461244914431125, 0.29898418014229616, 0.3853292566116986, 0.6184818884427356, 0.9112753545916268, 1.124060711596949, 1.0918553682168552, 1.0519012231472415, 1.0604058710082023, 1.1010962834034748, 1.1484706050156464, 1.2414843039249468, 1.286522046207647, 1.3072562312959182, 1.4024657757114494, 1.4690763553789117, 1.4352382086312834, 1.3078676789813133, 1.2336627867197074, 1.2117583717879756, 1.0914323600059634]",40,True,81,0.2442732516826255,0.6709812875994424,,1,0.17272727272727273,7.778174593052023
20260927T095930443635Z_577f21e5,HEUR_VOR,10,0.83,5,5,6,6.0,5.5,0.19,0.5,10,2,5760.0,"[0.8592549273600911, 0.6058380411445193, 0.4316697215292379, 0.32461244914431125, 0.29898418014229616, 0.3853292566116986, 0.6184818884427356, 0.9112753545916268, 1.124060711596949, 1.0918553682168552, 1.0519012231472415, 1.0604058710082023, 1.1010962834034748, 1.1484706050156464, 1.2414843039249468, 1.286522046207647, 1.3072562312959182, 1.4024657757114494, 1.4690763553789117, 1.4352382086312834, 1.3078676789813133, 1.2336627867197074, 1.2117583717879756, 1.0914323600059634]",40,True,81,0.1,0.5517544596471811,,1,0.07071067811865475,7.778174593052023
20260927T095930443635Z_577f21e5,HEUR_VOR,10,0.83,5,5,6,6.0,5.5,0.19,0.5,10,2,5760.0,"[0.8592549273600911, 0.6058380411445193, 0.4316697215292379, 0.32461244914431125, 0.29898418014229616, 0.3853292566116986, 0.6184818884427356, 0.9112753545916268, 1.124060711596949, 1.0918553682168552, 1.0519012231472415, 1.0604058710082023, 1.1010962834034748, 1.1484706050156464, 1.2414843039249468, 1.286522046207647, 1.3072562312959182, 1.4024657757114494, 1.4690763553789117, 1.4352382086312834, 1.3078676789813133, 1.2336627867197074, 1.2117583717879756, 1.0914323600059634]",40,True,81,0.2,0.713326068902247,,1,0.1414213562373095,7.778174593052023
20260927T095930443635Z_577f21e5,HEUR_VOR,10,0.83,5,5,6,6.0,5.5,0.19,0.5,10,2,5760.0,"[0.8592549273600911, 0.6058380411445193, 0.4316697215292379, 0.32461244914431125, 0.29898418014229616, 0.3853292566116986, 0.6184818884427356, 0.9112753545916268, 1.124060711596949, 1.0918553682168552, 1.0519012231472415, 1.0604058710082023, 1.1010962834034748, 1.1484706050156464, 1.2414843039249468, 1.286522046207647, 1.3072562312959182, 1.4024657757114494, 1.4690763553789117, 1.4352382086312834, 1.3078676789813133, 1.2336627867197074, 1.2117583717879756, 1.0914323600059634]",40,True,81,0.2442732516826255,0.724026465915468,,1,0.17272727272727273,7.778174593052023
20260927T095930443635Z_577f21e5,HEUR_VOR,10,1.0,5,5,6,5.5,5.5,0.19,0.5,10,2,5760.0,"[0.8592549273600911, 0.6058380411445193, 0.4316697215292379, 0.32461244914431125, 0.29898418014229616, 0.3853292566116986, 0.6184818884427356, 0.9112753545916268, 1.124060711596949, 1.0918553682168552, 1.0519012231472415, 1.0604058710082023, 1.1010962834034748, 1.1484706050156464, 1.2414843039249468, 1.286522046207647, 1.3072562312959182, 1.4024657757114494, 1.4690763553789117, 1.4352382086312834, 1.3078676789813133, 1.2336627867197074, 1.2117583717879756, 1.0914323600059634]",40,True,81,0.1,0.4997214705309201,,1,0.07071067811865475,7.778174593052023
20260927T095930443635Z_577f21e5,HEUR_VOR,10,1.0,5,5,6,5.5,5.5,0.19,0.5,10,2,5760.0,"[0.8592549273600911, 0.6058380411445193, 0.4316697215292379, 0.32461244914431125, 0.29898418014229616, 0.3853292566116986, 0.6184818884427356, 0.9112753545916268, 1.124060711596949, 1.0918553682168552, 1.0519012231472415, 1.0604058710082023, 1.1010962834034748, 1.1484706050156464, 1.2414843039249468, 1.286522046207647, 1.3072562312959182, 1.4024657757114494, 1.4690763553789117, 1.4352382086312834, 1.3078676789813133, 1.2336627867197074, 1.2117583717879756, 1.0914323600059634]",40,True,81,0.2,0.6516196607712348,,1,0.1414213562373095,7.778174593052023
20260927T095930443635Z_577f21e5,HEUR_VOR,10,1.0,5,5,6,5.5,5.5,0.19,0.5,10,2,5760.0,"[0.8592549273600911, 0.6058380411445193, 0.4316697215292379, 0.32461244914431125, 0.29898418014229616, 0.3853292566116986, 0.6184818884427356, 0.9112753545916268, 1.124060711596949, 1.0918553682168552, 1.0519012231472415, 1.0604058710082023, 1.1010962834034748, 1.1484706050156464, 1.2414843039249468, 1.286522046207647, 1.3072562312959182, 1.4024657757114494, 1.4690763553789117, 1.4352382086312834, 1.3078676789813133, 1.2336627867197074, 1.2117583717879756, 1.0914323600059634]",40,True,81,0.2442732516826255,0.6645566501116531,,1,0.17272727272727273,7.778174593052023
20260927T095930443635Z_577f21e5,HEUR_VOR,10,1.0,5,5,6,6.0,5.5,0.19,0.5,10,2,5760.0,"[0.8592549273600911, 0.6058380411445193, 0.4316697215292379, 0.32461244914431125, 0.29898418014229616, 0.3853292566116986, 0.6184818884427356, 0.9112753545916268, 1.124060711596949, 1.0918553682168552, 1.0519012231472415, 1.0604058710082023, 1.1010962834034748, 1.1484706050156464, 1.2414843039249468, 1.286522046207647, 1.3072562312959182, 1.4024657757114494, 1.4690763553789117, 1.4352382086312834, 1.3078676789813133, 1.2336627867197074, 1.2117583717879756, 1.0914323600059634]",40,True,81,0.1,0.5266311025711738,,1,0.07071067811865475,7.778174593052023
20260927T095930443635Z_577f21e5,HEUR_VOR,10,1.0,5,5,6,6.0,5.5,0.19,0.5,10,2,5760.0,"[0.8592549273600911, 0.6058380411445193, 0.4316697215292379, 0.32461244914431125, 0.29898418014229616, 0.3853292566116986, 0.6184818884427356, 0.9112753545916268, 1.124060711596949, 1.0918553682168552, 1.0519012231472415, 1.0604058710082023, 1.1010962834034748, 1.1484706050156464, 1.2414843039249468, 1.286522046207647, 1.3072562312959182, 1.4024657757114494, 1.4690763553789117, 1.4352382086312834, 1.3078676789813133, 1.2336627867197074, 1.2117583717879756, 1.0914323600059634]",40,True,81,0.2,0.6997324251371424,,1,0.1414213562373095,7.778174593052023
20260927T095930443635Z_577f21e5,HEUR_VOR,10,1.0,5,5,6,6.0,5.5,0.19,0.5,10,2,5760.0,"[0.8592549273600911, 0.6058380411445193, 0.4316697215292379, 0.32461244914431125, 0.29898418014229616, 0.3853292566116986, 0.6184818884427356, 0.9112753545916268, 1.124060711596949, 1.0918553682168552, 1.0519012231472415, 1.0604058710082023, 1.1010962834034748, 1.1484706050156464, 1.2414843039249468, 1.286522046207647, 1.3072562312959182, 1.4024657757114494, 1.4690763553789117, 1.4352382086312834, 1.3078676789813133, 1.2336627867197074, 1.2117583717879756, 1.0914323600059634]",40,True,81,0.2442732516826255,0.7155097452045772,,1,0.17272727272727273,7.778174593052023
20260927T095930443635Z_577f21e5,HEUR_VOR,20,0.33,5,5,6,5.5,5.5,0.19,0.5,10,2,5760.0,"[0.8592549273600911, 0.6058380411445193, 0.4316697215292379, 0.32461244914431125, 0.29898418014229616, 0.3853292566116986, 0.6184818884427356, 0.9112753545916268, 1.124060711596949, 1.0918553682168552, 1.0519012231472415, 1.0604058710082023, 1.1010962834034748, 1.1484706050156464, 1.2414843039249468, 1.286522046207647, 1.3072562312959182, 1.4024657757114494, 1.4690763553789117, 1.4352382086312834, 1.3078676789813133, 1.2336627867197074, 1.2117583717879756, 1.0914323600059634]",40,True,81,0.1,0.4654403939631313,,1,0.07071067811865475,7.778174593052023
20260927T095930443635Z_577f21e5,HEUR_VOR,20,0.33,5,5,6,5.5,5.5,0.19,0.5,10,2,5760.0,"[0.8592549273600911, 0.6058380411445193, 0.4316697215292379, 0.32461244914431125, 0.29898418014229616, 0.3853292566116986, 0.6184818884427356, 0.9112753545916268, 1.124060711596949, 1.0918553682168552, 1.0519012231472415, 1.0604058710082023, 1.1010962834034748, 1.1484706050156464, 1.2414843039249468, 1.286522046207647, 1.3072562312959182, 1.4024657757114494, 1.4690763553789117, 1.4352382086312834, 1.3078676789813133, 1.2336627867197074, 1.2117583717879756, 1.0914323600059634]",40,True,81,0.2,0.603344935346716,,1,0.1414213562373095,7.778174593052023
20260927T095930443635Z_577f21e5,HEUR_VOR,20,0.33,5,5,6,5.5,5.5,0.19,0.5,10,2,5760.0,"[0.8592549273600911, 0.6058380411445193, 0.4316697215292379, 0.32461244914431125, 0.29898418014229616, 0.3853292566116986, 0.6184818884427356, 0.9112753545916268, 1.124060711596949, 1.0918553682168552, 1.0519012231472415, 1.0604058710082023, 1.1010962834034748, 1.1484706050156464, 1.2414843039249468, 1.286522046207647, 1.3072562312959182, 1.4024657757114494, 1.4690763553789117, 1.4352382086312834, 1.3078676789813133, 1.2336627867197074, 1.2117583717879756, 1.0914323600059634]",40,True,81,0.2442732516826255,0.639107519209733,,1,0.17272727272727273,7.778174593052023
20260927T095930443635Z_577f21e5,HEUR_VOR,20,0.33,5,5,6,6.0,5.5,0.19,0.5,10,2,5760.0,"[0.8592549273600911, 0.6058380411445193, 0.4316697215292379, 0.32461244914431125, 0.29898418014229616, 0.3853292566116986, 0.6184818884427356, 0.9112753545916268, 1.124060711596949, 1.0918553682168552, 1.0519012231472415, 1.0604058710082023, 1.1010962834034748, 1.1484706050156464, 1.2414843039249468, 1.286522046207647, 1.3072562312959182, 1.4024657757114494, 1.4690763553789117, 1.4352382086312834, 1.3078676789813133, 1.2336627867197074, 1.2117583717879756, 1.0914323600059634]",40,True,81,0.1,0.49844726996399213,,1,0.07071067811865475,7.778174593052023
20260927T095930443635Z_577f21e5,HEUR_VOR,20,0.33,5,5,6,6.0,5.5,0.19,0.5,10,2,5760.0,"[0.8592549273600911, 0.6058380411445193, 0.4316697215292379, 0.32461244914431125, 0.29898418014229616, 0.3853292566116986, 0.6184818884427356, 0.9112753545916268, 1.124060711596949, 1.0918553682168552, 1.0519012231472415, 1.0604058710082023, 1.1010962834034748, 1.1484706050156464, 1.2414843039249468, 1.286522046207647, 1.3072562312959182, 1.4024657757114494, 1.4690763553789117, 1.4352382086312834, 1.3078676789813133, 1.2336627867197074, 1.2117583717879756, 1.0914323600059634]",40,True,81,0.2,0.6526923554651904,,1,0.1414213562373095,7.778174593052023
20260927T095930443635Z_577f21e5,HEUR_VOR,20,0.33,5,5,6,6.0,5.5,0.19,0.5,10,2,5760.0,"[0.8592549273600911, 0.6058380411445193, 0.4316697215292379, 0.32461244914431125, 0.29898418014229616, 0.3853292566116986, 0.6184818884427356, 0.9112753545916268, 1.124060711596949, 1.0918553682168552, 1.0519012231472415, 1.0604058710082023, 1.1010962834034748, 1.1484706050156464, 1.2414843039249468, 1.286522046207647, 1.3072562312959182, 1.4024657757114494, 1.4690763553789117, 1.4352382086312834, 1.3078676789813133, 1.2336627867197074, 1.2117583717879756, 1.0914323600059634]",40,True,81,0.2442732516826255,0.6923337204883759,,1,0.17272727272727273,7.778174593052023
20260927T095930443635Z_577f21e5,HEUR_VOR,20,0.5,5,5,6,5.5,5.5,0.19,0.5,10,2,5760.0,"[0.8592549273600911, 0.6058380411445193, 0.4316697215292379, 0.32461244914431125, 0.29898418014229616, 0.3853292566116986, 0.6184818884427356, 0.9112753545916268, 1.124060711596949, 1.0918553682168552, 1.0519012231472415, 1.0604058710082023, 1.1010962834034748, 1.1484706050156464, 1.2414843039249468, 1.286522046207647, 1.3072562312959182, 1.4024657757114494, 1.4690763553789117, 1.4352382086312834, 1.3078676789813133, 1.2336627867197074, 1.2117583717879756, 1.0914323600059634]",40,True,81,0.1,0.5377499936543476,,1,0.07071067811865475,7.778174593052023
20260927T095930443635Z_577f21e5,HEUR_VOR,20,0.5,5,5,6,5.5,5.5,0.19,0.5,10,2,5760.0,"[0.8592549273600911, 0.6058380411445193, 0.4316697215292379, 0.32461244914431125, 0.29898418014229616, 0.3853292566116986, 0.6184818884427356, 0.9112753545916268, 1.124060711596949, 1.0918553682168552, 1.0519012231472415, 1.0604058710082023, 1.1010962834034748, 1.1484706050156464, 1.2414843039249468, 1.286522046207647, 1.3072562312959182, 1.4024657757114494, 1.4690763553789117, 1.4352382086312834, 1.3078676789813133, 1.2336627867197074, 1.2117583717879756, 1.0914323600059634]",40,True,81,0.2,0.6776565446524785,,1,0.1414213562373095,7.778174593052023
20260927T095930443635Z_577f21e5,HEUR_VOR,20,0.5,5,5,6,5.5,5.5,0.19,0.5,10,2,5760.0,"[0.8592549273600911, 0.6058380411445193, 0.4316697215292379, 0.32461244914431125, 0.29898418014229616, 0.3853292566116986, 0.6184818884427356, 0.9112753545916268, 1.124060711596949, 1.0918553682168552, 1.0519012231472415, 1.0604058710082023, 1.1010962834034748, 1.1484706050156464, 1.2414843039249468, 1.286522046207647, 1.3072562312959182, 1.4024657757114494, 1.4690763553789117, 1.4352382086312834, 1.3078676789813133, 1.2336627867197074, 1.2117583717879756, 1.0914323600059634]",40,True,81,0.2442732516826255,0.7011629907117306,,1,0.17272727272727273,7.778174593052023
20260927T095930443635Z_577f21e5,HEUR_VOR,20,0.5,5,5,6,6.0,5.5,0.19,0.5,10,2,5760.0,"[0.8592549273600911, 0.6058380411445193, 0.4316697215292379, 0.32461244914431125, 0.29898418014229616, 0.3853292566116986, 0.6184818884427356, 0.9112753545916268, 1.124060711596949, 1.0918553682168552, 1.0519012231472415, 1.0604058710082023, 1.1010962834034748, 1.1484706050156464, 1.2414843039249468, 1.286522046207647, 1.3072562312959182, 1.4024657757114494, 1.4690763553789117, 1.4352382086312834, 1.3078676789813133, 1.2336627867197074, 1.2117583717879756, 1.0914323600059634]",40,True,81,0.1,0.5766275486769983,,1,0.07071067811865475,7.778174593052023
20260927T095930443635Z_577f21e5,HEUR_VOR,20,0.5,5,5,6,6.0,5.5,0.19,0.5,10,2,5760.0,"[0.8592549273600911, 0.6058380411445193, 0.4316697215292379, 0.32461244914431125, 0.29898418014229616, 0.3853292566116986, 0.6184818884427356, 0.9112753545916268, 1.124060711596949, 1.0918553682168552, 1.0519012231472415, 1.0604058710082023, 1.1010962834034748, 1.1484706050156464, 1.2414843039249468, 1.286522046207647, 1.3072562312959182, 1.4024657757114494, 1.4690763553789117, 1.4352382086312834, 1.3078676789813133, 1.2336627867197074, 1.2117583717879756, 1.0914323600059634]",40,True,81,0.2,0.7334913853236608,,1,0.1414213562373095,7.778174593052023
20260927T095930443635Z_577f21e5,HEUR_VOR,20,0.5,5,5,6,6.0,5.5,0.19,0.5,10,2,5760.0,"[0.8592549273600911, 0.6058380411445193, 0.4316697215292379, 0.32461244914431125, 0.29898418014229616, 0.3853292566116986, 0.6184818884427356, 0.9112753545916268, 1.124060711596949, 1.0918553682168552, 1.0519012231472415, 1.0604058710082023, 1.1010962834034748, 1.1484706050156464, 1.2414843039249468, 1.286522046207647, 1.3072562312959182, 1.4024657757114494, 1.4690763553789117, 1.4352382086312834, 1.3078676789813133, 1.2336627867197074, 1.2117583717879756, 1.0914323600059634]",40,True,81,0.2442732516826255,0.7603037042670958,,1,0.17272727272727273,7.778174593052023
20260927T095930443635Z_577f21e5,HEUR_VOR,20,0.67,5,5,6,5.5,5.5,0.19,0.5,10,2,5760.0,"[0.8592549273600911, 0.6058380411445193, 0.4316697215292379, 0.32461244914431125, 0.29898418014229616, 0.3853292566116986, 0.6184818884427356, 0.9112753545916268, 1.124060711596949, 1.0918553682168552, 1.0519012231472415, 1.0604058710082023, 1.1010962834034748, 1.1484706050156464, 1.2414843039249468, 1.286522046207647, 1.3072562312959182, 1.4024657757114494, 1.4690763553789117, 1.4352382086312834, 1.3078676789813133, 1.2336627867197074, 1.2117583717879756, 1.0914323600059634]",40,True,81,0.1,0.5348274216625044,,1,0.07071067811865475,7.778174593052023
20260927T095930443635Z_577f21e5,HEUR_VOR,20,0.67,5,5,6,5.5,5.5,0.19,0.5,10,2,5760.0,"[0.8592549273600911, 0.6058380411445193, 0.4316697215292379, 0.32461244914431125, 0.29898418014229616, 0.3853292566116986, 0.6184818884427356, 0.9112753545916268, 1.124060711596949, 1.0918553682168552, 1.0519012231472415, 1.0604058710082023, 1.1010962834034748, 1.1484706050156464, 1.2414843039249468, 1.286522046207647, 1.3072562312959182, 1.4024657757114494, 1.4690763553789117, 1.4352382086312834, 1.3078676789813133, 1.2336627867197074, 1.2117583717879756, 1.0914323600059634]",40,True,81,0.2,0.6951046873678982,,1,0.1414213562373095,7.778174593052023
20260927T095930443635Z_577f21e5,HEUR_VOR,20,0.67,5,5,6,5.5,5.5,0.19,0.5,10,2,5760.0,"[0.8592549273600911, 0.6058380411445193, 0.4316697215292379, 0.32461244914431125, 0.29898418014229616, 0.3853292566116986, 0.6184818884427356, 0.9112753545916268, 1.124060711596949, 1.0918553682168552, 1.0519012231472415, 1.0604058710082023, 1.1010962834034748, 1.1484706050156464, 1.2414843039249468, 1.286522046207647, 1.3072562312959182, 1.4024657757114494, 1.4690763553789117, 1.4352382086312834, 1.3078676789813133, 1.2336627867197074, 1.2117583717879756, 1.0914323600059634]",40,True,81,0.2442732516826255,0.7190218730575395,,1,0.17272727272727273,7.778174593052023
20260927T095930443635Z_577f21e5,HEUR_VOR,20,0.67,5,5,6,6.0,5.5,0.19,0.5,10,2,5760.0,"[0.8592549273600911, 0.6058380411445193, 0.4316697215292379, 0.32461244914431125, 0.29898418014229616, 0.3853292566116986, 0.6184818884427356, 0.9112753545916268, 1.124060711596949, 1.0918553682168552, 1.0519012231472415, 1.0604058710082023, 1.1010962834034748, 1.1484706050156464, 1.2414843039249468, 1.286522046207647, 1.3072562312959182, 1.4024657757114494, 1.4690763553789117, 1.4352382086312834, 1.3078676789813133, 1.2336627867197074, 1.2117583717879756, 1.0914323600059634]",40,True,81,0.1,0.571269647434643,,1,0.07071067811865475,7.778174593052023
20260927T095930443635Z_577f21e5,HEUR_VOR,20,0.67,5,5,6,6.0,5.5,0.19,0.5,10,2,5760.0,"[0.8592549273600911, 0.6058380411445193, 0.4316697215292379, 0.32461244914431125, 0.29898418014229616, 0.3853292566116986, 0.6184818884427356, 0.9112753545916268, 1.124060711596949, 1.0918553682168552, 1.0519012231472415, 1.0604058710082023, 1.1010962834034748, 1.1484706050156464, 1.2414843039249468, 1.286522046207647, 1.3072562312959182, 1.4024657757114494, 1.4690763553789117, 1.4352382086312834, 1.3078676789813133, 1.2336627867197074, 1.2117583717879756, 1.0914323600059634]",40,True,81,0.2,0.7517135356945648,,1,0.1414213562373095,7.778174593052023
20260927T095930443635Z_577f21e5,HEUR_VOR,20,0.67,5,5,6,6.0,5.5,0.19,0.5,10,2,5760.0,"[0.8592549273600911, 0.6058380411445193, 0.4316697215292379, 0.32461244914431125, 0.29898418014229616, 0.3853292566116986, 0.6184818884427356, 0.9112753545916268, 1.124060711596949, 1.0918553682168552, 1.0519012231472415, 1.0604058710082023, 1.1010962834034748, 1.1484706050156464, 1.2414843039249468, 1.286522046207647, 1.3072562312959182, 1.4024657757114494, 1.4690763553789117, 1.4352382086312834, 1.3078676789813133, 1.2336627867197074, 1.2117583717879756, 1.0914323600059634]",40,True,81,0.2442732516826255,0.7793192196437857,,1,0.17272727272727273,7.778174593052023
20260927T095930443635Z_577f21e5,HEUR_VOR,20,0.83,5,5,6,5.5,5.5,0.19,0.5,10,2,5760.0,"[0.8592549273600911, 0.6058380411445193, 0.4316697215292379, 0.32461244914431125, 0.29898418014229616, 0.3853292566116986, 0.6184818884427356, 0.9112753545916268, 1.124060711596949, 1.0918553682168552, 1.0519012231472415, 1.0604058710082023, 1.1010962834034748, 1.1484706050156464, 1.2414843039249468, 1.286522046207647, 1.3072562312959182, 1.4024657757114494, 1.4690763553789117, 1.4352382086312834, 1.3078676789813133, 1.2336627867197074, 1.2117583717879756, 1.0914323600059634]",40,True,81,0.1,0.556633577923707,,1,0.07071067811865475,7.778174593052023
20260927T095930443635Z_577f21e5,HEUR_VOR,20,0.83,5,5,6,5.5,5.5,0.19,0.5,10,2,5760.0,"[0.8592549273600911, 0.6058380411445193, 0.4316697215292379, 0.32461244914431125, 0.29898418014229616, 0.3853292566116986, 0.6184818884427356, 0.9112753545916268, 1.124060711596949, 1.0918553682168552, 1.0519012231472415, 1.0604058710082023, 1.1010962834034748, 1.1484706050156464, 1.2414843039249468, 1.286522046207647, 1.3072562312959182, 1.4024657757114494, 1.4690763553789117, 1.4352382086312834, 1.3078676789813133, 1.2336627867197074, 1.2117583717879756, 1.0914323600059634]",40,True,81,0.2,0.7183663117536595,,1,0.1414213562373095,7.778174593052023
20260927T095930443635Z_577f21e5,HEUR_VOR,20,0.83,5,5,6,5.5,5.5,0.19,0.5,10,2,5760.0,"[0.8592549273600911, 0.6058380411445193, 0.4316697215292379, 0.32461244914431125, 0.29898418014229616, 0.3853292566116986, 0.6184818884427356, 0.9112753545916268, 1.124060711596949, 1.0918553682168552, 1.0519012231472415, 1.0604058710082023, 1.1010962834034748, 1.1484706050156464, 1.2414843039249468, 1.286522046207647, 1.3072562312959182, 1.4024657757114494, 1.4690763553789117, 1.4352382086312834, 1.3078676789813133, 1.2336627867197074, 1.2117583717879756, 1.0914323600059634]",40,True,81,0.2442732516826255,0.755083843908779,,1,0.17272727272727273,7.778174593052023
20260927T095930443635Z_577f21e5,HEUR_VOR,20,0.83,5,5,6,6.0,5.5,0.19,0.5,10,2,5760.0,"[0.8592549273600911, 0.6058380411445193, 0.4316697215292379, 0.32461244914431125, 0.29898418014229616, 0.3853292566116986, 0.6184818884427356, 0.9112753545916268, 1.124060711596949, 1.0918553682168552, 1.0519012231472415, 1.0604058710082023, 1.1010962834034748, 1.1484706050156464, 1.2414843039249468, 1.286522046207647, 1.3072562312959182, 1.4024657757114494, 1.4690763553789117, 1.4352382086312834, 1.3078676789813133, 1.2336627867197074, 1.2117583717879756, 1.0914323600059634]",40,True,81,0.1,0.5929561327249814,,1,0.07071067811865475,7.778174593052023
20260927T095930443635Z_577f21e5,HEUR_VOR,20,0.83,5,5,6,6.0,5.5,0.19,0.5,10,2,5760.0,"[0.8592549273600911, 0.6058380411445193, 0.4316697215292379, 0.32461244914431125, 0.29898418014229616, 0.3853292566116986, 0.6184818884427356, 0.9112753545916268, 1.124060711596949, 1.0918553682168552, 1.0519012231472415, 1.0604058710082023, 1.1010962834034748, 1.1484706050156464, 1.2414843039249468, 1.286522046207647, 1.3072562312959182, 1.4024657757114494, 1.4690763553789117, 1.4352382086312834, 1.3078676789813133, 1.2336627867197074, 1.2117583717879756, 1.0914323600059634]",40,True,81,0.2,0.7777675540494993,,1,0.1414213562373095,7.778174593052023
20260927T095930443635Z_577f21e5,HEUR_VOR,20,0.83,5,5,6,6.0,5.5,0.19,0.5,10,2,5760.0,"[0.8592549273600911, 0.6058380411445193, 0.4316697215292379, 0.32461244914431125, 0.29898418014229616, 0.3853292566116986, 0.6184818884427356, 0.9112753545916268, 1.124060711596949, 1.0918553682168552, 1.0519012231472415, 1.0604058710082023, 1.1010962834034748, 1.1484706050156464, 1.2414843039249468, 1.286522046207647, 1.3072562312959182, 1.4024657757114494, 1.4690763553789117, 1.4352382086312834, 1.3078676789813133, 1.2336627867197074, 1.2117583717879756, 1.0914323600059634]",40,True,81,0.2442732516826255,0.8187055787085538,,1,0.17272727272727273,7.778174593052023
20260927T095930443635Z_577f21e5,HEUR_VOR,20,1.0,5,5,6,5.5,5.5,0.19,0.5,10,2,5760.0,"[0.8592549273600911, 0.6058380411445193, 0.4316697215292379, 0.32461244914431125, 0.29898418014229616, 0.3853292566116986, 0.6184818884427356, 0.9112753545916268, 1.124060711596949, 1.0918553682168552, 1.0519012231472415, 1.0604058710082023, 1.1010962834034748, 1.1484706050156464, 1.2414843039249468, 1.286522046207647, 1.3072562312959182, 1.4024657757114494, 1.4690763553789117, 1.4352382086312834, 1.3078676789813133, 1.2336627867197074, 1.2117583717879756, 1.0914323600059634]",40,True,81,0.1,0.6170052386860014,,1,0.07071067811865475,7.778174593052023
20260927T095930443635Z_577f21e5,HEUR_VOR,20,1.0,5,5,6,5.5,5.5,0.19,0.5,10,2,5760.0,"[0.8592549273600911, 0.6058380411445193, 0.4316697215292379, 0.32461244914431125, 0.29898418014229616, 0.3853292566116986, 0.6184818884427356, 0.9112753545916268, 1.124060711596949, 1.0918553682168552, 1.0519012231472415, 1.0604058710082023, 1.1010962834034748, 1.1484706050156464, 1.2414843039249468, 1.286522046207647, 1.3072562312959182, 1.4024657757114494, 1.4690763553789117, 1.4352382086312834, 1.3078676789813133, 1.2336627867197074, 1.2117583717879756, 1.0914323600059634]",40,True,81,0.2,0.744506494977648,,1,0.1414213562373095,7.778174593052023
20260927T095930443635Z_577f21e5,HEUR_VOR,20,1.0,5,5,6,5.5,5.5,0.19,0.5,10,2,5760.0,"[0.8592549273600911, 0.6058380411445193, 0.4316697215292379, 0.32461244914431125, 0.29898418014229616, 0.3853292566116986, 0.6184818884427356, 0.9112753545916268, 1.124060711596949, 1.0918553682168552, 1.0519012231472415, 1.0604058710082023, 1.1010962834034748, 1.1484706050156464, 1.2414843039249468, 1.286522046207647, 1.3072562312959182, 1.4024657757114494, 1.4690763553789117, 1.4352382086312834, 1.3078676789813133, 1.2336627867197074, 1.2117583717879756, 1.0914323600059634]",40,True,81,0.2442732516826255,0.7453446668847483,,1,0.17272727272727273,7.778174593052023
20260927T095930443635Z_577f21e5,HEUR_VOR,20,1.0,5,5,6,6.0,5.5,0.19,0.5,10,2,5760.0,"[0.8592549273600911, 0.6058380411445193, 0.4316697215292379, 0.32461244914431125, 0.29898418014229616, 0.3853292566116986, 0.6184818884427356, 0.9112753545916268, 1.124060711596949, 1.0918553682168552, 1.0519012231472415, 1.0604058710082023, 1.1010962834034748, 1.1484706050156464, 1.2414843039249468, 1.286522046207647, 1.3072562312959182, 1.4024657757114494, 1.4690763553789117, 1.4352382086312834, 1.3078676789813133, 1.2336627867197074, 1.2117583717879756, 1.0914323600059634]",40,True,81,0.1,0.660072021345989,,1,0.07071067811865475,7.778174593052023
20260927T095930443635Z_577f21e5,HEUR_VOR,20,1.0,5,5,6,6.0,5.5,0.19,0.5,10,2,5760.0,"[0.8592549273600911, 0.6058380411445193, 0.4316697215292379, 0.32461244914431125, 0.29898418014229616, 0.3853292566116986, 0.6184818884427356, 0.9112753545916268, 1.124060711596949, 1.0918553682168552, 1.0519012231472415, 1.0604058710082023, 1.1010962834034748, 1.1484706050156464, 1.2414843039249468, 1.286522046207647, 1.3072562312959182, 1.4024657757114494, 1.4690763553789117, 1.4352382086312834, 1.3078676789813133, 1.2336627867197074, 1.2117583717879756, 1.0914323600059634]",40,True,81,0.2,0.8058833732251903,,1,0.1414213562373095,7.778174593052023
20260927T095930443635Z_577f21e5,HEUR_VOR,20,1.0,5,5,6,6.0,5.5,0.19,0.5,10,2,5760.0,"[0.8592549273600911, 0.6058380411445193, 0.4316697215292379, 0.32461244914431125, 0.29898418014229616, 0.3853292566116986, 0.6184818884427356, 0.9112753545916268, 1.124060711596949, 1.0918553682168552, 1.0519012231472415, 1.0604058710082023, 1.1010962834034748, 1.1484706050156464, 1.2414843039249468, 1.286522046207647, 1.3072562312959182, 1.4024657757114494, 1.4690763553789117, 1.4352382086312834, 1.3078676789813133, 1.2336627867197074, 1.2117583717879756, 1.0914323600059634]",40,True,81,0.2442732516826255,0.8074369770268525,,1,0.17272727272727273,7.778174593052023
20260927T095930443635Z_577f21e5,HEUR_VOR,30,0.33,5,5,6,5.5,5.5,0.19,0.5,10,2,5760.0,"[0.8592549273600911, 0.6058380411445193, 0.4316697215292379, 0.32461244914431125, 0.29898418014229616, 0.3853292566116986, 0.6184818884427356, 0.9112753545916268, 1.124060711596949, 1.0918553682168552, 1.0519012231472415, 1.0604058710082023, 1.1010962834034748, 1.1484706050156464, 1.2414843039249468, 1.286522046207647, 1.3072562312959182, 1.4024657757114494, 1.4690763553789117, 1.4352382086312834, 1.3078676789813133, 1.2336627867197074, 1.2117583717879756, 1.0914323600059634]",40,True,81,0.1,0.4907375108556076,,1,0.07071067811865475,7.778174593052023
20260927T095930443635Z_577f21e5,HEUR_VOR,30,0.33,5,5,6,5.5,5.5,0.19,0.5,10,2,5760.0,"[0.8592549273600911, 0.6058380411445193, 0.4316697215292379, 0.32461244914431125, 0.29898418014229616, 0.3853292566116986, 0.6184818884427356, 0.9112753545916268, 1.124060711596949, 1.0918553682168552, 1.0519012231472415, 1.0604058710082023, 1.1010962834034748, 1.1484706050156464, 1.2414843039249468, 1.286522046207647, 1.3072562312959182, 1.4024657757114494, 1.4690763553789117, 1.4352382086312834, 1.3078676789813133, 1.2336627867197074, 1.2117583717879756, 1.0914323600059634]",40,True,81,0.2,0.6828319988675391,,1,0.1414213562373095,7.778174593052023
20260927T095930443635Z_577f21e5,HEUR_VOR,30,0.33,5,5,6,5.5,5.5,0.19,0.5,10,2,5760.0,"[0.8592549273600911, 0.6058380411445193, 0.4316697215292379, 0.32461244914431125, 0.29898418014229616, 0.3853292566116986, 0.6184818884427356, 0.9112753545916268, 1.124060711596949, 1.0918553682168552, 1.0519012231472415, 1.0604058710082023, 1.1010962834034748, 1.1484706050156464, 1.2414843039249468, 1.286522046207647, 1.3072562312959182, 1.4024657757114494, 1.4690763553789117, 1.4352382086312834, 1.3078676789813133, 1.2336627867197074, 1.2117583717879756, 1.0914323600059634]",40,True,81,0.2442732516826255,0.6918586193758417,,1,0.17272727272727273,7.778174593052023
20260927T095930443635Z_577f21e5,HEUR_VOR,30,0.33,5,5,6,6.0,5.5,0.19,0.5,10,2,5760.0,"[0.8592549273600911, 0.6058380411445193, 0.4316697215292379, 0.32461244914431125, 0.29898418014229616, 0.3853292566116986, 0.6184818884427356, 0.9112753545916268, 1.124060711596949, 1.0918553682168552, 1.0519012231472415, 1.0604058710082023, 1.1010962834034748, 1.1484706050156464, 1.2414843039249468, 1.286522046207647, 1.3072562312959182, 1.4024657757114494, 1.4690763553789117, 1.4352382086312834, 1.3078676789813133, 1.2336627867197074, 1.2117583717879756, 1.0914323600059634]",40,True,81,0.1,0.5264592653274104,,1,0.07071067811865475,7.778174593052023
20260927T095930443635Z_577f21e5,HEUR_VOR,30,0.33,5,5,6,6.0,5.5,0.19,0.5,10,2,5760.0,"[0.8592549273600911, 0.6058380411445193, 0.4316697215292379, 0.32461244914431125, 0.29898418014229616, 0.3853292566116986, 0.6184818884427356, 0.9112753545916268, 1.124060711596949, 1.0918553682168552, 1.0519012231472415, 1.0604058710082023, 1.1010962834034748, 1.1484706050156464, 1.2414843039249468, 1.286522046207647, 1.3072562312959182, 1.4024657757114494, 1.4690763553789117, 1.4352382086312834, 1.3078676789813133, 1.2336627867197074, 1.2117583717879756, 1.0914323600059634]",40,True,81,0.2,0.7411881656908752,,1,0.1414213562373095,7.778174593052023
20260927T095930443635Z_577f21e5,HEUR_VOR,30,0.33,5,5,6,6.0,5.5,0.19,0.5,10,2,5760.0,"[0.8592549273600911, 0.6058380411445193, 0.4316697215292379, 0.32461244914431125, 0.29898418014229616, 0.3853292566116986, 0.6184818884427356, 0.9112753545916268, 1.124060711596949, 1.0918553682168552, 1.0519012231472415, 1.0604058710082023, 1.1010962834034748, 1.1484706050156464, 1.2414843039249468, 1.286522046207647, 1.3072562312959182, 1.4024657757114494, 1.4690763553789117, 1.4352382086312834, 1.3078676789813133, 1.2336627867197074, 1.2117583717879756, 1.0914323600059634]",40,True,81,0.2442732516826255,0.7517288237362928,,1,0.17272727272727273,7.778174593052023
20260927T095930443635Z_577f21e5,HEUR_VOR,30,0.5,5,5,6,5.5,5.5,0.19,0.5,10,2,5760.0,"[0.8592549273600911, 0.6058380411445193, 0.4316697215292379, 0.32461244914431125, 0.29898418014229616, 0.3853292566116986, 0.6184818884427356, 0.9112753545916268, 1.124060711596949, 1.0918553682168552, 1.0519012231472415, 1.0604058710082023, 1.1010962834034748, 1.1484706050156464, 1.2414843039249468, 1.286522046207647, 1.3072562312959182, 1.4024657757114494, 1.4690763553789117, 1.4352382086312834, 1.3078676789813133, 1.2336627867197074, 1.2117583717879756, 1.0914323600059634]",40,True,81,0.1,0.6227856411380516,,1,0.07071067811865475,7.778174593052023
20260927T095930443635Z_577f21e5,HEUR_VOR,30,0.5,5,5,6,5.5,5.5,0.19,0.5,10,2,5760.0,"[0.8592549273600911, 0.6058380411445193, 0.4316697215292379, 0.32461244914431125, 0.29898418014229616, 0.3853292566116986, 0.6184818884427356, 0.9112753545916268, 1.124060711596949, 1.0918553682168552, 1.0519012231472415, 1.0604058710082023, 1.1010962834034748, 1.1484706050156464, 1.2414843039249468, 1.286522046207647, 1.3072562312959182, 1.4024657757114494, 1.4690763553789117, 1.4352382086312834, 1.3078676789813133, 1.2336627867197074, 1.2117583717879756, 1.0914323600059634]",40,True,81,0.2,0.7134097751192582,,1,0.1414213562373095,7.778174593052023
20260927T095930443635Z_577f21e5,HEUR_VOR,30,0.5,5,5,6,5.5,5.5,0.19,0.5,10,2,5760.0,"[0.8592549273600911, 0.6058380411445193, 0.4316697215292379, 0.32461244914431125, 0.29898418014229616, 0.3853292566116986, 0.6184818884427356, 0.9112753545916268, 1.124060711596949, 1.0918553682168552, 1.0519012231472415, 1.0604058710082023, 1.1010962834034748, 1.1484706050156464, 1.2414843039249468, 1.286522046207647, 1.3072562312959182, 1.4024657757114494, 1.4690763553789117, 1.4352382086312834, 1.3078676789813133, 1.2336627867197074, 1.2117583717879756, 1.0914323600059634]",40,True,81,0.2442732516826255,0.7250750641324627,,1,0.17272727272727273,7.778174593052023
20260927T095930443635Z_577f21e5,HEUR_VOR,30,0.5,5,5,6,6.0,5.5,0.19,0.5,10,2,5760.0,"[0.8592549273600911, 0.6058380411445193, 0.4316697215292379, 0.32461244914431125, 0.29898418014229616, 0.3853292566116986, 0.6184818884427356, 0.9112753545916268, 1.124060711596949, 1.0918553682168552, 1.0519012231472415, 1.0604058710082023, 1.1010962834034748, 1.1484706050156464, 1.2414843039249468, 1.286522046207647, 1.3072562312959182, 1.4024657757114494, 1.4690763553789117, 1.4352382086312834, 1.3078676789813133, 1.2336627867197074, 1.2117583717879756, 1.0914323600059634]",40,True,81,0.1,0.6712699291025126,,1,0.07071067811865475,7.778174593052023
20260927T095930443635Z_577f21e5,HEUR_VOR,30,0.5,5,5,6,6.0,5.5,0.19,0.5,10,2,5760.0,"[0.8592549273600911, 0.6058380411445193, 0.4316697215292379, 0.32461244914431125, 0.29898418014229616, 0.3853292566116986, 0.6184818884427356, 0.9112753545916268, 1.124060711596949, 1.0918553682168552, 1.0519012231472415, 1.0604058710082023, 1.1010962834034748, 1.1484706050156464, 1.2414843039249468, 1.286522046207647, 1.3072562312959182, 1.4024657757114494, 1.4690763553789117, 1.4352382086312834, 1.3078676789813133, 1.2336627867197074, 1.2117583717879756, 1.0914323600059634]",40,True,81,0.2,0.7739667100233018,,1,0.1414213562373095,7.778174593052023
20260927T095930443635Z_577f21e5,HEUR_VOR,30,0.5,5,5,6,6.0,5.5,0.19,0.5,10,2,5760.0,"[0.8592549273600911, 0.6058380411445193, 0.4316697215292379, 0.32461244914431125, 0.29898418014229616, 0.3853292566116986, 0.6184818884427356, 0.9112753545916268, 1.124060711596949, 1.0918553682168552, 1.0519012231472415, 1.0604058710082023, 1.1010962834034748, 1.1484706050156464, 1.2414843039249468, 1.286522046207647, 1.3072562312959182, 1.4024657757114494, 1.4690763553789117, 1.4352382086312834, 1.3078676789813133, 1.2336627867197074, 1.2117583717879756, 1.0914323600059634]",40,True,81,0.2442732516826255,0.787010352291278,,1,0.17272727272727273,7.778174593052023
20260927T095930443635Z_577f21e5,HEUR_VOR,30,0.67,5,5,6,5.5,5.5,0.19,0.5,10,2,5760.0,"[0.8592549273600911, 0.6058380411445193, 0.4316697215292379, 0.32461244914431125, 0.29898418014229616, 0.3853292566116986, 0.6184818884427356, 0.9112753545916268, 1.124060711596949, 1.0918553682168552, 1.0519012231472415, 1.0604058710082023, 1.1010962834034748, 1.1484706050156464, 1.2414843039249468, 1.286522046207647, 1.3072562312959182, 1.4024657757114494, 1.4690763553789117, 1.4352382086312834, 1.3078676789813133, 1.2336627867197074, 1.2117583717879756, 1.0914323600059634]",40,True,81,0.1,0.6278862570033094,,1,0.07071067811865475,7.778174593052023
20260927T095930443635Z_577f21e5,HEUR_VOR,30,0.67,5,5,6,5.5,5.5,0.19,0.5,10,2,5760.0,"[0.8592549273600911, 0.6058380411445193, 0.4316697215292379, 0.32461244914431125, 0.29898418014229616, 0.3853292566116986, 0.6184818884427356, 0.9112753545916268, 1.124060711596949, 1.0918553682168552, 1.0519012231472415, 1.0604058710082023, 1.1010962834034748, 1.1484706050156464, 1.2414843039249468, 1.286522046207647, 1.3072562312959182, 1.4024657757114494, 1.4690763553789117, 1.4352382086312834, 1.3078676789813133, 1.2336627867197074, 1.2117583717879756, 1.0914323600059634]",40,True,81,0.2,0.7662006292331844,,1,0.1414213562373095,7.778174593052023
20260927T095930443635Z_577f21e5,HEUR_VOR,30,0.67,5,5,6,5.5,5.5,0.19,0.5,10,2,5760.0,"[0.8592549273600911, 0.6058380411445193, 0.4316697215292379, 0.32461244914431125, 0.29898418014229616, 0.3853292566116986, 0.6184818884427356, 0.9112753545916268, 1.124060711596949, 1.0918553682168552, 1.0519012231472415, 1.0604058710082023, 1.1010962834034748, 1.1484706050156464, 1.2414843039249468, 1.286522046207647, 1.3072562312959182, 1.4024657757114494, 1.4690763553789117, 1.4352382086312834, 1.3078676789813133, 1.2336627867197074, 1.2117583717879756, 1.0914323600059634]",40,True,81,0.2442732516826255,0.778903587118112,,1,0.17272727272727273,7.778174593052023
20260927T095930443635Z_577f21e5,HEUR_VOR,30,0.67,5,5,6,6.0,5.5,0.19,0.5,10,2,5760.0,"[0.8592549273600911, 0.6058380411445193, 0.4316697215292379, 0.32461244914431125, 0.29898418014229616, 0.3853292566116986, 0.6184818884427356, 0.9112753545916268, 1.124060711596949, 1.0918553682168552, 1.0519012231472415, 1.0604058710082023, 1.1010962834034748, 1.1484706050156464, 1.2414843039249468, 1.286522046207647, 1.3072562312959182, 1.4024657757114494, 1.4690763553789117, 1.4352382086312834, 1.3078676789813133, 1.2336627867197074, 1.2117583717879756, 1.0914323600059634]",40,True,81,0.1,0.6759354963005835,,1,0.07071067811865475,7.778174593052023
20260927T095930443635Z_577f21e5,HEUR_VOR,30,0.67,5,5,6,6.0,5.5,0.19,0.5,10,2,5760.0,"[0.8592549273600911, 0.6058380411445193, 0.4316697215292379, 0.32461244914431125, 0.29898418014229616, 0.3853292566116986, 0.6184818884427356, 0.9112753545916268, 1.124060711596949, 1.0918553682168552, 1.0519012231472415, 1.0604058710082023, 1.1010962834034748, 1.1484706050156464, 1.2414843039249468, 1.286522046207647, 1.3072562312959182, 1.4024657757114494, 1.4690763553789117, 1.4352382086312834, 1.3078676789813133, 1.2336627867197074, 1.2117583717879756, 1.0914323600059634]",40,True,81,0.2,0.8320100334760845,,1,0.1414213562373095,7.778174593052023
20260927T095930443635Z_577f21e5,HEUR_VOR,30,0.67,5,5,6,6.0,5.5,0.19,0.5,10,2,5760.0,"[0.8592549273600911, 0.6058380411445193, 0.4316697215292379, 0.32461244914431125, 0.29898418014229616, 0.3853292566116986, 0.6184818884427356, 0.9112753545916268, 1.124060711596949, 1.0918553682168552, 1.0519012231472415, 1.0604058710082023, 1.1010962834034748, 1.1484706050156464, 1.2414843039249468, 1.286522046207647, 1.3072562312959182, 1.4024657757114494, 1.4690763553789117, 1.4352382086312834, 1.3078676789813133, 1.2336627867197074, 1.2117583717879756, 1.0914323600059634]",40,True,81,0.2442732516826255,0.8467811948574632,,1,0.17272727272727273,7.778174593052023
20260927T095930443635Z_577f21e5,HEUR_VOR,30,0.83,5,5,6,5.5,5.5,0.19,0.5,10,2,5760.0,"[0.8592549273600911, 0.6058380411445193, 0.4316697215292379, 0.32461244914431125, 0.29898418014229616, 0.3853292566116986, 0.6184818884427356, 0.9112753545916268, 1.124060711596949, 1.0918553682168552, 1.0519012231472415, 1.0604058710082023, 1.1010962834034748, 1.1484706050156464, 1.2414843039249468, 1.286522046207647, 1.3072562312959182, 1.4024657757114494, 1.4690763553789117, 1.4352382086312834, 1.3078676789813133, 1.2336627867197074, 1.2117583717879756, 1.0914323600059634]",40,True,81,0.1,0.6475429192027257,,1,0.07071067811865475,7.778174593052023
20260927T095930443635Z_577f21e5,HEUR_VOR,30,0.83,5,5,6,5.5,5.5,0.19,0.5,10,2,5760.0,"[0.8592549273600911, 0.6058380411445193, 0.4316697215292379, 0.32461244914431125, 0.29898418014229616, 0.3853292566116986, 0.6184818884427356, 0.9112753545916268, 1.124060711596949, 1.0918553682168552, 1.0519012231472415, 1.0604058710082023, 1.1010962834034748, 1.1484706050156464, 1.2414843039249468, 1.286522046207647, 1.3072562312959182, 1.4024657757114494, 1.4690763553789117, 1.4352382086312834, 1.3078676789813133, 1.2336627867197074, 1.2117583717879756, 1.0914323600059634]",40,True,81,0.2,0.7730970346235637,,1,0.1414213562373095,7.778174593052023
20260927T095930443635Z_577f21e5,HEUR_VOR,30,0.83,5,5,6,5.5,5.5,0.19,0.5,10,2,5760.0,"[0.8592549273600911, 0.6058380411445193, 0.4316697215292379, 0.32461244914431125, 0.29898418014229616, 0.3853292566116986, 0.6184818884427356, 0.9112753545916268, 1.124060711596949, 1.0918553682168552, 1.0519012231472415, 1.0604058710082023, 1.1010962834034748, 1.1484706050156464, 1.2414843039249468, 1.286522046207647, 1.3072562312959182, 1.4024657757114494, 1.4690763553789117, 1.4352382086312834, 1.3078676789813133, 1.2336627867197074, 1.2117583717879756, 1.0914323600059634]",40,True,81,0.2442732516826255,0.7765634633285153,,1,0.17272727272727273,7.778174593052023
20260927T095930443635Z_577f21e5,HEUR_VOR,30,0.83,5,5,6,6.0,5.5,0.19,0.5,10,2,5760.0,"[0.8592549273600911, 0.6058380411445193, 0.4316697215292379, 0.32461244914431125, 0.29898418014229616, 0.3853292566116986, 0.6184818884427356, 0.9112753545916268, 1.124060711596949, 1.0918553682168552, 1.0519012231472415, 1.0604058710082023, 1.1010962834034748, 1.1484706050156464, 1.2414843039249468, 1.286522046207647, 1.3072562312959182, 1.4024657757114494, 1.4690763553789117, 1.4352382086312834, 1.3078676789813133, 1.2336627867197074, 1.2117583717879756, 1.0914323600059634]",40,True,81,0.1,0.6960567005893641,,1,0.07071067811865475,7.778174593052023
20260927T095930443635Z_577f21e5,HEUR_VOR,30,0.83,5,5,6,6.0,5.5,0.19,0.5,10,2,5760.0,"[0.8592549273600911, 0.6058380411445193, 0.4316697215292379, 0.32461244914431125, 0.29898418014229616, 0.3853292566116986, 0.6184818884427356, 0.9112753545916268, 1.124060711596949, 1.0918553682168552, 1.0519012231472415, 1.0604058710082023, 1.1010962834034748, 1.1484706050156464, 1.2414843039249468, 1.286522046207647, 1.3072562312959182, 1.4024657757114494, 1.4690763553789117, 1.4352382086312834, 1.3078676789813133, 1.2336627867197074, 1.2117583717879756, 1.0914323600059634]",40,True,81,0.2,0.8391324183243372,,1,0.1414213562373095,7.778174593052023
20260927T095930443635Z_577f21e5,HEUR_VOR,30,0.83,5,5,6,6.0,5.5,0.19,0.5,10,2,5760.0,"[0.8592549273600911, 0.6058380411445193, 0.4316697215292379, 0.32461244914431125, 0.29898418014229616, 0.3853292566116986, 0.6184818884427356, 0.9112753545916268, 1.124060711596949, 1.0918553682168552, 1.0519012231472415, 1.0604058710082023, 1.1010962834034748, 1.1484706050156464, 1.2414843039249468, 1.286522046207647, 1.3072562312959182, 1.4024657757114494, 1.4690763553789117, 1.4352382086312834, 1.3078676789813133, 1.2336627867197074, 1.2117583717879756, 1.0914323600059634]",40,True,81,0.2442732516826255,0.8434847736030945,,1,0.17272727272727273,7.778174593052023
20260927T095930443635Z_577f21e5,HEUR_VOR,30,1.0,5,5,6,5.5,5.5,0.19,0.5,10,2,5760.0,"[0.8592549273600911, 0.6058380411445193, 0.4316697215292379, 0.32461244914431125, 0.29898418014229616, 0.3853292566116986, 0.6184818884427356, 0.9112753545916268, 1.124060711596949, 1.0918553682168552, 1.0519012231472415, 1.0604058710082023, 1.1010962834034748, 1.1484706050156464, 1.2414843039249468, 1.286522046207647, 1.3072562312959182, 1.4024657757114494, 1.4690763553789117, 1.4352382086312834, 1.3078676789813133, 1.2336627867197074, 1.2117583717879756, 1.0914323600059634]",40,True,81,0.1,0.7109993483846272,,1,0.07071067811865475,7.778174593052023
20260927T095930443635Z_577f21e5,HEUR_VOR,30,1.0,5,5,6,5.5,5.5,0.19,0.5,10,2,5760.0,"[0.8592549273600911, 0.6058380411445193, 0.4316697215292379, 0.32461244914431125, 0.29898418014229616, 0.3853292566116986, 0.6184818884427356, 0.9112753545916268, 1.124060711596949, 1.0918553682168552, 1.0519012231472415, 1.0604058710082023, 1.1010962834034748, 1.1484706050156464, 1.2414843039249468, 1.286522046207647, 1.3072562312959182, 1.4024657757114494, 1.4690763553789117, 1.4352382086312834, 1.3078676789813133, 1.2336627867197074, 1.2117583717879756, 1.0914323600059634]",40,True,81,0.2,0.7637232730263158,,1,0.1414213562373095,7.778174593052023
20260927T095930443635Z_577f21e5,HEUR_VOR,30,1.0,5,5,6,5.5,5.5,0.19,0.5,10,2,5760.0,"[0.8592549273600911, 0.6058380411445193, 0.4316697215292379, 0.32461244914431125, 0.29898418014229616, 0.3853292566116986, 0.6184818884427356, 0.9112753545916268, 1.124060711596949, 1.0918553682168552, 1.0519012231472415, 1.0604058710082023, 1.1010962834034748, 1.1484706050156464, 1.2414843039249468, 1.286522046207647, 1.3072562312959182, 1.4024657757114494, 1.4690763553789117, 1.4352382086312834, 1.3078676789813133, 1.2336627867197074, 1.2117583717879756, 1.0914323600059634]",40,True,81,0.2442732516826255,0.7862249704785613,,1,0.17272727272727273,7.778174593052023
20260927T095930443635Z_577f21e5,HEUR_VOR,30,1.0,5,5,6,6.0,5.5,0.19,0.5,10,2,5760.0,"[0.8592549273600911, 0.6058380411445193, 0.4316697215292379, 0.32461244914431125, 0.29898418014229616, 0.3853292566116986, 0.6184818884427356, 0.9112753545916268, 1.124060711596949, 1.0918553682168552, 1.0519012231472415, 1.0604058710082023, 1.1010962834034748, 1.1484706050156464, 1.2414843039249468, 1.286522046207647, 1.3072562312959182, 1.4024657757114494, 1.4690763553789117, 1.4352382086312834, 1.3078676789813133, 1.2336627867197074, 1.2117583717879756, 1.0914323600059634]",40,True,81,0.1,0.7675263881851427,,1,0.07071067811865475,7.778174593052023
20260927T095930443635Z_577f21e5,HEUR_VOR,30,1.0,5,5,6,6.0,5.5,0.19,0.5,10,2,5760.0,"[0.8592549273600911, 0.6058380411445193, 0.4316697215292379, 0.32461244914431125, 0.29898418014229616, 0.3853292566116986, 0.6184818884427356, 0.9112753545916268, 1.124060711596949, 1.0918553682168552, 1.0519012231472415, 1.0604058710082023, 1.1010962834034748, 1.1484706050156464, 1.2414843039249468, 1.286522046207647, 1.3072562312959182, 1.4024657757114494, 1.4690763553789117, 1.4352382086312834, 1.3078676789813133, 1.2336627867197074, 1.2117583717879756, 1.0914323600059634]",40,True,81,0.2,0.8283444724300824,,1,0.1414213562373095,7.778174593052023
20260927T095930443635Z_577f21e5,HEUR_VOR,30,1.0,5,5,6,6.0,5.5,0.19,0.5,10,2,5760.0,"[0.8592549273600911, 0.6058380411445193, 0.4316697215292379, 0.32461244914431125, 0.29898418014229616, 0.3853292566116986, 0.6184818884427356, 0.9112753545916268, 1.124060711596949, 1.0918553682168552, 1.0519012231472415, 1.0604058710082023, 1.1010962834034748, 1.1484706050156464, 1.2414843039249468, 1.286522046207647, 1.3072562312959182, 1.4024657757114494, 1.4690763553789117, 1.4352382086312834, 1.3078676789813133, 1.2336627867197074, 1.2117583717879756, 1.0914323600059634]",40,True,81,0.2442732516826255,0.8539365934447478,,1,0.17272727272727273,7.778174593052023
20260927T095930443635Z_577f21e5,HEUR_VOR,40,0.33,5,5,6,5.5,5.5,0.19,0.5,10,2,5760.0,"[0.8592549273600911, 0.6058380411445193, 0.4316697215292379, 0.32461244914431125, 0.29898418014229616, 0.3853292566116986, 0.6184818884427356, 0.9112753545916268, 1.124060711596949, 1.0918553682168552, 1.0519012231472415, 1.0604058710082023, 1.1010962834034748, 1.1484706050156464, 1.2414843039249468, 1.286522046207647, 1.3072562312959182, 1.4024657757114494, 1.4690763553789117, 1.4352382086312834, 1.3078676789813133, 1.2336627867197074, 1.2117583717879756, 1.0914323600059634]",40,True,81,0.1,0.560683775811353,,1,0.07071067811865475,7.778174593052023
20260927T095930443635Z_577f21e5,HEUR_VOR,40,0.33,5,5,6,5.5,5.5,0.19,0.5,10,2,5760.0,"[0.8592549273600911, 0.6058380411445193, 0.4316697215292379, 0.32461244914431125, 0.29898418014229616, 0.3853292566116986, 0.6184818884427356, 0.9112753545916268, 1.124060711596949, 1.0918553682168552, 1.0519012231472415, 1.0604058710082023, 1.1010962834034748, 1.1484706050156464, 1.2414843039249468, 1.286522046207647, 1.3072562312959182, 1.4024657757114494, 1.4690763553789117, 1.4352382086312834, 1.3078676789813133, 1.2336627867197074, 1.2117583717879756, 1.0914323600059634]",40,True,81,0.2,0.7022032002187004,,1,0.1414213562373095,7.778174593052023
20260927T095930443635Z_577f21e5,HEUR_VOR,40,0.33,5,5,6,5.5,5.5,0.19,0.5,10,2,5760.0,"[0.8592549273600911, 0.6058380411445193, 0.4316697215292379, 0.32461244914431125, 0.29898418014229616, 0.3853292566116986, 0.6184818884427356, 0.9112753545916268, 1.124060711596949, 1.0918553682168552, 1.0519012231472415, 1.0604058710082023, 1.1010962834034748, 1.1484706050156464, 1.2414843039249468, 1.286522046207647, 1.3072562312959182, 1.4024657757114494, 1.4690763553789117, 1.4352382086312834, 1.3078676789813133, 1.2336627867197074, 1.2117583717879756, 1.0914323600059634]",40,True,81,0.2442732516826255,0.7156092679130176,,1,0.17272727272727273,7.778174593052023
20260927T095930443635Z_577f21e5,HEUR_VOR,40,0.33,5,5,6,6.0,5.5,0.19,0.5,10,2,5760.0,"[0.8592549273600911, 0.6058380411445193, 0.4316697215292379, 0.32461244914431125, 0.29898418014229616, 0.3853292566116986, 0.6184818884427356, 0.9112753545916268, 1.124060711596949, 1.0918553682168552, 1.0519012231472415, 1.0604058710082023, 1.1010962834034748, 1.1484706050156464, 1.2414843039249468, 1.286522046207647, 1.3072562312959182, 1.4024657757114494, 1.4690763553789117, 1.4352382086312834, 1.3078676789813133, 1.2336627867197074, 1.2117583717879756, 1.0914323600059634]",40,True,81,0.1,0.605134045002647,,1,0.07071067811865475,7.778174593052023
20260927T095930443635Z_577f21e5,HEUR_VOR,40,0.33,5,5,6,6.0,5.5,0.19,0.5,10,2,5760.0,"[0.8592549273600911, 0.6058380411445193, 0.4316697215292379, 0.32461244914431125, 0.29898418014229616, 0.3853292566116986, 0.6184818884427356, 0.9112753545916268, 1.124060711596949, 1.0918553682168552, 1.0519012231472415, 1.0604058710082023, 1.1010962834034748, 1.1484706050156464, 1.2414843039249468, 1.286522046207647, 1.3072562312959182, 1.4024657757114494, 1.4690763553789117, 1.4352382086312834, 1.3078676789813133, 1.2336627867197074, 1.2117583717879756, 1.0914323600059634]",40,True,81,0.2,0.7633199950447322,,1,0.1414213562373095,7.778174593052023
20260927T095930443635Z_577f21e5,HEUR_VOR,40,0.33,5,5,6,6.0,5.5,0.19,0.5,10,2,5760.0,"[0.8592549273600911, 0.6058380411445193, 0.4316697215292379, 0.32461244914431125, 0.29898418014229616, 0.3853292566116986, 0.6184818884427356, 0.9112753545916268, 1.124060711596949, 1.0918553682168552, 1.0519012231472415, 1.0604058710082023, 1.1010962834034748, 1.1484706050156464, 1.2414843039249468, 1.286522046207647, 1.3072562312959182, 1.4024657757114494, 1.4690763553789117, 1.4352382086312834, 1.3078676789813133, 1.2336627867197074, 1.2117583717879756, 1.0914323600059634]",40,True,81,0.2442732516826255,0.778022120474297,,1,0.17272727272727273,7.778174593052023
20260927T095930443635Z_577f21e5,HEUR_VOR,40,0.5,5,5,6,5.5,5.5,0.19,0.5,10,2,5760.0,"[0.8592549273600911, 0.6058380411445193, 0.4316697215292379, 0.32461244914431125, 0.29898418014229616, 0.3853292566116986, 0.6184818884427356, 0.9112753545916268, 1.124060711596949, 1.0918553682168552, 1.0519012231472415, 1.0604058710082023, 1.1010962834034748, 1.1484706050156464, 1.2414843039249468, 1.286522046207647, 1.3072562312959182, 1.4024657757114494, 1.4690763553789117, 1.4352382086312834, 1.3078676789813133, 1.2336627867197074, 1.2117583717879756, 1.0914323600059634]",40,True,81,0.1,0.6219655520681209,,1,0.07071067811865475,7.778174593052023
20260927T095930443635Z_577f21e5,HEUR_VOR,40,0.5,5,5,6,5.5,5.5,0.19,0.5,10,2,5760.0,"[0.8592549273600911, 0.6058380411445193, 0.4316697215292379, 0.32461244914431125, 0.29898418014229616, 0.3853292566116986, 0.6184818884427356, 0.9112753545916268, 1.124060711596949, 1.0918553682168552, 1.0519012231472415, 1.0604058710082023, 1.1010962834034748, 1.1484706050156464, 1.2414843039249468, 1.286522046207647, 1.3072562312959182, 1.4024657757114494, 1.4690763553789117, 1.4352382086312834, 1.3078676789813133, 1.2336627867197074, 1.2117583717879756, 1.0914323600059634]",40,True,81,0.2,0.7564408389335265,,1,0.1414213562373095,7.778174593052023
20260927T095930443635Z_577f21e5,HEUR_VOR,40,0.5,5,5,6,5.5,5.5,0.19,0.5,10,2,5760.0,"[0.8592549273600911, 0.6058380411445193, 0.4316697215292379, 0.32461244914431125, 0.29898418014229616, 0.3853292566116986, 0.6184818884427356, 0.9112753545916268, 1.124060711596949, 1.0918553682168552, 1.0519012231472415, 1.0604058710082023, 1.1010962834034748, 1.1484706050156464, 1.2414843039249468, 1.286522046207647, 1.3072562312959182, 1.4024657757114494, 1.4690763553789117, 1.4352382086312834, 1.3078676789813133, 1.2336627867197074, 1.2117583717879756, 1.0914323600059634]",40,True,81,0.2442732516826255,0.7558729827360975,,1,0.17272727272727273,7.778174593052023
20260927T095930443635Z_577f21e5,HEUR_VOR,40,0.5,5,5,6,6.0,5.5,0.19,0.5,10,2,5760.0,"[0.8592549273600911, 0.6058380411445193, 0.4316697215292379, 0.32461244914431125, 0.29898418014229616, 0.3853292566116986, 0.6184818884427356, 0.9112753545916268, 1.124060711596949, 1.0918553682168552, 1.0519012231472415, 1.0604058710082023, 1.1010962834034748, 1.1484706050156464, 1.2414843039249468, 1.286522046207647, 1.3072562312959182, 1.4024657757114494, 1.4690763553789117, 1.4352382086312834, 1.3078676789813133, 1.2336627867197074, 1.2117583717879756, 1.0914323600059634]",40,True,81,0.1,0.6709938142369748,,1,0.07071067811865475,7.778174593052023
20260927T095930443635Z_577f21e5,HEUR_VOR,40,0.5,5,5,6,6.0,5.5,0.19,0.5,10,2,5760.0,"[0.8592549273600911, 0.6058380411445193, 0.4316697215292379, 0.32461244914431125, 0.29898418014229616, 0.3853292566116986, 0.6184818884427356, 0.9112753545916268, 1.124060711596949, 1.0918553682168552, 1.0519012231472415, 1.0604058710082023, 1.1010962834034748, 1.1484706050156464, 1.2414843039249468, 1.286522046207647, 1.3072562312959182, 1.4024657757114494, 1.4690763553789117, 1.4352382086312834, 1.3078676789813133, 1.2336627867197074, 1.2117583717879756, 1.0914323600059634]",40,True,81,0.2,0.8225474220203521,,1,0.1414213562373095,7.778174593052023
20260927T095930443635Z_577f21e5,HEUR_VOR,40,0.5,5,5,6,6.0,5.5,0.19,0.5,10,2,5760.0,"[0.8592549273600911, 0.6058380411445193, 0.4316697215292379, 0.32461244914431125, 0.29898418014229616, 0.3853292566116986, 0.6184818884427356, 0.9112753545916268, 1.124060711596949, 1.0918553682168552, 1.0519012231472415, 1.0604058710082023, 1.1010962834034748, 1.1484706050156464, 1.2414843039249468, 1.286522046207647, 1.3072562312959182, 1.4024657757114494, 1.4690763553789117, 1.4352382086312834, 1.3078676789813133, 1.2336627867197074, 1.2117583717879756, 1.0914323600059634]",40,True,81,0.2442732516826255,0.8221000711253134,,1,0.17272727272727273,7.778174593052023
20260927T095930443635Z_577f21e5,HEUR_VOR,40,0.67,5,5,6,5.5,5.5,0.19,0.5,10,2,5760.0,"[0.8592549273600911, 0.6058380411445193, 0.4316697215292379, 0.32461244914431125, 0.29898418014229616, 0.3853292566116986, 0.6184818884427356, 0.9112753545916268, 1.124060711596949, 1.0918553682168552, 1.0519012231472415, 1.0604058710082023, 1.1010962834034748, 1.1484706050156464, 1.2414843039249468, 1.286522046207647, 1.3072562312959182, 1.4024657757114494, 1.4690763553789117, 1.4352382086312834, 1.3078676789813133, 1.2336627867197074, 1.2117583717879756, 1.0914323600059634]",40,True,81,0.1,0.6623598228562412,,1,0.07071067811865475,7.778174593052023
20260927T095930443635Z_577f21e5,HEUR_VOR,40,0.67,5,5,6,5.5,5.5,0.19,0.5,10,2,5760.0,"[0.8592549273600911, 0.6058380411445193, 0.4316697215292379, 0.32461244914431125, 0.29898418014229616, 0.3853292566116986, 0.6184818884427356, 0.9112753545916268, 1.124060711596949, 1.0918553682168552, 1.0519012231472415, 1.0604058710082023, 1.1010962834034748, 1.1484706050156464, 1.2414843039249468, 1.286522046207647, 1.3072562312959182, 1.4024657757114494, 1.4690763553789117, 1.4352382086312834, 1.3078676789813133, 1.2336627867197074, 1.2117583717879756, 1.0914323600059634]",40,True,81,0.2,0.7858884559971085,,1,0.1414213562373095,7.778174593052023
20260927T095930443635Z_577f21e5,HEUR_VOR,40,0.67,5,5,6,5.5,5.5,0.19,0.5,10,2,5760.0,"[0.8592549273600911, 0.6058380411445193, 0.4316697215292379, 0.32461244914431125, 0.29898418014229616, 0.3853292566116986, 0.6184818884427356, 0.9112753545916268, 1.124060711596949, 1.0918553682168552, 1.0519012231472415, 1.0604058710082023, 1.1010962834034748, 1.1484706050156464, 1.2414843039249468, 1.286522046207647, 1.3072562312959182, 1.4024657757114494, 1.4690763553789117, 1.4352382086312834, 1.3078676789813133, 1.2336627867197074, 1.2117583717879756, 1.0914323600059634]",40,True,81,0.2442732516826255,0.7768662002060439,,1,0.17272727272727273,7.778174593052023
20260927T095930443635Z_577f21e5,HEUR_VOR,40,0.67,5,5,6,6.0,5.5,0.19,0.5,10,2,5760.0,"[0.8592549273600911, 0.6058380411445193, 0.4316697215292379, 0.32461244914431125, 0.29898418014229616, 0.3853292566116986, 0.6184818884427356, 0.9112753545916268, 1.124060711596949, 1.0918553682168552, 1.0519012231472415, 1.0604058710082023, 1.1010962834034748, 1.1484706050156464, 1.2414843039249468, 1.286522046207647, 1.3072562312959182, 1.4024657757114494, 1.4690763553789117, 1.4352382086312834, 1.3078676789813133, 1.2336627867197074, 1.2117583717879756, 1.0914323600059634]",40,True,81,0.1,0.7147748843335766,,1,0.07071067811865475,7.778174593052023
20260927T095930443635Z_577f21e5,HEUR_VOR,40,0.67,5,5,6,6.0,5.5,0.19,0.5,10,2,5760.0,"[0.8592549273600911, 0.6058380411445193, 0.4316697215292379, 0.32461244914431125, 0.29898418014229616, 0.3853292566116986, 0.6184818884427356, 0.9112753545916268, 1.124060711596949, 1.0918553682168552, 1.0519012231472415, 1.0604058710082023, 1.1010962834034748, 1.1484706050156464, 1.2414843039249468, 1.286522046207647, 1.3072562312959182, 1.4024657757114494, 1.4690763553789117, 1.4352382086312834, 1.3078676789813133, 1.2336627867197074, 1.2117583717879756, 1.0914323600059634]",40,True,81,0.2,0.8545976049919535,,1,0.1414213562373095,7.778174593052023
20260927T095930443635Z_577f21e5,HEUR_VOR,40,0.67,5,5,6,6.0,5.5,0.19,0.5,10,2,5760.0,"[0.8592549273600911, 0.6058380411445193, 0.4316697215292379, 0.32461244914431125, 0.29898418014229616, 0.3853292566116986, 0.6184818884427356, 0.9112753545916268, 1.124060711596949, 1.0918553682168552, 1.0519012231472415, 1.0604058710082023, 1.1010962834034748, 1.1484706050156464, 1.2414843039249468, 1.286522046207647, 1.3072562312959182, 1.4024657757114494, 1.4690763553789117, 1.4352382086312834, 1.3078676789813133, 1.2336627867197074, 1.2117583717879756, 1.0914323600059634]",40,True,81,0.2442732516826255,0.8451159093715274,,1,0.17272727272727273,7.778174593052023
20260927T095930443635Z_577f21e5,HEUR_VOR,40,0.83,5,5,6,5.5,5.5,0.19,0.5,10,2,5760.0,"[0.8592549273600911, 0.6058380411445193, 0.4316697215292379, 0.32461244914431125, 0.29898418014229616, 0.3853292566116986, 0.6184818884427356, 0.9112753545916268, 1.124060711596949, 1.0918553682168552, 1.0519012231472415, 1.0604058710082023, 1.1010962834034748, 1.1484706050156464, 1.2414843039249468, 1.286522046207647, 1.3072562312959182, 1.4024657757114494, 1.4690763553789117, 1.4352382086312834, 1.3078676789813133, 1.2336627867197074, 1.2117583717879756, 1.0914323600059634]",40,True,81,0.1,0.7052792174689746,,1,0.07071067811865475,7.778174593052023
20260927T095930443635Z_577f21e5,HEUR_VOR,40,0.83,5,5,6,5.5,5.5,0.19,0.5,10,2,5760.0,"[0.8592549273600911, 0.6058380411445193, 0.4316697215292379, 0.32461244914431125, 0.29898418014229616, 0.3853292566116986, 0.6184818884427356, 0.9112753545916268, 1.124060711596949, 1.0918553682168552, 1.0519012231472415, 1.0604058710082023, 1.1010962834034748, 1.1484706050156464, 1.2414843039249468, 1.286522046207647, 1.3072562312959182, 1.4024657757114494, 1.4690763553789117, 1.4352382086312834, 1.3078676789813133, 1.2336627867197074, 1.2117583717879756, 1.0914323600059634]",40,True,81,0.2,0.8011186271637216,,1,0.1414213562373095,7.778174593052023
20260927T095930443635Z_577f21e5,HEUR_VOR,40,0.83,5,5,6,5.5,5.5,0.19,0.5,10,2,5760.0,"[0.8592549273600911, 0.6058380411445193, 0.4316697215292379, 0.32461244914431125, 0.29898418014229616, 0.3853292566116986, 0.6184818884427356, 0.9112753545916268, 1.124060711596949, 1.0918553682168552, 1.0519012231472415, 1.0604058710082023, 1.1010962834034748, 1.1484706050156464, 1.2414843039249468, 1.286522046207647, 1.3072562312959182, 1.4024657757114494, 1.4690763553789117, 1.4352382086312834, 1.3078676789813133, 1.2336627867197074, 1.2117583717879756, 1.0914323600059634]",40,True,81,0.2442732516826255,0.7965048898708906,,1,0.17272727272727273,7.778174593052023
20260927T095930443635Z_577f21e5,HEUR_VOR,40,0.83,5,5,6,6.0,5.5,0.19,0.5,10,2,5760.0,"[0.8592549273600911, 0.6058380411445193, 0.4316697215292379, 0.32461244914431125, 0.29898418014229616, 0.3853292566116986, 0.6184818884427356, 0.9112753545916268, 1.124060711596949, 1.0918553682168552, 1.0519012231472415, 1.0604058710082023, 1.1010962834034748, 1.1484706050156464, 1.2414843039249468, 1.286522046207647, 1.3072562312959182, 1.4024657757114494, 1.4690763553789117, 1.4352382086312834, 1.3078676789813133, 1.2336627867197074, 1.2117583717879756, 1.0914323600059634]",40,True,81,0.1,0.7622294236029219,,1,0.07071067811865475,7.778174593052023
20260927T095930443635Z_577f21e5,HEUR_VOR,40,0.83,5,5,6,6.0,5.5,0.19,0.5,10,2,5760.0,"[0.8592549273600911, 0.6058380411445193, 0.4316697215292379, 0.32461244914431125, 0.29898418014229616, 0.3853292566116986, 0.6184818884427356, 0.9112753545916268, 1.124060711596949, 1.0918553682168552, 1.0519012231472415, 1.0604058710082023, 1.1010962834034748, 1.1484706050156464, 1.2414843039249468, 1.286522046207647, 1.3072562312959182, 1.4024657757114494, 1.4690763553789117, 1.4352382086312834, 1.3078676789813133, 1.2336627867197074, 1.2117583717879756, 1.0914323600059634]",40,True,81,0.2,0.8711037060893174,,1,0.1414213562373095,7.778174593052023
20260927T095930443635Z_577f21e5,HEUR_VOR,40,0.83,5,5,6,6.0,5.5,0.19,0.5,10,2,5760.0,"[0.8592549273600911, 0.6058380411445193, 0.4316697215292379, 0.32461244914431125, 0.29898418014229616, 0.3853292566116986, 0.6184818884427356, 0.9112753545916268, 1.124060711596949, 1.0918553682168552, 1.0519012231472415, 1.0604058710082023, 1.1010962834034748, 1.1484706050156464, 1.2414843039249468, 1.286522046207647, 1.3072562312959182, 1.4024657757114494, 1.4690763553789117, 1.4352382086312834, 1.3078676789813133, 1.2336627867197074, 1.2117583717879756, 1.0914323600059634]",40,True,81,0.2442732516826255,0.866165755261461,,1,0.17272727272727273,7.778174593052023
20260927T095930443635Z_577f21e5,HEUR_VOR,40,1.0,5,5,6,5.5,5.5,0.19,0.5,10,2,5760.0,"[0.8592549273600911, 0.6058380411445193, 0.4316697215292379, 0.32461244914431125, 0.29898418014229616, 0.3853292566116986, 0.6184818884427356, 0.9112753545916268, 1.124060711596949, 1.0918553682168552, 1.0519012231472415, 1.0604058710082023, 1.1010962834034748, 1.1484706050156464, 1.2414843039249468, 1.286522046207647, 1.3072562312959182, 1.4024657757114494, 1.4690763553789117, 1.4352382086312834, 1.3078676789813133, 1.2336627867197074, 1.2117583717879756, 1.0914323600059634]",40,True,81,0.1,0.7567295855385203,,1,0.07071067811865475,7.778174593052023
20260927T095930443635Z_577f21e5,HEUR_VOR,40,1.0,5,5,6,5.5,5.5,0.19,0.5,10,2,5760.0,"[0.8592549273600911, 0.6058380411445193, 0.4316697215292379, 0.32461244914431125, 0.29898418014229616, 0.3853292566116986, 0.6184818884427356, 0.9112753545916268, 1.124060711596949, 1.0918553682168552, 1.0519012231472415, 1.0604058710082023, 1.1010962834034748, 1.1484706050156464, 1.2414843039249468, 1.286522046207647, 1.3072562312959182, 1.4024657757114494, 1.4690763553789117, 1.4352382086312834, 1.3078676789813133, 1.2336627867197074, 1.2117583717879756, 1.0914323600059634]",40,True,81,0.2,0.8100678117605714,,1,0.1414213562373095,7.778174593052023
20260927T095930443635Z_577f21e5,HEUR_VOR,40,1.0,5,5,6,5.5,5.5,0.19,0.5,10,2,5760.0,"[0.8592549273600911, 0.6058380411445193, 0.4316697215292379, 0.32461244914431125, 0.29898418014229616, 0.3853292566116986, 0.6184818884427356, 0.9112753545916268, 1.124060711596949, 1.0918553682168552, 1.0519012231472415, 1.0604058710082023, 1.1010962834034748, 1.1484706050156464, 1.2414843039249468, 1.286522046207647, 1.3072562312959182, 1.4024657757114494, 1.4690763553789117, 1.4352382086312834, 1.3078676789813133, 1.2336627867197074, 1.2117583717879756, 1.0914323600059634]",40,True,81,0.2442732516826255,0.8091499203628033,,1,0.17272727272727273,7.778174593052023
20260927T095930443635Z_577f21e5,HEUR_VOR,40,1.0,5,5,6,6.0,5.5,0.19,0.5,10,2,5760.0,"[0.8592549273600911, 0.6058380411445193, 0.4316697215292379, 0.32461244914431125, 0.29898418014229616, 0.3853292566116986, 0.6184818884427356, 0.9112753545916268, 1.124060711596949, 1.0918553682168552, 1.0519012231472415, 1.0604058710082023, 1.1010962834034748, 1.1484706050156464, 1.2414843039249468, 1.286522046207647, 1.3072562312959182, 1.4024657757114494, 1.4690763553789117, 1.4352382086312834, 1.3078676789813133, 1.2336627867197074, 1.2117583717879756, 1.0914323600059634]",40,True,81,0.1,0.8183474016507725,,1,0.07071067811865475,7.778174593052023
20260927T095930443635Z_577f21e5,HEUR_VOR,40,1.0,5,5,6,6.0,5.5,0.19,0.5,10,2,5760.0,"[0.8592549273600911, 0.6058380411445193, 0.4316697215292379, 0.32461244914431125, 0.29898418014229616, 0.3853292566116986, 0.6184818884427356, 0.9112753545916268, 1.124060711596949, 1.0918553682168552, 1.0519012231472415, 1.0604058710082023, 1.1010962834034748, 1.1484706050156464, 1.2414843039249468, 1.286522046207647, 1.3072562312959182, 1.4024657757114494, 1.4690763553789117, 1.4352382086312834, 1.3078676789813133, 1.2336627867197074, 1.2117583717879756, 1.0914323600059634]",40,True,81,0.2,0.8808253105997481,,1,0.1414213562373095,7.778174593052023
20260927T095930443635Z_577f21e5,HEUR_VOR,40,1.0,5,5,6,6.0,5.5,0.19,0.5,10,2,5760.0,"[0.8592549273600911, 0.6058380411445193, 0.4316697215292379, 0.32461244914431125, 0.29898418014229616, 0.3853292566116986, 0.6184818884427356, 0.9112753545916268, 1.124060711596949, 1.0918553682168552, 1.0519012231472415, 1.0604058710082023, 1.1010962834034748, 1.1484706050156464, 1.2414843039249468, 1.286522046207647, 1.3072562312959182, 1.4024657757114494, 1.4690763553789117, 1.4352382086312834, 1.3078676789813133, 1.2336627867197074, 1.2117583717879756, 1.0914323600059634]",40,True,81,0.2442732516826255,0.8799163698101254,,1,0.17272727272727273,7.778174593052023
20260927T095930443635Z_577f21e5,PURE,2,0.33,5,5,6,5.5,5.5,0.19,0.5,10,2,5760.0,"[0.8592549273600911, 0.6058380411445193, 0.4316697215292379, 0.32461244914431125, 0.29898418014229616, 0.3853292566116986, 0.6184818884427356, 0.9112753545916268, 1.124060711596949, 1.0918553682168552, 1.0519012231472415, 1.0604058710082023, 1.1010962834034748, 1.1484706050156464, 1.2414843039249468, 1.286522046207647, 1.3072562312959182, 1.4024657757114494, 1.4690763553789117, 1.4352382086312834, 1.3078676789813133, 1.2336627867197074, 1.2117583717879756, 1.0914323600059634]",40,True,81,0.1,0.1847733105218135,,1,0.07071067811865475,7.778174593052023
20260927T095930443635Z_577f21e5,PURE,2,0.33,5,5,6,5.5,5.5,0.19,0.5,10,2,5760.0,"[0.8592549273600911, 0.6058380411445193, 0.4316697215292379, 0.32461244914431125, 0.29898418014229616, 0.3853292566116986, 0.6184818884427356, 0.9112753545916268, 1.124060711596949, 1.0918553682168552, 1.0519012231472415, 1.0604058710082023, 1.1010962834034748, 1.1484706050156464, 1.2414843039249468, 1.286522046207647, 1.3072562312959182, 1.4024657757114494, 1.4690763553789117, 1.4352382086312834, 1.3078676789813133, 1.2336627867197074, 1.2117583717879756, 1.0914323600059634]",40,True,81,0.2,0.1847733105218135,,1,0.1414213562373095,7.778174593052023
20260927T095930443635Z_577f21e5,PURE,2,0.33,5,5,6,5.5,5.5,0.19,0.5,10,2,5760.0,"[0.8592549273600911, 0.6058380411445193, 0.4316697215292379, 0.32461244914431125, 0.29898418014229616, 0.3853292566116986, 0.6184818884427356, 0.9112753545916268, 1.124060711596949, 1.0918553682168552, 1.0519012231472415, 1.0604058710082023, 1.1010962834034748, 1.1484706050156464, 1.2414843039249468, 1.286522046207647, 1.3072562312959182, 1.4024657757114494, 1.4690763553789117, 1.4352382086312834, 1.3078676789813133, 1.2336627867197074, 1.2117583717879756, 1.0914323600059634]",40,True,81,0.2442732516826255,0.1847733105218135,,1,0.17272727272727273,7.778174593052023
20260927T095930443635Z_577f21e5,PURE,2,0.33,5,5,6,6.0,5.5,0.19,0.5,10,2,5760.0,"[0.8592549273600911, 0.6058380411445193, 0.4316697215292379, 0.32461244914431125, 0.29898418014229616, 0.3853292566116986, 0.6184818884427356, 0.9112753545916268, 1.124060711596949, 1.0918553682168552, 1.0519012231472415, 1.0604058710082023, 1.1010962834034748, 1.1484706050156464, 1.2414843039249468, 1.286522046207647, 1.3072562312959182, 1.4024657757114494, 1.4690763553789117, 1.4352382086312834, 1.3078676789813133, 1.2336627867197074, 1.2117583717879756, 1.0914323600059634]",40,True,81,0.1,0.1847733105218135,,1,0.07071067811865475,7.778174593052023
20260927T095930443635Z_577f21e5,PURE,2,0.33,5,5,6,6.0,5.5,0.19,0.5,10,2,5760.0,"[0.8592549273600911, 0.6058380411445193, 0.4316697215292379, 0.32461244914431125, 0.29898418014229616, 0.3853292566116986, 0.6184818884427356, 0.9112753545916268, 1.124060711596949, 1.0918553682168552, 1.0519012231472415, 1.0604058710082023, 1.1010962834034748, 1.1484706050156464, 1.2414843039249468, 1.286522046207647, 1.3072562312959182, 1.4024657757114494, 1.4690763553789117, 1.4352382086312834, 1.3078676789813133, 1.2336627867197074, 1.2117583717879756, 1.0914323600059634]",40,True,81,0.2,0.1847733105218135,,1,0.1414213562373095,7.778174593052023
20260927T095930443635Z_577f21e5,PURE,2,0.33,5,5,6,6.0,5.5,0.19,0.5,10,2,5760.0,"[0.8592549273600911, 0.6058380411445193, 0.4316697215292379, 0.32461244914431125, 0.29898418014229616, 0.3853292566116986, 0.6184818884427356, 0.9112753545916268, 1.124060711596949, 1.0918553682168552, 1.0519012231472415, 1.0604058710082023, 1.1010962834034748, 1.1484706050156464, 1.2414843039249468, 1.286522046207647, 1.3072562312959182, 1.4024657757114494, 1.4690763553789117, 1.4352382086312834, 1.3078676789813133, 1.2336627867197074, 1.2117583717879756, 1.0914323600059634]",40,True,81,0.2442732516826255,0.1847733105218135,,1,0.17272727272727273,7.778174593052023
20260927T095930443635Z_577f21e5,PURE,2,0.5,5,5,6,5.5,5.5,0.19,0.5,10,2,5760.0,"[0.8592549273600911, 0.6058380411445193, 0.4316697215292379, 0.32461244914431125, 0.29898418014229616, 0.3853292566116986, 0.6184818884427356, 0.9112753545916268, 1.124060711596949, 1.0918553682168552, 1.0519012231472415, 1.0604058710082023, 1.1010962834034748, 1.1484706050156464, 1.2414843039249468, 1.286522046207647, 1.3072562312959182, 1.4024657757114494, 1.4690763553789117, 1.4352382086312834, 1.3078676789813133, 1.2336627867197074, 1.2117583717879756, 1.0914323600059634]",40,True,81,0.1,0.22877442273534637,,1,0.07071067811865475,7.778174593052023
20260927T095930443635Z_577f21e5,PURE,2,0.5,5,5,6,5.5,5.5,0.19,0.5,10,2,5760.0,"[0.8592549273600911, 0.6058380411445193, 0.4316697215292379, 0.32461244914431125, 0.29898418014229616, 0.3853292566116986, 0.6184818884427356, 0.9112753545916268, 1.124060711596949, 1.0918553682168552, 1.0519012231472415, 1.0604058710082023, 1.1010962834034748, 1.1484706050156464, 1.2414843039249468, 1.286522046207647, 1.3072562312959182, 1.4024657757114494, 1.4690763553789117, 1.4352382086312834, 1.3078676789813133, 1.2336627867197074, 1.2117583717879756, 1.0914323600059634]",40,True,81,0.2,0.22877442273534637,,1,0.1414213562373095,7.778174593052023
20260927T095930443635Z_577f21e5,PURE,2,0.5,5,5,6,5.5,5.5,0.19,0.5,10,2,5760.0,"[0.8592549273600911, 0.6058380411445193, 0.4316697215292379, 0.32461244914431125, 0.29898418014229616, 0.3853292566116986, 0.6184818884427356, 0.9112753545916268, 1.124060711596949, 1.0918553682168552, 1.0519012231472415, 1.0604058710082023, 1.1010962834034748, 1.1484706050156464, 1.2414843039249468, 1.286522046207647, 1.3072562312959182, 1.4024657757114494, 1.4690763553789117, 1.4352382086312834, 1.3078676789813133, 1.2336627867197074, 1.2117583717879756, 1.0914323600059634]",40,True,81,0.2442732516826255,0.22877442273534637,,1,0.17272727272727273,7.778174593052023
20260927T095930443635Z_577f21e5,PURE,2,0.5,5,5,6,6.0,5.5,0.19,0.5,10,2,5760.0,"[0.8592549273600911, 0.6058380411445193, 0.4316697215292379, 0.32461244914431125, 0.29898418014229616, 0.3853292566116986, 0.6184818884427356, 0.9112753545916268, 1.124060711596949, 1.0918553682168552, 1.0519012231472415, 1.0604058710082023, 1.1010962834034748, 1.1484706050156464, 1.2414843039249468, 1.286522046207647, 1.3072562312959182, 1.4024657757114494, 1.4690763553789117, 1.4352382086312834, 1.3078676789813133, 1.2336627867197074, 1.2117583717879756, 1.0914323600059634]",40,True,81,0.1,0.22877442273534637,,1,0.07071067811865475,7.778174593052023
20260927T095930443635Z_577f21e5,PURE,2,0.5,5,5,6,6.0,5.5,0.19,0.5,10,2,5760.0,"[0.8592549273600911, 0.6058380411445193, 0.4316697215292379, 0.32461244914431125, 0.29898418014229616, 0.3853292566116986, 0.6184818884427356, 0.9112753545916268, 1.124060711596949, 1.0918553682168552, 1.0519012231472415, 1.0604058710082023, 1.1010962834034748, 1.1484706050156464, 1.2414843039249468, 1.286522046207647, 1.3072562312959182, 1.4024657757114494, 1.4690763553789117, 1.4352382086312834, 1.3078676789813133, 1.2336627867197074, 1.2117583717879756, 1.0914323600059634]",40,True,81,0.2,0.22877442273534637,,1,0.1414213562373095,7.778174593052023
20260927T095930443635Z_577f21e5,PURE,2,0.5,5,5,6,6.0,5.5,0.19,0.5,10,2,5760.0,"[0.8592549273600911, 0.6058380411445193, 0.4316697215292379, 0.32461244914431125, 0.29898418014229616, 0.3853292566116986, 0.6184818884427356, 0.9112753545916268, 1.124060711596949, 1.0918553682168552, 1.0519012231472415, 1.0604058710082023, 1.1010962834034748, 1.1484706050156464, 1.2414843039249468, 1.286522046207647, 1.3072562312959182, 1.4024657757114494, 1.4690763553789117, 1.4352382086312834, 1.3078676789813133, 1.2336627867197074, 1.2117583717879756, 1.0914323600059634]",40,True,81,0.2442732516826255,0.22877442273534637,,1,0.17272727272727273,7.778174593052023
20260927T095930443635Z_577f21e5,PURE,2,0.67,5,5,6,5.5,5.5,0.19,0.5,10,2,5760.0,"[0.8592549273600911, 0.6058380411445193, 0.4316697215292379, 0.32461244914431125, 0.29898418014229616, 0.3853292566116986, 0.6184818884427356, 0.9112753545916268, 1.124060711596949, 1.0918553682168552, 1.0519012231472415, 1.0604058710082023, 1.1010962834034748, 1.1484706050156464, 1.2414843039249468, 1.286522046207647, 1.3072562312959182, 1.4024657757114494, 1.4690763553789117, 1.4352382086312834, 1.3078676789813133, 1.2336627867197074, 1.2117583717879756, 1.0914323600059634]",40,True,81,0.1,0.2575210589651023,,1,0.07071067811865475,7.778174593052023
20260927T095930443635Z_577f21e5,PURE,2,0.67,5,5,6,5.5,5.5,0.19,0.5,10,2,5760.0,"[0.8592549273600911, 0.6058380411445193, 0.4316697215292379, 0.32461244914431125, 0.29898418014229616, 0.3853292566116986, 0.6184818884427356, 0.9112753545916268, 1.124060711596949, 1.0918553682168552, 1.0519012231472415, 1.0604058710082023, 1.1010962834034748, 1.1484706050156464, 1.2414843039249468, 1.286522046207647, 1.3072562312959182, 1.4024657757114494, 1.4690763553789117, 1.4352382086312834, 1.3078676789813133, 1.2336627867197074, 1.2117583717879756, 1.0914323600059634]",40,True,81,0.2,0.2575210589651023,,1,0.1414213562373095,7.778174593052023
20260927T095930443635Z_577f21e5,PURE,2,0.67,5,5,6,5.5,5.5,0.19,0.5,10,2,5760.0,"[0.8592549273600911, 0.6058380411445193, 0.4316697215292379, 0.32461244914431125, 0.29898418014229616, 0.3853292566116986, 0.6184818884427356, 0.9112753545916268, 1.124060711596949, 1.0918553682168552, 1.0519012231472415, 1.0604058710082023, 1.1010962834034748, 1.1484706050156464, 1.2414843039249468, 1.286522046207647, 1.3072562312959182, 1.4024657757114494, 1.4690763553789117, 1.4352382086312834, 1.3078676789813133, 1.2336627867197074, 1.2117583717879756, 1.0914323600059634]",40,True,81,0.2442732516826255,0.2575210589651023,,1,0.17272727272727273,7.778174593052023
20260927T095930443635Z_577f21e5,PURE,2,0.67,5,5,6,6.0,5.5,0.19,0.5,10,2,5760.0,"[0.8592549273600911, 0.6058380411445193, 0.4316697215292379, 0.32461244914431125, 0.29898418014229616, 0.3853292566116986, 0.6184818884427356, 0.9112753545916268, 1.124060711596949, 1.0918553682168552, 1.0519012231472415, 1.0604058710082023, 1.1010962834034748, 1.1484706050156464, 1.2414843039249468, 1.286522046207647, 1.3072562312959182, 1.4024657757114494, 1.4690763553789117, 1.4352382086312834, 1.3078676789813133, 1.2336627867197074, 1.2117583717879756, 1.0914323600059634]",40,True,81,0.1,0.2575210589651023,,1,0.07071067811865475,7.778174593052023
20260927T095930443635Z_577f21e5,PURE,2,0.67,5,5,6,6.0,5.5,0.19,0.5,10,2,5760.0,"[0.8592549273600911, 0.6058380411445193, 0.4316697215292379, 0.32461244914431125, 0.29898418014229616, 0.3853292566116986, 0.6184818884427356, 0.9112753545916268, 1.124060711596949, 1.0918553682168552, 1.0519012231472415, 1.0604058710082023, 1.1010962834034748, 1.1484706050156464, 1.2414843039249468, 1.286522046207647, 1.3072562312959182, 1.4024657757114494, 1.4690763553789117, 1.4352382086312834, 1.3078676789813133, 1.2336627867197074, 1.2117583717879756, 1.0914323600059634]",40,True,81,0.2,0.2575210589651023,,1,0.1414213562373095,7.778174593052023
20260927T095930443635Z_577f21e5,PURE,2,0.67,5,5,6,6.0,5.5,0.19,0.5,10,2,5760.0,"[0.8592549273600911, 0.6058380411445193, 0.4316697215292379, 0.32461244914431125, 0.29898418014229616, 0.3853292566116986, 0.6184818884427356, 0.9112753545916268, 1.124060711596949, 1.0918553682168552, 1.0519012231472415, 1.0604058710082023, 1.1010962834034748, 1.1484706050156464, 1.2414843039249468, 1.286522046207647, 1.3072562312959182, 1.4024657757114494, 1.4690763553789117, 1.4352382086312834, 1.3078676789813133, 1.2336627867197074, 1.2117583717879756, 1.0914323600059634]",40,True,81,0.2442732516826255,0.2575210589651023,,1,0.17272727272727273,7.778174593052023
20260927T095930443635Z_577f21e5,PURE,2,0.83,5,5,6,5.5,5.5,0.19,0.5,10,2,5760.0,"[0.8592549273600911, 0.6058380411445193, 0.4316697215292379, 0.32461244914431125, 0.29898418014229616, 0.3853292566116986, 0.6184818884427356, 0.9112753545916268, 1.124060711596949, 1.0918553682168552, 1.0519012231472415, 1.0604058710082023, 1.1010962834034748, 1.1484706050156464, 1.2414843039249468, 1.286522046207647, 1.3072562312959182, 1.4024657757114494, 1.4690763553789117, 1.4352382086312834, 1.3078676789813133, 1.2336627867197074, 1.2117583717879756, 1.0914323600059634]",40,True,81,0.1,0.3001426533523538,,1,0.07071067811865475,7.778174593052023
20260927T095930443635Z_577f21e5,PURE,2,0.83,5,5,6,5.5,5.5,0.19,0.5,10,2,5760.0,"[0.8592549273600911, 0.6058380411445193, 0.4316697215292379, 0.32461244914431125, 0.29898418014229616, 0.3853292566116986, 0.6184818884427356, 0.9112753545916268, 1.124060711596949, 1.0918553682168552, 1.0519012231472415, 1.0604058710082023, 1.1010962834034748, 1.1484706050156464, 1.2414843039249468, 1.286522046207647, 1.3072562312959182, 1.4024657757114494, 1.4690763553789117, 1.4352382086312834, 1.3078676789813133, 1.2336627867197074, 1.2117583717879756, 1.0914323600059634]",40,True,81,0.2,0.3001426533523538,,1,0.1414213562373095,7.778174593052023
20260927T095930443635Z_577f21e5,PURE,2,0.83,5,5,6,5.5,5.5,0.19,0.5,10,2,5760.0,"[0.8592549273600911, 0.6058380411445193, 0.4316697215292379, 0.32461244914431125, 0.29898418014229616, 0.3853292566116986, 0.6184818884427356, 0.9112753545916268, 1.124060711596949, 1.0918553682168552, 1.0519012231472415, 1.0604058710082023, 1.1010962834034748, 1.1484706050156464, 1.2414843039249468, 1.286522046207647, 1.3072562312959182, 1.4024657757114494, 1.4690763553789117, 1.4352382086312834, 1.3078676789813133, 1.2336627867197074, 1.2117583717879756, 1.0914323600059634]",40,True,81,0.2442732516826255,0.3001426533523538,,1,0.17272727272727273,7.778174593052023
20260927T095930443635Z_577f21e5,PURE,2,0.83,5,5,6,6.0,5.5,0.19,0.5,10,2,5760.0,"[0.8592549273600911, 0.6058380411445193, 0.4316697215292379, 0.32461244914431125, 0.29898418014229616, 0.3853292566116986, 0.6184818884427356, 0.9112753545916268, 1.124060711596949, 1.0918553682168552, 1.0519012231472415, 1.0604058710082023, 1.1010962834034748, 1.1484706050156464, 1.2414843039249468, 1.286522046207647, 1.3072562312959182, 1.4024657757114494, 1.4690763553789117, 1.4352382086312834, 1.3078676789813133, 1.2336627867197074, 1.2117583717879756, 1.0914323600059634]",40,True,81,0.1,0.3001426533523538,,1,0.07071067811865475,7.778174593052023
20260927T095930443635Z_577f21e5,PURE,2,0.83,5,5,6,6.0,5.5,0.19,0.5,10,2,5760.0,"[0.8592549273600911, 0.6058380411445193, 0.4316697215292379, 0.32461244914431125, 0.29898418014229616, 0.3853292566116986, 0.6184818884427356, 0.9112753545916268, 1.124060711596949, 1.0918553682168552, 1.0519012231472415, 1.0604058710082023, 1.1010962834034748, 1.1484706050156464, 1.2414843039249468, 1.286522046207647, 1.3072562312959182, 1.4024657757114494, 1.4690763553789117, 1.4352382086312834, 1.3078676789813133, 1.2336627867197074, 1.2117583717879756, 1.0914323600059634]",40,True,81,0.2,0.3001426533523538,,1,0.1414213562373095,7.778174593052023
20260927T095930443635Z_577f21e5,PURE,2,0.83,5,5,6,6.0,5.5,0.19,0.5,10,2,5760.0,"[0.8592549273600911, 0.6058380411445193, 0.4316697215292379, 0.32461244914431125, 0.29898418014229616, 0.3853292566116986, 0.6184818884427356, 0.9112753545916268, 1.124060711596949, 1.0918553682168552, 1.0519012231472415, 1.0604058710082023, 1.1010962834034748, 1.1484706050156464, 1.2414843039249468, 1.286522046207647, 1.3072562312959182, 1.4024657757114494, 1.4690763553789117, 1.4352382086312834, 1.3078676789813133, 1.2336627867197074, 1.2117583717879756, 1.0914323600059634]",40,True,81,0.2442732516826255,0.3001426533523538,,1,0.17272727272727273,7.778174593052023
20260927T095930443635Z_577f21e5,PURE,2,1.0,5,5,6,5.5,5.5,0.19,0.5,10,2,5760.0,"[0.8592549273600911, 0.6058380411445193, 0.4316697215292379, 0.32461244914431125, 0.29898418014229616, 0.3853292566116986, 0.6184818884427356, 0.9112753545916268, 1.124060711596949, 1.0918553682168552, 1.0519012231472415, 1.0604058710082023, 1.1010962834034748, 1.1484706050156464, 1.2414843039249468, 1.286522046207647, 1.3072562312959182, 1.4024657757114494, 1.4690763553789117, 1.4352382086312834, 1.3078676789813133, 1.2336627867197074, 1.2117583717879756, 1.0914323600059634]",40,True,81,0.1,0.30268199233716475,,1,0.07071067811865475,7.778174593052023
20260927T095930443635Z_577f21e5,PURE,2,1.0,5,5,6,5.5,5.5,0.19,0.5,10,2,5760.0,"[0.8592549273600911, 0.6058380411445193, 0.4316697215292379, 0.32461244914431125, 0.29898418014229616, 0.3853292566116986, 0.6184818884427356, 0.9112753545916268, 1.124060711596949, 1.0918553682168552, 1.0519012231472415, 1.0604058710082023, 1.1010962834034748, 1.1484706050156464, 1.2414843039249468, 1.286522046207647, 1.3072562312959182, 1.4024657757114494, 1.4690763553789117, 1.4352382086312834, 1.3078676789813133, 1.2336627867197074, 1.2117583717879756, 1.0914323600059634]",40,True,81,0.2,0.30268199233716475,,1,0.1414213562373095,7.778174593052023
20260927T095930443635Z_577f21e5,PURE,2,1.0,5,5,6,5.5,5.5,0.19,0.5,10,2,5760.0,"[0.8592549273600911, 0.6058380411445193, 0.4316697215292379, 0.32461244914431125, 0.29898418014229616, 0.3853292566116986, 0.6184818884427356, 0.9112753545916268, 1.124060711596949, 1.0918553682168552, 1.0519012231472415, 1.0604058710082023, 1.1010962834034748, 1.1484706050156464, 1.2414843039249468, 1.286522046207647, 1.3072562312959182, 1.4024657757114494, 1.4690763553789117, 1.4352382086312834, 1.3078676789813133, 1.2336627867197074, 1.2117583717879756, 1.0914323600059634]",40,True,81,0.2442732516826255,0.30268199233716475,,1,0.17272727272727273,7.778174593052023
20260927T095930443635Z_577f21e5,PURE,2,1.0,5,5,6,6.0,5.5,0.19,0.5,10,2,5760.0,"[0.8592549273600911, 0.6058380411445193, 0.4316697215292379, 0.32461244914431125, 0.29898418014229616, 0.3853292566116986, 0.6184818884427356, 0.9112753545916268, 1.124060711596949, 1.0918553682168552, 1.0519012231472415, 1.0604058710082023, 1.1010962834034748, 1.1484706050156464, 1.2414843039249468, 1.286522046207647, 1.3072562312959182, 1.4024657757114494, 1.4690763553789117, 1.4352382086312834, 1.3078676789813133, 1.2336627867197074, 1.2117583717879756, 1.0914323600059634]",40,True,81,0.1,0.30268199233716475,,1,0.07071067811865475,7.778174593052023
20260927T095930443635Z_577f21e5,PURE,2,1.0,5,5,6,6.0,5.5,0.19,0.5,10,2,5760.0,"[0.8592549273600911, 0.6058380411445193, 0.4316697215292379, 0.32461244914431125, 0.29898418014229616, 0.3853292566116986, 0.6184818884427356, 0.9112753545916268, 1.124060711596949, 1.0918553682168552, 1.0519012231472415, 1.0604058710082023, 1.1010962834034748, 1.1484706050156464, 1.2414843039249468, 1.286522046207647, 1.3072562312959182, 1.4024657757114494, 1.4690763553789117, 1.4352382086312834, 1.3078676789813133, 1.2336627867197074, 1.2117583717879756, 1.0914323600059634]",40,True,81,0.2,0.30268199233716475,,1,0.1414213562373095,7.778174593052023
20260927T095930443635Z_577f21e5,PURE,2,1.0,5,5,6,6.0,5.5,0.19,0.5,10,2,5760.0,"[0.8592549273600911, 0.6058380411445193, 0.4316697215292379, 0.32461244914431125, 0.29898418014229616, 0.3853292566116986, 0.6184818884427356, 0.9112753545916268, 1.124060711596949, 1.0918553682168552, 1.0519012231472415, 1.0604058710082023, 1.1010962834034748, 1.1484706050156464, 1.2414843039249468, 1.286522046207647, 1.3072562312959182, 1.4024657757114494, 1.4690763553789117, 1.4352382086312834, 1.3078676789813133, 1.2336627867197074, 1.2117583717879756, 1.0914323600059634]",40,True,81,0.2442732516826255,0.30268199233716475,,1,0.17272727272727273,7.778174593052023
20260927T095930443635Z_577f21e5,PURE,5,0.33,5,5,6,5.5,5.5,0.19,0.5,10,2,5760.0,"[0.8592549273600911, 0.6058380411445193, 0.4316697215292379, 0.32461244914431125, 0.29898418014229616, 0.3853292566116986, 0.6184818884427356, 0.9112753545916268, 1.124060711596949, 1.0918553682168552, 1.0519012231472415, 1.0604058710082023, 1.1010962834034748, 1.1484706050156464, 1.2414843039249468, 1.286522046207647, 1.3072562312959182, 1.4024657757114494, 1.4690763553789117, 1.4352382086312834, 1.3078676789813133, 1.2336627867197074, 1.2117583717879756, 1.0914323600059634]",40,True,81,0.1,0.1847733105218135,,1,0.07071067811865475,7.778174593052023
20260927T095930443635Z_577f21e5,PURE,5,0.33,5,5,6,5.5,5.5,0.19,0.5,10,2,5760.0,"[0.8592549273600911, 0.6058380411445193, 0.4316697215292379, 0.32461244914431125, 0.29898418014229616, 0.3853292566116986, 0.6184818884427356, 0.9112753545916268, 1.124060711596949, 1.0918553682168552, 1.0519012231472415, 1.0604058710082023, 1.1010962834034748, 1.1484706050156464, 1.2414843039249468, 1.286522046207647, 1.3072562312959182, 1.4024657757114494, 1.4690763553789117, 1.4352382086312834, 1.3078676789813133, 1.2336627867197074, 1.2117583717879756, 1.0914323600059634]",40,True,81,0.2,0.1847733105218135,,1,0.1414213562373095,7.778174593052023
20260927T095930443635Z_577f21e5,PURE,5,0.33,5,5,6,5.5,5.5,0.19,0.5,10,2,5760.0,"[0.8592549273600911, 0.6058380411445193, 0.4316697215292379, 0.32461244914431125, 0.29898418014229616, 0.3853292566116986, 0.6184818884427356, 0.9112753545916268, 1.124060711596949, 1.0918553682168552, 1.0519012231472415, 1.0604058710082023, 1.1010962834034748, 1.1484706050156464, 1.2414843039249468, 1.286522046207647, 1.3072562312959182, 1.4024657757114494, 1.4690763553789117, 1.4352382086312834, 1.3078676789813133, 1.2336627867197074, 1.2117583717879756, 1.0914323600059634]",40,True,81,0.2442732516826255,0.1847733105218135,,1,0.17272727272727273,7.778174593052023
20260927T095930443635Z_577f21e5,PURE,5,0.33,5,5,6,6.0,5.5,0.19,0.5,10,2,5760.0,"[0.8592549273600911, 0.6058380411445193, 0.4316697215292379, 0.32461244914431125, 0.29898418014229616, 0.3853292566116986, 0.6184818884427356, 0.9112753545916268, 1.124060711596949, 1.0918553682168552, 1.0519012231472415, 1.0604058710082023, 1.1010962834034748, 1.1484706050156464, 1.2414843039249468, 1.286522046207647, 1.3072562312959182, 1.4024657757114494, 1.4690763553789117, 1.4352382086312834, 1.3078676789813133, 1.2336627867197074, 1.2117583717879756, 1.0914323600059634]",40,True,81,0.1,0.1847733105218135,,1,0.07071067811865475,7.778174593052023
20260927T095930443635Z_577f21e5,PURE,5,0.33,5,5,6,6.0,5.5,0.19,0.5,10,2,5760.0,"[0.8592549273600911, 0.6058380411445193, 0.4316697215292379, 0.32461244914431125, 0.29898418014229616, 0.3853292566116986, 0.6184818884427356, 0.9112753545916268, 1.124060711596949, 1.0918553682168552, 1.0519012231472415, 1.0604058710082023, 1.1010962834034748, 1.1484706050156464, 1.2414843039249468, 1.286522046207647, 1.3072562312959182, 1.4024657757114494, 1.4690763553789117, 1.4352382086312834, 1.3078676789813133, 1.2336627867197074, 1.2117583717879756, 1.0914323600059634]",40,True,81,0.2,0.1847733105218135,,1,0.1414213562373095,7.778174593052023
20260927T095930443635Z_577f21e5,PURE,5,0.33,5,5,6,6.0,5.5,0.19,0.5,10,2,5760.0,"[0.8592549273600911, 0.6058380411445193, 0.4316697215292379, 0.32461244914431125, 0.29898418014229616, 0.3853292566116986, 0.6184818884427356, 0.9112753545916268, 1.124060711596949, 1.0918553682168552, 1.0519012231472415, 1.0604058710082023, 1.1010962834034748, 1.1484706050156464, 1.2414843039249468, 1.286522046207647, 1.3072562312959182, 1.4024657757114494, 1.4690763553789117, 1.4352382086312834, 1.3078676789813133, 1.2336627867197074, 1.2117583717879756, 1.0914323600059634]",40,True,81,0.2442732516826255,0.1847733105218135,,1,0.17272727272727273,7.778174593052023
20260927T095930443635Z_577f21e5,PURE,5,0.5,5,5,6,5.5,5.5,0.19,0.5,10,2,5760.0,"[0.8592549273600911, 0.6058380411445193, 0.4316697215292379, 0.32461244914431125, 0.29898418014229616, 0.3853292566116986, 0.6184818884427356, 0.9112753545916268, 1.124060711596949, 1.0918553682168552, 1.0519012231472415, 1.0604058710082023, 1.1010962834034748, 1.1484706050156464, 1.2414843039249468, 1.286522046207647, 1.3072562312959182, 1.4024657757114494, 1.4690763553789117, 1.4352382086312834, 1.3078676789813133, 1.2336627867197074, 1.2117583717879756, 1.0914323600059634]",40,True,81,0.1,0.22877442273534637,,1,0.07071067811865475,7.778174593052023
20260927T095930443635Z_577f21e5,PURE,5,0.5,5,5,6,5.5,5.5,0.19,0.5,10,2,5760.0,"[0.8592549273600911, 0.6058380411445193, 0.4316697215292379, 0.32461244914431125, 0.29898418014229616, 0.3853292566116986, 0.6184818884427356, 0.9112753545916268, 1.124060711596949, 1.0918553682168552, 1.0519012231472415, 1.0604058710082023, 1.1010962834034748, 1.1484706050156464, 1.2414843039249468, 1.286522046207647, 1.3072562312959182, 1.4024657757114494, 1.4690763553789117, 1.4352382086312834, 1.3078676789813133, 1.2336627867197074, 1.2117583717879756, 1.0914323600059634]",40,True,81,0.2,0.22877442273534637,,1,0.1414213562373095,7.778174593052023
20260927T095930443635Z_577f21e5,PURE,5,0.5,5,5,6,5.5,5.5,0.19,0.5,10,2,5760.0,"[0.8592549273600911, 0.6058380411445193, 0.4316697215292379, 0.32461244914431125, 0.29898418014229616, 0.3853292566116986, 0.6184818884427356, 0.9112753545916268, 1.124060711596949, 1.0918553682168552, 1.0519012231472415, 1.0604058710082023, 1.1010962834034748, 1.1484706050156464, 1.2414843039249468, 1.286522046207647, 1.3072562312959182, 1.4024657757114494, 1.4690763553789117, 1.4352382086312834, 1.3078676789813133, 1.2336627867197074, 1.2117583717879756, 1.0914323600059634]",40,True,81,0.2442732516826255,0.22877442273534637,,1,0.17272727272727273,7.778174593052023
20260927T095930443635Z_577f21e5,PURE,5,0.5,5,5,6,6.0,5.5,0.19,0.5,10,2,5760.0,"[0.8592549273600911, 0.6058380411445193, 0.4316697215292379, 0.32461244914431125, 0.29898418014229616, 0.3853292566116986, 0.6184818884427356, 0.9112753545916268, 1.124060711596949, 1.0918553682168552, 1.0519012231472415, 1.0604058710082023, 1.1010962834034748, 1.1484706050156464, 1.2414843039249468, 1.286522046207647, 1.3072562312959182, 1.4024657757114494, 1.4690763553789117, 1.4352382086312834, 1.3078676789813133, 1.2336627867197074, 1.2117583717879756, 1.0914323600059634]",40,True,81,0.1,0.22877442273534637,,1,0.07071067811865475,7.778174593052023
20260927T095930443635Z_577f21e5,PURE,5,0.5,5,5,6,6.0,5.5,0.19,0.5,10,2,5760.0,"[0.8592549273600911, 0.6058380411445193, 0.4316697215292379, 0.32461244914431125, 0.29898418014229616, 0.3853292566116986, 0.6184818884427356, 0.9112753545916268, 1.124060711596949, 1.0918553682168552, 1.0519012231472415, 1.0604058710082023, 1.1010962834034748, 1.1484706050156464, 1.2414843039249468, 1.286522046207647, 1.3072562312959182, 1.4024657757114494, 1.4690763553789117, 1.4352382086312834, 1.3078676789813133, 1.2336627867197074, 1.2117583717879756, 1.0914323600059634]",40,True,81,0.2,0.22877442273534637,,1,0.1414213562373095,7.778174593052023
20260927T095930443635Z_577f21e5,PURE,5,0.5,5,5,6,6.0,5.5,0.19,0.5,10,2,5760.0,"[0.8592549273600911, 0.6058380411445193, 0.4316697215292379, 0.32461244914431125, 0.29898418014229616, 0.3853292566116986, 0.6184818884427356, 0.9112753545916268, 1.124060711596949, 1.0918553682168552, 1.0519012231472415, 1.0604058710082023, 1.1010962834034748, 1.1484706050156464, 1.2414843039249468, 1.286522046207647, 1.3072562312959182, 1.4024657757114494, 1.4690763553789117, 1.4352382086312834, 1.3078676789813133, 1.2336627867197074, 1.2117583717879756, 1.0914323600059634]",40,True,81,0.2442732516826255,0.22877442273534637,,1,0.17272727272727273,7.778174593052023
20260927T095930443635Z_577f21e5,PURE,5,0.67,5,5,6,5.5,5.5,0.19,0.5,10,2,5760.0,"[0.8592549273600911, 0.6058380411445193, 0.4316697215292379, 0.32461244914431125, 0.29898418014229616, 0.3853292566116986, 0.6184818884427356, 0.9112753545916268, 1.124060711596949, 1.0918553682168552, 1.0519012231472415, 1.0604058710082023, 1.1010962834034748, 1.1484706050156464, 1.2414843039249468, 1.286522046207647, 1.3072562312959182, 1.4024657757114494, 1.4690763553789117, 1.4352382086312834, 1.3078676789813133, 1.2336627867197074, 1.2117583717879756, 1.0914323600059634]",40,True,81,0.1,0.2575210589651023,,1,0.07071067811865475,7.778174593052023
20260927T095930443635Z_577f21e5,PURE,5,0.67,5,5,6,5.5,5.5,0.19,0.5,10,2,5760.0,"[0.8592549273600911, 0.6058380411445193, 0.4316697215292379, 0.32461244914431125, 0.29898418014229616, 0.3853292566116986, 0.6184818884427356, 0.9112753545916268, 1.124060711596949, 1.0918553682168552, 1.0519012231472415, 1.0604058710082023, 1.1010962834034748, 1.1484706050156464, 1.2414843039249468, 1.286522046207647, 1.3072562312959182, 1.4024657757114494, 1.4690763553789117, 1.4352382086312834, 1.3078676789813133, 1.2336627867197074, 1.2117583717879756, 1.0914323600059634]",40,True,81,0.2,0.2575210589651023,,1,0.1414213562373095,7.778174593052023
20260927T095930443635Z_577f21e5,PURE,5,0.67,5,5,6,5.5,5.5,0.19,0.5,10,2,5760.0,"[0.8592549273600911, 0.6058380411445193, 0.4316697215292379, 0.32461244914431125, 0.29898418014229616, 0.3853292566116986, 0.6184818884427356, 0.9112753545916268, 1.124060711596949, 1.0918553682168552, 1.0519012231472415, 1.0604058710082023, 1.1010962834034748, 1.1484706050156464, 1.2414843039249468, 1.286522046207647, 1.3072562312959182, 1.4024657757114494, 1.4690763553789117, 1.4352382086312834, 1.3078676789813133, 1.2336627867197074, 1.2117583717879756, 1.0914323600059634]",40,True,81,0.2442732516826255,0.2575210589651023,,1,0.17272727272727273,7.778174593052023
20260927T095930443635Z_577f21e5,PURE,5,0.67,5,5,6,6.0,5.5,0.19,0.5,10,2,5760.0,"[0.8592549273600911, 0.6058380411445193, 0.4316697215292379, 0.32461244914431125, 0.29898418014229616, 0.3853292566116986, 0.6184818884427356, 0.9112753545916268, 1.124060711596949, 1.0918553682168552, 1.0519012231472415, 1.0604058710082023, 1.1010962834034748, 1.1484706050156464, 1.2414843039249468, 1.286522046207647, 1.3072562312959182, 1.4024657757114494, 1.4690763553789117, 1.4352382086312834, 1.3078676789813133, 1.2336627867197074, 1.2117583717879756, 1.0914323600059634]",40,True,81,0.1,0.2575210589651023,,1,0.07071067811865475,7.778174593052023
20260927T095930443635Z_577f21e5,PURE,5,0.67,5,5,6,6.0,5.5,0.19,0.5,10,2,5760.0,"[0.8592549273600911, 0.6058380411445193, 0.4316697215292379, 0.32461244914431125, 0.29898418014229616, 0.3853292566116986, 0.6184818884427356, 0.9112753545916268, 1.124060711596949, 1.0918553682168552, 1.0519012231472415, 1.0604058710082023, 1.1010962834034748, 1.1484706050156464, 1.2414843039249468, 1.286522046207647, 1.3072562312959182, 1.4024657757114494, 1.4690763553789117, 1.4352382086312834, 1.3078676789813133, 1.2336627867197074, 1.2117583717879756, 1.0914323600059634]",40,True,81,0.2,0.2575210589651023,,1,0.1414213562373095,7.778174593052023
20260927T095930443635Z_577f21e5,PURE,5,0.67,5,5,6,6.0,5.5,0.19,0.5,10,2,5760.0,"[0.8592549273600911, 0.6058380411445193, 0.4316697215292379, 0.32461244914431125, 0.29898418014229616, 0.3853292566116986, 0.6184818884427356, 0.9112753545916268, 1.124060711596949, 1.0918553682168552, 1.0519012231472415, 1.0604058710082023, 1.1010962834034748, 1.1484706050156464, 1.2414843039249468, 1.286522046207647, 1.3072562312959182, 1.4024657757114494, 1.4690763553789117, 1.4352382086312834, 1.3078676789813133, 1.2336627867197074, 1.2117583717879756, 1.0914323600059634]",40,True,81,0.2442732516826255,0.2575210589651023,,1,0.17272727272727273,7.778174593052023
20260927T095930443635Z_577f21e5,PURE,5,0.83,5,5,6,5.5,5.5,0.19,0.5,10,2,5760.0,"[0.8592549273600911, 0.6058380411445193, 0.4316697215292379, 0.32461244914431125, 0.29898418014229616, 0.3853292566116986, 0.6184818884427356, 0.9112753545916268, 1.124060711596949, 1.0918553682168552, 1.0519012231472415, 1.0604058710082023, 1.1010962834034748, 1.1484706050156464, 1.2414843039249468, 1.286522046207647, 1.3072562312959182, 1.4024657757114494, 1.4690763553789117, 1.4352382086312834, 1.3078676789813133, 1.2336627867197074, 1.2117583717879756, 1.0914323600059634]",40,True,81,0.1,0.3001426533523538,,1,0.07071067811865475,7.778174593052023
20260927T095930443635Z_577f21e5,PURE,5,0.83,5,5,6,5.5,5.5,0.19,0.5,10,2,5760.0,"[0.8592549273600911, 0.6058380411445193, 0.4316697215292379, 0.32461244914431125, 0.29898418014229616, 0.3853292566116986, 0.6184818884427356, 0.9112753545916268, 1.124060711596949, 1.0918553682168552, 1.0519012231472415, 1.0604058710082023, 1.1010962834034748, 1.1484706050156464, 1.2414843039249468, 1.286522046207647, 1.3072562312959182, 1.4024657757114494, 1.4690763553789117, 1.4352382086312834, 1.3078676789813133, 1.2336627867197074, 1.2117583717879756, 1.0914323600059634]",40,True,81,0.2,0.3001426533523538,,1,0.1414213562373095,7.778174593052023
20260927T095930443635Z_577f21e5,PURE,5,0.83,5,5,6,5.5,5.5,0.19,0.5,10,2,5760.0,"[0.8592549273600911, 0.6058380411445193, 0.4316697215292379, 0.32461244914431125, 0.29898418014229616, 0.3853292566116986, 0.6184818884427356, 0.9112753545916268, 1.124060711596949, 1.0918553682168552, 1.0519012231472415, 1.0604058710082023, 1.1010962834034748, 1.1484706050156464, 1.2414843039249468, 1.286522046207647, 1.3072562312959182, 1.4024657757114494, 1.4690763553789117, 1.4352382086312834, 1.3078676789813133, 1.2336627867197074, 1.2117583717879756, 1.0914323600059634]",40,True,81,0.2442732516826255,0.3001426533523538,,1,0.17272727272727273,7.778174593052023
20260927T095930443635Z_577f21e5,PURE,5,0.83,5,5,6,6.0,5.5,0.19,0.5,10,2,5760.0,"[0.8592549273600911, 0.6058380411445193, 0.4316697215292379, 0.32461244914431125, 0.29898418014229616, 0.3853292566116986, 0.6184818884427356, 0.9112753545916268, 1.124060711596949, 1.0918553682168552, 1.0519012231472415, 1.0604058710082023, 1.1010962834034748, 1.1484706050156464, 1.2414843039249468, 1.286522046207647, 1.3072562312959182, 1.4024657757114494, 1.4690763553789117, 1.4352382086312834, 1.3078676789813133, 1.2336627867197074, 1.2117583717879756, 1.0914323600059634]",40,True,81,0.1,0.3001426533523538,,1,0.07071067811865475,7.778174593052023
20260927T095930443635Z_577f21e5,PURE,5,0.83,5,5,6,6.0,5.5,0.19,0.5,10,2,5760.0,"[0.8592549273600911, 0.6058380411445193, 0.4316697215292379, 0.32461244914431125, 0.29898418014229616, 0.3853292566116986, 0.6184818884427356, 0.9112753545916268, 1.124060711596949, 1.0918553682168552, 1.0519012231472415, 1.0604058710082023, 1.1010962834034748, 1.1484706050156464, 1.2414843039249468, 1.286522046207647, 1.3072562312959182, 1.4024657757114494, 1.4690763553789117, 1.4352382086312834, 1.3078676789813133, 1.2336627867197074, 1.2117583717879756, 1.0914323600059634]",40,True,81,0.2,0.3001426533523538,,1,0.1414213562373095,7.778174593052023
20260927T095930443635Z_577f21e5,PURE,5,0.83,5,5,6,6.0,5.5,0.19,0.5,10,2,5760.0,"[0.8592549273600911, 0.6058380411445193, 0.4316697215292379, 0.32461244914431125, 0.29898418014229616, 0.3853292566116986, 0.6184818884427356, 0.9112753545916268, 1.124060711596949, 1.0918553682168552, 1.0519012231472415, 1.0604058710082023, 1.1010962834034748, 1.1484706050156464, 1.2414843039249468, 1.286522046207647, 1.3072562312959182, 1.4024657757114494, 1.4690763553789117, 1.4352382086312834, 1.3078676789813133, 1.2336627867197074, 1.2117583717879756, 1.0914323600059634]",40,True,81,0.2442732516826255,0.3001426533523538,,1,0.17272727272727273,7.778174593052023
20260927T095930443635Z_577f21e5,PURE,5,1.0,5,5,6,5.5,5.5,0.19,0.5,10,2,5760.0,"[0.8592549273600911, 0.6058380411445193, 0.4316697215292379, 0.32461244914431125, 0.29898418014229616, 0.3853292566116986, 0.6184818884427356, 0.9112753545916268, 1.124060711596949, 1.0918553682168552, 1.0519012231472415, 1.0604058710082023, 1.1010962834034748, 1.1484706050156464, 1.2414843039249468, 1.286522046207647, 1.3072562312959182, 1.4024657757114494, 1.4690763553789117, 1.4352382086312834, 1.3078676789813133, 1.2336627867197074, 1.2117583717879756, 1.0914323600059634]",40,True,81,0.1,0.30268199233716475,,1,0.07071067811865475,7.778174593052023
20260927T095930443635Z_577f21e5,PURE,5,1.0,5,5,6,5.5,5.5,0.19,0.5,10,2,5760.0,"[0.8592549273600911, 0.6058380411445193, 0.4316697215292379, 0.32461244914431125, 0.29898418014229616, 0.3853292566116986, 0.6184818884427356, 0.9112753545916268, 1.124060711596949, 1.0918553682168552, 1.0519012231472415, 1.0604058710082023, 1.1010962834034748, 1.1484706050156464, 1.2414843039249468, 1.286522046207647, 1.3072562312959182, 1.4024657757114494, 1.4690763553789117, 1.4352382086312834, 1.3078676789813133, 1.2336627867197074, 1.2117583717879756, 1.0914323600059634]",40,True,81,0.2,0.30268199233716475,,1,0.1414213562373095,7.778174593052023
20260927T095930443635Z_577f21e5,PURE,5,1.0,5,5,6,5.5,5.5,0.19,0.5,10,2,5760.0,"[0.8592549273600911, 0.6058380411445193, 0.4316697215292379, 0.32461244914431125, 0.29898418014229616, 0.3853292566116986, 0.6184818884427356, 0.9112753545916268, 1.124060711596949, 1.0918553682168552, 1.0519012231472415, 1.0604058710082023, 1.1010962834034748, 1.1484706050156464, 1.2414843039249468, 1.286522046207647, 1.3072562312959182, 1.4024657757114494, 1.4690763553789117, 1.4352382086312834, 1.3078676789813133, 1.2336627867197074, 1.2117583717879756, 1.0914323600059634]",40,True,81,0.2442732516826255,0.30268199233716475,,1,0.17272727272727273,7.778174593052023
20260927T095930443635Z_577f21e5,PURE,5,1.0,5,5,6,6.0,5.5,0.19,0.5,10,2,5760.0,"[0.8592549273600911, 0.6058380411445193, 0.4316697215292379, 0.32461244914431125, 0.29898418014229616, 0.3853292566116986, 0.6184818884427356, 0.9112753545916268, 1.124060711596949, 1.0918553682168552, 1.0519012231472415, 1.0604058710082023, 1.1010962834034748, 1.1484706050156464, 1.2414843039249468, 1.286522046207647, 1.3072562312959182, 1.4024657757114494, 1.4690763553789117, 1.4352382086312834, 1.3078676789813133, 1.2336627867197074, 1.2117583717879756, 1.0914323600059634]",40,True,81,0.1,0.30268199233716475,,1,0.07071067811865475,7.778174593052023
20260927T095930443635Z_577f21e5,PURE,5,1.0,5,5,6,6.0,5.5,0.19,0.5,10,2,5760.0,"[0.8592549273600911, 0.6058380411445193, 0.4316697215292379, 0.32461244914431125, 0.29898418014229616, 0.3853292566116986, 0.6184818884427356, 0.9112753545916268, 1.124060711596949, 1.0918553682168552, 1.0519012231472415, 1.0604058710082023, 1.1010962834034748, 1.1484706050156464, 1.2414843039249468, 1.286522046207647, 1.3072562312959182, 1.4024657757114494, 1.4690763553789117, 1.4352382086312834, 1.3078676789813133, 1.2336627867197074, 1.2117583717879756, 1.0914323600059634]",40,True,81,0.2,0.30268199233716475,,1,0.1414213562373095,7.778174593052023
20260927T095930443635Z_577f21e5,PURE,5,1.0,5,5,6,6.0,5.5,0.19,0.5,10,2,5760.0,"[0.8592549273600911, 0.6058380411445193, 0.4316697215292379, 0.32461244914431125, 0.29898418014229616, 0.3853292566116986, 0.6184818884427356, 0.9112753545916268, 1.124060711596949, 1.0918553682168552, 1.0519012231472415, 1.0604058710082023, 1.1010962834034748, 1.1484706050156464, 1.2414843039249468, 1.286522046207647, 1.3072562312959182, 1.4024657757114494, 1.4690763553789117, 1.4352382086312834, 1.3078676789813133, 1.2336627867197074, 1.2117583717879756, 1.0914323600059634]",40,True,81,0.2442732516826255,0.30268199233716475,,1,0.17272727272727273,7.778174593052023
20260927T095930443635Z_577f21e5,PURE,10,0.33,5,5,6,5.5,5.5,0.19,0.5,10,2,5760.0,"[0.8592549273600911, 0.6058380411445193, 0.4316697215292379, 0.32461244914431125, 0.29898418014229616, 0.3853292566116986, 0.6184818884427356, 0.9112753545916268, 1.124060711596949, 1.0918553682168552, 1.0519012231472415, 1.0604058710082023, 1.1010962834034748, 1.1484706050156464, 1.2414843039249468, 1.286522046207647, 1.3072562312959182, 1.4024657757114494, 1.4690763553789117, 1.4352382086312834, 1.3078676789813133, 1.2336627867197074, 1.2117583717879756, 1.0914323600059634]",40,True,81,0.1,0.1847733105218135,,1,0.07071067811865475,7.778174593052023
20260927T095930443635Z_577f21e5,PURE,10,0.33,5,5,6,5.5,5.5,0.19,0.5,10,2,5760.0,"[0.8592549273600911, 0.6058380411445193, 0.4316697215292379, 0.32461244914431125, 0.29898418014229616, 0.3853292566116986, 0.6184818884427356, 0.9112753545916268, 1.124060711596949, 1.0918553682168552, 1.0519012231472415, 1.0604058710082023, 1.1010962834034748, 1.1484706050156464, 1.2414843039249468, 1.286522046207647, 1.3072562312959182, 1.4024657757114494, 1.4690763553789117, 1.4352382086312834, 1.3078676789813133, 1.2336627867197074, 1.2117583717879756, 1.0914323600059634]",40,True,81,0.2,0.1847733105218135,,1,0.1414213562373095,7.778174593052023
20260927T095930443635Z_577f21e5,PURE,10,0.33,5,5,6,5.5,5.5,0.19,0.5,10,2,5760.0,"[0.8592549273600911, 0.6058380411445193, 0.4316697215292379, 0.32461244914431125, 0.29898418014229616, 0.3853292566116986, 0.6184818884427356, 0.9112753545916268, 1.124060711596949, 1.0918553682168552, 1.0519012231472415, 1.0604058710082023, 1.1010962834034748, 1.1484706050156464, 1.2414843039249468, 1.286522046207647, 1.3072562312959182, 1.4024657757114494, 1.4690763553789117, 1.4352382086312834, 1.3078676789813133, 1.2336627867197074, 1.2117583717879756, 1.0914323600059634]",40,True,81,0.2442732516826255,0.1847733105218135,,1,0.17272727272727273,7.778174593052023
20260927T095930443635Z_577f21e5,PURE,10,0.33,5,5,6,6.0,5.5,0.19,0.5,10,2,5760.0,"[0.8592549273600911, 0.6058380411445193, 0.4316697215292379, 0.32461244914431125, 0.29898418014229616, 0.3853292566116986, 0.6184818884427356, 0.9112753545916268, 1.124060711596949, 1.0918553682168552, 1.0519012231472415, 1.0604058710082023, 1.1010962834034748, 1.1484706050156464, 1.2414843039249468, 1.286522046207647, 1.3072562312959182, 1.4024657757114494, 1.4690763553789117, 1.4352382086312834, 1.3078676789813133, 1.2336627867197074, 1.2117583717879756, 1.0914323600059634]",40,True,81,0.1,0.1847733105218135,,1,0.07071067811865475,7.778174593052023
20260927T095930443635Z_577f21e5,PURE,10,0.33,5,5,6,6.0,5.5,0.19,0.5,10,2,5760.0,"[0.8592549273600911, 0.6058380411445193, 0.4316697215292379, 0.32461244914431125, 0.29898418014229616, 0.3853292566116986, 0.6184818884427356, 0.9112753545916268, 1.124060711596949, 1.0918553682168552, 1.0519012231472415, 1.0604058710082023, 1.1010962834034748, 1.1484706050156464, 1.2414843039249468, 1.286522046207647, 1.3072562312959182, 1.4024657757114494, 1.4690763553789117, 1.4352382086312834, 1.3078676789813133, 1.2336627867197074, 1.2117583717879756, 1.0914323600059634]",40,True,81,0.2,0.1847733105218135,,1,0.1414213562373095,7.778174593052023
20260927T095930443635Z_577f21e5,PURE,10,0.33,5,5,6,6.0,5.5,0.19,0.5,10,2,5760.0,"[0.8592549273600911, 0.6058380411445193, 0.4316697215292379, 0.32461244914431125, 0.29898418014229616, 0.3853292566116986, 0.6184818884427356, 0.9112753545916268, 1.124060711596949, 1.0918553682168552, 1.0519012231472415, 1.0604058710082023, 1.1010962834034748, 1.1484706050156464, 1.2414843039249468, 1.286522046207647, 1.3072562312959182, 1.4024657757114494, 1.4690763553789117, 1.4352382086312834, 1.3078676789813133, 1.2336627867197074, 1.2117583717879756, 1.0914323600059634]",40,True,81,0.2442732516826255,0.1847733105218135,,1,0.17272727272727273,7.778174593052023
20260927T095930443635Z_577f21e5,PURE,10,0.5,5,5,6,5.5,5.5,0.19,0.5,10,2,5760.0,"[0.8592549273600911, 0.6058380411445193, 0.4316697215292379, 0.32461244914431125, 0.29898418014229616, 0.3853292566116986, 0.6184818884427356, 0.9112753545916268, 1.124060711596949, 1.0918553682168552, 1.0519012231472415, 1.0604058710082023, 1.1010962834034748, 1.1484706050156464, 1.2414843039249468, 1.286522046207647, 1.3072562312959182, 1.4024657757114494, 1.4690763553789117, 1.4352382086312834, 1.3078676789813133, 1.2336627867197074, 1.2117583717879756, 1.0914323600059634]",40,True,81,0.1,0.22877442273534637,,1,0.07071067811865475,7.778174593052023
20260927T095930443635Z_577f21e5,PURE,10,0.5,5,5,6,5.5,5.5,0.19,0.5,10,2,5760.0,"[0.8592549273600911, 0.6058380411445193, 0.4316697215292379, 0.32461244914431125, 0.29898418014229616, 0.3853292566116986, 0.6184818884427356, 0.9112753545916268, 1.124060711596949, 1.0918553682168552, 1.0519012231472415, 1.0604058710082023, 1.1010962834034748, 1.1484706050156464, 1.2414843039249468, 1.286522046207647, 1.3072562312959182, 1.4024657757114494, 1.4690763553789117, 1.4352382086312834, 1.3078676789813133, 1.2336627867197074, 1.2117583717879756, 1.0914323600059634]",40,True,81,0.2,0.22877442273534637,,1,0.1414213562373095,7.778174593052023
20260927T095930443635Z_577f21e5,PURE,10,0.5,5,5,6,5.5,5.5,0.19,0.5,10,2,5760.0,"[0.8592549273600911, 0.6058380411445193, 0.4316697215292379, 0.32461244914431125, 0.29898418014229616, 0.3853292566116986, 0.6184818884427356, 0.9112753545916268, 1.124060711596949, 1.0918553682168552, 1.0519012231472415, 1.0604058710082023, 1.1010962834034748, 1.1484706050156464, 1.2414843039249468, 1.286522046207647, 1.3072562312959182, 1.4024657757114494, 1.4690763553789117, 1.4352382086312834, 1.3078676789813133, 1.2336627867197074, 1.2117583717879756, 1.0914323600059634]",40,True,81,0.2442732516826255,0.22877442273534637,,1,0.17272727272727273,7.778174593052023
20260927T095930443635Z_577f21e5,PURE,10,0.5,5,5,6,6.0,5.5,0.19,0.5,10,2,5760.0,"[0.8592549273600911, 0.6058380411445193, 0.4316697215292379, 0.32461244914431125, 0.29898418014229616, 0.3853292566116986, 0.6184818884427356, 0.9112753545916268, 1.124060711596949, 1.0918553682168552, 1.0519012231472415, 1.0604058710082023, 1.1010962834034748, 1.1484706050156464, 1.2414843039249468, 1.286522046207647, 1.3072562312959182, 1.4024657757114494, 1.4690763553789117, 1.4352382086312834, 1.3078676789813133, 1.2336627867197074, 1.2117583717879756, 1.0914323600059634]",40,True,81,0.1,0.22877442273534637,,1,0.07071067811865475,7.778174593052023
20260927T095930443635Z_577f21e5,PURE,10,0.5,5,5,6,6.0,5.5,0.19,0.5,10,2,5760.0,"[0.8592549273600911, 0.6058380411445193, 0.4316697215292379, 0.32461244914431125, 0.29898418014229616, 0.3853292566116986, 0.6184818884427356, 0.9112753545916268, 1.124060711596949, 1.0918553682168552, 1.0519012231472415, 1.0604058710082023, 1.1010962834034748, 1.1484706050156464, 1.2414843039249468, 1.286522046207647, 1.3072562312959182, 1.4024657757114494, 1.4690763553789117, 1.4352382086312834, 1.3078676789813133, 1.2336627867197074, 1.2117583717879756, 1.0914323600059634]",40,True,81,0.2,0.22877442273534637,,1,0.1414213562373095,7.778174593052023
20260927T095930443635Z_577f21e5,PURE,10,0.5,5,5,6,6.0,5.5,0.19,0.5,10,2,5760.0,"[0.8592549273600911, 0.6058380411445193, 0.4316697215292379, 0.32461244914431125, 0.29898418014229616, 0.3853292566116986, 0.6184818884427356, 0.9112753545916268, 1.124060711596949, 1.0918553682168552, 1.0519012231472415, 1.0604058710082023, 1.1010962834034748, 1.1484706050156464, 1.2414843039249468, 1.286522046207647, 1.3072562312959182, 1.4024657757114494, 1.4690763553789117, 1.4352382086312834, 1.3078676789813133, 1.2336627867197074, 1.2117583717879756, 1.0914323600059634]",40,True,81,0.2442732516826255,0.22877442273534637,,1,0.17272727272727273,7.778174593052023
20260927T095930443635Z_577f21e5,PURE,10,0.67,5,5,6,5.5,5.5,0.19,0.5,10,2,5760.0,"[0.8592549273600911, 0.6058380411445193, 0.4316697215292379, 0.32461244914431125, 0.29898418014229616, 0.3853292566116986, 0.6184818884427356, 0.9112753545916268, 1.124060711596949, 1.0918553682168552, 1.0519012231472415, 1.0604058710082023, 1.1010962834034748, 1.1484706050156464, 1.2414843039249468, 1.286522046207647, 1.3072562312959182, 1.4024657757114494, 1.4690763553789117, 1.4352382086312834, 1.3078676789813133, 1.2336627867197074, 1.2117583717879756, 1.0914323600059634]",40,True,81,0.1,0.2575210589651023,,1,0.07071067811865475,7.778174593052023
20260927T095930443635Z_577f21e5,PURE,10,0.67,5,5,6,5.5,5.5,0.19,0.5,10,2,5760.0,"[0.8592549273600911, 0.6058380411445193, 0.4316697215292379, 0.32461244914431125, 0.29898418014229616, 0.3853292566116986, 0.6184818884427356, 0.9112753545916268, 1.124060711596949, 1.0918553682168552, 1.0519012231472415, 1.0604058710082023, 1.1010962834034748, 1.1484706050156464, 1.2414843039249468, 1.286522046207647, 1.3072562312959182, 1.4024657757114494, 1.4690763553789117, 1.4352382086312834, 1.3078676789813133, 1.2336627867197074, 1.2117583717879756, 1.0914323600059634]",40,True,81,0.2,0.2575210589651023,,1,0.1414213562373095,7.778174593052023
20260927T095930443635Z_577f21e5,PURE,10,0.67,5,5,6,5.5,5.5,0.19,0.5,10,2,5760.0,"[0.8592549273600911, 0.6058380411445193, 0.4316697215292379, 0.32461244914431125, 0.29898418014229616, 0.3853292566116986, 0.6184818884427356, 0.9112753545916268, 1.124060711596949, 1.0918553682168552, 1.0519012231472415, 1.0604058710082023, 1.1010962834034748, 1.1484706050156464, 1.2414843039249468, 1.286522046207647, 1.3072562312959182, 1.4024657757114494, 1.4690763553789117, 1.4352382086312834, 1.3078676789813133, 1.2336627867197074, 1.2117583717879756, 1.0914323600059634]",40,True,81,0.2442732516826255,0.2575210589651023,,1,0.17272727272727273,7.778174593052023
20260927T095930443635Z_577f21e5,PURE,10,0.67,5,5,6,6.0,5.5,0.19,0.5,10,2,5760.0,"[0.8592549273600911, 0.6058380411445193, 0.4316697215292379, 0.32461244914431125, 0.29898418014229616, 0.3853292566116986, 0.6184818884427356, 0.9112753545916268, 1.124060711596949, 1.0918553682168552, 1.0519012231472415, 1.0604058710082023, 1.1010962834034748, 1.1484706050156464, 1.2414843039249468, 1.286522046207647, 1.3072562312959182, 1.4024657757114494, 1.4690763553789117, 1.4352382086312834, 1.3078676789813133, 1.2336627867197074, 1.2117583717879756, 1.0914323600059634]",40,True,81,0.1,0.2575210589651023,,1,0.07071067811865475,7.778174593052023
20260927T095930443635Z_577f21e5,PURE,10,0.67,5,5,6,6.0,5.5,0.19,0.5,10,2,5760.0,"[0.8592549273600911, 0.6058380411445193, 0.4316697215292379, 0.32461244914431125, 0.29898418014229616, 0.3853292566116986, 0.6184818884427356, 0.9112753545916268, 1.124060711596949, 1.0918553682168552, 1.0519012231472415, 1.0604058710082023, 1.1010962834034748, 1.1484706050156464, 1.2414843039249468, 1.286522046207647, 1.3072562312959182, 1.4024657757114494, 1.4690763553789117, 1.4352382086312834, 1.3078676789813133, 1.2336627867197074, 1.2117583717879756, 1.0914323600059634]",40,True,81,0.2,0.2575210589651023,,1,0.1414213562373095,7.778174593052023
20260927T095930443635Z_577f21e5,PURE,10,0.67,5,5,6,6.0,5.5,0.19,0.5,10,2,5760.0,"[0.8592549273600911, 0.6058380411445193, 0.4316697215292379, 0.32461244914431125, 0.29898418014229616, 0.3853292566116986, 0.6184818884427356, 0.9112753545916268, 1.124060711596949, 1.0918553682168552, 1.0519012231472415, 1.0604058710082023, 1.1010962834034748, 1.1484706050156464, 1.2414843039249468, 1.286522046207647, 1.3072562312959182, 1.4024657757114494, 1.4690763553789117, 1.4352382086312834, 1.3078676789813133, 1.2336627867197074, 1.2117583717879756, 1.0914323600059634]",40,True,81,0.2442732516826255,0.2575210589651023,,1,0.17272727272727273,7.778174593052023
20260927T095930443635Z_577f21e5,PURE,10,0.83,5,5,6,5.5,5.5,0.19,0.5,10,2,5760.0,"[0.8592549273600911, 0.6058380411445193, 0.4316697215292379, 0.32461244914431125, 0.29898418014229616, 0.3853292566116986, 0.6184818884427356, 0.9112753545916268, 1.124060711596949, 1.0918553682168552, 1.0519012231472415, 1.0604058710082023, 1.1010962834034748, 1.1484706050156464, 1.2414843039249468, 1.286522046207647, 1.3072562312959182, 1.4024657757114494, 1.4690763553789117, 1.4352382086312834, 1.3078676789813133, 1.2336627867197074, 1.2117583717879756, 1.0914323600059634]",40,True,81,0.1,0.3001426533523538,,1,0.07071067811865475,7.778174593052023
20260927T095930443635Z_577f21e5,PURE,10,0.83,5,5,6,5.5,5.5,0.19,0.5,10,2,5760.0,"[0.8592549273600911, 0.6058380411445193, 0.4316697215292379, 0.32461244914431125, 0.29898418014229616, 0.3853292566116986, 0.6184818884427356, 0.9112753545916268, 1.124060711596949, 1.0918553682168552, 1.0519012231472415, 1.0604058710082023, 1.1010962834034748, 1.1484706050156464, 1.2414843039249468, 1.286522046207647, 1.3072562312959182, 1.4024657757114494, 1.4690763553789117, 1.4352382086312834, 1.3078676789813133, 1.2336627867197074, 1.2117583717879756, 1.0914323600059634]",40,True,81,0.2,0.3001426533523538,,1,0.1414213562373095,7.778174593052023
20260927T095930443635Z_577f21e5,PURE,10,0.83,5,5,6,5.5,5.5,0.19,0.5,10,2,5760.0,"[0.8592549273600911, 0.6058380411445193, 0.4316697215292379, 0.32461244914431125, 0.29898418014229616, 0.3853292566116986, 0.6184818884427356, 0.9112753545916268, 1.124060711596949, 1.0918553682168552, 1.0519012231472415, 1.0604058710082023, 1.1010962834034748, 1.1484706050156464, 1.2414843039249468, 1.286522046207647, 1.3072562312959182, 1.4024657757114494, 1.4690763553789117, 1.4352382086312834, 1.3078676789813133, 1.2336627867197074, 1.2117583717879756, 1.0914323600059634]",40,True,81,0.2442732516826255,0.3001426533523538,,1,0.17272727272727273,7.778174593052023
20260927T095930443635Z_577f21e5,PURE,10,0.83,5,5,6,6.0,5.5,0.19,0.5,10,2,5760.0,"[0.8592549273600911, 0.6058380411445193, 0.4316697215292379, 0.32461244914431125, 0.29898418014229616, 0.3853292566116986, 0.6184818884427356, 0.9112753545916268, 1.124060711596949, 1.0918553682168552, 1.0519012231472415, 1.0604058710082023, 1.1010962834034748, 1.1484706050156464, 1.2414843039249468, 1.286522046207647, 1.3072562312959182, 1.4024657757114494, 1.4690763553789117, 1.4352382086312834, 1.3078676789813133, 1.2336627867197074, 1.2117583717879756, 1.0914323600059634]",40,True,81,0.1,0.3001426533523538,,1,0.07071067811865475,7.778174593052023
20260927T095930443635Z_577f21e5,PURE,10,0.83,5,5,6,6.0,5.5,0.19,0.5,10,2,5760.0,"[0.8592549273600911, 0.6058380411445193, 0.4316697215292379, 0.32461244914431125, 0.29898418014229616, 0.3853292566116986, 0.6184818884427356, 0.9112753545916268, 1.124060711596949, 1.0918553682168552, 1.0519012231472415, 1.0604058710082023, 1.1010962834034748, 1.1484706050156464, 1.2414843039249468, 1.286522046207647, 1.3072562312959182, 1.4024657757114494, 1.4690763553789117, 1.4352382086312834, 1.3078676789813133, 1.2336627867197074, 1.2117583717879756, 1.0914323600059634]",40,True,81,0.2,0.3001426533523538,,1,0.1414213562373095,7.778174593052023
20260927T095930443635Z_577f21e5,PURE,10,0.83,5,5,6,6.0,5.5,0.19,0.5,10,2,5760.0,"[0.8592549273600911, 0.6058380411445193, 0.4316697215292379, 0.32461244914431125, 0.29898418014229616, 0.3853292566116986, 0.6184818884427356, 0.9112753545916268, 1.124060711596949, 1.0918553682168552, 1.0519012231472415, 1.0604058710082023, 1.1010962834034748, 1.1484706050156464, 1.2414843039249468, 1.286522046207647, 1.3072562312959182, 1.4024657757114494, 1.4690763553789117, 1.4352382086312834, 1.3078676789813133, 1.2336627867197074, 1.2117583717879756, 1.0914323600059634]",40,True,81,0.2442732516826255,0.3001426533523538,,1,0.17272727272727273,7.778174593052023
20260927T095930443635Z_577f21e5,PURE,10,1.0,5,5,6,5.5,5.5,0.19,0.5,10,2,5760.0,"[0.8592549273600911, 0.6058380411445193, 0.4316697215292379, 0.32461244914431125, 0.29898418014229616, 0.3853292566116986, 0.6184818884427356, 0.9112753545916268, 1.124060711596949, 1.0918553682168552, 1.0519012231472415, 1.0604058710082023, 1.1010962834034748, 1.1484706050156464, 1.2414843039249468, 1.286522046207647, 1.3072562312959182, 1.4024657757114494, 1.4690763553789117, 1.4352382086312834, 1.3078676789813133, 1.2336627867197074, 1.2117583717879756, 1.0914323600059634]",40,True,81,0.1,0.30268199233716475,,1,0.07071067811865475,7.778174593052023
20260927T095930443635Z_577f21e5,PURE,10,1.0,5,5,6,5.5,5.5,0.19,0.5,10,2,5760.0,"[0.8592549273600911, 0.6058380411445193, 0.4316697215292379, 0.32461244914431125, 0.29898418014229616, 0.3853292566116986, 0.6184818884427356, 0.9112753545916268, 1.124060711596949, 1.0918553682168552, 1.0519012231472415, 1.0604058710082023, 1.1010962834034748, 1.1484706050156464, 1.2414843039249468, 1.286522046207647, 1.3072562312959182, 1.4024657757114494, 1.4690763553789117, 1.4352382086312834, 1.3078676789813133, 1.2336627867197074, 1.2117583717879756, 1.0914323600059634]",40,True,81,0.2,0.30268199233716475,,1,0.1414213562373095,7.778174593052023
20260927T095930443635Z_577f21e5,PURE,10,1.0,5,5,6,5.5,5.5,0.19,0.5,10,2,5760.0,"[0.8592549273600911, 0.6058380411445193, 0.4316697215292379, 0.32461244914431125, 0.29898418014229616, 0.3853292566116986, 0.6184818884427356, 0.9112753545916268, 1.124060711596949, 1.0918553682168552, 1.0519012231472415, 1.0604058710082023, 1.1010962834034748, 1.1484706050156464, 1.2414843039249468, 1.286522046207647, 1.3072562312959182, 1.4024657757114494, 1.4690763553789117, 1.4352382086312834, 1.3078676789813133, 1.2336627867197074, 1.2117583717879756, 1.0914323600059634]",40,True,81,0.2442732516826255,0.30268199233716475,,1,0.17272727272727273,7.778174593052023
20260927T095930443635Z_577f21e5,PURE,10,1.0,5,5,6,6.0,5.5,0.19,0.5,10,2,5760.0,"[0.8592549273600911, 0.6058380411445193, 0.4316697215292379, 0.32461244914431125, 0.29898418014229616, 0.3853292566116986, 0.6184818884427356, 0.9112753545916268, 1.124060711596949, 1.0918553682168552, 1.0519012231472415, 1.0604058710082023, 1.1010962834034748, 1.1484706050156464, 1.2414843039249468, 1.286522046207647, 1.3072562312959182, 1.4024657757114494, 1.4690763553789117, 1.4352382086312834, 1.3078676789813133, 1.2336627867197074, 1.2117583717879756, 1.0914323600059634]",40,True,81,0.1,0.30268199233716475,,1,0.07071067811865475,7.778174593052023
20260927T095930443635Z_577f21e5,PURE,10,1.0,5,5,6,6.0,5.5,0.19,0.5,10,2,5760.0,"[0.8592549273600911, 0.6058380411445193, 0.4316697215292379, 0.32461244914431125, 0.29898418014229616, 0.3853292566116986, 0.6184818884427356, 0.9112753545916268, 1.124060711596949, 1.0918553682168552, 1.0519012231472415, 1.0604058710082023, 1.1010962834034748, 1.1484706050156464, 1.2414843039249468, 1.286522046207647, 1.3072562312959182, 1.4024657757114494, 1.4690763553789117, 1.4352382086312834, 1.3078676789813133, 1.2336627867197074, 1.2117583717879756, 1.0914323600059634]",40,True,81,0.2,0.30268199233716475,,1,0.1414213562373095,7.778174593052023
20260927T095930443635Z_577f21e5,PURE,10,1.0,5,5,6,6.0,5.5,0.19,0.5,10,2,5760.0,"[0.8592549273600911, 0.6058380411445193, 0.4316697215292379, 0.32461244914431125, 0.29898418014229616, 0.3853292566116986, 0.6184818884427356, 0.9112753545916268, 1.124060711596949, 1.0918553682168552, 1.0519012231472415, 1.0604058710082023, 1.1010962834034748, 1.1484706050156464, 1.2414843039249468, 1.286522046207647, 1.3072562312959182, 1.4024657757114494, 1.4690763553789117, 1.4352382086312834, 1.3078676789813133, 1.2336627867197074, 1.2117583717879756, 1.0914323600059634]",40,True,81,0.2442732516826255,0.30268199233716475,,1,0.17272727272727273,7.778174593052023
20260927T095930443635Z_577f21e5,PURE,20,0.33,5,5,6,5.5,5.5,0.19,0.5,10,2,5760.0,"[0.8592549273600911, 0.6058380411445193, 0.4316697215292379, 0.32461244914431125, 0.29898418014229616, 0.3853292566116986, 0.6184818884427356, 0.9112753545916268, 1.124060711596949, 1.0918553682168552, 1.0519012231472415, 1.0604058710082023, 1.1010962834034748, 1.1484706050156464, 1.2414843039249468, 1.286522046207647, 1.3072562312959182, 1.4024657757114494, 1.4690763553789117, 1.4352382086312834, 1.3078676789813133, 1.2336627867197074, 1.2117583717879756, 1.0914323600059634]",40,True,81,0.1,0.1847733105218135,,1,0.07071067811865475,7.778174593052023
20260927T095930443635Z_577f21e5,PURE,20,0.33,5,5,6,5.5,5.5,0.19,0.5,10,2,5760.0,"[0.8592549273600911, 0.6058380411445193, 0.4316697215292379, 0.32461244914431125, 0.29898418014229616, 0.3853292566116986, 0.6184818884427356, 0.9112753545916268, 1.124060711596949, 1.0918553682168552, 1.0519012231472415, 1.0604058710082023, 1.1010962834034748, 1.1484706050156464, 1.2414843039249468, 1.286522046207647, 1.3072562312959182, 1.4024657757114494, 1.4690763553789117, 1.4352382086312834, 1.3078676789813133, 1.2336627867197074, 1.2117583717879756, 1.0914323600059634]",40,True,81,0.2,0.1847733105218135,,1,0.1414213562373095,7.778174593052023
20260927T095930443635Z_577f21e5,PURE,20,0.33,5,5,6,5.5,5.5,0.19,0.5,10,2,5760.0,"[0.8592549273600911, 0.6058380411445193, 0.4316697215292379, 0.32461244914431125, 0.29898418014229616, 0.3853292566116986, 0.6184818884427356, 0.9112753545916268, 1.124060711596949, 1.0918553682168552, 1.0519012231472415, 1.0604058710082023, 1.1010962834034748, 1.1484706050156464, 1.2414843039249468, 1.286522046207647, 1.3072562312959182, 1.4024657757114494, 1.4690763553789117, 1.4352382086312834, 1.3078676789813133, 1.2336627867197074, 1.2117583717879756, 1.0914323600059634]",40,True,81,0.2442732516826255,0.1847733105218135,,1,0.17272727272727273,7.778174593052023
20260927T095930443635Z_577f21e5,PURE,20,0.33,5,5,6,6.0,5.5,0.19,0.5,10,2,5760.0,"[0.8592549273600911, 0.6058380411445193, 0.4316697215292379, 0.32461244914431125, 0.29898418014229616, 0.3853292566116986, 0.6184818884427356, 0.9112753545916268, 1.124060711596949, 1.0918553682168552, 1.0519012231472415, 1.0604058710082023, 1.1010962834034748, 1.1484706050156464, 1.2414843039249468, 1.286522046207647, 1.3072562312959182, 1.4024657757114494, 1.4690763553789117, 1.4352382086312834, 1.3078676789813133, 1.2336627867197074, 1.2117583717879756, 1.0914323600059634]",40,True,81,0.1,0.1847733105218135,,1,0.07071067811865475,7.778174593052023
20260927T095930443635Z_577f21e5,PURE,20,0.33,5,5,6,6.0,5.5,0.19,0.5,10,2,5760.0,"[0.8592549273600911, 0.6058380411445193, 0.4316697215292379, 0.32461244914431125, 0.29898418014229616, 0.3853292566116986, 0.6184818884427356, 0.9112753545916268, 1.124060711596949, 1.0918553682168552, 1.0519012231472415, 1.0604058710082023, 1.1010962834034748, 1.1484706050156464, 1.2414843039249468, 1.286522046207647, 1.3072562312959182, 1.4024657757114494, 1.4690763553789117, 1.4352382086312834, 1.3078676789813133, 1.2336627867197074, 1.2117583717879756, 1.0914323600059634]",40,True,81,0.2,0.1847733105218135,,1,0.1414213562373095,7.778174593052023
20260927T095930443635Z_577f21e5,PURE,20,0.33,5,5,6,6.0,5.5,0.19,0.5,10,2,5760.0,"[0.8592549273600911, 0.6058380411445193, 0.4316697215292379, 0.32461244914431125, 0.29898418014229616, 0.3853292566116986, 0.6184818884427356, 0.9112753545916268, 1.124060711596949, 1.0918553682168552, 1.0519012231472415, 1.0604058710082023, 1.1010962834034748, 1.1484706050156464, 1.2414843039249468, 1.286522046207647, 1.3072562312959182, 1.4024657757114494, 1.4690763553789117, 1.4352382086312834, 1.3078676789813133, 1.2336627867197074, 1.2117583717879756, 1.0914323600059634]",40,True,81,0.2442732516826255,0.1847733105218135,,1,0.17272727272727273,7.778174593052023
20260927T095930443635Z_577f21e5,PURE,20,0.5,5,5,6,5.5,5.5,0.19,0.5,10,2,5760.0,"[0.8592549273600911, 0.6058380411445193, 0.4316697215292379, 0.32461244914431125, 0.29898418014229616, 0.3853292566116986, 0.6184818884427356, 0.9112753545916268, 1.124060711596949, 1.0918553682168552, 1.0519012231472415, 1.0604058710082023, 1.1010962834034748, 1.1484706050156464, 1.2414843039249468, 1.286522046207647, 1.3072562312959182, 1.4024657757114494, 1.4690763553789117, 1.4352382086312834, 1.3078676789813133, 1.2336627867197074, 1.2117583717879756, 1.0914323600059634]",40,True,81,0.1,0.22877442273534637,,1,0.07071067811865475,7.778174593052023
20260927T095930443635Z_577f21e5,PURE,20,0.5,5,5,6,5.5,5.5,0.19,0.5,10,2,5760.0,"[0.8592549273600911, 0.6058380411445193, 0.4316697215292379, 0.32461244914431125, 0.29898418014229616, 0.3853292566116986, 0.6184818884427356, 0.9112753545916268, 1.124060711596949, 1.0918553682168552, 1.0519012231472415, 1.0604058710082023, 1.1010962834034748, 1.1484706050156464, 1.2414843039249468, 1.286522046207647, 1.3072562312959182, 1.4024657757114494, 1.4690763553789117, 1.4352382086312834, 1.3078676789813133, 1.2336627867197074, 1.2117583717879756, 1.0914323600059634]",40,True,81,0.2,0.22877442273534637,,1,0.1414213562373095,7.778174593052023
20260927T095930443635Z_577f21e5,PURE,20,0.5,5,5,6,5.5,5.5,0.19,0.5,10,2,5760.0,"[0.8592549273600911, 0.6058380411445193, 0.4316697215292379, 0.32461244914431125, 0.29898418014229616, 0.3853292566116986, 0.6184818884427356, 0.9112753545916268, 1.124060711596949, 1.0918553682168552, 1.0519012231472415, 1.0604058710082023, 1.1010962834034748, 1.1484706050156464, 1.2414843039249468, 1.286522046207647, 1.3072562312959182, 1.4024657757114494, 1.4690763553789117, 1.4352382086312834, 1.3078676789813133, 1.2336627867197074, 1.2117583717879756, 1.0914323600059634]",40,True,81,0.2442732516826255,0.22877442273534637,,1,0.17272727272727273,7.778174593052023
20260927T095930443635Z_577f21e5,PURE,20,0.5,5,5,6,6.0,5.5,0.19,0.5,10,2,5760.0,"[0.8592549273600911, 0.6058380411445193, 0.4316697215292379, 0.32461244914431125, 0.29898418014229616, 0.3853292566116986, 0.6184818884427356, 0.9112753545916268, 1.124060711596949, 1.0918553682168552, 1.0519012231472415, 1.0604058710082023, 1.1010962834034748, 1.1484706050156464, 1.2414843039249468, 1.286522046207647, 1.3072562312959182, 1.4024657757114494, 1.4690763553789117, 1.4352382086312834, 1.3078676789813133, 1.2336627867197074, 1.2117583717879756, 1.0914323600059634]",40,True,81,0.1,0.22877442273534637,,1,0.07071067811865475,7.778174593052023
20260927T095930443635Z_577f21e5,PURE,20,0.5,5,5,6,6.0,5.5,0.19,0.5,10,2,5760.0,"[0.8592549273600911, 0.6058380411445193, 0.4316697215292379, 0.32461244914431125, 0.29898418014229616, 0.3853292566116986, 0.6184818884427356, 0.9112753545916268, 1.124060711596949, 1.0918553682168552, 1.0519012231472415, 1.0604058710082023, 1.1010962834034748, 1.1484706050156464, 1.2414843039249468, 1.286522046207647, 1.3072562312959182, 1.4024657757114494, 1.4690763553789117, 1.4352382086312834, 1.3078676789813133, 1.2336627867197074, 1.2117583717879756, 1.0914323600059634]",40,True,81,0.2,0.22877442273534637,,1,0.1414213562373095,7.778174593052023
20260927T095930443635Z_577f21e5,PURE,20,0.5,5,5,6,6.0,5.5,0.19,0.5,10,2,5760.0,"[0.8592549273600911, 0.6058380411445193, 0.4316697215292379, 0.32461244914431125, 0.29898418014229616, 0.3853292566116986, 0.6184818884427356, 0.9112753545916268, 1.124060711596949, 1.0918553682168552, 1.0519012231472415, 1.0604058710082023, 1.1010962834034748, 1.1484706050156464, 1.2414843039249468, 1.286522046207647, 1.3072562312959182, 1.4024657757114494, 1.4690763553789117, 1.4352382086312834, 1.3078676789813133, 1.2336627867197074, 1.2117583717879756, 1.0914323600059634]",40,True,81,0.2442732516826255,0.22877442273534637,,1,0.17272727272727273,7.778174593052023
20260927T095930443635Z_577f21e5,PURE,20,0.67,5,5,6,5.5,5.5,0.19,0.5,10,2,5760.0,"[0.8592549273600911, 0.6058380411445193, 0.4316697215292379, 0.32461244914431125, 0.29898418014229616, 0.3853292566116986, 0.6184818884427356, 0.9112753545916268, 1.124060711596949, 1.0918553682168552, 1.0519012231472415, 1.0604058710082023, 1.1010962834034748, 1.1484706050156464, 1.2414843039249468, 1.286522046207647, 1.3072562312959182, 1.4024657757114494, 1.4690763553789117, 1.4352382086312834, 1.3078676789813133, 1.2336627867197074, 1.2117583717879756, 1.0914323600059634]",40,True,81,0.1,0.2575210589651023,,1,0.07071067811865475,7.778174593052023
20260927T095930443635Z_577f21e5,PURE,20,0.67,5,5,6,5.5,5.5,0.19,0.5,10,2,5760.0,"[0.8592549273600911, 0.6058380411445193, 0.4316697215292379, 0.32461244914431125, 0.29898418014229616, 0.3853292566116986, 0.6184818884427356, 0.9112753545916268, 1.124060711596949, 1.0918553682168552, 1.0519012231472415, 1.0604058710082023, 1.1010962834034748, 1.1484706050156464, 1.2414843039249468, 1.286522046207647, 1.3072562312959182, 1.4024657757114494, 1.4690763553789117, 1.4352382086312834, 1.3078676789813133, 1.2336627867197074, 1.2117583717879756, 1.0914323600059634]",40,True,81,0.2,0.2575210589651023,,1,0.1414213562373095,7.778174593052023
20260927T095930443635Z_577f21e5,PURE,20,0.67,5,5,6,5.5,5.5,0.19,0.5,10,2,5760.0,"[0.8592549273600911, 0.6058380411445193, 0.4316697215292379, 0.32461244914431125, 0.29898418014229616, 0.3853292566116986, 0.6184818884427356, 0.9112753545916268, 1.124060711596949, 1.0918553682168552, 1.0519012231472415, 1.0604058710082023, 1.1010962834034748, 1.1484706050156464, 1.2414843039249468, 1.286522046207647, 1.3072562312959182, 1.4024657757114494, 1.4690763553789117, 1.4352382086312834, 1.3078676789813133, 1.2336627867197074, 1.2117583717879756, 1.0914323600059634]",40,True,81,0.2442732516826255,0.2575210589651023,,1,0.17272727272727273,7.778174593052023
20260927T095930443635Z_577f21e5,PURE,20,0.67,5,5,6,6.0,5.5,0.19,0.5,10,2,5760.0,"[0.8592549273600911, 0.6058380411445193, 0.4316697215292379, 0.32461244914431125, 0.29898418014229616, 0.3853292566116986, 0.6184818884427356, 0.9112753545916268, 1.124060711596949, 1.0918553682168552, 1.0519012231472415, 1.0604058710082023, 1.1010962834034748, 1.1484706050156464, 1.2414843039249468, 1.286522046207647, 1.3072562312959182, 1.4024657757114494, 1.4690763553789117, 1.4352382086312834, 1.3078676789813133, 1.2336627867197074, 1.2117583717879756, 1.0914323600059634]",40,True,81,0.1,0.2575210589651023,,1,0.07071067811865475,7.778174593052023
20260927T095930443635Z_577f21e5,PURE,20,0.67,5,5,6,6.0,5.5,0.19,0.5,10,2,5760.0,"[0.8592549273600911, 0.6058380411445193, 0.4316697215292379, 0.32461244914431125, 0.29898418014229616, 0.3853292566116986, 0.6184818884427356, 0.9112753545916268, 1.124060711596949, 1.0918553682168552, 1.0519012231472415, 1.0604058710082023, 1.1010962834034748, 1.1484706050156464, 1.2414843039249468, 1.286522046207647, 1.3072562312959182, 1.4024657757114494, 1.4690763553789117, 1.4352382086312834, 1.3078676789813133, 1.2336627867197074, 1.2117583717879756, 1.0914323600059634]",40,True,81,0.2,0.2575210589651023,,1,0.1414213562373095,7.778174593052023
20260927T095930443635Z_577f21e5,PURE,20,0.67,5,5,6,6.0,5.5,0.19,0.5,10,2,5760.0,"[0.8592549273600911, 0.6058380411445193, 0.4316697215292379, 0.32461244914431125, 0.29898418014229616, 0.3853292566116986, 0.6184818884427356, 0.9112753545916268, 1.124060711596949, 1.0918553682168552, 1.0519012231472415, 1.0604058710082023, 1.1010962834034748, 1.1484706050156464, 1.2414843039249468, 1.286522046207647, 1.3072562312959182, 1.4024657757114494, 1.4690763553789117, 1.4352382086312834, 1.3078676789813133, 1.2336627867197074, 1.2117583717879756, 1.0914323600059634]",40,True,81,0.2442732516826255,0.2575210589651023,,1,0.17272727272727273,7.778174593052023
20260927T095930443635Z_577f21e5,PURE,20,0.83,5,5,6,5.5,5.5,0.19,0.5,10,2,5760.0,"[0.8592549273600911, 0.6058380411445193, 0.4316697215292379, 0.32461244914431125, 0.29898418014229616, 0.3853292566116986, 0.6184818884427356, 0.9112753545916268, 1.124060711596949, 1.0918553682168552, 1.0519012231472415, 1.0604058710082023, 1.1010962834034748, 1.1484706050156464, 1.2414843039249468, 1.286522046207647, 1.3072562312959182, 1.4024657757114494, 1.4690763553789117, 1.4352382086312834, 1.3078676789813133, 1.2336627867197074, 1.2117583717879756, 1.0914323600059634]",40,True,81,0.1,0.3001426533523538,,1,0.07071067811865475,7.778174593052023
20260927T095930443635Z_577f21e5,PURE,20,0.83,5,5,6,5.5,5.5,0.19,0.5,10,2,5760.0,"[0.8592549273600911, 0.6058380411445193, 0.4316697215292379, 0.32461244914431125, 0.29898418014229616, 0.3853292566116986, 0.6184818884427356, 0.9112753545916268, 1.124060711596949, 1.0918553682168552, 1.0519012231472415, 1.0604058710082023, 1.1010962834034748, 1.1484706050156464, 1.2414843039249468, 1.286522046207647, 1.3072562312959182, 1.4024657757114494, 1.4690763553789117, 1.4352382086312834, 1.3078676789813133, 1.2336627867197074, 1.2117583717879756, 1.0914323600059634]",40,True,81,0.2,0.3001426533523538,,1,0.1414213562373095,7.778174593052023
20260927T095930443635Z_577f21e5,PURE,20,0.83,5,5,6,5.5,5.5,0.19,0.5,10,2,5760.0,"[0.8592549273600911, 0.6058380411445193, 0.4316697215292379, 0.32461244914431125, 0.29898418014229616, 0.3853292566116986, 0.6184818884427356, 0.9112753545916268, 1.124060711596949, 1.0918553682168552, 1.0519012231472415, 1.0604058710082023, 1.1010962834034748, 1.1484706050156464, 1.2414843039249468, 1.286522046207647, 1.3072562312959182, 1.4024657757114494, 1.4690763553789117, 1.4352382086312834, 1.3078676789813133, 1.2336627867197074, 1.2117583717879756, 1.0914323600059634]",40,True,81,0.2442732516826255,0.3001426533523538,,1,0.17272727272727273,7.778174593052023
20260927T095930443635Z_577f21e5,PURE,20,0.83,5,5,6,6.0,5.5,0.19,0.5,10,2,5760.0,"[0.8592549273600911, 0.6058380411445193, 0.4316697215292379, 0.32461244914431125, 0.29898418014229616, 0.3853292566116986, 0.6184818884427356, 0.9112753545916268, 1.124060711596949, 1.0918553682168552, 1.0519012231472415, 1.0604058710082023, 1.1010962834034748, 1.1484706050156464, 1.2414843039249468, 1.286522046207647, 1.3072562312959182, 1.4024657757114494, 1.4690763553789117, 1.4352382086312834, 1.3078676789813133, 1.2336627867197074, 1.2117583717879756, 1.0914323600059634]",40,True,81,0.1,0.3001426533523538,,1,0.07071067811865475,7.778174593052023
20260927T095930443635Z_577f21e5,PURE,20,0.83,5,5,6,6.0,5.5,0.19,0.5,10,2,5760.0,"[0.8592549273600911, 0.6058380411445193, 0.4316697215292379, 0.32461244914431125, 0.29898418014229616, 0.3853292566116986, 0.6184818884427356, 0.9112753545916268, 1.124060711596949, 1.0918553682168552, 1.0519012231472415, 1.0604058710082023, 1.1010962834034748, 1.1484706050156464, 1.2414843039249468, 1.286522046207647, 1.3072562312959182, 1.4024657757114494, 1.4690763553789117, 1.4352382086312834, 1.3078676789813133, 1.2336627867197074, 1.2117583717879756, 1.0914323600059634]",40,True,81,0.2,0.3001426533523538,,1,0.1414213562373095,7.778174593052023
20260927T095930443635Z_577f21e5,PURE,20,0.83,5,5,6,6.0,5.5,0.19,0.5,10,2,5760.0,"[0.8592549273600911, 0.6058380411445193, 0.4316697215292379, 0.32461244914431125, 0.29898418014229616, 0.3853292566116986, 0.6184818884427356, 0.9112753545916268, 1.124060711596949, 1.0918553682168552, 1.0519012231472415, 1.0604058710082023, 1.1010962834034748, 1.1484706050156464, 1.2414843039249468, 1.286522046207647, 1.3072562312959182, 1.4024657757114494, 1.4690763553789117, 1.4352382086312834, 1.3078676789813133, 1.2336627867197074, 1.2117583717879756, 1.0914323600059634]",40,True,81,0.2442732516826255,0.3001426533523538,,1,0.17272727272727273,7.778174593052023
20260927T095930443635Z_577f21e5,PURE,20,1.0,5,5,6,5.5,5.5,0.19,0.5,10,2,5760.0,"[0.8592549273600911, 0.6058380411445193, 0.4316697215292379, 0.32461244914431125, 0.29898418014229616, 0.3853292566116986, 0.6184818884427356, 0.9112753545916268, 1.124060711596949, 1.0918553682168552, 1.0519012231472415, 1.0604058710082023, 1.1010962834034748, 1.1484706050156464, 1.2414843039249468, 1.286522046207647, 1.3072562312959182, 1.4024657757114494, 1.4690763553789117, 1.4352382086312834, 1.3078676789813133, 1.2336627867197074, 1.2117583717879756, 1.0914323600059634]",40,True,81,0.1,0.30268199233716475,,1,0.07071067811865475,7.778174593052023
20260927T095930443635Z_577f21e5,PURE,20,1.0,5,5,6,5.5,5.5,0.19,0.5,10,2,5760.0,"[0.8592549273600911, 0.6058380411445193, 0.4316697215292379, 0.32461244914431125, 0.29898418014229616, 0.3853292566116986, 0.6184818884427356, 0.9112753545916268, 1.124060711596949, 1.0918553682168552, 1.0519012231472415, 1.0604058710082023, 1.1010962834034748, 1.1484706050156464, 1.2414843039249468, 1.286522046207647, 1.3072562312959182, 1.4024657757114494, 1.4690763553789117, 1.4352382086312834, 1.3078676789813133, 1.2336627867197074, 1.2117583717879756, 1.0914323600059634]",40,True,81,0.2,0.30268199233716475,,1,0.1414213562373095,7.778174593052023
20260927T095930443635Z_577f21e5,PURE,20,1.0,5,5,6,5.5,5.5,0.19,0.5,10,2,5760.0,"[0.8592549273600911, 0.6058380411445193, 0.4316697215292379, 0.32461244914431125, 0.29898418014229616, 0.3853292566116986, 0.6184818884427356, 0.9112753545916268, 1.124060711596949, 1.0918553682168552, 1.0519012231472415, 1.0604058710082023, 1.1010962834034748, 1.1484706050156464, 1.2414843039249468, 1.286522046207647, 1.3072562312959182, 1.4024657757114494, 1.4690763553789117, 1.4352382086312834, 1.3078676789813133, 1.2336627867197074, 1.2117583717879756, 1.0914323600059634]",40,True,81,0.2442732516826255,0.30268199233716475,,1,0.17272727272727273,7.778174593052023
20260927T095930443635Z_577f21e5,PURE,20,1.0,5,5,6,6.0,5.5,0.19,0.5,10,2,5760.0,"[0.8592549273600911, 0.6058380411445193, 0.4316697215292379, 0.32461244914431125, 0.29898418014229616, 0.3853292566116986, 0.6184818884427356, 0.9112753545916268, 1.124060711596949, 1.0918553682168552, 1.0519012231472415, 1.0604058710082023, 1.1010962834034748, 1.1484706050156464, 1.2414843039249468, 1.286522046207647, 1.3072562312959182, 1.4024657757114494, 1.4690763553789117, 1.4352382086312834, 1.3078676789813133, 1.2336627867197074, 1.2117583717879756, 1.0914323600059634]",40,True,81,0.1,0.30268199233716475,,1,0.07071067811865475,7.778174593052023
20260927T095930443635Z_577f21e5,PURE,20,1.0,5,5,6,6.0,5.5,0.19,0.5,10,2,5760.0,"[0.8592549273600911, 0.6058380411445193, 0.4316697215292379, 0.32461244914431125, 0.29898418014229616, 0.3853292566116986, 0.6184818884427356, 0.9112753545916268, 1.124060711596949, 1.0918553682168552, 1.0519012231472415, 1.0604058710082023, 1.1010962834034748, 1.1484706050156464, 1.2414843039249468, 1.286522046207647, 1.3072562312959182, 1.4024657757114494, 1.4690763553789117, 1.4352382086312834, 1.3078676789813133, 1.2336627867197074, 1.2117583717879756, 1.0914323600059634]",40,True,81,0.2,0.30268199233716475,,1,0.1414213562373095,7.778174593052023
20260927T095930443635Z_577f21e5,PURE,20,1.0,5,5,6,6.0,5.5,0.19,0.5,10,2,5760.0,"[0.8592549273600911, 0.6058380411445193, 0.4316697215292379, 0.32461244914431125, 0.29898418014229616, 0.3853292566116986, 0.6184818884427356, 0.9112753545916268, 1.124060711596949, 1.0918553682168552, 1.0519012231472415, 1.0604058710082023, 1.1010962834034748, 1.1484706050156464, 1.2414843039249468, 1.286522046207647, 1.3072562312959182, 1.4024657757114494, 1.4690763553789117, 1.4352382086312834, 1.3078676789813133, 1.2336627867197074, 1.2117583717879756, 1.0914323600059634]",40,True,81,0.2442732516826255,0.30268199233716475,,1,0.17272727272727273,7.778174593052023
20260927T095930443635Z_577f21e5,PURE,30,0.33,5,5,6,5.5,5.5,0.19,0.5,10,2,5760.0,"[0.8592549273600911, 0.6058380411445193, 0.4316697215292379, 0.32461244914431125, 0.29898418014229616, 0.3853292566116986, 0.6184818884427356, 0.9112753545916268, 1.124060711596949, 1.0918553682168552, 1.0519012231472415, 1.0604058710082023, 1.1010962834034748, 1.1484706050156464, 1.2414843039249468, 1.286522046207647, 1.3072562312959182, 1.4024657757114494, 1.4690763553789117, 1.4352382086312834, 1.3078676789813133, 1.2336627867197074, 1.2117583717879756, 1.0914323600059634]",40,True,81,0.1,0.1847733105218135,,1,0.07071067811865475,7.778174593052023
20260927T095930443635Z_577f21e5,PURE,30,0.33,5,5,6,5.5,5.5,0.19,0.5,10,2,5760.0,"[0.8592549273600911, 0.6058380411445193, 0.4316697215292379, 0.32461244914431125, 0.29898418014229616, 0.3853292566116986, 0.6184818884427356, 0.9112753545916268, 1.124060711596949, 1.0918553682168552, 1.0519012231472415, 1.0604058710082023, 1.1010962834034748, 1.1484706050156464, 1.2414843039249468, 1.286522046207647, 1.3072562312959182, 1.4024657757114494, 1.4690763553789117, 1.4352382086312834, 1.3078676789813133, 1.2336627867197074, 1.2117583717879756, 1.0914323600059634]",40,True,81,0.2,0.1847733105218135,,1,0.1414213562373095,7.778174593052023
20260927T095930443635Z_577f21e5,PURE,30,0.33,5,5,6,5.5,5.5,0.19,0.5,10,2,5760.0,"[0.8592549273600911, 0.6058380411445193, 0.4316697215292379, 0.32461244914431125, 0.29898418014229616, 0.3853292566116986, 0.6184818884427356, 0.9112753545916268, 1.124060711596949, 1.0918553682168552, 1.0519012231472415, 1.0604058710082023, 1.1010962834034748, 1.1484706050156464, 1.2414843039249468, 1.286522046207647, 1.3072562312959182, 1.4024657757114494, 1.4690763553789117, 1.4352382086312834, 1.3078676789813133, 1.2336627867197074, 1.2117583717879756, 1.0914323600059634]",40,True,81,0.2442732516826255,0.1847733105218135,,1,0.17272727272727273,7.778174593052023
20260927T095930443635Z_577f21e5,PURE,30,0.33,5,5,6,6.0,5.5,0.19,0.5,10,2,5760.0,"[0.8592549273600911, 0.6058380411445193, 0.4316697215292379, 0.32461244914431125, 0.29898418014229616, 0.3853292566116986, 0.6184818884427356, 0.9112753545916268, 1.124060711596949, 1.0918553682168552, 1.0519012231472415, 1.0604058710082023, 1.1010962834034748, 1.1484706050156464, 1.2414843039249468, 1.286522046207647, 1.3072562312959182, 1.4024657757114494, 1.4690763553789117, 1.4352382086312834, 1.3078676789813133, 1.2336627867197074, 1.2117583717879756, 1.0914323600059634]",40,True,81,0.1,0.1847733105218135,,1,0.07071067811865475,7.778174593052023
20260927T095930443635Z_577f21e5,PURE,30,0.33,5,5,6,6.0,5.5,0.19,0.5,10,2,5760.0,"[0.8592549273600911, 0.6058380411445193, 0.4316697215292379, 0.32461244914431125, 0.29898418014229616, 0.3853292566116986, 0.6184818884427356, 0.9112753545916268, 1.124060711596949, 1.0918553682168552, 1.0519012231472415, 1.0604058710082023, 1.1010962834034748, 1.1484706050156464, 1.2414843039249468, 1.286522046207647, 1.3072562312959182, 1.4024657757114494, 1.4690763553789117, 1.4352382086312834, 1.3078676789813133, 1.2336627867197074, 1.2117583717879756, 1.0914323600059634]",40,True,81,0.2,0.1847733105218135,,1,0.1414213562373095,7.778174593052023
20260927T095930443635Z_577f21e5,PURE,30,0.33,5,5,6,6.0,5.5,0.19,0.5,10,2,5760.0,"[0.8592549273600911, 0.6058380411445193, 0.4316697215292379, 0.32461244914431125, 0.29898418014229616, 0.3853292566116986, 0.6184818884427356, 0.9112753545916268, 1.124060711596949, 1.0918553682168552, 1.0519012231472415, 1.0604058710082023, 1.1010962834034748, 1.1484706050156464, 1.2414843039249468, 1.286522046207647, 1.3072562312959182, 1.4024657757114494, 1.4690763553789117, 1.4352382086312834, 1.3078676789813133, 1.2336627867197074, 1.2117583717879756, 1.0914323600059634]",40,True,81,0.2442732516826255,0.1847733105218135,,1,0.17272727272727273,7.778174593052023
20260927T095930443635Z_577f21e5,PURE,30,0.5,5,5,6,5.5,5.5,0.19,0.5,10,2,5760.0,"[0.8592549273600911, 0.6058380411445193, 0.4316697215292379, 0.32461244914431125, 0.29898418014229616, 0.3853292566116986, 0.6184818884427356, 0.9112753545916268, 1.124060711596949, 1.0918553682168552, 1.0519012231472415, 1.0604058710082023, 1.1010962834034748, 1.1484706050156464, 1.2414843039249468, 1.286522046207647, 1.3072562312959182, 1.4024657757114494, 1.4690763553789117, 1.4352382086312834, 1.3078676789813133, 1.2336627867197074, 1.2117583717879756, 1.0914323600059634]",40,True,81,0.1,0.22877442273534637,,1,0.07071067811865475,7.778174593052023
20260927T095930443635Z_577f21e5,PURE,30,0.5,5,5,6,5.5,5.5,0.19,0.5,10,2,5760.0,"[0.8592549273600911, 0.6058380411445193, 0.4316697215292379, 0.32461244914431125, 0.29898418014229616, 0.3853292566116986, 0.6184818884427356, 0.9112753545916268, 1.124060711596949, 1.0918553682168552, 1.0519012231472415, 1.0604058710082023, 1.1010962834034748, 1.1484706050156464, 1.2414843039249468, 1.286522046207647, 1.3072562312959182, 1.4024657757114494, 1.4690763553789117, 1.4352382086312834, 1.3078676789813133, 1.2336627867197074, 1.2117583717879756, 1.0914323600059634]",40,True,81,0.2,0.22877442273534637,,1,0.1414213562373095,7.778174593052023
20260927T095930443635Z_577f21e5,PURE,30,0.5,5,5,6,5.5,5.5,0.19,0.5,10,2,5760.0,"[0.8592549273600911, 0.6058380411445193, 0.4316697215292379, 0.32461244914431125, 0.29898418014229616, 0.3853292566116986, 0.6184818884427356, 0.9112753545916268, 1.124060711596949, 1.0918553682168552, 1.0519012231472415, 1.0604058710082023, 1.1010962834034748, 1.1484706050156464, 1.2414843039249468, 1.286522046207647, 1.3072562312959182, 1.4024657757114494, 1.4690763553789117, 1.4352382086312834, 1.3078676789813133, 1.2336627867197074, 1.2117583717879756, 1.0914323600059634]",40,True,81,0.2442732516826255,0.22877442273534637,,1,0.17272727272727273,7.778174593052023
20260927T095930443635Z_577f21e5,PURE,30,0.5,5,5,6,6.0,5.5,0.19,0.5,10,2,5760.0,"[0.8592549273600911, 0.6058380411445193, 0.4316697215292379, 0.32461244914431125, 0.29898418014229616, 0.3853292566116986, 0.6184818884427356, 0.9112753545916268, 1.124060711596949, 1.0918553682168552, 1.0519012231472415, 1.0604058710082023, 1.1010962834034748, 1.1484706050156464, 1.2414843039249468, 1.286522046207647, 1.3072562312959182, 1.4024657757114494, 1.4690763553789117, 1.4352382086312834, 1.3078676789813133, 1.2336627867197074, 1.2117583717879756, 1.0914323600059634]",40,True,81,0.1,0.22877442273534637,,1,0.07071067811865475,7.778174593052023
20260927T095930443635Z_577f21e5,PURE,30,0.5,5,5,6,6.0,5.5,0.19,0.5,10,2,5760.0,"[0.8592549273600911, 0.6058380411445193, 0.4316697215292379, 0.32461244914431125, 0.29898418014229616, 0.3853292566116986, 0.6184818884427356, 0.9112753545916268, 1.124060711596949, 1.0918553682168552, 1.0519012231472415, 1.0604058710082023, 1.1010962834034748, 1.1484706050156464, 1.2414843039249468, 1.286522046207647, 1.3072562312959182, 1.4024657757114494, 1.4690763553789117, 1.4352382086312834, 1.3078676789813133, 1.2336627867197074, 1.2117583717879756, 1.0914323600059634]",40,True,81,0.2,0.22877442273534637,,1,0.1414213562373095,7.778174593052023
20260927T095930443635Z_577f21e5,PURE,30,0.5,5,5,6,6.0,5.5,0.19,0.5,10,2,5760.0,"[0.8592549273600911, 0.6058380411445193, 0.4316697215292379, 0.32461244914431125, 0.29898418014229616, 0.3853292566116986, 0.6184818884427356, 0.9112753545916268, 1.124060711596949, 1.0918553682168552, 1.0519012231472415, 1.0604058710082023, 1.1010962834034748, 1.1484706050156464, 1.2414843039249468, 1.286522046207647, 1.3072562312959182, 1.4024657757114494, 1.4690763553789117, 1.4352382086312834, 1.3078676789813133, 1.2336627867197074, 1.2117583717879756, 1.0914323600059634]",40,True,81,0.2442732516826255,0.22877442273534637,,1,0.17272727272727273,7.778174593052023
20260927T095930443635Z_577f21e5,PURE,30,0.67,5,5,6,5.5,5.5,0.19,0.5,10,2,5760.0,"[0.8592549273600911, 0.6058380411445193, 0.4316697215292379, 0.32461244914431125, 0.29898418014229616, 0.3853292566116986, 0.6184818884427356, 0.9112753545916268, 1.124060711596949, 1.0918553682168552, 1.0519012231472415, 1.0604058710082023, 1.1010962834034748, 1.1484706050156464, 1.2414843039249468, 1.286522046207647, 1.3072562312959182, 1.4024657757114494, 1.4690763553789117, 1.4352382086312834, 1.3078676789813133, 1.2336627867197074, 1.2117583717879756, 1.0914323600059634]",40,True,81,0.1,0.2575210589651023,,1,0.07071067811865475,7.778174593052023
20260927T095930443635Z_577f21e5,PURE,30,0.67,5,5,6,5.5,5.5,0.19,0.5,10,2,5760.0,"[0.8592549273600911, 0.6058380411445193, 0.4316697215292379, 0.32461244914431125, 0.29898418014229616, 0.3853292566116986, 0.6184818884427356, 0.9112753545916268, 1.124060711596949, 1.0918553682168552, 1.0519012231472415, 1.0604058710082023, 1.1010962834034748, 1.1484706050156464, 1.2414843039249468, 1.286522046207647, 1.3072562312959182, 1.4024657757114494, 1.4690763553789117, 1.4352382086312834, 1.3078676789813133, 1.2336627867197074, 1.2117583717879756, 1.0914323600059634]",40,True,81,0.2,0.2575210589651023,,1,0.1414213562373095,7.778174593052023
20260927T095930443635Z_577f21e5,PURE,30,0.67,5,5,6,5.5,5.5,0.19,0.5,10,2,5760.0,"[0.8592549273600911, 0.6058380411445193, 0.4316697215292379, 0.32461244914431125, 0.29898418014229616, 0.3853292566116986, 0.6184818884427356, 0.9112753545916268, 1.124060711596949, 1.0918553682168552, 1.0519012231472415, 1.0604058710082023, 1.1010962834034748, 1.1484706050156464, 1.2414843039249468, 1.286522046207647, 1.3072562312959182, 1.4024657757114494, 1.4690763553789117, 1.4352382086312834, 1.3078676789813133, 1.2336627867197074, 1.2117583717879756, 1.0914323600059634]",40,True,81,0.2442732516826255,0.2575210589651023,,1,0.17272727272727273,7.778174593052023
20260927T095930443635Z_577f21e5,PURE,30,0.67,5,5,6,6.0,5.5,0.19,0.5,10,2,5760.0,"[0.8592549273600911, 0.6058380411445193, 0.4316697215292379, 0.32461244914431125, 0.29898418014229616, 0.3853292566116986, 0.6184818884427356, 0.9112753545916268, 1.124060711596949, 1.0918553682168552, 1.0519012231472415, 1.0604058710082023, 1.1010962834034748, 1.1484706050156464, 1.2414843039249468, 1.286522046207647, 1.3072562312959182, 1.4024657757114494, 1.4690763553789117, 1.4352382086312834, 1.3078676789813133, 1.2336627867197074, 1.2117583717879756, 1.0914323600059634]",40,True,81,0.1,0.2575210589651023,,1,0.07071067811865475,7.778174593052023
20260927T095930443635Z_577f21e5,PURE,30,0.67,5,5,6,6.0,5.5,0.19,0.5,10,2,5760.0,"[0.8592549273600911, 0.6058380411445193, 0.4316697215292379, 0.32461244914431125, 0.29898418014229616, 0.3853292566116986, 0.6184818884427356, 0.9112753545916268, 1.124060711596949, 1.0918553682168552, 1.0519012231472415, 1.0604058710082023, 1.1010962834034748, 1.1484706050156464, 1.2414843039249468, 1.286522046207647, 1.3072562312959182, 1.4024657757114494, 1.4690763553789117, 1.4352382086312834, 1.3078676789813133, 1.2336627867197074, 1.2117583717879756, 1.0914323600059634]",40,True,81,0.2,0.2575210589651023,,1,0.1414213562373095,7.778174593052023
20260927T095930443635Z_577f21e5,PURE,30,0.67,5,5,6,6.0,5.5,0.19,0.5,10,2,5760.0,"[0.8592549273600911, 0.6058380411445193, 0.4316697215292379, 0.32461244914431125, 0.29898418014229616, 0.3853292566116986, 0.6184818884427356, 0.9112753545916268, 1.124060711596949, 1.0918553682168552, 1.0519012231472415, 1.0604058710082023, 1.1010962834034748, 1.1484706050156464, 1.2414843039249468, 1.286522046207647, 1.3072562312959182, 1.4024657757114494, 1.4690763553789117, 1.4352382086312834, 1.3078676789813133, 1.2336627867197074, 1.2117583717879756, 1.0914323600059634]",40,True,81,0.2442732516826255,0.2575210589651023,,1,0.17272727272727273,7.778174593052023
20260927T095930443635Z_577f21e5,PURE,30,0.83,5,5,6,5.5,5.5,0.19,0.5,10,2,5760.0,"[0.8592549273600911, 0.6058380411445193, 0.4316697215292379, 0.32461244914431125, 0.29898418014229616, 0.3853292566116986, 0.6184818884427356, 0.9112753545916268, 1.124060711596949, 1.0918553682168552, 1.0519012231472415, 1.0604058710082023, 1.1010962834034748, 1.1484706050156464, 1.2414843039249468, 1.286522046207647, 1.3072562312959182, 1.4024657757114494, 1.4690763553789117, 1.4352382086312834, 1.3078676789813133, 1.2336627867197074, 1.2117583717879756, 1.0914323600059634]",40,True,81,0.1,0.3001426533523538,,1,0.07071067811865475,7.778174593052023
20260927T095930443635Z_577f21e5,PURE,30,0.83,5,5,6,5.5,5.5,0.19,0.5,10,2,5760.0,"[0.8592549273600911, 0.6058380411445193, 0.4316697215292379, 0.32461244914431125, 0.29898418014229616, 0.3853292566116986, 0.6184818884427356, 0.9112753545916268, 1.124060711596949, 1.0918553682168552, 1.0519012231472415, 1.0604058710082023, 1.1010962834034748, 1.1484706050156464, 1.2414843039249468, 1.286522046207647, 1.3072562312959182, 1.4024657757114494, 1.4690763553789117, 1.4352382086312834, 1.3078676789813133, 1.2336627867197074, 1.2117583717879756, 1.0914323600059634]",40,True,81,0.2,0.3001426533523538,,1,0.1414213562373095,7.778174593052023
20260927T095930443635Z_577f21e5,PURE,30,0.83,5,5,6,5.5,5.5,0.19,0.5,10,2,5760.0,"[0.8592549273600911, 0.6058380411445193, 0.4316697215292379, 0.32461244914431125, 0.29898418014229616, 0.3853292566116986, 0.6184818884427356, 0.9112753545916268, 1.124060711596949, 1.0918553682168552, 1.0519012231472415, 1.0604058710082023, 1.1010962834034748, 1.1484706050156464, 1.2414843039249468, 1.286522046207647, 1.3072562312959182, 1.4024657757114494, 1.4690763553789117, 1.4352382086312834, 1.3078676789813133, 1.2336627867197074, 1.2117583717879756, 1.0914323600059634]",40,True,81,0.2442732516826255,0.3001426533523538,,1,0.17272727272727273,7.778174593052023
20260927T095930443635Z_577f21e5,PURE,30,0.83,5,5,6,6.0,5.5,0.19,0.5,10,2,5760.0,"[0.8592549273600911, 0.6058380411445193, 0.4316697215292379, 0.32461244914431125, 0.29898418014229616, 0.3853292566116986, 0.6184818884427356, 0.9112753545916268, 1.124060711596949, 1.0918553682168552, 1.0519012231472415, 1.0604058710082023, 1.1010962834034748, 1.1484706050156464, 1.2414843039249468, 1.286522046207647, 1.3072562312959182, 1.4024657757114494, 1.4690763553789117, 1.4352382086312834, 1.3078676789813133, 1.2336627867197074, 1.2117583717879756, 1.0914323600059634]",40,True,81,0.1,0.3001426533523538,,1,0.07071067811865475,7.778174593052023
20260927T095930443635Z_577f21e5,PURE,30,0.83,5,5,6,6.0,5.5,0.19,0.5,10,2,5760.0,"[0.8592549273600911, 0.6058380411445193, 0.4316697215292379, 0.32461244914431125, 0.29898418014229616, 0.3853292566116986, 0.6184818884427356, 0.9112753545916268, 1.124060711596949, 1.0918553682168552, 1.0519012231472415, 1.0604058710082023, 1.1010962834034748, 1.1484706050156464, 1.2414843039249468, 1.286522046207647, 1.3072562312959182, 1.4024657757114494, 1.4690763553789117, 1.4352382086312834, 1.3078676789813133, 1.2336627867197074, 1.2117583717879756, 1.0914323600059634]",40,True,81,0.2,0.3001426533523538,,1,0.1414213562373095,7.778174593052023
20260927T095930443635Z_577f21e5,PURE,30,0.83,5,5,6,6.0,5.5,0.19,0.5,10,2,5760.0,"[0.8592549273600911, 0.6058380411445193, 0.4316697215292379, 0.32461244914431125, 0.29898418014229616, 0.3853292566116986, 0.6184818884427356, 0.9112753545916268, 1.124060711596949, 1.0918553682168552, 1.0519012231472415, 1.0604058710082023, 1.1010962834034748, 1.1484706050156464, 1.2414843039249468, 1.286522046207647, 1.3072562312959182, 1.4024657757114494, 1.4690763553789117, 1.4352382086312834, 1.3078676789813133, 1.2336627867197074, 1.2117583717879756, 1.0914323600059634]",40,True,81,0.2442732516826255,0.3001426533523538,,1,0.17272727272727273,7.778174593052023
20260927T095930443635Z_577f21e5,PURE,30,1.0,5,5,6,5.5,5.5,0.19,0.5,10,2,5760.0,"[0.8592549273600911, 0.6058380411445193, 0.4316697215292379, 0.32461244914431125, 0.29898418014229616, 0.3853292566116986, 0.6184818884427356, 0.9112753545916268, 1.124060711596949, 1.0918553682168552, 1.0519012231472415, 1.0604058710082023, 1.1010962834034748, 1.1484706050156464, 1.2414843039249468, 1.286522046207647, 1.3072562312959182, 1.4024657757114494, 1.4690763553789117, 1.4352382086312834, 1.3078676789813133, 1.2336627867197074, 1.2117583717879756, 1.0914323600059634]",40,True,81,0.1,0.30268199233716475,,1,0.07071067811865475,7.778174593052023
20260927T095930443635Z_577f21e5,PURE,30,1.0,5,5,6,5.5,5.5,0.19,0.5,10,2,5760.0,"[0.8592549273600911, 0.6058380411445193, 0.4316697215292379, 0.32461244914431125, 0.29898418014229616, 0.3853292566116986, 0.6184818884427356, 0.9112753545916268, 1.124060711596949, 1.0918553682168552, 1.0519012231472415, 1.0604058710082023, 1.1010962834034748, 1.1484706050156464, 1.2414843039249468, 1.286522046207647, 1.3072562312959182, 1.4024657757114494, 1.4690763553789117, 1.4352382086312834, 1.3078676789813133, 1.2336627867197074, 1.2117583717879756, 1.0914323600059634]",40,True,81,0.2,0.30268199233716475,,1,0.1414213562373095,7.778174593052023
20260927T095930443635Z_577f21e5,PURE,30,1.0,5,5,6,5.5,5.5,0.19,0.5,10,2,5760.0,"[0.8592549273600911, 0.6058380411445193, 0.4316697215292379, 0.32461244914431125, 0.29898418014229616, 0.3853292566116986, 0.6184818884427356, 0.9112753545916268, 1.124060711596949, 1.0918553682168552, 1.0519012231472415, 1.0604058710082023, 1.1010962834034748, 1.1484706050156464, 1.2414843039249468, 1.286522046207647, 1.3072562312959182, 1.4024657757114494, 1.4690763553789117, 1.4352382086312834, 1.3078676789813133, 1.2336627867197074, 1.2117583717879756, 1.0914323600059634]",40,True,81,0.2442732516826255,0.30268199233716475,,1,0.17272727272727273,7.778174593052023
20260927T095930443635Z_577f21e5,PURE,30,1.0,5,5,6,6.0,5.5,0.19,0.5,10,2,5760.0,"[0.8592549273600911, 0.6058380411445193, 0.4316697215292379, 0.32461244914431125, 0.29898418014229616, 0.3853292566116986, 0.6184818884427356, 0.9112753545916268, 1.124060711596949, 1.0918553682168552, 1.0519012231472415, 1.0604058710082023, 1.1010962834034748, 1.1484706050156464, 1.2414843039249468, 1.286522046207647, 1.3072562312959182, 1.4024657757114494, 1.4690763553789117, 1.4352382086312834, 1.3078676789813133, 1.2336627867197074, 1.2117583717879756, 1.0914323600059634]",40,True,81,0.1,0.30268199233716475,,1,0.07071067811865475,7.778174593052023
20260927T095930443635Z_577f21e5,PURE,30,1.0,5,5,6,6.0,5.5,0.19,0.5,10,2,5760.0,"[0.8592549273600911, 0.6058380411445193, 0.4316697215292379, 0.32461244914431125, 0.29898418014229616, 0.3853292566116986, 0.6184818884427356, 0.9112753545916268, 1.124060711596949, 1.0918553682168552, 1.0519012231472415, 1.0604058710082023, 1.1010962834034748, 1.1484706050156464, 1.2414843039249468, 1.286522046207647, 1.3072562312959182, 1.4024657757114494, 1.4690763553789117, 1.4352382086312834, 1.3078676789813133, 1.2336627867197074, 1.2117583717879756, 1.0914323600059634]",40,True,81,0.2,0.30268199233716475,,1,0.1414213562373095,7.778174593052023
20260927T095930443635Z_577f21e5,PURE,30,1.0,5,5,6,6.0,5.5,0.19,0.5,10,2,5760.0,"[0.8592549273600911, 0.6058380411445193, 0.4316697215292379, 0.32461244914431125, 0.29898418014229616, 0.3853292566116986, 0.6184818884427356, 0.9112753545916268, 1.124060711596949, 1.0918553682168552, 1.0519012231472415, 1.0604058710082023, 1.1010962834034748, 1.1484706050156464, 1.2414843039249468, 1.286522046207647, 1.3072562312959182, 1.4024657757114494, 1.4690763553789117, 1.4352382086312834, 1.3078676789813133, 1.2336627867197074, 1.2117583717879756, 1.0914323600059634]",40,True,81,0.2442732516826255,0.30268199233716475,,1,0.17272727272727273,7.778174593052023
20260927T095930443635Z_577f21e5,PURE,40,0.33,5,5,6,5.5,5.5,0.19,0.5,10,2,5760.0,"[0.8592549273600911, 0.6058380411445193, 0.4316697215292379, 0.32461244914431125, 0.29898418014229616, 0.3853292566116986, 0.6184818884427356, 0.9112753545916268, 1.124060711596949, 1.0918553682168552, 1.0519012231472415, 1.0604058710082023, 1.1010962834034748, 1.1484706050156464, 1.2414843039249468, 1.286522046207647, 1.3072562312959182, 1.4024657757114494, 1.4690763553789117, 1.4352382086312834, 1.3078676789813133, 1.2336627867197074, 1.2117583717879756, 1.0914323600059634]",40,True,81,0.1,0.1847733105218135,,1,0.07071067811865475,7.778174593052023
20260927T095930443635Z_577f21e5,PURE,40,0.33,5,5,6,5.5,5.5,0.19,0.5,10,2,5760.0,"[0.8592549273600911, 0.6058380411445193, 0.4316697215292379, 0.32461244914431125, 0.29898418014229616, 0.3853292566116986, 0.6184818884427356, 0.9112753545916268, 1.124060711596949, 1.0918553682168552, 1.0519012231472415, 1.0604058710082023, 1.1010962834034748, 1.1484706050156464, 1.2414843039249468, 1.286522046207647, 1.3072562312959182, 1.4024657757114494, 1.4690763553789117, 1.4352382086312834, 1.3078676789813133, 1.2336627867197074, 1.2117583717879756, 1.0914323600059634]",40,True,81,0.2,0.1847733105218135,,1,0.1414213562373095,7.778174593052023
20260927T095930443635Z_577f21e5,PURE,40,0.33,5,5,6,5.5,5.5,0.19,0.5,10,2,5760.0,"[0.8592549273600911, 0.6058380411445193, 0.4316697215292379, 0.32461244914431125, 0.29898418014229616, 0.3853292566116986, 0.6184818884427356, 0.9112753545916268, 1.124060711596949, 1.0918553682168552, 1.0519012231472415, 1.0604058710082023, 1.1010962834034748, 1.1484706050156464, 1.2414843039249468, 1.286522046207647, 1.3072562312959182, 1.4024657757114494, 1.4690763553789117, 1.4352382086312834, 1.3078676789813133, 1.2336627867197074, 1.2117583717879756, 1.0914323600059634]",40,True,81,0.2442732516826255,0.1847733105218135,,1,0.17272727272727273,7.778174593052023
20260927T095930443635Z_577f21e5,PURE,40,0.33,5,5,6,6.0,5.5,0.19,0.5,10,2,5760.0,"[0.8592549273600911, 0.6058380411445193, 0.4316697215292379, 0.32461244914431125, 0.29898418014229616, 0.3853292566116986, 0.6184818884427356, 0.9112753545916268, 1.124060711596949, 1.0918553682168552, 1.0519012231472415, 1.0604058710082023, 1.1010962834034748, 1.1484706050156464, 1.2414843039249468, 1.286522046207647, 1.3072562312959182, 1.4024657757114494, 1.4690763553789117, 1.4352382086312834, 1.3078676789813133, 1.2336627867197074, 1.2117583717879756, 1.0914323600059634]",40,True,81,0.1,0.1847733105218135,,1,0.07071067811865475,7.778174593052023
20260927T095930443635Z_577f21e5,PURE,40,0.33,5,5,6,6.0,5.5,0.19,0.5,10,2,5760.0,"[0.8592549273600911, 0.6058380411445193, 0.4316697215292379, 0.32461244914431125, 0.29898418014229616, 0.3853292566116986, 0.6184818884427356, 0.9112753545916268, 1.124060711596949, 1.0918553682168552, 1.0519012231472415, 1.0604058710082023, 1.1010962834034748, 1.1484706050156464, 1.2414843039249468, 1.286522046207647, 1.3072562312959182, 1.4024657757114494, 1.4690763553789117, 1.4352382086312834, 1.3078676789813133, 1.2336627867197074, 1.2117583717879756, 1.0914323600059634]",40,True,81,0.2,0.1847733105218135,,1,0.1414213562373095,7.778174593052023
20260927T095930443635Z_577f21e5,PURE,40,0.33,5,5,6,6.0,5.5,0.19,0.5,10,2,5760.0,"[0.8592549273600911, 0.6058380411445193, 0.4316697215292379, 0.32461244914431125, 0.29898418014229616, 0.3853292566116986, 0.6184818884427356, 0.9112753545916268, 1.124060711596949, 1.0918553682168552, 1.0519012231472415, 1.0604058710082023, 1.1010962834034748, 1.1484706050156464, 1.2414843039249468, 1.286522046207647, 1.3072562312959182, 1.4024657757114494, 1.4690763553789117, 1.4352382086312834, 1.3078676789813133, 1.2336627867197074, 1.2117583717879756, 1.0914323600059634]",40,True,81,0.2442732516826255,0.1847733105218135,,1,0.17272727272727273,7.778174593052023
20260927T095930443635Z_577f21e5,PURE,40,0.5,5,5,6,5.5,5.5,0.19,0.5,10,2,5760.0,"[0.8592549273600911, 0.6058380411445193, 0.4316697215292379, 0.32461244914431125, 0.29898418014229616, 0.3853292566116986, 0.6184818884427356, 0.9112753545916268, 1.124060711596949, 1.0918553682168552, 1.0519012231472415, 1.0604058710082023, 1.1010962834034748, 1.1484706050156464, 1.2414843039249468, 1.286522046207647, 1.3072562312959182, 1.4024657757114494, 1.4690763553789117, 1.4352382086312834, 1.3078676789813133, 1.2336627867197074, 1.2117583717879756, 1.0914323600059634]",40,True,81,0.1,0.22877442273534637,,1,0.07071067811865475,7.778174593052023
20260927T095930443635Z_577f21e5,PURE,40,0.5,5,5,6,5.5,5.5,0.19,0.5,10,2,5760.0,"[0.8592549273600911, 0.6058380411445193, 0.4316697215292379, 0.32461244914431125, 0.29898418014229616, 0.3853292566116986, 0.6184818884427356, 0.9112753545916268, 1.124060711596949, 1.0918553682168552, 1.0519012231472415, 1.0604058710082023, 1.1010962834034748, 1.1484706050156464, 1.2414843039249468, 1.286522046207647, 1.3072562312959182, 1.4024657757114494, 1.4690763553789117, 1.4352382086312834, 1.3078676789813133, 1.2336627867197074, 1.2117583717879756, 1.0914323600059634]",40,True,81,0.2,0.22877442273534637,,1,0.1414213562373095,7.778174593052023
20260927T095930443635Z_577f21e5,PURE,40,0.5,5,5,6,5.5,5.5,0.19,0.5,10,2,5760.0,"[0.8592549273600911, 0.6058380411445193, 0.4316697215292379, 0.32461244914431125, 0.29898418014229616, 0.3853292566116986, 0.6184818884427356, 0.9112753545916268, 1.124060711596949, 1.0918553682168552, 1.0519012231472415, 1.0604058710082023, 1.1010962834034748, 1.1484706050156464, 1.2414843039249468, 1.286522046207647, 1.3072562312959182, 1.4024657757114494, 1.4690763553789117, 1.4352382086312834, 1.3078676789813133, 1.2336627867197074, 1.2117583717879756, 1.0914323600059634]",40,True,81,0.2442732516826255,0.22877442273534637,,1,0.17272727272727273,7.778174593052023
20260927T095930443635Z_577f21e5,PURE,40,0.5,5,5,6,6.0,5.5,0.19,0.5,10,2,5760.0,"[0.8592549273600911, 0.6058380411445193, 0.4316697215292379, 0.32461244914431125, 0.29898418014229616, 0.3853292566116986, 0.6184818884427356, 0.9112753545916268, 1.124060711596949, 1.0918553682168552, 1.0519012231472415, 1.0604058710082023, 1.1010962834034748, 1.1484706050156464, 1.2414843039249468, 1.286522046207647, 1.3072562312959182, 1.4024657757114494, 1.4690763553789117, 1.4352382086312834, 1.3078676789813133, 1.2336627867197074, 1.2117583717879756, 1.0914323600059634]",40,True,81,0.1,0.22877442273534637,,1,0.07071067811865475,7.778174593052023
20260927T095930443635Z_577f21e5,PURE,40,0.5,5,5,6,6.0,5.5,0.19,0.5,10,2,5760.0,"[0.8592549273600911, 0.6058380411445193, 0.4316697215292379, 0.32461244914431125, 0.29898418014229616, 0.3853292566116986, 0.6184818884427356, 0.9112753545916268, 1.124060711596949, 1.0918553682168552, 1.0519012231472415, 1.0604058710082023, 1.1010962834034748, 1.1484706050156464, 1.2414843039249468, 1.286522046207647, 1.3072562312959182, 1.4024657757114494, 1.4690763553789117, 1.4352382086312834, 1.3078676789813133, 1.2336627867197074, 1.2117583717879756, 1.0914323600059634]",40,True,81,0.2,0.22877442273534637,,1,0.1414213562373095,7.778174593052023
20260927T095930443635Z_577f21e5,PURE,40,0.5,5,5,6,6.0,5.5,0.19,0.5,10,2,5760.0,"[0.8592549273600911, 0.6058380411445193, 0.4316697215292379, 0.32461244914431125, 0.29898418014229616, 0.3853292566116986, 0.6184818884427356, 0.9112753545916268, 1.124060711596949, 1.0918553682168552, 1.0519012231472415, 1.0604058710082023, 1.1010962834034748, 1.1484706050156464, 1.2414843039249468, 1.286522046207647, 1.3072562312959182, 1.4024657757114494, 1.4690763553789117, 1.4352382086312834, 1.3078676789813133, 1.2336627867197074, 1.2117583717879756, 1.0914323600059634]",40,True,81,0.2442732516826255,0.22877442273534637,,1,0.17272727272727273,7.778174593052023
20260927T095930443635Z_577f21e5,PURE,40,0.67,5,5,6,5.5,5.5,0.19,0.5,10,2,5760.0,"[0.8592549273600911, 0.6058380411445193, 0.4316697215292379, 0.32461244914431125, 0.29898418014229616, 0.3853292566116986, 0.6184818884427356, 0.9112753545916268, 1.124060711596949, 1.0918553682168552, 1.0519012231472415, 1.0604058710082023, 1.1010962834034748, 1.1484706050156464, 1.2414843039249468, 1.286522046207647, 1.3072562312959182, 1.4024657757114494, 1.4690763553789117, 1.4352382086312834, 1.3078676789813133, 1.2336627867197074, 1.2117583717879756, 1.0914323600059634]",40,True,81,0.1,0.2575210589651023,,1,0.07071067811865475,7.778174593052023
20260927T095930443635Z_577f21e5,PURE,40,0.67,5,5,6,5.5,5.5,0.19,0.5,10,2,5760.0,"[0.8592549273600911, 0.6058380411445193, 0.4316697215292379, 0.32461244914431125, 0.29898418014229616, 0.3853292566116986, 0.6184818884427356, 0.9112753545916268, 1.124060711596949, 1.0918553682168552, 1.0519012231472415, 1.0604058710082023, 1.1010962834034748, 1.1484706050156464, 1.2414843039249468, 1.286522046207647, 1.3072562312959182, 1.4024657757114494, 1.4690763553789117, 1.4352382086312834, 1.3078676789813133, 1.2336627867197074, 1.2117583717879756, 1.0914323600059634]",40,True,81,0.2,0.2575210589651023,,1,0.1414213562373095,7.778174593052023
20260927T095930443635Z_577f21e5,PURE,40,0.67,5,5,6,5.5,5.5,0.19,0.5,10,2,5760.0,"[0.8592549273600911, 0.6058380411445193, 0.4316697215292379, 0.32461244914431125, 0.29898418014229616, 0.3853292566116986, 0.6184818884427356, 0.9112753545916268, 1.124060711596949, 1.0918553682168552, 1.0519012231472415, 1.0604058710082023, 1.1010962834034748, 1.1484706050156464, 1.2414843039249468, 1.286522046207647, 1.3072562312959182, 1.4024657757114494, 1.4690763553789117, 1.4352382086312834, 1.3078676789813133, 1.2336627867197074, 1.2117583717879756, 1.0914323600059634]",40,True,81,0.2442732516826255,0.2575210589651023,,1,0.17272727272727273,7.778174593052023
20260927T095930443635Z_577f21e5,PURE,40,0.67,5,5,6,6.0,5.5,0.19,0.5,10,2,5760.0,"[0.8592549273600911, 0.6058380411445193, 0.4316697215292379, 0.32461244914431125, 0.29898418014229616, 0.3853292566116986, 0.6184818884427356, 0.9112753545916268, 1.124060711596949, 1.0918553682168552, 1.0519012231472415, 1.0604058710082023, 1.1010962834034748, 1.1484706050156464, 1.2414843039249468, 1.286522046207647, 1.3072562312959182, 1.4024657757114494, 1.4690763553789117, 1.4352382086312834, 1.3078676789813133, 1.2336627867197074, 1.2117583717879756, 1.0914323600059634]",40,True,81,0.1,0.2575210589651023,,1,0.07071067811865475,7.778174593052023
20260927T095930443635Z_577f21e5,PURE,40,0.67,5,5,6,6.0,5.5,0.19,0.5,10,2,5760.0,"[0.8592549273600911, 0.6058380411445193, 0.4316697215292379, 0.32461244914431125, 0.29898418014229616, 0.3853292566116986, 0.6184818884427356, 0.9112753545916268, 1.124060711596949, 1.0918553682168552, 1.0519012231472415, 1.0604058710082023, 1.1010962834034748, 1.1484706050156464, 1.2414843039249468, 1.286522046207647, 1.3072562312959182, 1.4024657757114494, 1.4690763553789117, 1.4352382086312834, 1.3078676789813133, 1.2336627867197074, 1.2117583717879756, 1.0914323600059634]",40,True,81,0.2,0.2575210589651023,,1,0.1414213562373095,7.778174593052023
20260927T095930443635Z_577f21e5,PURE,40,0.67,5,5,6,6.0,5.5,0.19,0.5,10,2,5760.0,"[0.8592549273600911, 0.6058380411445193, 0.4316697215292379, 0.32461244914431125, 0.29898418014229616, 0.3853292566116986, 0.6184818884427356, 0.9112753545916268, 1.124060711596949, 1.0918553682168552, 1.0519012231472415, 1.0604058710082023, 1.1010962834034748, 1.1484706050156464, 1.2414843039249468, 1.286522046207647, 1.3072562312959182, 1.4024657757114494, 1.4690763553789117, 1.4352382086312834, 1.3078676789813133, 1.2336627867197074, 1.2117583717879756, 1.0914323600059634]",40,True,81,0.2442732516826255,0.2575210589651023,,1,0.17272727272727273,7.778174593052023
20260927T095930443635Z_577f21e5,PURE,40,0.83,5,5,6,5.5,5.5,0.19,0.5,10,2,5760.0,"[0.8592549273600911, 0.6058380411445193, 0.4316697215292379, 0.32461244914431125, 0.29898418014229616, 0.3853292566116986, 0.6184818884427356, 0.9112753545916268, 1.124060711596949, 1.0918553682168552, 1.0519012231472415, 1.0604058710082023, 1.1010962834034748, 1.1484706050156464, 1.2414843039249468, 1.286522046207647, 1.3072562312959182, 1.4024657757114494, 1.4690763553789117, 1.4352382086312834, 1.3078676789813133, 1.2336627867197074, 1.2117583717879756, 1.0914323600059634]",40,True,81,0.1,0.3001426533523538,,1,0.07071067811865475,7.778174593052023
20260927T095930443635Z_577f21e5,PURE,40,0.83,5,5,6,5.5,5.5,0.19,0.5,10,2,5760.0,"[0.8592549273600911, 0.6058380411445193, 0.4316697215292379, 0.32461244914431125, 0.29898418014229616, 0.3853292566116986, 0.6184818884427356, 0.9112753545916268, 1.124060711596949, 1.0918553682168552, 1.0519012231472415, 1.0604058710082023, 1.1010962834034748, 1.1484706050156464, 1.2414843039249468, 1.286522046207647, 1.3072562312959182, 1.4024657757114494, 1.4690763553789117, 1.4352382086312834, 1.3078676789813133, 1.2336627867197074, 1.2117583717879756, 1.0914323600059634]",40,True,81,0.2,0.3001426533523538,,1,0.1414213562373095,7.778174593052023
20260927T095930443635Z_577f21e5,PURE,40,0.83,5,5,6,5.5,5.5,0.19,0.5,10,2,5760.0,"[0.8592549273600911, 0.6058380411445193, 0.4316697215292379, 0.32461244914431125, 0.29898418014229616, 0.3853292566116986, 0.6184818884427356, 0.9112753545916268, 1.124060711596949, 1.0918553682168552, 1.0519012231472415, 1.0604058710082023, 1.1010962834034748, 1.1484706050156464, 1.2414843039249468, 1.286522046207647, 1.3072562312959182, 1.4024657757114494, 1.4690763553789117, 1.4352382086312834, 1.3078676789813133, 1.2336627867197074, 1.2117583717879756, 1.0914323600059634]",40,True,81,0.2442732516826255,0.3001426533523538,,1,0.17272727272727273,7.778174593052023
20260927T095930443635Z_577f21e5,PURE,40,0.83,5,5,6,6.0,5.5,0.19,0.5,10,2,5760.0,"[0.8592549273600911, 0.6058380411445193, 0.4316697215292379, 0.32461244914431125, 0.29898418014229616, 0.3853292566116986, 0.6184818884427356, 0.9112753545916268, 1.124060711596949, 1.0918553682168552, 1.0519012231472415, 1.0604058710082023, 1.1010962834034748, 1.1484706050156464, 1.2414843039249468, 1.286522046207647, 1.3072562312959182, 1.4024657757114494, 1.4690763553789117, 1.4352382086312834, 1.3078676789813133, 1.2336627867197074, 1.2117583717879756, 1.0914323600059634]",40,True,81,0.1,0.3001426533523538,,1,0.07071067811865475,7.778174593052023
20260927T095930443635Z_577f21e5,PURE,40,0.83,5,5,6,6.0,5.5,0.19,0.5,10,2,5760.0,"[0.8592549273600911, 0.6058380411445193, 0.4316697215292379, 0.32461244914431125, 0.29898418014229616, 0.3853292566116986, 0.6184818884427356, 0.9112753545916268, 1.124060711596949, 1.0918553682168552, 1.0519012231472415, 1.0604058710082023, 1.1010962834034748, 1.1484706050156464, 1.2414843039249468, 1.286522046207647, 1.3072562312959182, 1.4024657757114494, 1.4690763553789117, 1.4352382086312834, 1.3078676789813133, 1.2336627867197074, 1.2117583717879756, 1.0914323600059634]",40,True,81,0.2,0.3001426533523538,,1,0.1414213562373095,7.778174593052023
20260927T095930443635Z_577f21e5,PURE,40,0.83,5,5,6,6.0,5.5,0.19,0.5,10,2,5760.0,"[0.8592549273600911, 0.6058380411445193, 0.4316697215292379, 0.32461244914431125, 0.29898418014229616, 0.3853292566116986, 0.6184818884427356, 0.9112753545916268, 1.124060711596949, 1.0918553682168552, 1.0519012231472415, 1.0604058710082023, 1.1010962834034748, 1.1484706050156464, 1.2414843039249468, 1.286522046207647, 1.3072562312959182, 1.4024657757114494, 1.4690763553789117, 1.4352382086312834, 1.3078676789813133, 1.2336627867197074, 1.2117583717879756, 1.0914323600059634]",40,True,81,0.2442732516826255,0.3001426533523538,,1,0.17272727272727273,7.778174593052023
20260927T095930443635Z_577f21e5,PURE,40,1.0,5,5,6,5.5,5.5,0.19,0.5,10,2,5760.0,"[0.8592549273600911, 0.6058380411445193, 0.4316697215292379, 0.32461244914431125, 0.29898418014229616, 0.3853292566116986, 0.6184818884427356, 0.9112753545916268, 1.124060711596949, 1.0918553682168552, 1.0519012231472415, 1.0604058710082023, 1.1010962834034748, 1.1484706050156464, 1.2414843039249468, 1.286522046207647, 1.3072562312959182, 1.4024657757114494, 1.4690763553789117, 1.4352382086312834, 1.3078676789813133, 1.2336627867197074, 1.2117583717879756, 1.0914323600059634]",40,True,81,0.1,0.30268199233716475,,1,0.07071067811865475,7.778174593052023
20260927T095930443635Z_577f21e5,PURE,40,1.0,5,5,6,5.5,5.5,0.19,0.5,10,2,5760.0,"[0.8592549273600911, 0.6058380411445193, 0.4316697215292379, 0.32461244914431125, 0.29898418014229616, 0.3853292566116986, 0.6184818884427356, 0.9112753545916268, 1.124060711596949, 1.0918553682168552, 1.0519012231472415, 1.0604058710082023, 1.1010962834034748, 1.1484706050156464, 1.2414843039249468, 1.286522046207647, 1.3072562312959182, 1.4024657757114494, 1.4690763553789117, 1.4352382086312834, 1.3078676789813133, 1.2336627867197074, 1.2117583717879756, 1.0914323600059634]",40,True,81,0.2,0.30268199233716475,,1,0.1414213562373095,7.778174593052023
20260927T095930443635Z_577f21e5,PURE,40,1.0,5,5,6,5.5,5.5,0.19,0.5,10,2,5760.0,"[0.8592549273600911, 0.6058380411445193, 0.4316697215292379, 0.32461244914431125, 0.29898418014229616, 0.3853292566116986, 0.6184818884427356, 0.9112753545916268, 1.124060711596949, 1.0918553682168552, 1.0519012231472415, 1.0604058710082023, 1.1010962834034748, 1.1484706050156464, 1.2414843039249468, 1.286522046207647, 1.3072562312959182, 1.4024657757114494, 1.4690763553789117, 1.4352382086312834, 1.3078676789813133, 1.2336627867197074, 1.2117583717879756, 1.0914323600059634]",40,True,81,0.2442732516826255,0.30268199233716475,,1,0.17272727272727273,7.778174593052023
20260927T095930443635Z_577f21e5,PURE,40,1.0,5,5,6,6.0,5.5,0.19,0.5,10,2,5760.0,"[0.8592549273600911, 0.6058380411445193, 0.4316697215292379, 0.32461244914431125, 0.29898418014229616, 0.3853292566116986, 0.6184818884427356, 0.9112753545916268, 1.124060711596949, 1.0918553682168552, 1.0519012231472415, 1.0604058710082023, 1.1010962834034748, 1.1484706050156464, 1.2414843039249468, 1.286522046207647, 1.3072562312959182, 1.4024657757114494, 1.4690763553789117, 1.4352382086312834, 1.3078676789813133, 1.2336627867197074, 1.2117583717879756, 1.0914323600059634]",40,True,81,0.1,0.30268199233716475,,1,0.07071067811865475,7.778174593052023
20260927T095930443635Z_577f21e5,PURE,40,1.0,5,5,6,6.0,5.5,0.19,0.5,10,2,5760.0,"[0.8592549273600911, 0.6058380411445193, 0.4316697215292379, 0.32461244914431125, 0.29898418014229616, 0.3853292566116986, 0.6184818884427356, 0.9112753545916268, 1.124060711596949, 1.0918553682168552, 1.0519012231472415, 1.0604058710082023, 1.1010962834034748, 1.1484706050156464, 1.2414843039249468, 1.286522046207647, 1.3072562312959182, 1.4024657757114494, 1.4690763553789117, 1.4352382086312834, 1.3078676789813133, 1.2336627867197074, 1.2117583717879756, 1.0914323600059634]",40,True,81,0.2,0.30268199233716475,,1,0.1414213562373095,7.778174593052023
20260927T095930443635Z_577f21e5,PURE,40,1.0,5,5,6,6.0,5.5,0.19,0.5,10,2,5760.0,"[0.8592549273600911, 0.6058380411445193, 0.4316697215292379, 0.32461244914431125, 0.29898418014229616, 0.3853292566116986, 0.6184818884427356, 0.9112753545916268, 1.124060711596949, 1.0918553682168552, 1.0519012231472415, 1.0604058710082023, 1.1010962834034748, 1.1484706050156464, 1.2414843039249468, 1.286522046207647, 1.3072562312959182, 1.4024657757114494, 1.4690763553789117, 1.4352382086312834, 1.3078676789813133, 1.2336627867197074, 1.2117583717879756, 1.0914323600059634]",40,True,81,0.2442732516826255,0.30268199233716475,,1,0.17272727272727273,7.778174593052023
20260927T095930443635Z_577f21e5,PURE_OR,2,0.33,5,5,6,5.5,5.5,0.19,0.5,10,2,5760.0,"[0.8592549273600911, 0.6058380411445193, 0.4316697215292379, 0.32461244914431125, 0.29898418014229616, 0.3853292566116986, 0.6184818884427356, 0.9112753545916268, 1.124060711596949, 1.0918553682168552, 1.0519012231472415, 1.0604058710082023, 1.1010962834034748, 1.1484706050156464, 1.2414843039249468, 1.286522046207647, 1.3072562312959182, 1.4024657757114494, 1.4690763553789117, 1.4352382086312834, 1.3078676789813133, 1.2336627867197074, 1.2117583717879756, 1.0914323600059634]",40,True,81,0.1,0.2169763937719739,,1,0.07071067811865475,7.778174593052023
20260927T095930443635Z_577f21e5,PURE_OR,2,0.33,5,5,6,5.5,5.5,0.19,0.5,10,2,5760.0,"[0.8592549273600911, 0.6058380411445193, 0.4316697215292379, 0.32461244914431125, 0.29898418014229616, 0.3853292566116986, 0.6184818884427356, 0.9112753545916268, 1.124060711596949, 1.0918553682168552, 1.0519012231472415, 1.0604058710082023, 1.1010962834034748, 1.1484706050156464, 1.2414843039249468, 1.286522046207647, 1.3072562312959182, 1.4024657757114494, 1.4690763553789117, 1.4352382086312834, 1.3078676789813133, 1.2336627867197074, 1.2117583717879756, 1.0914323600059634]",40,True,81,0.2,0.2169763937719739,,1,0.1414213562373095,7.778174593052023
20260927T095930443635Z_577f21e5,PURE_OR,2,0.33,5,5,6,5.5,5.5,0.19,0.5,10,2,5760.0,"[0.8592549273600911, 0.6058380411445193, 0.4316697215292379, 0.32461244914431125, 0.29898418014229616, 0.3853292566116986, 0.6184818884427356, 0.9112753545916268, 1.124060711596949, 1.0918553682168552, 1.0519012231472415, 1.0604058710082023, 1.1010962834034748, 1.1484706050156464, 1.2414843039249468, 1.286522046207647, 1.3072562312959182, 1.4024657757114494, 1.4690763553789117, 1.4352382086312834, 1.3078676789813133, 1.2336627867197074, 1.2117583717879756, 1.0914323600059634]",40,True,81,0.2442732516826255,0.2169763937719739,,1,0.17272727272727273,7.778174593052023
20260927T095930443635Z_577f21e5,PURE_OR,2,0.33,5,5,6,6.0,5.5,0.19,0.5,10,2,5760.0,"[0.8592549273600911, 0.6058380411445193, 0.4316697215292379, 0.32461244914431125, 0.29898418014229616, 0.3853292566116986, 0.6184818884427356, 0.9112753545916268, 1.124060711596949, 1.0918553682168552, 1.0519012231472415, 1.0604058710082023, 1.1010962834034748, 1.1484706050156464, 1.2414843039249468, 1.286522046207647, 1.3072562312959182, 1.4024657757114494, 1.4690763553789117, 1.4352382086312834, 1.3078676789813133, 1.2336627867197074, 1.2117583717879756, 1.0914323600059634]",40,True,81,0.1,0.2169763937719739,,1,0.07071067811865475,7.778174593052023
20260927T095930443635Z_577f21e5,PURE_OR,2,0.33,5,5,6,6.0,5.5,0.19,0.5,10,2,5760.0,"[0.8592549273600911, 0.6058380411445193, 0.4316697215292379, 0.32461244914431125, 0.29898418014229616, 0.3853292566116986, 0.6184818884427356, 0.9112753545916268, 1.124060711596949, 1.0918553682168552, 1.0519012231472415, 1.0604058710082023, 1.1010962834034748, 1.1484706050156464, 1.2414843039249468, 1.286522046207647, 1.3072562312959182, 1.4024657757114494, 1.4690763553789117, 1.4352382086312834, 1.3078676789813133, 1.2336627867197074, 1.2117583717879756, 1.0914323600059634]",40,True,81,0.2,0.2169763937719739,,1,0.1414213562373095,7.778174593052023
20260927T095930443635Z_577f21e5,PURE_OR,2,0.33,5,5,6,6.0,5.5,0.19,0.5,10,2,5760.0,"[0.8592549273600911, 0.6058380411445193, 0.4316697215292379, 0.32461244914431125, 0.29898418014229616, 0.3853292566116986, 0.6184818884427356, 0.9112753545916268, 1.124060711596949, 1.0918553682168552, 1.0519012231472415, 1.0604058710082023, 1.1010962834034748, 1.1484706050156464, 1.2414843039249468, 1.286522046207647, 1.3072562312959182, 1.4024657757114494, 1.4690763553789117, 1.4352382086312834, 1.3078676789813133, 1.2336627867197074, 1.2117583717879756, 1.0914323600059634]",40,True,81,0.2442732516826255,0.2169763937719739,,1,0.17272727272727273,7.778174593052023
20260927T095930443635Z_577f21e5,PURE_OR,2,0.5,5,5,6,5.5,5.5,0.19,0.5,10,2,5760.0,"[0.8592549273600911, 0.6058380411445193, 0.4316697215292379, 0.32461244914431125, 0.29898418014229616, 0.3853292566116986, 0.6184818884427356, 0.9112753545916268, 1.124060711596949, 1.0918553682168552, 1.0519012231472415, 1.0604058710082023, 1.1010962834034748, 1.1484706050156464, 1.2414843039249468, 1.286522046207647, 1.3072562312959182, 1.4024657757114494, 1.4690763553789117, 1.4352382086312834, 1.3078676789813133, 1.2336627867197074, 1.2117583717879756, 1.0914323600059634]",40,True,81,0.1,0.2765135251180764,,1,0.07071067811865475,7.778174593052023
20260927T095930443635Z_577f21e5,PURE_OR,2,0.5,5,5,6,5.5,5.5,0.19,0.5,10,2,5760.0,"[0.8592549273600911, 0.6058380411445193, 0.4316697215292379, 0.32461244914431125, 0.29898418014229616, 0.3853292566116986, 0.6184818884427356, 0.9112753545916268, 1.124060711596949, 1.0918553682168552, 1.0519012231472415, 1.0604058710082023, 1.1010962834034748, 1.1484706050156464, 1.2414843039249468, 1.286522046207647, 1.3072562312959182, 1.4024657757114494, 1.4690763553789117, 1.4352382086312834, 1.3078676789813133, 1.2336627867197074, 1.2117583717879756, 1.0914323600059634]",40,True,81,0.2,0.2765135251180764,,1,0.1414213562373095,7.778174593052023
20260927T095930443635Z_577f21e5,PURE_OR,2,0.5,5,5,6,5.5,5.5,0.19,0.5,10,2,5760.0,"[0.8592549273600911, 0.6058380411445193, 0.4316697215292379, 0.32461244914431125, 0.29898418014229616, 0.3853292566116986, 0.6184818884427356, 0.9112753545916268, 1.124060711596949, 1.0918553682168552, 1.0519012231472415, 1.0604058710082023, 1.1010962834034748, 1.1484706050156464, 1.2414843039249468, 1.286522046207647, 1.3072562312959182, 1.4024657757114494, 1.4690763553789117, 1.4352382086312834, 1.3078676789813133, 1.2336627867197074, 1.2117583717879756, 1.0914323600059634]",40,True,81,0.2442732516826255,0.2765135251180764,,1,0.17272727272727273,7.778174593052023
20260927T095930443635Z_577f21e5,PURE_OR,2,0.5,5,5,6,6.0,5.5,0.19,0.5,10,2,5760.0,"[0.8592549273600911, 0.6058380411445193, 0.4316697215292379, 0.32461244914431125, 0.29898418014229616, 0.3853292566116986, 0.6184818884427356, 0.9112753545916268, 1.124060711596949, 1.0918553682168552, 1.0519012231472415, 1.0604058710082023, 1.1010962834034748, 1.1484706050156464, 1.2414843039249468, 1.286522046207647, 1.3072562312959182, 1.4024657757114494, 1.4690763553789117, 1.4352382086312834, 1.3078676789813133, 1.2336627867197074, 1.2117583717879756, 1.0914323600059634]",40,True,81,0.1,0.2765135251180764,,1,0.07071067811865475,7.778174593052023
20260927T095930443635Z_577f21e5,PURE_OR,2,0.5,5,5,6,6.0,5.5,0.19,0.5,10,2,5760.0,"[0.8592549273600911, 0.6058380411445193, 0.4316697215292379, 0.32461244914431125, 0.29898418014229616, 0.3853292566116986, 0.6184818884427356, 0.9112753545916268, 1.124060711596949, 1.0918553682168552, 1.0519012231472415, 1.0604058710082023, 1.1010962834034748, 1.1484706050156464, 1.2414843039249468, 1.286522046207647, 1.3072562312959182, 1.4024657757114494, 1.4690763553789117, 1.4352382086312834, 1.3078676789813133, 1.2336627867197074, 1.2117583717879756, 1.0914323600059634]",40,True,81,0.2,0.27639484978540774,,1,0.1414213562373095,7.778174593052023
20260927T095930443635Z_577f21e5,PURE_OR,2,0.5,5,5,6,6.0,5.5,0.19,0.5,10,2,5760.0,"[0.8592549273600911, 0.6058380411445193, 0.4316697215292379, 0.32461244914431125, 0.29898418014229616, 0.3853292566116986, 0.6184818884427356, 0.9112753545916268, 1.124060711596949, 1.0918553682168552, 1.0519012231472415, 1.0604058710082023, 1.1010962834034748, 1.1484706050156464, 1.2414843039249468, 1.286522046207647, 1.3072562312959182, 1.4024657757114494, 1.4690763553789117, 1.4352382086312834, 1.3078676789813133, 1.2336627867197074, 1.2117583717879756, 1.0914323600059634]",40,True,81,0.2442732516826255,0.27639484978540774,,1,0.17272727272727273,7.778174593052023
20260927T095930443635Z_577f21e5,PURE_OR,2,0.67,5,5,6,5.5,5.5,0.19,0.5,10,2,5760.0,"[0.8592549273600911, 0.6058380411445193, 0.4316697215292379, 0.32461244914431125, 0.29898418014229616, 0.3853292566116986, 0.6184818884427356, 0.9112753545916268, 1.124060711596949, 1.0918553682168552, 1.0519012231472415, 1.0604058710082023, 1.1010962834034748, 1.1484706050156464, 1.2414843039249468, 1.286522046207647, 1.3072562312959182, 1.4024657757114494, 1.4690763553789117, 1.4352382086312834, 1.3078676789813133, 1.2336627867197074, 1.2117583717879756, 1.0914323600059634]",40,True,81,0.1,0.31082062454611475,,1,0.07071067811865475,7.778174593052023
20260927T095930443635Z_577f21e5,PURE_OR,2,0.67,5,5,6,5.5,5.5,0.19,0.5,10,2,5760.0,"[0.8592549273600911, 0.6058380411445193, 0.4316697215292379, 0.32461244914431125, 0.29898418014229616, 0.3853292566116986, 0.6184818884427356, 0.9112753545916268, 1.124060711596949, 1.0918553682168552, 1.0519012231472415, 1.0604058710082023, 1.1010962834034748, 1.1484706050156464, 1.2414843039249468, 1.286522046207647, 1.3072562312959182, 1.4024657757114494, 1.4690763553789117, 1.4352382086312834, 1.3078676789813133, 1.2336627867197074, 1.2117583717879756, 1.0914323600059634]",40,True,81,0.2,0.31082062454611475,,1,0.1414213562373095,7.778174593052023
20260927T095930443635Z_577f21e5,PURE_OR,2,0.67,5,5,6,5.5,5.5,0.19,0.5,10,2,5760.0,"[0.8592549273600911, 0.6058380411445193, 0.4316697215292379, 0.32461244914431125, 0.29898418014229616, 0.3853292566116986, 0.6184818884427356, 0.9112753545916268, 1.124060711596949, 1.0918553682168552, 1.0519012231472415, 1.0604058710082023, 1.1010962834034748, 1.1484706050156464, 1.2414843039249468, 1.286522046207647, 1.3072562312959182, 1.4024657757114494, 1.4690763553789117, 1.4352382086312834, 1.3078676789813133, 1.2336627867197074, 1.2117583717879756, 1.0914323600059634]",40,True,81,0.2442732516826255,0.31082062454611475,,1,0.17272727272727273,7.778174593052023
20260927T095930443635Z_577f21e5,PURE_OR,2,0.67,5,5,6,6.0,5.5,0.19,0.5,10,2,5760.0,"[0.8592549273600911, 0.6058380411445193, 0.4316697215292379, 0.32461244914431125, 0.29898418014229616, 0.3853292566116986, 0.6184818884427356, 0.9112753545916268, 1.124060711596949, 1.0918553682168552, 1.0519012231472415, 1.0604058710082023, 1.1010962834034748, 1.1484706050156464, 1.2414843039249468, 1.286522046207647, 1.3072562312959182, 1.4024657757114494, 1.4690763553789117, 1.4352382086312834, 1.3078676789813133, 1.2336627867197074, 1.2117583717879756, 1.0914323600059634]",40,True,81,0.1,0.31082062454611475,,1,0.07071067811865475,7.778174593052023
20260927T095930443635Z_577f21e5,PURE_OR,2,0.67,5,5,6,6.0,5.5,0.19,0.5,10,2,5760.0,"[0.8592549273600911, 0.6058380411445193, 0.4316697215292379, 0.32461244914431125, 0.29898418014229616, 0.3853292566116986, 0.6184818884427356, 0.9112753545916268, 1.124060711596949, 1.0918553682168552, 1.0519012231472415, 1.0604058710082023, 1.1010962834034748, 1.1484706050156464, 1.2414843039249468, 1.286522046207647, 1.3072562312959182, 1.4024657757114494, 1.4690763553789117, 1.4352382086312834, 1.3078676789813133, 1.2336627867197074, 1.2117583717879756, 1.0914323600059634]",40,True,81,0.2,0.31082062454611475,,1,0.1414213562373095,7.778174593052023
20260927T095930443635Z_577f21e5,PURE_OR,2,0.67,5,5,6,6.0,5.5,0.19,0.5,10,2,5760.0,"[0.8592549273600911, 0.6058380411445193, 0.4316697215292379, 0.32461244914431125, 0.29898418014229616, 0.3853292566116986, 0.6184818884427356, 0.9112753545916268, 1.124060711596949, 1.0918553682168552, 1.0519012231472415, 1.0604058710082023, 1.1010962834034748, 1.1484706050156464, 1.2414843039249468, 1.286522046207647, 1.3072562312959182, 1.4024657757114494, 1.4690763553789117, 1.4352382086312834, 1.3078676789813133, 1.2336627867197074, 1.2117583717879756, 1.0914323600059634]",40,True,81,0.2442732516826255,0.31082062454611475,,1,0.17272727272727273,7.778174593052023
20260927T095930443635Z_577f21e5,PURE_OR,2,0.83,5,5,6,5.5,5.5,0.19,0.5,10,2,5760.0,"[0.8592549273600911, 0.6058380411445193, 0.4316697215292379, 0.32461244914431125, 0.29898418014229616, 0.3853292566116986, 0.6184818884427356, 0.9112753545916268, 1.124060711596949, 1.0918553682168552, 1.0519012231472415, 1.0604058710082023, 1.1010962834034748, 1.1484706050156464, 1.2414843039249468, 1.286522046207647, 1.3072562312959182, 1.4024657757114494, 1.4690763553789117, 1.4352382086312834, 1.3078676789813133, 1.2336627867197074, 1.2117583717879756, 1.0914323600059634]",40,True,81,0.1,0.3373957665169981,,1,0.07071067811865475,7.778174593052023
20260927T095930443635Z_577f21e5,PURE_OR,2,0.83,5,5,6,5.5,5.5,0.19,0.5,10,2,5760.0,"[0.8592549273600911, 0.6058380411445193, 0.4316697215292379, 0.32461244914431125, 0.29898418014229616, 0.3853292566116986, 0.6184818884427356, 0.9112753545916268, 1.124060711596949, 1.0918553682168552, 1.0519012231472415, 1.0604058710082023, 1.1010962834034748, 1.1484706050156464, 1.2414843039249468, 1.286522046207647, 1.3072562312959182, 1.4024657757114494, 1.4690763553789117, 1.4352382086312834, 1.3078676789813133, 1.2336627867197074, 1.2117583717879756, 1.0914323600059634]",40,True,81,0.2,0.3420026007802341,,1,0.1414213562373095,7.778174593052023
20260927T095930443635Z_577f21e5,PURE_OR,2,0.83,5,5,6,5.5,5.5,0.19,0.5,10,2,5760.0,"[0.8592549273600911, 0.6058380411445193, 0.4316697215292379, 0.32461244914431125, 0.29898418014229616, 0.3853292566116986, 0.6184818884427356, 0.9112753545916268, 1.124060711596949, 1.0918553682168552, 1.0519012231472415, 1.0604058710082023, 1.1010962834034748, 1.1484706050156464, 1.2414843039249468, 1.286522046207647, 1.3072562312959182, 1.4024657757114494, 1.4690763553789117, 1.4352382086312834, 1.3078676789813133, 1.2336627867197074, 1.2117583717879756, 1.0914323600059634]",40,True,81,0.2442732516826255,0.3373957665169981,,1,0.17272727272727273,7.778174593052023
20260927T095930443635Z_577f21e5,PURE_OR,2,0.83,5,5,6,6.0,5.5,0.19,0.5,10,2,5760.0,"[0.8592549273600911, 0.6058380411445193, 0.4316697215292379, 0.32461244914431125, 0.29898418014229616, 0.3853292566116986, 0.6184818884427356, 0.9112753545916268, 1.124060711596949, 1.0918553682168552, 1.0519012231472415, 1.0604058710082023, 1.1010962834034748, 1.1484706050156464, 1.2414843039249468, 1.286522046207647, 1.3072562312959182, 1.4024657757114494, 1.4690763553789117, 1.4352382086312834, 1.3078676789813133, 1.2336627867197074, 1.2117583717879756, 1.0914323600059634]",40,True,81,0.1,0.3420026007802341,,1,0.07071067811865475,7.778174593052023
20260927T095930443635Z_577f21e5,PURE_OR,2,0.83,5,5,6,6.0,5.5,0.19,0.5,10,2,5760.0,"[0.8592549273600911, 0.6058380411445193, 0.4316697215292379, 0.32461244914431125, 0.29898418014229616, 0.3853292566116986, 0.6184818884427356, 0.9112753545916268, 1.124060711596949, 1.0918553682168552, 1.0519012231472415, 1.0604058710082023, 1.1010962834034748, 1.1484706050156464, 1.2414843039249468, 1.286522046207647, 1.3072562312959182, 1.4024657757114494, 1.4690763553789117, 1.4352382086312834, 1.3078676789813133, 1.2336627867197074, 1.2117583717879756, 1.0914323600059634]",40,True,81,0.2,0.3373957665169981,,1,0.1414213562373095,7.778174593052023
20260927T095930443635Z_577f21e5,PURE_OR,2,0.83,5,5,6,6.0,5.5,0.19,0.5,10,2,5760.0,"[0.8592549273600911, 0.6058380411445193, 0.4316697215292379, 0.32461244914431125, 0.29898418014229616, 0.3853292566116986, 0.6184818884427356, 0.9112753545916268, 1.124060711596949, 1.0918553682168552, 1.0519012231472415, 1.0604058710082023, 1.1010962834034748, 1.1484706050156464, 1.2414843039249468, 1.286522046207647, 1.3072562312959182, 1.4024657757114494, 1.4690763553789117, 1.4352382086312834, 1.3078676789813133, 1.2336627867197074, 1.2117583717879756, 1.0914323600059634]",40,True,81,0.2442732516826255,0.3373957665169981,,1,0.17272727272727273,7.778174593052023
20260927T095930443635Z_577f21e5,PURE_OR,2,1.0,5,5,6,5.5,5.5,0.19,0.5,10,2,5760.0,"[0.8592549273600911, 0.6058380411445193, 0.4316697215292379, 0.32461244914431125, 0.29898418014229616, 0.3853292566116986, 0.6184818884427356, 0.9112753545916268, 1.124060711596949, 1.0918553682168552, 1.0519012231472415, 1.0604058710082023, 1.1010962834034748, 1.1484706050156464, 1.2414843039249468, 1.286522046207647, 1.3072562312959182, 1.4024657757114494, 1.4690763553789117, 1.4352382086312834, 1.3078676789813133, 1.2336627867197074, 1.2117583717879756, 1.0914323600059634]",40,True,81,0.1,0.36574074074074076,,1,0.07071067811865475,7.778174593052023
20260927T095930443635Z_577f21e5,PURE_OR,2,1.0,5,5,6,5.5,5.5,0.19,0.5,10,2,5760.0,"[0.8592549273600911, 0.6058380411445193, 0.4316697215292379, 0.32461244914431125, 0.29898418014229616, 0.3853292566116986, 0.6184818884427356, 0.9112753545916268, 1.124060711596949, 1.0918553682168552, 1.0519012231472415, 1.0604058710082023, 1.1010962834034748, 1.1484706050156464, 1.2414843039249468, 1.286522046207647, 1.3072562312959182, 1.4024657757114494, 1.4690763553789117, 1.4352382086312834, 1.3078676789813133, 1.2336627867197074, 1.2117583717879756, 1.0914323600059634]",40,True,81,0.2,0.36574074074074076,,1,0.1414213562373095,7.778174593052023
20260927T095930443635Z_577f21e5,PURE_OR,2,1.0,5,5,6,5.5,5.5,0.19,0.5,10,2,5760.0,"[0.8592549273600911, 0.6058380411445193, 0.4316697215292379, 0.32461244914431125, 0.29898418014229616, 0.3853292566116986, 0.6184818884427356, 0.9112753545916268, 1.124060711596949, 1.0918553682168552, 1.0519012231472415, 1.0604058710082023, 1.1010962834034748, 1.1484706050156464, 1.2414843039249468, 1.286522046207647, 1.3072562312959182, 1.4024657757114494, 1.4690763553789117, 1.4352382086312834, 1.3078676789813133, 1.2336627867197074, 1.2117583717879756, 1.0914323600059634]",40,True,81,0.2442732516826255,0.36574074074074076,,1,0.17272727272727273,7.778174593052023
20260927T095930443635Z_577f21e5,PURE_OR,2,1.0,5,5,6,6.0,5.5,0.19,0.5,10,2,5760.0,"[0.8592549273600911, 0.6058380411445193, 0.4316697215292379, 0.32461244914431125, 0.29898418014229616, 0.3853292566116986, 0.6184818884427356, 0.9112753545916268, 1.124060711596949, 1.0918553682168552, 1.0519012231472415, 1.0604058710082023, 1.1010962834034748, 1.1484706050156464, 1.2414843039249468, 1.286522046207647, 1.3072562312959182, 1.4024657757114494, 1.4690763553789117, 1.4352382086312834, 1.3078676789813133, 1.2336627867197074, 1.2117583717879756, 1.0914323600059634]",40,True,81,0.1,0.36574074074074076,,1,0.07071067811865475,7.778174593052023
20260927T095930443635Z_577f21e5,PURE_OR,2,1.0,5,5,6,6.0,5.5,0.19,0.5,10,2,5760.0,"[0.8592549273600911, 0.6058380411445193, 0.4316697215292379, 0.32461244914431125, 0.29898418014229616, 0.3853292566116986, 0.6184818884427356, 0.9112753545916268, 1.124060711596949, 1.0918553682168552, 1.0519012231472415, 1.0604058710082023, 1.1010962834034748, 1.1484706050156464, 1.2414843039249468, 1.286522046207647, 1.3072562312959182, 1.4024657757114494, 1.4690763553789117, 1.4352382086312834, 1.3078676789813133, 1.2336627867197074, 1.2117583717879756, 1.0914323600059634]",40,True,81,0.2,0.3655292076344708,,1,0.1414213562373095,7.778174593052023
20260927T095930443635Z_577f21e5,PURE_OR,2,1.0,5,5,6,6.0,5.5,0.19,0.5,10,2,5760.0,"[0.8592549273600911, 0.6058380411445193, 0.4316697215292379, 0.32461244914431125, 0.29898418014229616, 0.3853292566116986, 0.6184818884427356, 0.9112753545916268, 1.124060711596949, 1.0918553682168552, 1.0519012231472415, 1.0604058710082023, 1.1010962834034748, 1.1484706050156464, 1.2414843039249468, 1.286522046207647, 1.3072562312959182, 1.4024657757114494, 1.4690763553789117, 1.4352382086312834, 1.3078676789813133, 1.2336627867197074, 1.2117583717879756, 1.0914323600059634]",40,True,81,0.2442732516826255,0.3665893271461717,,1,0.17272727272727273,7.778174593052023
20260927T095930443635Z_577f21e5,PURE_OR,5,0.33,5,5,6,5.5,5.5,0.19,0.5,10,2,5760.0,"[0.8592549273600911, 0.6058380411445193, 0.4316697215292379, 0.32461244914431125, 0.29898418014229616, 0.3853292566116986, 0.6184818884427356, 0.9112753545916268, 1.124060711596949, 1.0918553682168552, 1.0519012231472415, 1.0604058710082023, 1.1010962834034748, 1.1484706050156464, 1.2414843039249468, 1.286522046207647, 1.3072562312959182, 1.4024657757114494, 1.4690763553789117, 1.4352382086312834, 1.3078676789813133, 1.2336627867197074, 1.2117583717879756, 1.0914323600059634]",40,True,81,0.1,0.2169763937719739,,1,0.07071067811865475,7.778174593052023
20260927T095930443635Z_577f21e5,PURE_OR,5,0.33,5,5,6,5.5,5.5,0.19,0.5,10,2,5760.0,"[0.8592549273600911, 0.6058380411445193, 0.4316697215292379, 0.32461244914431125, 0.29898418014229616, 0.3853292566116986, 0.6184818884427356, 0.9112753545916268, 1.124060711596949, 1.0918553682168552, 1.0519012231472415, 1.0604058710082023, 1.1010962834034748, 1.1484706050156464, 1.2414843039249468, 1.286522046207647, 1.3072562312959182, 1.4024657757114494, 1.4690763553789117, 1.4352382086312834, 1.3078676789813133, 1.2336627867197074, 1.2117583717879756, 1.0914323600059634]",40,True,81,0.2,0.2169763937719739,,1,0.1414213562373095,7.778174593052023
20260927T095930443635Z_577f21e5,PURE_OR,5,0.33,5,5,6,5.5,5.5,0.19,0.5,10,2,5760.0,"[0.8592549273600911, 0.6058380411445193, 0.4316697215292379, 0.32461244914431125, 0.29898418014229616, 0.3853292566116986, 0.6184818884427356, 0.9112753545916268, 1.124060711596949, 1.0918553682168552, 1.0519012231472415, 1.0604058710082023, 1.1010962834034748, 1.1484706050156464, 1.2414843039249468, 1.286522046207647, 1.3072562312959182, 1.4024657757114494, 1.4690763553789117, 1.4352382086312834, 1.3078676789813133, 1.2336627867197074, 1.2117583717879756, 1.0914323600059634]",40,True,81,0.2442732516826255,0.2169763937719739,,1,0.17272727272727273,7.778174593052023
20260927T095930443635Z_577f21e5,PURE_OR,5,0.33,5,5,6,6.0,5.5,0.19,0.5,10,2,5760.0,"[0.8592549273600911, 0.6058380411445193, 0.4316697215292379, 0.32461244914431125, 0.29898418014229616, 0.3853292566116986, 0.6184818884427356, 0.9112753545916268, 1.124060711596949, 1.0918553682168552, 1.0519012231472415, 1.0604058710082023, 1.1010962834034748, 1.1484706050156464, 1.2414843039249468, 1.286522046207647, 1.3072562312959182, 1.4024657757114494, 1.4690763553789117, 1.4352382086312834, 1.3078676789813133, 1.2336627867197074, 1.2117583717879756, 1.0914323600059634]",40,True,81,0.1,0.2169763937719739,,1,0.07071067811865475,7.778174593052023
20260927T095930443635Z_577f21e5,PURE_OR,5,0.33,5,5,6,6.0,5.5,0.19,0.5,10,2,5760.0,"[0.8592549273600911, 0.6058380411445193, 0.4316697215292379, 0.32461244914431125, 0.29898418014229616, 0.3853292566116986, 0.6184818884427356, 0.9112753545916268, 1.124060711596949, 1.0918553682168552, 1.0519012231472415, 1.0604058710082023, 1.1010962834034748, 1.1484706050156464, 1.2414843039249468, 1.286522046207647, 1.3072562312959182, 1.4024657757114494, 1.4690763553789117, 1.4352382086312834, 1.3078676789813133, 1.2336627867197074, 1.2117583717879756, 1.0914323600059634]",40,True,81,0.2,0.2169763937719739,,1,0.1414213562373095,7.778174593052023
20260927T095930443635Z_577f21e5,PURE_OR,5,0.33,5,5,6,6.0,5.5,0.19,0.5,10,2,5760.0,"[0.8592549273600911, 0.6058380411445193, 0.4316697215292379, 0.32461244914431125, 0.29898418014229616, 0.3853292566116986, 0.6184818884427356, 0.9112753545916268, 1.124060711596949, 1.0918553682168552, 1.0519012231472415, 1.0604058710082023, 1.1010962834034748, 1.1484706050156464, 1.2414843039249468, 1.286522046207647, 1.3072562312959182, 1.4024657757114494, 1.4690763553789117, 1.4352382086312834, 1.3078676789813133, 1.2336627867197074, 1.2117583717879756, 1.0914323600059634]",40,True,81,0.2442732516826255,0.2169763937719739,,1,0.17272727272727273,7.778174593052023
20260927T095930443635Z_577f21e5,PURE_OR,5,0.5,5,5,6,5.5,5.5,0.19,0.5,10,2,5760.0,"[0.8592549273600911, 0.6058380411445193, 0.4316697215292379, 0.32461244914431125, 0.29898418014229616, 0.3853292566116986, 0.6184818884427356, 0.9112753545916268, 1.124060711596949, 1.0918553682168552, 1.0519012231472415, 1.0604058710082023, 1.1010962834034748, 1.1484706050156464, 1.2414843039249468, 1.286522046207647, 1.3072562312959182, 1.4024657757114494, 1.4690763553789117, 1.4352382086312834, 1.3078676789813133, 1.2336627867197074, 1.2117583717879756, 1.0914323600059634]",40,True,81,0.1,0.2765135251180764,,1,0.07071067811865475,7.778174593052023
20260927T095930443635Z_577f21e5,PURE_OR,5,0.5,5,5,6,5.5,5.5,0.19,0.5,10,2,5760.0,"[0.8592549273600911, 0.6058380411445193, 0.4316697215292379, 0.32461244914431125, 0.29898418014229616, 0.3853292566116986, 0.6184818884427356, 0.9112753545916268, 1.124060711596949, 1.0918553682168552, 1.0519012231472415, 1.0604058710082023, 1.1010962834034748, 1.1484706050156464, 1.2414843039249468, 1.286522046207647, 1.3072562312959182, 1.4024657757114494, 1.4690763553789117, 1.4352382086312834, 1.3078676789813133, 1.2336627867197074, 1.2117583717879756, 1.0914323600059634]",40,True,81,0.2,0.2765135251180764,,1,0.1414213562373095,7.778174593052023
20260927T095930443635Z_577f21e5,PURE_OR,5,0.5,5,5,6,5.5,5.5,0.19,0.5,10,2,5760.0,"[0.8592549273600911, 0.6058380411445193, 0.4316697215292379, 0.32461244914431125, 0.29898418014229616, 0.3853292566116986, 0.6184818884427356, 0.9112753545916268, 1.124060711596949, 1.0918553682168552, 1.0519012231472415, 1.0604058710082023, 1.1010962834034748, 1.1484706050156464, 1.2414843039249468, 1.286522046207647, 1.3072562312959182, 1.4024657757114494, 1.4690763553789117, 1.4352382086312834, 1.3078676789813133, 1.2336627867197074, 1.2117583717879756, 1.0914323600059634]",40,True,81,0.2442732516826255,0.2765135251180764,,1,0.17272727272727273,7.778174593052023
20260927T095930443635Z_577f21e5,PURE_OR,5,0.5,5,5,6,6.0,5.5,0.19,0.5,10,2,5760.0,"[0.8592549273600911, 0.6058380411445193, 0.4316697215292379, 0.32461244914431125, 0.29898418014229616, 0.3853292566116986, 0.6184818884427356, 0.9112753545916268, 1.124060711596949, 1.0918553682168552, 1.0519012231472415, 1.0604058710082023, 1.1010962834034748, 1.1484706050156464, 1.2414843039249468, 1.286522046207647, 1.3072562312959182, 1.4024657757114494, 1.4690763553789117, 1.4352382086312834, 1.3078676789813133, 1.2336627867197074, 1.2117583717879756, 1.0914323600059634]",40,True,81,0.1,0.2765135251180764,,1,0.07071067811865475,7.778174593052023
20260927T095930443635Z_577f21e5,PURE_OR,5,0.5,5,5,6,6.0,5.5,0.19,0.5,10,2,5760.0,"[0.8592549273600911, 0.6058380411445193, 0.4316697215292379, 0.32461244914431125, 0.29898418014229616, 0.3853292566116986, 0.6184818884427356, 0.9112753545916268, 1.124060711596949, 1.0918553682168552, 1.0519012231472415, 1.0604058710082023, 1.1010962834034748, 1.1484706050156464, 1.2414843039249468, 1.286522046207647, 1.3072562312959182, 1.4024657757114494, 1.4690763553789117, 1.4352382086312834, 1.3078676789813133, 1.2336627867197074, 1.2117583717879756, 1.0914323600059634]",40,True,81,0.2,0.2765135251180764,,1,0.1414213562373095,7.778174593052023
20260927T095930443635Z_577f21e5,PURE_OR,5,0.5,5,5,6,6.0,5.5,0.19,0.5,10,2,5760.0,"[0.8592549273600911, 0.6058380411445193, 0.4316697215292379, 0.32461244914431125, 0.29898418014229616, 0.3853292566116986, 0.6184818884427356, 0.9112753545916268, 1.124060711596949, 1.0918553682168552, 1.0519012231472415, 1.0604058710082023, 1.1010962834034748, 1.1484706050156464, 1.2414843039249468, 1.286522046207647, 1.3072562312959182, 1.4024657757114494, 1.4690763553789117, 1.4352382086312834, 1.3078676789813133, 1.2336627867197074, 1.2117583717879756, 1.0914323600059634]",40,True,81,0.2442732516826255,0.2765135251180764,,1,0.17272727272727273,7.778174593052023
20260927T095930443635Z_577f21e5,PURE_OR,5,0.67,5,5,6,5.5,5.5,0.19,0.5,10,2,5760.0,"[0.8592549273600911, 0.6058380411445193, 0.4316697215292379, 0.32461244914431125, 0.29898418014229616, 0.3853292566116986, 0.6184818884427356, 0.9112753545916268, 1.124060711596949, 1.0918553682168552, 1.0519012231472415, 1.0604058710082023, 1.1010962834034748, 1.1484706050156464, 1.2414843039249468, 1.286522046207647, 1.3072562312959182, 1.4024657757114494, 1.4690763553789117, 1.4352382086312834, 1.3078676789813133, 1.2336627867197074, 1.2117583717879756, 1.0914323600059634]",40,True,81,0.1,0.31082062454611475,,1,0.07071067811865475,7.778174593052023
20260927T095930443635Z_577f21e5,PURE_OR,5,0.67,5,5,6,5.5,5.5,0.19,0.5,10,2,5760.0,"[0.8592549273600911, 0.6058380411445193, 0.4316697215292379, 0.32461244914431125, 0.29898418014229616, 0.3853292566116986, 0.6184818884427356, 0.9112753545916268, 1.124060711596949, 1.0918553682168552, 1.0519012231472415, 1.0604058710082023, 1.1010962834034748, 1.1484706050156464, 1.2414843039249468, 1.286522046207647, 1.3072562312959182, 1.4024657757114494, 1.4690763553789117, 1.4352382086312834, 1.3078676789813133, 1.2336627867197074, 1.2117583717879756, 1.0914323600059634]",40,True,81,0.2,0.31082062454611475,,1,0.1414213562373095,7.778174593052023
20260927T095930443635Z_577f21e5,PURE_OR,5,0.67,5,5,6,5.5,5.5,0.19,0.5,10,2,5760.0,"[0.8592549273600911, 0.6058380411445193, 0.4316697215292379, 0.32461244914431125, 0.29898418014229616, 0.3853292566116986, 0.6184818884427356, 0.9112753545916268, 1.124060711596949, 1.0918553682168552, 1.0519012231472415, 1.0604058710082023, 1.1010962834034748, 1.1484706050156464, 1.2414843039249468, 1.286522046207647, 1.3072562312959182, 1.4024657757114494, 1.4690763553789117, 1.4352382086312834, 1.3078676789813133, 1.2336627867197074, 1.2117583717879756, 1.0914323600059634]",40,True,81,0.2442732516826255,0.31082062454611475,,1,0.17272727272727273,7.778174593052023
20260927T095930443635Z_577f21e5,PURE_OR,5,0.67,5,5,6,6.0,5.5,0.19,0.5,10,2,5760.0,"[0.8592549273600911, 0.6058380411445193, 0.4316697215292379, 0.32461244914431125, 0.29898418014229616, 0.3853292566116986, 0.6184818884427356, 0.9112753545916268, 1.124060711596949, 1.0918553682168552, 1.0519012231472415, 1.0604058710082023, 1.1010962834034748, 1.1484706050156464, 1.2414843039249468, 1.286522046207647, 1.3072562312959182, 1.4024657757114494, 1.4690763553789117, 1.4352382086312834, 1.3078676789813133, 1.2336627867197074, 1.2117583717879756, 1.0914323600059634]",40,True,81,0.1,0.31082062454611475,,1,0.07071067811865475,7.778174593052023
20260927T095930443635Z_577f21e5,PURE_OR,5,0.67,5,5,6,6.0,5.5,0.19,0.5,10,2,5760.0,"[0.8592549273600911, 0.6058380411445193, 0.4316697215292379, 0.32461244914431125, 0.29898418014229616, 0.3853292566116986, 0.6184818884427356, 0.9112753545916268, 1.124060711596949, 1.0918553682168552, 1.0519012231472415, 1.0604058710082023, 1.1010962834034748, 1.1484706050156464, 1.2414843039249468, 1.286522046207647, 1.3072562312959182, 1.4024657757114494, 1.4690763553789117, 1.4352382086312834, 1.3078676789813133, 1.2336627867197074, 1.2117583717879756, 1.0914323600059634]",40,True,81,0.2,0.31082062454611475,,1,0.1414213562373095,7.778174593052023
20260927T095930443635Z_577f21e5,PURE_OR,5,0.67,5,5,6,6.0,5.5,0.19,0.5,10,2,5760.0,"[0.8592549273600911, 0.6058380411445193, 0.4316697215292379, 0.32461244914431125, 0.29898418014229616, 0.3853292566116986, 0.6184818884427356, 0.9112753545916268, 1.124060711596949, 1.0918553682168552, 1.0519012231472415, 1.0604058710082023, 1.1010962834034748, 1.1484706050156464, 1.2414843039249468, 1.286522046207647, 1.3072562312959182, 1.4024657757114494, 1.4690763553789117, 1.4352382086312834, 1.3078676789813133, 1.2336627867197074, 1.2117583717879756, 1.0914323600059634]",40,True,81,0.2442732516826255,0.31082062454611475,,1,0.17272727272727273,7.778174593052023
20260927T095930443635Z_577f21e5,PURE_OR,5,0.83,5,5,6,5.5,5.5,0.19,0.5,10,2,5760.0,"[0.8592549273600911, 0.6058380411445193, 0.4316697215292379, 0.32461244914431125, 0.29898418014229616, 0.3853292566116986, 0.6184818884427356, 0.9112753545916268, 1.124060711596949, 1.0918553682168552, 1.0519012231472415, 1.0604058710082023, 1.1010962834034748, 1.1484706050156464, 1.2414843039249468, 1.286522046207647, 1.3072562312959182, 1.4024657757114494, 1.4690763553789117, 1.4352382086312834, 1.3078676789813133, 1.2336627867197074, 1.2117583717879756, 1.0914323600059634]",40,True,81,0.1,0.34278266536331053,,1,0.07071067811865475,7.778174593052023
20260927T095930443635Z_577f21e5,PURE_OR,5,0.83,5,5,6,5.5,5.5,0.19,0.5,10,2,5760.0,"[0.8592549273600911, 0.6058380411445193, 0.4316697215292379, 0.32461244914431125, 0.29898418014229616, 0.3853292566116986, 0.6184818884427356, 0.9112753545916268, 1.124060711596949, 1.0918553682168552, 1.0519012231472415, 1.0604058710082023, 1.1010962834034748, 1.1484706050156464, 1.2414843039249468, 1.286522046207647, 1.3072562312959182, 1.4024657757114494, 1.4690763553789117, 1.4352382086312834, 1.3078676789813133, 1.2336627867197074, 1.2117583717879756, 1.0914323600059634]",40,True,81,0.2,0.34278266536331053,,1,0.1414213562373095,7.778174593052023
20260927T095930443635Z_577f21e5,PURE_OR,5,0.83,5,5,6,5.5,5.5,0.19,0.5,10,2,5760.0,"[0.8592549273600911, 0.6058380411445193, 0.4316697215292379, 0.32461244914431125, 0.29898418014229616, 0.3853292566116986, 0.6184818884427356, 0.9112753545916268, 1.124060711596949, 1.0918553682168552, 1.0519012231472415, 1.0604058710082023, 1.1010962834034748, 1.1484706050156464, 1.2414843039249468, 1.286522046207647, 1.3072562312959182, 1.4024657757114494, 1.4690763553789117, 1.4352382086312834, 1.3078676789813133, 1.2336627867197074, 1.2117583717879756, 1.0914323600059634]",40,True,81,0.2442732516826255,0.34278266536331053,,1,0.17272727272727273,7.778174593052023
20260927T095930443635Z_577f21e5,PURE_OR,5,0.83,5,5,6,6.0,5.5,0.19,0.5,10,2,5760.0,"[0.8592549273600911, 0.6058380411445193, 0.4316697215292379, 0.32461244914431125, 0.29898418014229616, 0.3853292566116986, 0.6184818884427356, 0.9112753545916268, 1.124060711596949, 1.0918553682168552, 1.0519012231472415, 1.0604058710082023, 1.1010962834034748, 1.1484706050156464, 1.2414843039249468, 1.286522046207647, 1.3072562312959182, 1.4024657757114494, 1.4690763553789117, 1.4352382086312834, 1.3078676789813133, 1.2336627867197074, 1.2117583717879756, 1.0914323600059634]",40,True,81,0.1,0.34278266536331053,,1,0.07071067811865475,7.778174593052023
20260927T095930443635Z_577f21e5,PURE_OR,5,0.83,5,5,6,6.0,5.5,0.19,0.5,10,2,5760.0,"[0.8592549273600911, 0.6058380411445193, 0.4316697215292379, 0.32461244914431125, 0.29898418014229616, 0.3853292566116986, 0.6184818884427356, 0.9112753545916268, 1.124060711596949, 1.0918553682168552, 1.0519012231472415, 1.0604058710082023, 1.1010962834034748, 1.1484706050156464, 1.2414843039249468, 1.286522046207647, 1.3072562312959182, 1.4024657757114494, 1.4690763553789117, 1.4352382086312834, 1.3078676789813133, 1.2336627867197074, 1.2117583717879756, 1.0914323600059634]",40,True,81,0.2,0.34278266536331053,,1,0.1414213562373095,7.778174593052023
20260927T095930443635Z_577f21e5,PURE_OR,5,0.83,5,5,6,6.0,5.5,0.19,0.5,10,2,5760.0,"[0.8592549273600911, 0.6058380411445193, 0.4316697215292379, 0.32461244914431125, 0.29898418014229616, 0.3853292566116986, 0.6184818884427356, 0.9112753545916268, 1.124060711596949, 1.0918553682168552, 1.0519012231472415, 1.0604058710082023, 1.1010962834034748, 1.1484706050156464, 1.2414843039249468, 1.286522046207647, 1.3072562312959182, 1.4024657757114494, 1.4690763553789117, 1.4352382086312834, 1.3078676789813133, 1.2336627867197074, 1.2117583717879756, 1.0914323600059634]",40,True,81,0.2442732516826255,0.34278266536331053,,1,0.17272727272727273,7.778174593052023
20260927T095930443635Z_577f21e5,PURE_OR,5,1.0,5,5,6,5.5,5.5,0.19,0.5,10,2,5760.0,"[0.8592549273600911, 0.6058380411445193, 0.4316697215292379, 0.32461244914431125, 0.29898418014229616, 0.3853292566116986, 0.6184818884427356, 0.9112753545916268, 1.124060711596949, 1.0918553682168552, 1.0519012231472415, 1.0604058710082023, 1.1010962834034748, 1.1484706050156464, 1.2414843039249468, 1.286522046207647, 1.3072562312959182, 1.4024657757114494, 1.4690763553789117, 1.4352382086312834, 1.3078676789813133, 1.2336627867197074, 1.2117583717879756, 1.0914323600059634]",40,True,81,0.1,0.3665893271461717,,1,0.07071067811865475,7.778174593052023
20260927T095930443635Z_577f21e5,PURE_OR,5,1.0,5,5,6,5.5,5.5,0.19,0.5,10,2,5760.0,"[0.8592549273600911, 0.6058380411445193, 0.4316697215292379, 0.32461244914431125, 0.29898418014229616, 0.3853292566116986, 0.6184818884427356, 0.9112753545916268, 1.124060711596949, 1.0918553682168552, 1.0519012231472415, 1.0604058710082023, 1.1010962834034748, 1.1484706050156464, 1.2414843039249468, 1.286522046207647, 1.3072562312959182, 1.4024657757114494, 1.4690763553789117, 1.4352382086312834, 1.3078676789813133, 1.2336627867197074, 1.2117583717879756, 1.0914323600059634]",40,True,81,0.2,0.3665893271461717,,1,0.1414213562373095,7.778174593052023
20260927T095930443635Z_577f21e5,PURE_OR,5,1.0,5,5,6,5.5,5.5,0.19,0.5,10,2,5760.0,"[0.8592549273600911, 0.6058380411445193, 0.4316697215292379, 0.32461244914431125, 0.29898418014229616, 0.3853292566116986, 0.6184818884427356, 0.9112753545916268, 1.124060711596949, 1.0918553682168552, 1.0519012231472415, 1.0604058710082023, 1.1010962834034748, 1.1484706050156464, 1.2414843039249468, 1.286522046207647, 1.3072562312959182, 1.4024657757114494, 1.4690763553789117, 1.4352382086312834, 1.3078676789813133, 1.2336627867197074, 1.2117583717879756, 1.0914323600059634]",40,True,81,0.2442732516826255,0.3665893271461717,,1,0.17272727272727273,7.778174593052023
20260927T095930443635Z_577f21e5,PURE_OR,5,1.0,5,5,6,6.0,5.5,0.19,0.5,10,2,5760.0,"[0.8592549273600911, 0.6058380411445193, 0.4316697215292379, 0.32461244914431125, 0.29898418014229616, 0.3853292566116986, 0.6184818884427356, 0.9112753545916268, 1.124060711596949, 1.0918553682168552, 1.0519012231472415, 1.0604058710082023, 1.1010962834034748, 1.1484706050156464, 1.2414843039249468, 1.286522046207647, 1.3072562312959182, 1.4024657757114494, 1.4690763553789117, 1.4352382086312834, 1.3078676789813133, 1.2336627867197074, 1.2117583717879756, 1.0914323600059634]",40,True,81,0.1,0.3665893271461717,,1,0.07071067811865475,7.778174593052023
20260927T095930443635Z_577f21e5,PURE_OR,5,1.0,5,5,6,6.0,5.5,0.19,0.5,10,2,5760.0,"[0.8592549273600911, 0.6058380411445193, 0.4316697215292379, 0.32461244914431125, 0.29898418014229616, 0.3853292566116986, 0.6184818884427356, 0.9112753545916268, 1.124060711596949, 1.0918553682168552, 1.0519012231472415, 1.0604058710082023, 1.1010962834034748, 1.1484706050156464, 1.2414843039249468, 1.286522046207647, 1.3072562312959182, 1.4024657757114494, 1.4690763553789117, 1.4352382086312834, 1.3078676789813133, 1.2336627867197074, 1.2117583717879756, 1.0914323600059634]",40,True,81,0.2,0.3665893271461717,,1,0.1414213562373095,7.778174593052023
20260927T095930443635Z_577f21e5,PURE_OR,5,1.0,5,5,6,6.0,5.5,0.19,0.5,10,2,5760.0,"[0.8592549273600911, 0.6058380411445193, 0.4316697215292379, 0.32461244914431125, 0.29898418014229616, 0.3853292566116986, 0.6184818884427356, 0.9112753545916268, 1.124060711596949, 1.0918553682168552, 1.0519012231472415, 1.0604058710082023, 1.1010962834034748, 1.1484706050156464, 1.2414843039249468, 1.286522046207647, 1.3072562312959182, 1.4024657757114494, 1.4690763553789117, 1.4352382086312834, 1.3078676789813133, 1.2336627867197074, 1.2117583717879756, 1.0914323600059634]",40,True,81,0.2442732516826255,0.3665893271461717,,1,0.17272727272727273,7.778174593052023
20260927T095930443635Z_577f21e5,PURE_OR,10,0.33,5,5,6,5.5,5.5,0.19,0.5,10,2,5760.0,"[0.8592549273600911, 0.6058380411445193, 0.4316697215292379, 0.32461244914431125, 0.29898418014229616, 0.3853292566116986, 0.6184818884427356, 0.9112753545916268, 1.124060711596949, 1.0918553682168552, 1.0519012231472415, 1.0604058710082023, 1.1010962834034748, 1.1484706050156464, 1.2414843039249468, 1.286522046207647, 1.3072562312959182, 1.4024657757114494, 1.4690763553789117, 1.4352382086312834, 1.3078676789813133, 1.2336627867197074, 1.2117583717879756, 1.0914323600059634]",40,True,81,0.1,0.2169763937719739,,1,0.07071067811865475,7.778174593052023
20260927T095930443635Z_577f21e5,PURE_OR,10,0.33,5,5,6,5.5,5.5,0.19,0.5,10,2,5760.0,"[0.8592549273600911, 0.6058380411445193, 0.4316697215292379, 0.32461244914431125, 0.29898418014229616, 0.3853292566116986, 0.6184818884427356, 0.9112753545916268, 1.124060711596949, 1.0918553682168552, 1.0519012231472415, 1.0604058710082023, 1.1010962834034748, 1.1484706050156464, 1.2414843039249468, 1.286522046207647, 1.3072562312959182, 1.4024657757114494, 1.4690763553789117, 1.4352382086312834, 1.3078676789813133, 1.2336627867197074, 1.2117583717879756, 1.0914323600059634]",40,True,81,0.2,0.2169763937719739,,1,0.1414213562373095,7.778174593052023
20260927T095930443635Z_577f21e5,PURE_OR,10,0.33,5,5,6,5.5,5.5,0.19,0.5,10,2,5760.0,"[0.8592549273600911, 0.6058380411445193, 0.4316697215292379, 0.32461244914431125, 0.29898418014229616, 0.3853292566116986, 0.6184818884427356, 0.9112753545916268, 1.124060711596949, 1.0918553682168552, 1.0519012231472415, 1.0604058710082023, 1.1010962834034748, 1.1484706050156464, 1.2414843039249468, 1.286522046207647, 1.3072562312959182, 1.4024657757114494, 1.4690763553789117, 1.4352382086312834, 1.3078676789813133, 1.2336627867197074, 1.2117583717879756, 1.0914323600059634]",40,True,81,0.2442732516826255,0.2169763937719739,,1,0.17272727272727273,7.778174593052023
20260927T095930443635Z_577f21e5,PURE_OR,10,0.33,5,5,6,6.0,5.5,0.19,0.5,10,2,5760.0,"[0.8592549273600911, 0.6058380411445193, 0.4316697215292379, 0.32461244914431125, 0.29898418014229616, 0.3853292566116986, 0.6184818884427356, 0.9112753545916268, 1.124060711596949, 1.0918553682168552, 1.0519012231472415, 1.0604058710082023, 1.1010962834034748, 1.1484706050156464, 1.2414843039249468, 1.286522046207647, 1.3072562312959182, 1.4024657757114494, 1.4690763553789117, 1.4352382086312834, 1.3078676789813133, 1.2336627867197074, 1.2117583717879756, 1.0914323600059634]",40,True,81,0.1,0.2169763937719739,,1,0.07071067811865475,7.778174593052023
20260927T095930443635Z_577f21e5,PURE_OR,10,0.33,5,5,6,6.0,5.5,0.19,0.5,10,2,5760.0,"[0.8592549273600911, 0.6058380411445193, 0.4316697215292379, 0.32461244914431125, 0.29898418014229616, 0.3853292566116986, 0.6184818884427356, 0.9112753545916268, 1.124060711596949, 1.0918553682168552, 1.0519012231472415, 1.0604058710082023, 1.1010962834034748, 1.1484706050156464, 1.2414843039249468, 1.286522046207647, 1.3072562312959182, 1.4024657757114494, 1.4690763553789117, 1.4352382086312834, 1.3078676789813133, 1.2336627867197074, 1.2117583717879756, 1.0914323600059634]",40,True,81,0.2,0.2169763937719739,,1,0.1414213562373095,7.778174593052023
20260927T095930443635Z_577f21e5,PURE_OR,10,0.33,5,5,6,6.0,5.5,0.19,0.5,10,2,5760.0,"[0.8592549273600911, 0.6058380411445193, 0.4316697215292379, 0.32461244914431125, 0.29898418014229616, 0.3853292566116986, 0.6184818884427356, 0.9112753545916268, 1.124060711596949, 1.0918553682168552, 1.0519012231472415, 1.0604058710082023, 1.1010962834034748, 1.1484706050156464, 1.2414843039249468, 1.286522046207647, 1.3072562312959182, 1.4024657757114494, 1.4690763553789117, 1.4352382086312834, 1.3078676789813133, 1.2336627867197074, 1.2117583717879756, 1.0914323600059634]",40,True,81,0.2442732516826255,0.2169763937719739,,1,0.17272727272727273,7.778174593052023
20260927T095930443635Z_577f21e5,PURE_OR,10,0.5,5,5,6,5.5,5.5,0.19,0.5,10,2,5760.0,"[0.8592549273600911, 0.6058380411445193, 0.4316697215292379, 0.32461244914431125, 0.29898418014229616, 0.3853292566116986, 0.6184818884427356, 0.9112753545916268, 1.124060711596949, 1.0918553682168552, 1.0519012231472415, 1.0604058710082023, 1.1010962834034748, 1.1484706050156464, 1.2414843039249468, 1.286522046207647, 1.3072562312959182, 1.4024657757114494, 1.4690763553789117, 1.4352382086312834, 1.3078676789813133, 1.2336627867197074, 1.2117583717879756, 1.0914323600059634]",40,True,81,0.1,0.2765135251180764,,1,0.07071067811865475,7.778174593052023
20260927T095930443635Z_577f21e5,PURE_OR,10,0.5,5,5,6,5.5,5.5,0.19,0.5,10,2,5760.0,"[0.8592549273600911, 0.6058380411445193, 0.4316697215292379, 0.32461244914431125, 0.29898418014229616, 0.3853292566116986, 0.6184818884427356, 0.9112753545916268, 1.124060711596949, 1.0918553682168552, 1.0519012231472415, 1.0604058710082023, 1.1010962834034748, 1.1484706050156464, 1.2414843039249468, 1.286522046207647, 1.3072562312959182, 1.4024657757114494, 1.4690763553789117, 1.4352382086312834, 1.3078676789813133, 1.2336627867197074, 1.2117583717879756, 1.0914323600059634]",40,True,81,0.2,0.2765135251180764,,1,0.1414213562373095,7.778174593052023
20260927T095930443635Z_577f21e5,PURE_OR,10,0.5,5,5,6,5.5,5.5,0.19,0.5,10,2,5760.0,"[0.8592549273600911, 0.6058380411445193, 0.4316697215292379, 0.32461244914431125, 0.29898418014229616, 0.3853292566116986, 0.6184818884427356, 0.9112753545916268, 1.124060711596949, 1.0918553682168552, 1.0519012231472415, 1.0604058710082023, 1.1010962834034748, 1.1484706050156464, 1.2414843039249468, 1.286522046207647, 1.3072562312959182, 1.4024657757114494, 1.4690763553789117, 1.4352382086312834, 1.3078676789813133, 1.2336627867197074, 1.2117583717879756, 1.0914323600059634]",40,True,81,0.2442732516826255,0.2765135251180764,,1,0.17272727272727273,7.778174593052023
20260927T095930443635Z_577f21e5,PURE_OR,10,0.5,5,5,6,6.0,5.5,0.19,0.5,10,2,5760.0,"[0.8592549273600911, 0.6058380411445193, 0.4316697215292379, 0.32461244914431125, 0.29898418014229616, 0.3853292566116986, 0.6184818884427356, 0.9112753545916268, 1.124060711596949, 1.0918553682168552, 1.0519012231472415, 1.0604058710082023, 1.1010962834034748, 1.1484706050156464, 1.2414843039249468, 1.286522046207647, 1.3072562312959182, 1.4024657757114494, 1.4690763553789117, 1.4352382086312834, 1.3078676789813133, 1.2336627867197074, 1.2117583717879756, 1.0914323600059634]",40,True,81,0.1,0.2765135251180764,,1,0.07071067811865475,7.778174593052023
20260927T095930443635Z_577f21e5,PURE_OR,10,0.5,5,5,6,6.0,5.5,0.19,0.5,10,2,5760.0,"[0.8592549273600911, 0.6058380411445193, 0.4316697215292379, 0.32461244914431125, 0.29898418014229616, 0.3853292566116986, 0.6184818884427356, 0.9112753545916268, 1.124060711596949, 1.0918553682168552, 1.0519012231472415, 1.0604058710082023, 1.1010962834034748, 1.1484706050156464, 1.2414843039249468, 1.286522046207647, 1.3072562312959182, 1.4024657757114494, 1.4690763553789117, 1.4352382086312834, 1.3078676789813133, 1.2336627867197074, 1.2117583717879756, 1.0914323600059634]",40,True,81,0.2,0.2765135251180764,,1,0.1414213562373095,7.778174593052023
20260927T095930443635Z_577f21e5,PURE_OR,10,0.5,5,5,6,6.0,5.5,0.19,0.5,10,2,5760.0,"[0.8592549273600911, 0.6058380411445193, 0.4316697215292379, 0.32461244914431125, 0.29898418014229616, 0.3853292566116986, 0.6184818884427356, 0.9112753545916268, 1.124060711596949, 1.0918553682168552, 1.0519012231472415, 1.0604058710082023, 1.1010962834034748, 1.1484706050156464, 1.2414843039249468, 1.286522046207647, 1.3072562312959182, 1.4024657757114494, 1.4690763553789117, 1.4352382086312834, 1.3078676789813133, 1.2336627867197074, 1.2117583717879756, 1.0914323600059634]",40,True,81,0.2442732516826255,0.2765135251180764,,1,0.17272727272727273,7.778174593052023
20260927T095930443635Z_577f21e5,PURE_OR,10,0.67,5,5,6,5.5,5.5,0.19,0.5,10,2,5760.0,"[0.8592549273600911, 0.6058380411445193, 0.4316697215292379, 0.32461244914431125, 0.29898418014229616, 0.3853292566116986, 0.6184818884427356, 0.9112753545916268, 1.124060711596949, 1.0918553682168552, 1.0519012231472415, 1.0604058710082023, 1.1010962834034748, 1.1484706050156464, 1.2414843039249468, 1.286522046207647, 1.3072562312959182, 1.4024657757114494, 1.4690763553789117, 1.4352382086312834, 1.3078676789813133, 1.2336627867197074, 1.2117583717879756, 1.0914323600059634]",40,True,81,0.1,0.31082062454611475,,1,0.07071067811865475,7.778174593052023
20260927T095930443635Z_577f21e5,PURE_OR,10,0.67,5,5,6,5.5,5.5,0.19,0.5,10,2,5760.0,"[0.8592549273600911, 0.6058380411445193, 0.4316697215292379, 0.32461244914431125, 0.29898418014229616, 0.3853292566116986, 0.6184818884427356, 0.9112753545916268, 1.124060711596949, 1.0918553682168552, 1.0519012231472415, 1.0604058710082023, 1.1010962834034748, 1.1484706050156464, 1.2414843039249468, 1.286522046207647, 1.3072562312959182, 1.4024657757114494, 1.4690763553789117, 1.4352382086312834, 1.3078676789813133, 1.2336627867197074, 1.2117583717879756, 1.0914323600059634]",40,True,81,0.2,0.31082062454611475,,1,0.1414213562373095,7.778174593052023
20260927T095930443635Z_577f21e5,PURE_OR,10,0.67,5,5,6,5.5,5.5,0.19,0.5,10,2,5760.0,"[0.8592549273600911, 0.6058380411445193, 0.4316697215292379, 0.32461244914431125, 0.29898418014229616, 0.3853292566116986, 0.6184818884427356, 0.9112753545916268, 1.124060711596949, 1.0918553682168552, 1.0519012231472415, 1.0604058710082023, 1.1010962834034748, 1.1484706050156464, 1.2414843039249468, 1.286522046207647, 1.3072562312959182, 1.4024657757114494, 1.4690763553789117, 1.4352382086312834, 1.3078676789813133, 1.2336627867197074, 1.2117583717879756, 1.0914323600059634]",40,True,81,0.2442732516826255,0.31082062454611475,,1,0.17272727272727273,7.778174593052023
20260927T095930443635Z_577f21e5,PURE_OR,10,0.67,5,5,6,6.0,5.5,0.19,0.5,10,2,5760.0,"[0.8592549273600911, 0.6058380411445193, 0.4316697215292379, 0.32461244914431125, 0.29898418014229616, 0.3853292566116986, 0.6184818884427356, 0.9112753545916268, 1.124060711596949, 1.0918553682168552, 1.0519012231472415, 1.0604058710082023, 1.1010962834034748, 1.1484706050156464, 1.2414843039249468, 1.286522046207647, 1.3072562312959182, 1.4024657757114494, 1.4690763553789117, 1.4352382086312834, 1.3078676789813133, 1.2336627867197074, 1.2117583717879756, 1.0914323600059634]",40,True,81,0.1,0.31082062454611475,,1,0.07071067811865475,7.778174593052023
20260927T095930443635Z_577f21e5,PURE_OR,10,0.67,5,5,6,6.0,5.5,0.19,0.5,10,2,5760.0,"[0.8592549273600911, 0.6058380411445193, 0.4316697215292379, 0.32461244914431125, 0.29898418014229616, 0.3853292566116986, 0.6184818884427356, 0.9112753545916268, 1.124060711596949, 1.0918553682168552, 1.0519012231472415, 1.0604058710082023, 1.1010962834034748, 1.1484706050156464, 1.2414843039249468, 1.286522046207647, 1.3072562312959182, 1.4024657757114494, 1.4690763553789117, 1.4352382086312834, 1.3078676789813133, 1.2336627867197074, 1.2117583717879756, 1.0914323600059634]",40,True,81,0.2,0.31082062454611475,,1,0.1414213562373095,7.778174593052023
20260927T095930443635Z_577f21e5,PURE_OR,10,0.67,5,5,6,6.0,5.5,0.19,0.5,10,2,5760.0,"[0.8592549273600911, 0.6058380411445193, 0.4316697215292379, 0.32461244914431125, 0.29898418014229616, 0.3853292566116986, 0.6184818884427356, 0.9112753545916268, 1.124060711596949, 1.0918553682168552, 1.0519012231472415, 1.0604058710082023, 1.1010962834034748, 1.1484706050156464, 1.2414843039249468, 1.286522046207647, 1.3072562312959182, 1.4024657757114494, 1.4690763553789117, 1.4352382086312834, 1.3078676789813133, 1.2336627867197074, 1.2117583717879756, 1.0914323600059634]",40,True,81,0.2442732516826255,0.31082062454611475,,1,0.17272727272727273,7.778174593052023
20260927T095930443635Z_577f21e5,PURE_OR,10,0.83,5,5,6,5.5,5.5,0.19,0.5,10,2,5760.0,"[0.8592549273600911, 0.6058380411445193, 0.4316697215292379, 0.32461244914431125, 0.29898418014229616, 0.3853292566116986, 0.6184818884427356, 0.9112753545916268, 1.124060711596949, 1.0918553682168552, 1.0519012231472415, 1.0604058710082023, 1.1010962834034748, 1.1484706050156464, 1.2414843039249468, 1.286522046207647, 1.3072562312959182, 1.4024657757114494, 1.4690763553789117, 1.4352382086312834, 1.3078676789813133, 1.2336627867197074, 1.2117583717879756, 1.0914323600059634]",40,True,81,0.1,0.3373957665169981,,1,0.07071067811865475,7.778174593052023
20260927T095930443635Z_577f21e5,PURE_OR,10,0.83,5,5,6,5.5,5.5,0.19,0.5,10,2,5760.0,"[0.8592549273600911, 0.6058380411445193, 0.4316697215292379, 0.32461244914431125, 0.29898418014229616, 0.3853292566116986, 0.6184818884427356, 0.9112753545916268, 1.124060711596949, 1.0918553682168552, 1.0519012231472415, 1.0604058710082023, 1.1010962834034748, 1.1484706050156464, 1.2414843039249468, 1.286522046207647, 1.3072562312959182, 1.4024657757114494, 1.4690763553789117, 1.4352382086312834, 1.3078676789813133, 1.2336627867197074, 1.2117583717879756, 1.0914323600059634]",40,True,81,0.2,0.3373957665169981,,1,0.1414213562373095,7.778174593052023
20260927T095930443635Z_577f21e5,PURE_OR,10,0.83,5,5,6,5.5,5.5,0.19,0.5,10,2,5760.0,"[0.8592549273600911, 0.6058380411445193, 0.4316697215292379, 0.32461244914431125, 0.29898418014229616, 0.3853292566116986, 0.6184818884427356, 0.9112753545916268, 1.124060711596949, 1.0918553682168552, 1.0519012231472415, 1.0604058710082023, 1.1010962834034748, 1.1484706050156464, 1.2414843039249468, 1.286522046207647, 1.3072562312959182, 1.4024657757114494, 1.4690763553789117, 1.4352382086312834, 1.3078676789813133, 1.2336627867197074, 1.2117583717879756, 1.0914323600059634]",40,True,81,0.2442732516826255,0.3373957665169981,,1,0.17272727272727273,7.778174593052023
20260927T095930443635Z_577f21e5,PURE_OR,10,0.83,5,5,6,6.0,5.5,0.19,0.5,10,2,5760.0,"[0.8592549273600911, 0.6058380411445193, 0.4316697215292379, 0.32461244914431125, 0.29898418014229616, 0.3853292566116986, 0.6184818884427356, 0.9112753545916268, 1.124060711596949, 1.0918553682168552, 1.0519012231472415, 1.0604058710082023, 1.1010962834034748, 1.1484706050156464, 1.2414843039249468, 1.286522046207647, 1.3072562312959182, 1.4024657757114494, 1.4690763553789117, 1.4352382086312834, 1.3078676789813133, 1.2336627867197074, 1.2117583717879756, 1.0914323600059634]",40,True,81,0.1,0.3373957665169981,,1,0.07071067811865475,7.778174593052023
20260927T095930443635Z_577f21e5,PURE_OR,10,0.83,5,5,6,6.0,5.5,0.19,0.5,10,2,5760.0,"[0.8592549273600911, 0.6058380411445193, 0.4316697215292379, 0.32461244914431125, 0.29898418014229616, 0.3853292566116986, 0.6184818884427356, 0.9112753545916268, 1.124060711596949, 1.0918553682168552, 1.0519012231472415, 1.0604058710082023, 1.1010962834034748, 1.1484706050156464, 1.2414843039249468, 1.286522046207647, 1.3072562312959182, 1.4024657757114494, 1.4690763553789117, 1.4352382086312834, 1.3078676789813133, 1.2336627867197074, 1.2117583717879756, 1.0914323600059634]",40,True,81,0.2,0.3373957665169981,,1,0.1414213562373095,7.778174593052023
20260927T095930443635Z_577f21e5,PURE_OR,10,0.83,5,5,6,6.0,5.5,0.19,0.5,10,2,5760.0,"[0.8592549273600911, 0.6058380411445193, 0.4316697215292379, 0.32461244914431125, 0.29898418014229616, 0.3853292566116986, 0.6184818884427356, 0.9112753545916268, 1.124060711596949, 1.0918553682168552, 1.0519012231472415, 1.0604058710082023, 1.1010962834034748, 1.1484706050156464, 1.2414843039249468, 1.286522046207647, 1.3072562312959182, 1.4024657757114494, 1.4690763553789117, 1.4352382086312834, 1.3078676789813133, 1.2336627867197074, 1.2117583717879756, 1.0914323600059634]",40,True,81,0.2442732516826255,0.3373957665169981,,1,0.17272727272727273,7.778174593052023
20260927T095930443635Z_577f21e5,PURE_OR,10,1.0,5,5,6,5.5,5.5,0.19,0.5,10,2,5760.0,"[0.8592549273600911, 0.6058380411445193, 0.4316697215292379, 0.32461244914431125, 0.29898418014229616, 0.3853292566116986, 0.6184818884427356, 0.9112753545916268, 1.124060711596949, 1.0918553682168552, 1.0519012231472415, 1.0604058710082023, 1.1010962834034748, 1.1484706050156464, 1.2414843039249468, 1.286522046207647, 1.3072562312959182, 1.4024657757114494, 1.4690763553789117, 1.4352382086312834, 1.3078676789813133, 1.2336627867197074, 1.2117583717879756, 1.0914323600059634]",40,True,81,0.1,0.36574074074074076,,1,0.07071067811865475,7.778174593052023
20260927T095930443635Z_577f21e5,PURE_OR,10,1.0,5,5,6,5.5,5.5,0.19,0.5,10,2,5760.0,"[0.8592549273600911, 0.6058380411445193, 0.4316697215292379, 0.32461244914431125, 0.29898418014229616, 0.3853292566116986, 0.6184818884427356, 0.9112753545916268, 1.124060711596949, 1.0918553682168552, 1.0519012231472415, 1.0604058710082023, 1.1010962834034748, 1.1484706050156464, 1.2414843039249468, 1.286522046207647, 1.3072562312959182, 1.4024657757114494, 1.4690763553789117, 1.4352382086312834, 1.3078676789813133, 1.2336627867197074, 1.2117583717879756, 1.0914323600059634]",40,True,81,0.2,0.36574074074074076,,1,0.1414213562373095,7.778174593052023
20260927T095930443635Z_577f21e5,PURE_OR,10,1.0,5,5,6,5.5,5.5,0.19,0.5,10,2,5760.0,"[0.8592549273600911, 0.6058380411445193, 0.4316697215292379, 0.32461244914431125, 0.29898418014229616, 0.3853292566116986, 0.6184818884427356, 0.9112753545916268, 1.124060711596949, 1.0918553682168552, 1.0519012231472415, 1.0604058710082023, 1.1010962834034748, 1.1484706050156464, 1.2414843039249468, 1.286522046207647, 1.3072562312959182, 1.4024657757114494, 1.4690763553789117, 1.4352382086312834, 1.3078676789813133, 1.2336627867197074, 1.2117583717879756, 1.0914323600059634]",40,True,81,0.2442732516826255,0.36574074074074076,,1,0.17272727272727273,7.778174593052023
20260927T095930443635Z_577f21e5,PURE_OR,10,1.0,5,5,6,6.0,5.5,0.19,0.5,10,2,5760.0,"[0.8592549273600911, 0.6058380411445193, 0.4316697215292379, 0.32461244914431125, 0.29898418014229616, 0.3853292566116986, 0.6184818884427356, 0.9112753545916268, 1.124060711596949, 1.0918553682168552, 1.0519012231472415, 1.0604058710082023, 1.1010962834034748, 1.1484706050156464, 1.2414843039249468, 1.286522046207647, 1.3072562312959182, 1.4024657757114494, 1.4690763553789117, 1.4352382086312834, 1.3078676789813133, 1.2336627867197074, 1.2117583717879756, 1.0914323600059634]",40,True,81,0.1,0.36574074074074076,,1,0.07071067811865475,7.778174593052023
20260927T095930443635Z_577f21e5,PURE_OR,10,1.0,5,5,6,6.0,5.5,0.19,0.5,10,2,5760.0,"[0.8592549273600911, 0.6058380411445193, 0.4316697215292379, 0.32461244914431125, 0.29898418014229616, 0.3853292566116986, 0.6184818884427356, 0.9112753545916268, 1.124060711596949, 1.0918553682168552, 1.0519012231472415, 1.0604058710082023, 1.1010962834034748, 1.1484706050156464, 1.2414843039249468, 1.286522046207647, 1.3072562312959182, 1.4024657757114494, 1.4690763553789117, 1.4352382086312834, 1.3078676789813133, 1.2336627867197074, 1.2117583717879756, 1.0914323600059634]",40,True,81,0.2,0.36574074074074076,,1,0.1414213562373095,7.778174593052023
20260927T095930443635Z_577f21e5,PURE_OR,10,1.0,5,5,6,6.0,5.5,0.19,0.5,10,2,5760.0,"[0.8592549273600911, 0.6058380411445193, 0.4316697215292379, 0.32461244914431125, 0.29898418014229616, 0.3853292566116986, 0.6184818884427356, 0.9112753545916268, 1.124060711596949, 1.0918553682168552, 1.0519012231472415, 1.0604058710082023, 1.1010962834034748, 1.1484706050156464, 1.2414843039249468, 1.286522046207647, 1.3072562312959182, 1.4024657757114494, 1.4690763553789117, 1.4352382086312834, 1.3078676789813133, 1.2336627867197074, 1.2117583717879756, 1.0914323600059634]",40,True,81,0.2442732516826255,0.36574074074074076,,1,0.17272727272727273,7.778174593052023
20260927T095930443635Z_577f21e5,PURE_OR,20,0.33,5,5,6,5.5,5.5,0.19,0.5,10,2,5760.0,"[0.8592549273600911, 0.6058380411445193, 0.4316697215292379, 0.32461244914431125, 0.29898418014229616, 0.3853292566116986, 0.6184818884427356, 0.9112753545916268, 1.124060711596949, 1.0918553682168552, 1.0519012231472415, 1.0604058710082023, 1.1010962834034748, 1.1484706050156464, 1.2414843039249468, 1.286522046207647, 1.3072562312959182, 1.4024657757114494, 1.4690763553789117, 1.4352382086312834, 1.3078676789813133, 1.2336627867197074, 1.2117583717879756, 1.0914323600059634]",40,True,81,0.1,0.2169763937719739,,1,0.07071067811865475,7.778174593052023
20260927T095930443635Z_577f21e5,PURE_OR,20,0.33,5,5,6,5.5,5.5,0.19,0.5,10,2,5760.0,"[0.8592549273600911, 0.6058380411445193, 0.4316697215292379, 0.32461244914431125, 0.29898418014229616, 0.3853292566116986, 0.6184818884427356, 0.9112753545916268, 1.124060711596949, 1.0918553682168552, 1.0519012231472415, 1.0604058710082023, 1.1010962834034748, 1.1484706050156464, 1.2414843039249468, 1.286522046207647, 1.3072562312959182, 1.4024657757114494, 1.4690763553789117, 1.4352382086312834, 1.3078676789813133, 1.2336627867197074, 1.2117583717879756, 1.0914323600059634]",40,True,81,0.2,0.2169763937719739,,1,0.1414213562373095,7.778174593052023
20260927T095930443635Z_577f21e5,PURE_OR,20,0.33,5,5,6,5.5,5.5,0.19,0.5,10,2,5760.0,"[0.8592549273600911, 0.6058380411445193, 0.4316697215292379, 0.32461244914431125, 0.29898418014229616, 0.3853292566116986, 0.6184818884427356, 0.9112753545916268, 1.124060711596949, 1.0918553682168552, 1.0519012231472415, 1.0604058710082023, 1.1010962834034748, 1.1484706050156464, 1.2414843039249468, 1.286522046207647, 1.3072562312959182, 1.4024657757114494, 1.4690763553789117, 1.4352382086312834, 1.3078676789813133, 1.2336627867197074, 1.2117583717879756, 1.0914323600059634]",40,True,81,0.2442732516826255,0.2169763937719739,,1,0.17272727272727273,7.778174593052023
20260927T095930443635Z_577f21e5,PURE_OR,20,0.33,5,5,6,6.0,5.5,0.19,0.5,10,2,5760.0,"[0.8592549273600911, 0.6058380411445193, 0.4316697215292379, 0.32461244914431125, 0.29898418014229616, 0.3853292566116986, 0.6184818884427356, 0.9112753545916268, 1.124060711596949, 1.0918553682168552, 1.0519012231472415, 1.0604058710082023, 1.1010962834034748, 1.1484706050156464, 1.2414843039249468, 1.286522046207647, 1.3072562312959182, 1.4024657757114494, 1.4690763553789117, 1.4352382086312834, 1.3078676789813133, 1.2336627867197074, 1.2117583717879756, 1.0914323600059634]",40,True,81,0.1,0.2169763937719739,,1,0.07071067811865475,7.778174593052023
20260927T095930443635Z_577f21e5,PURE_OR,20,0.33,5,5,6,6.0,5.5,0.19,0.5,10,2,5760.0,"[0.8592549273600911, 0.6058380411445193, 0.4316697215292379, 0.32461244914431125, 0.29898418014229616, 0.3853292566116986, 0.6184818884427356, 0.9112753545916268, 1.124060711596949, 1.0918553682168552, 1.0519012231472415, 1.0604058710082023, 1.1010962834034748, 1.1484706050156464, 1.2414843039249468, 1.286522046207647, 1.3072562312959182, 1.4024657757114494, 1.4690763553789117, 1.4352382086312834, 1.3078676789813133, 1.2336627867197074, 1.2117583717879756, 1.0914323600059634]",40,True,81,0.2,0.2169763937719739,,1,0.1414213562373095,7.778174593052023
20260927T095930443635Z_577f21e5,PURE_OR,20,0.33,5,5,6,6.0,5.5,0.19,0.5,10,2,5760.0,"[0.8592549273600911, 0.6058380411445193, 0.4316697215292379, 0.32461244914431125, 0.29898418014229616, 0.3853292566116986, 0.6184818884427356, 0.9112753545916268, 1.124060711596949, 1.0918553682168552, 1.0519012231472415, 1.0604058710082023, 1.1010962834034748, 1.1484706050156464, 1.2414843039249468, 1.286522046207647, 1.3072562312959182, 1.4024657757114494, 1.4690763553789117, 1.4352382086312834, 1.3078676789813133, 1.2336627867197074, 1.2117583717879756, 1.0914323600059634]",40,True,81,0.2442732516826255,0.2169763937719739,,1,0.17272727272727273,7.778174593052023
20260927T095930443635Z_577f21e5,PURE_OR,20,0.5,5,5,6,5.5,5.5,0.19,0.5,10,2,5760.0,"[0.8592549273600911, 0.6058380411445193, 0.4316697215292379, 0.32461244914431125, 0.29898418014229616, 0.3853292566116986, 0.6184818884427356, 0.9112753545916268, 1.124060711596949, 1.0918553682168552, 1.0519012231472415, 1.0604058710082023, 1.1010962834034748, 1.1484706050156464, 1.2414843039249468, 1.286522046207647, 1.3072562312959182, 1.4024657757114494, 1.4690763553789117, 1.4352382086312834, 1.3078676789813133, 1.2336627867197074, 1.2117583717879756, 1.0914323600059634]",40,True,81,0.1,0.2765135251180764,,1,0.07071067811865475,7.778174593052023
20260927T095930443635Z_577f21e5,PURE_OR,20,0.5,5,5,6,5.5,5.5,0.19,0.5,10,2,5760.0,"[0.8592549273600911, 0.6058380411445193, 0.4316697215292379, 0.32461244914431125, 0.29898418014229616, 0.3853292566116986, 0.6184818884427356, 0.9112753545916268, 1.124060711596949, 1.0918553682168552, 1.0519012231472415, 1.0604058710082023, 1.1010962834034748, 1.1484706050156464, 1.2414843039249468, 1.286522046207647, 1.3072562312959182, 1.4024657757114494, 1.4690763553789117, 1.4352382086312834, 1.3078676789813133, 1.2336627867197074, 1.2117583717879756, 1.0914323600059634]",40,True,81,0.2,0.27639484978540774,,1,0.1414213562373095,7.778174593052023
20260927T095930443635Z_577f21e5,PURE_OR,20,0.5,5,5,6,5.5,5.5,0.19,0.5,10,2,5760.0,"[0.8592549273600911, 0.6058380411445193, 0.4316697215292379, 0.32461244914431125, 0.29898418014229616, 0.3853292566116986, 0.6184818884427356, 0.9112753545916268, 1.124060711596949, 1.0918553682168552, 1.0519012231472415, 1.0604058710082023, 1.1010962834034748, 1.1484706050156464, 1.2414843039249468, 1.286522046207647, 1.3072562312959182, 1.4024657757114494, 1.4690763553789117, 1.4352382086312834, 1.3078676789813133, 1.2336627867197074, 1.2117583717879756, 1.0914323600059634]",40,True,81,0.2442732516826255,0.2765135251180764,,1,0.17272727272727273,7.778174593052023
20260927T095930443635Z_577f21e5,PURE_OR,20,0.5,5,5,6,6.0,5.5,0.19,0.5,10,2,5760.0,"[0.8592549273600911, 0.6058380411445193, 0.4316697215292379, 0.32461244914431125, 0.29898418014229616, 0.3853292566116986, 0.6184818884427356, 0.9112753545916268, 1.124060711596949, 1.0918553682168552, 1.0519012231472415, 1.0604058710082023, 1.1010962834034748, 1.1484706050156464, 1.2414843039249468, 1.286522046207647, 1.3072562312959182, 1.4024657757114494, 1.4690763553789117, 1.4352382086312834, 1.3078676789813133, 1.2336627867197074, 1.2117583717879756, 1.0914323600059634]",40,True,81,0.1,0.27639484978540774,,1,0.07071067811865475,7.778174593052023
20260927T095930443635Z_577f21e5,PURE_OR,20,0.5,5,5,6,6.0,5.5,0.19,0.5,10,2,5760.0,"[0.8592549273600911, 0.6058380411445193, 0.4316697215292379, 0.32461244914431125, 0.29898418014229616, 0.3853292566116986, 0.6184818884427356, 0.9112753545916268, 1.124060711596949, 1.0918553682168552, 1.0519012231472415, 1.0604058710082023, 1.1010962834034748, 1.1484706050156464, 1.2414843039249468, 1.286522046207647, 1.3072562312959182, 1.4024657757114494, 1.4690763553789117, 1.4352382086312834, 1.3078676789813133, 1.2336627867197074, 1.2117583717879756, 1.0914323600059634]",40,True,81,0.2,0.27639484978540774,,1,0.1414213562373095,7.778174593052023
20260927T095930443635Z_577f21e5,PURE_OR,20,0.5,5,5,6,6.0,5.5,0.19,0.5,10,2,5760.0,"[0.8592549273600911, 0.6058380411445193, 0.4316697215292379, 0.32461244914431125, 0.29898418014229616, 0.3853292566116986, 0.6184818884427356, 0.9112753545916268, 1.124060711596949, 1.0918553682168552, 1.0519012231472415, 1.0604058710082023, 1.1010962834034748, 1.1484706050156464, 1.2414843039249468, 1.286522046207647, 1.3072562312959182, 1.4024657757114494, 1.4690763553789117, 1.4352382086312834, 1.3078676789813133, 1.2336627867197074, 1.2117583717879756, 1.0914323600059634]",40,True,81,0.2442732516826255,0.2765135251180764,,1,0.17272727272727273,7.778174593052023
20260927T095930443635Z_577f21e5,PURE_OR,20,0.67,5,5,6,5.5,5.5,0.19,0.5,10,2,5760.0,"[0.8592549273600911, 0.6058380411445193, 0.4316697215292379, 0.32461244914431125, 0.29898418014229616, 0.3853292566116986, 0.6184818884427356, 0.9112753545916268, 1.124060711596949, 1.0918553682168552, 1.0519012231472415, 1.0604058710082023, 1.1010962834034748, 1.1484706050156464, 1.2414843039249468, 1.286522046207647, 1.3072562312959182, 1.4024657757114494, 1.4690763553789117, 1.4352382086312834, 1.3078676789813133, 1.2336627867197074, 1.2117583717879756, 1.0914323600059634]",40,True,81,0.1,0.31082062454611475,,1,0.07071067811865475,7.778174593052023
20260927T095930443635Z_577f21e5,PURE_OR,20,0.67,5,5,6,5.5,5.5,0.19,0.5,10,2,5760.0,"[0.8592549273600911, 0.6058380411445193, 0.4316697215292379, 0.32461244914431125, 0.29898418014229616, 0.3853292566116986, 0.6184818884427356, 0.9112753545916268, 1.124060711596949, 1.0918553682168552, 1.0519012231472415, 1.0604058710082023, 1.1010962834034748, 1.1484706050156464, 1.2414843039249468, 1.286522046207647, 1.3072562312959182, 1.4024657757114494, 1.4690763553789117, 1.4352382086312834, 1.3078676789813133, 1.2336627867197074, 1.2117583717879756, 1.0914323600059634]",40,True,81,0.2,0.31082062454611475,,1,0.1414213562373095,7.778174593052023
20260927T095930443635Z_577f21e5,PURE_OR,20,0.67,5,5,6,5.5,5.5,0.19,0.5,10,2,5760.0,"[0.8592549273600911, 0.6058380411445193, 0.4316697215292379, 0.32461244914431125, 0.29898418014229616, 0.3853292566116986, 0.6184818884427356, 0.9112753545916268, 1.124060711596949, 1.0918553682168552, 1.0519012231472415, 1.0604058710082023, 1.1010962834034748, 1.1484706050156464, 1.2414843039249468, 1.286522046207647, 1.3072562312959182, 1.4024657757114494, 1.4690763553789117, 1.4352382086312834, 1.3078676789813133, 1.2336627867197074, 1.2117583717879756, 1.0914323600059634]",40,True,81,0.2442732516826255,0.31082062454611475,,1,0.17272727272727273,7.778174593052023
20260927T095930443635Z_577f21e5,PURE_OR,20,0.67,5,5,6,6.0,5.5,0.19,0.5,10,2,5760.0,"[0.8592549273600911, 0.6058380411445193, 0.4316697215292379, 0.32461244914431125, 0.29898418014229616, 0.3853292566116986, 0.6184818884427356, 0.9112753545916268, 1.124060711596949, 1.0918553682168552, 1.0519012231472415, 1.0604058710082023, 1.1010962834034748, 1.1484706050156464, 1.2414843039249468, 1.286522046207647, 1.3072562312959182, 1.4024657757114494, 1.4690763553789117, 1.4352382086312834, 1.3078676789813133, 1.2336627867197074, 1.2117583717879756, 1.0914323600059634]",40,True,81,0.1,0.31082062454611475,,1,0.07071067811865475,7.778174593052023
20260927T095930443635Z_577f21e5,PURE_OR,20,0.67,5,5,6,6.0,5.5,0.19,0.5,10,2,5760.0,"[0.8592549273600911, 0.6058380411445193, 0.4316697215292379, 0.32461244914431125, 0.29898418014229616, 0.3853292566116986, 0.6184818884427356, 0.9112753545916268, 1.124060711596949, 1.0918553682168552, 1.0519012231472415, 1.0604058710082023, 1.1010962834034748, 1.1484706050156464, 1.2414843039249468, 1.286522046207647, 1.3072562312959182, 1.4024657757114494, 1.4690763553789117, 1.4352382086312834, 1.3078676789813133, 1.2336627867197074, 1.2117583717879756, 1.0914323600059634]",40,True,81,0.2,0.31082062454611475,,1,0.1414213562373095,7.778174593052023
20260927T095930443635Z_577f21e5,PURE_OR,20,0.67,5,5,6,6.0,5.5,0.19,0.5,10,2,5760.0,"[0.8592549273600911, 0.6058380411445193, 0.4316697215292379, 0.32461244914431125, 0.29898418014229616, 0.3853292566116986, 0.6184818884427356, 0.9112753545916268, 1.124060711596949, 1.0918553682168552, 1.0519012231472415, 1.0604058710082023, 1.1010962834034748, 1.1484706050156464, 1.2414843039249468, 1.286522046207647, 1.3072562312959182, 1.4024657757114494, 1.4690763553789117, 1.4352382086312834, 1.3078676789813133, 1.2336627867197074, 1.2117583717879756, 1.0914323600059634]",40,True,81,0.2442732516826255,0.31082062454611475,,1,0.17272727272727273,7.778174593052023
20260927T095930443635Z_577f21e5,PURE_OR,20,0.83,5,5,6,5.5,5.5,0.19,0.5,10,2,5760.0,"[0.8592549273600911, 0.6058380411445193, 0.4316697215292379, 0.32461244914431125, 0.29898418014229616, 0.3853292566116986, 0.6184818884427356, 0.9112753545916268, 1.124060711596949, 1.0918553682168552, 1.0519012231472415, 1.0604058710082023, 1.1010962834034748, 1.1484706050156464, 1.2414843039249468, 1.286522046207647, 1.3072562312959182, 1.4024657757114494, 1.4690763553789117, 1.4352382086312834, 1.3078676789813133, 1.2336627867197074, 1.2117583717879756, 1.0914323600059634]",40,True,81,0.1,0.3373957665169981,,1,0.07071067811865475,7.778174593052023
20260927T095930443635Z_577f21e5,PURE_OR,20,0.83,5,5,6,5.5,5.5,0.19,0.5,10,2,5760.0,"[0.8592549273600911, 0.6058380411445193, 0.4316697215292379, 0.32461244914431125, 0.29898418014229616, 0.3853292566116986, 0.6184818884427356, 0.9112753545916268, 1.124060711596949, 1.0918553682168552, 1.0519012231472415, 1.0604058710082023, 1.1010962834034748, 1.1484706050156464, 1.2414843039249468, 1.286522046207647, 1.3072562312959182, 1.4024657757114494, 1.4690763553789117, 1.4352382086312834, 1.3078676789813133, 1.2336627867197074, 1.2117583717879756, 1.0914323600059634]",40,True,81,0.2,0.34278266536331053,,1,0.1414213562373095,7.778174593052023
20260927T095930443635Z_577f21e5,PURE_OR,20,0.83,5,5,6,5.5,5.5,0.19,0.5,10,2,5760.0,"[0.8592549273600911, 0.6058380411445193, 0.4316697215292379, 0.32461244914431125, 0.29898418014229616, 0.3853292566116986, 0.6184818884427356, 0.9112753545916268, 1.124060711596949, 1.0918553682168552, 1.0519012231472415, 1.0604058710082023, 1.1010962834034748, 1.1484706050156464, 1.2414843039249468, 1.286522046207647, 1.3072562312959182, 1.4024657757114494, 1.4690763553789117, 1.4352382086312834, 1.3078676789813133, 1.2336627867197074, 1.2117583717879756, 1.0914323600059634]",40,True,81,0.2442732516826255,0.34278266536331053,,1,0.17272727272727273,7.778174593052023
20260927T095930443635Z_577f21e5,PURE_OR,20,0.83,5,5,6,6.0,5.5,0.19,0.5,10,2,5760.0,"[0.8592549273600911, 0.6058380411445193, 0.4316697215292379, 0.32461244914431125, 0.29898418014229616, 0.3853292566116986, 0.6184818884427356, 0.9112753545916268, 1.124060711596949, 1.0918553682168552, 1.0519012231472415, 1.0604058710082023, 1.1010962834034748, 1.1484706050156464, 1.2414843039249468, 1.286522046207647, 1.3072562312959182, 1.4024657757114494, 1.4690763553789117, 1.4352382086312834, 1.3078676789813133, 1.2336627867197074, 1.2117583717879756, 1.0914323600059634]",40,True,81,0.1,0.34278266536331053,,1,0.07071067811865475,7.778174593052023
20260927T095930443635Z_577f21e5,PURE_OR,20,0.83,5,5,6,6.0,5.5,0.19,0.5,10,2,5760.0,"[0.8592549273600911, 0.6058380411445193, 0.4316697215292379, 0.32461244914431125, 0.29898418014229616, 0.3853292566116986, 0.6184818884427356, 0.9112753545916268, 1.124060711596949, 1.0918553682168552, 1.0519012231472415, 1.0604058710082023, 1.1010962834034748, 1.1484706050156464, 1.2414843039249468, 1.286522046207647, 1.3072562312959182, 1.4024657757114494, 1.4690763553789117, 1.4352382086312834, 1.3078676789813133, 1.2336627867197074, 1.2117583717879756, 1.0914323600059634]",40,True,81,0.2,0.34278266536331053,,1,0.1414213562373095,7.778174593052023
20260927T095930443635Z_577f21e5,PURE_OR,20,0.83,5,5,6,6.0,5.5,0.19,0.5,10,2,5760.0,"[0.8592549273600911, 0.6058380411445193, 0.4316697215292379, 0.32461244914431125, 0.29898418014229616, 0.3853292566116986, 0.6184818884427356, 0.9112753545916268, 1.124060711596949, 1.0918553682168552, 1.0519012231472415, 1.0604058710082023, 1.1010962834034748, 1.1484706050156464, 1.2414843039249468, 1.286522046207647, 1.3072562312959182, 1.4024657757114494, 1.4690763553789117, 1.4352382086312834, 1.3078676789813133, 1.2336627867197074, 1.2117583717879756, 1.0914323600059634]",40,True,81,0.2442732516826255,0.34278266536331053,,1,0.17272727272727273,7.778174593052023
20260927T095930443635Z_577f21e5,PURE_OR,20,1.0,5,5,6,5.5,5.5,0.19,0.5,10,2,5760.0,"[0.8592549273600911, 0.6058380411445193, 0.4316697215292379, 0.32461244914431125, 0.29898418014229616, 0.3853292566116986, 0.6184818884427356, 0.9112753545916268, 1.124060711596949, 1.0918553682168552, 1.0519012231472415, 1.0604058710082023, 1.1010962834034748, 1.1484706050156464, 1.2414843039249468, 1.286522046207647, 1.3072562312959182, 1.4024657757114494, 1.4690763553789117, 1.4352382086312834, 1.3078676789813133, 1.2336627867197074, 1.2117583717879756, 1.0914323600059634]",40,True,81,0.1,0.3665893271461717,,1,0.07071067811865475,7.778174593052023
20260927T095930443635Z_577f21e5,PURE_OR,20,1.0,5,5,6,5.5,5.5,0.19,0.5,10,2,5760.0,"[0.8592549273600911, 0.6058380411445193, 0.4316697215292379, 0.32461244914431125, 0.29898418014229616, 0.3853292566116986, 0.6184818884427356, 0.9112753545916268, 1.124060711596949, 1.0918553682168552, 1.0519012231472415, 1.0604058710082023, 1.1010962834034748, 1.1484706050156464, 1.2414843039249468, 1.286522046207647, 1.3072562312959182, 1.4024657757114494, 1.4690763553789117, 1.4352382086312834, 1.3078676789813133, 1.2336627867197074, 1.2117583717879756, 1.0914323600059634]",40,True,81,0.2,0.3665893271461717,,1,0.1414213562373095,7.778174593052023
20260927T095930443635Z_577f21e5,PURE_OR,20,1.0,5,5,6,5.5,5.5,0.19,0.5,10,2,5760.0,"[0.8592549273600911, 0.6058380411445193, 0.4316697215292379, 0.32461244914431125, 0.29898418014229616, 0.3853292566116986, 0.6184818884427356, 0.9112753545916268, 1.124060711596949, 1.0918553682168552, 1.0519012231472415, 1.0604058710082023, 1.1010962834034748, 1.1484706050156464, 1.2414843039249468, 1.286522046207647, 1.3072562312959182, 1.4024657757114494, 1.4690763553789117, 1.4352382086312834, 1.3078676789813133, 1.2336627867197074, 1.2117583717879756, 1.0914323600059634]",40,True,81,0.2442732516826255,0.3665893271461717,,1,0.17272727272727273,7.778174593052023
20260927T095930443635Z_577f21e5,PURE_OR,20,1.0,5,5,6,6.0,5.5,0.19,0.5,10,2,5760.0,"[0.8592549273600911, 0.6058380411445193, 0.4316697215292379, 0.32461244914431125, 0.29898418014229616, 0.3853292566116986, 0.6184818884427356, 0.9112753545916268, 1.124060711596949, 1.0918553682168552, 1.0519012231472415, 1.0604058710082023, 1.1010962834034748, 1.1484706050156464, 1.2414843039249468, 1.286522046207647, 1.3072562312959182, 1.4024657757114494, 1.4690763553789117, 1.4352382086312834, 1.3078676789813133, 1.2336627867197074, 1.2117583717879756, 1.0914323600059634]",40,True,81,0.1,0.3665893271461717,,1,0.07071067811865475,7.778174593052023
20260927T095930443635Z_577f21e5,PURE_OR,20,1.0,5,5,6,6.0,5.5,0.19,0.5,10,2,5760.0,"[0.8592549273600911, 0.6058380411445193, 0.4316697215292379, 0.32461244914431125, 0.29898418014229616, 0.3853292566116986, 0.6184818884427356, 0.9112753545916268, 1.124060711596949, 1.0918553682168552, 1.0519012231472415, 1.0604058710082023, 1.1010962834034748, 1.1484706050156464, 1.2414843039249468, 1.286522046207647, 1.3072562312959182, 1.4024657757114494, 1.4690763553789117, 1.4352382086312834, 1.3078676789813133, 1.2336627867197074, 1.2117583717879756, 1.0914323600059634]",40,True,81,0.2,0.3665893271461717,,1,0.1414213562373095,7.778174593052023
20260927T095930443635Z_577f21e5,PURE_OR,20,1.0,5,5,6,6.0,5.5,0.19,0.5,10,2,5760.0,"[0.8592549273600911, 0.6058380411445193, 0.4316697215292379, 0.32461244914431125, 0.29898418014229616, 0.3853292566116986, 0.6184818884427356, 0.9112753545916268, 1.124060711596949, 1.0918553682168552, 1.0519012231472415, 1.0604058710082023, 1.1010962834034748, 1.1484706050156464, 1.2414843039249468, 1.286522046207647, 1.3072562312959182, 1.4024657757114494, 1.4690763553789117, 1.4352382086312834, 1.3078676789813133, 1.2336627867197074, 1.2117583717879756, 1.0914323600059634]",40,True,81,0.2442732516826255,0.3665893271461717,,1,0.17272727272727273,7.778174593052023
20260927T095930443635Z_577f21e5,PURE_OR,30,0.33,5,5,6,5.5,5.5,0.19,0.5,10,2,5760.0,"[0.8592549273600911, 0.6058380411445193, 0.4316697215292379, 0.32461244914431125, 0.29898418014229616, 0.3853292566116986, 0.6184818884427356, 0.9112753545916268, 1.124060711596949, 1.0918553682168552, 1.0519012231472415, 1.0604058710082023, 1.1010962834034748, 1.1484706050156464, 1.2414843039249468, 1.286522046207647, 1.3072562312959182, 1.4024657757114494, 1.4690763553789117, 1.4352382086312834, 1.3078676789813133, 1.2336627867197074, 1.2117583717879756, 1.0914323600059634]",40,True,81,0.1,0.2169763937719739,,1,0.07071067811865475,7.778174593052023
20260927T095930443635Z_577f21e5,PURE_OR,30,0.33,5,5,6,5.5,5.5,0.19,0.5,10,2,5760.0,"[0.8592549273600911, 0.6058380411445193, 0.4316697215292379, 0.32461244914431125, 0.29898418014229616, 0.3853292566116986, 0.6184818884427356, 0.9112753545916268, 1.124060711596949, 1.0918553682168552, 1.0519012231472415, 1.0604058710082023, 1.1010962834034748, 1.1484706050156464, 1.2414843039249468, 1.286522046207647, 1.3072562312959182, 1.4024657757114494, 1.4690763553789117, 1.4352382086312834, 1.3078676789813133, 1.2336627867197074, 1.2117583717879756, 1.0914323600059634]",40,True,81,0.2,0.2169763937719739,,1,0.1414213562373095,7.778174593052023
20260927T095930443635Z_577f21e5,PURE_OR,30,0.33,5,5,6,5.5,5.5,0.19,0.5,10,2,5760.0,"[0.8592549273600911, 0.6058380411445193, 0.4316697215292379, 0.32461244914431125, 0.29898418014229616, 0.3853292566116986, 0.6184818884427356, 0.9112753545916268, 1.124060711596949, 1.0918553682168552, 1.0519012231472415, 1.0604058710082023, 1.1010962834034748, 1.1484706050156464, 1.2414843039249468, 1.286522046207647, 1.3072562312959182, 1.4024657757114494, 1.4690763553789117, 1.4352382086312834, 1.3078676789813133, 1.2336627867197074, 1.2117583717879756, 1.0914323600059634]",40,True,81,0.2442732516826255,0.2169763937719739,,1,0.17272727272727273,7.778174593052023
20260927T095930443635Z_577f21e5,PURE_OR,30,0.33,5,5,6,6.0,5.5,0.19,0.5,10,2,5760.0,"[0.8592549273600911, 0.6058380411445193, 0.4316697215292379, 0.32461244914431125, 0.29898418014229616, 0.3853292566116986, 0.6184818884427356, 0.9112753545916268, 1.124060711596949, 1.0918553682168552, 1.0519012231472415, 1.0604058710082023, 1.1010962834034748, 1.1484706050156464, 1.2414843039249468, 1.286522046207647, 1.3072562312959182, 1.4024657757114494, 1.4690763553789117, 1.4352382086312834, 1.3078676789813133, 1.2336627867197074, 1.2117583717879756, 1.0914323600059634]",40,True,81,0.1,0.2169763937719739,,1,0.07071067811865475,7.778174593052023
20260927T095930443635Z_577f21e5,PURE_OR,30,0.33,5,5,6,6.0,5.5,0.19,0.5,10,2,5760.0,"[0.8592549273600911, 0.6058380411445193, 0.4316697215292379, 0.32461244914431125, 0.29898418014229616, 0.3853292566116986, 0.6184818884427356, 0.9112753545916268, 1.124060711596949, 1.0918553682168552, 1.0519012231472415, 1.0604058710082023, 1.1010962834034748, 1.1484706050156464, 1.2414843039249468, 1.286522046207647, 1.3072562312959182, 1.4024657757114494, 1.4690763553789117, 1.4352382086312834, 1.3078676789813133, 1.2336627867197074, 1.2117583717879756, 1.0914323600059634]",40,True,81,0.2,0.2169763937719739,,1,0.1414213562373095,7.778174593052023
20260927T095930443635Z_577f21e5,PURE_OR,30,0.33,5,5,6,6.0,5.5,0.19,0.5,10,2,5760.0,"[0.8592549273600911, 0.6058380411445193, 0.4316697215292379, 0.32461244914431125, 0.29898418014229616, 0.3853292566116986, 0.6184818884427356, 0.9112753545916268, 1.124060711596949, 1.0918553682168552, 1.0519012231472415, 1.0604058710082023, 1.1010962834034748, 1.1484706050156464, 1.2414843039249468, 1.286522046207647, 1.3072562312959182, 1.4024657757114494, 1.4690763553789117, 1.4352382086312834, 1.3078676789813133, 1.2336627867197074, 1.2117583717879756, 1.0914323600059634]",40,True,81,0.2442732516826255,0.2169763937719739,,1,0.17272727272727273,7.778174593052023
20260927T095930443635Z_577f21e5,PURE_OR,30,0.5,5,5,6,5.5,5.5,0.19,0.5,10,2,5760.0,"[0.8592549273600911, 0.6058380411445193, 0.4316697215292379, 0.32461244914431125, 0.29898418014229616, 0.3853292566116986, 0.6184818884427356, 0.9112753545916268, 1.124060711596949, 1.0918553682168552, 1.0519012231472415, 1.0604058710082023, 1.1010962834034748, 1.1484706050156464, 1.2414843039249468, 1.286522046207647, 1.3072562312959182, 1.4024657757114494, 1.4690763553789117, 1.4352382086312834, 1.3078676789813133, 1.2336627867197074, 1.2117583717879756, 1.0914323600059634]",40,True,81,0.1,0.2765135251180764,,1,0.07071067811865475,7.778174593052023
20260927T095930443635Z_577f21e5,PURE_OR,30,0.5,5,5,6,5.5,5.5,0.19,0.5,10,2,5760.0,"[0.8592549273600911, 0.6058380411445193, 0.4316697215292379, 0.32461244914431125, 0.29898418014229616, 0.3853292566116986, 0.6184818884427356, 0.9112753545916268, 1.124060711596949, 1.0918553682168552, 1.0519012231472415, 1.0604058710082023, 1.1010962834034748, 1.1484706050156464, 1.2414843039249468, 1.286522046207647, 1.3072562312959182, 1.4024657757114494, 1.4690763553789117, 1.4352382086312834, 1.3078676789813133, 1.2336627867197074, 1.2117583717879756, 1.0914323600059634]",40,True,81,0.2,0.2765135251180764,,1,0.1414213562373095,7.778174593052023
20260927T095930443635Z_577f21e5,PURE_OR,30,0.5,5,5,6,5.5,5.5,0.19,0.5,10,2,5760.0,"[0.8592549273600911, 0.6058380411445193, 0.4316697215292379, 0.32461244914431125, 0.29898418014229616, 0.3853292566116986, 0.6184818884427356, 0.9112753545916268, 1.124060711596949, 1.0918553682168552, 1.0519012231472415, 1.0604058710082023, 1.1010962834034748, 1.1484706050156464, 1.2414843039249468, 1.286522046207647, 1.3072562312959182, 1.4024657757114494, 1.4690763553789117, 1.4352382086312834, 1.3078676789813133, 1.2336627867197074, 1.2117583717879756, 1.0914323600059634]",40,True,81,0.2442732516826255,0.2765135251180764,,1,0.17272727272727273,7.778174593052023
20260927T095930443635Z_577f21e5,PURE_OR,30,0.5,5,5,6,6.0,5.5,0.19,0.5,10,2,5760.0,"[0.8592549273600911, 0.6058380411445193, 0.4316697215292379, 0.32461244914431125, 0.29898418014229616, 0.3853292566116986, 0.6184818884427356, 0.9112753545916268, 1.124060711596949, 1.0918553682168552, 1.0519012231472415, 1.0604058710082023, 1.1010962834034748, 1.1484706050156464, 1.2414843039249468, 1.286522046207647, 1.3072562312959182, 1.4024657757114494, 1.4690763553789117, 1.4352382086312834, 1.3078676789813133, 1.2336627867197074, 1.2117583717879756, 1.0914323600059634]",40,True,81,0.1,0.2765135251180764,,1,0.07071067811865475,7.778174593052023
20260927T095930443635Z_577f21e5,PURE_OR,30,0.5,5,5,6,6.0,5.5,0.19,0.5,10,2,5760.0,"[0.8592549273600911, 0.6058380411445193, 0.4316697215292379, 0.32461244914431125, 0.29898418014229616, 0.3853292566116986, 0.6184818884427356, 0.9112753545916268, 1.124060711596949, 1.0918553682168552, 1.0519012231472415, 1.0604058710082023, 1.1010962834034748, 1.1484706050156464, 1.2414843039249468, 1.286522046207647, 1.3072562312959182, 1.4024657757114494, 1.4690763553789117, 1.4352382086312834, 1.3078676789813133, 1.2336627867197074, 1.2117583717879756, 1.0914323600059634]",40,True,81,0.2,0.2765135251180764,,1,0.1414213562373095,7.778174593052023
20260927T095930443635Z_577f21e5,PURE_OR,30,0.5,5,5,6,6.0,5.5,0.19,0.5,10,2,5760.0,"[0.8592549273600911, 0.6058380411445193, 0.4316697215292379, 0.32461244914431125, 0.29898418014229616, 0.3853292566116986, 0.6184818884427356, 0.9112753545916268, 1.124060711596949, 1.0918553682168552, 1.0519012231472415, 1.0604058710082023, 1.1010962834034748, 1.1484706050156464, 1.2414843039249468, 1.286522046207647, 1.3072562312959182, 1.4024657757114494, 1.4690763553789117, 1.4352382086312834, 1.3078676789813133, 1.2336627867197074, 1.2117583717879756, 1.0914323600059634]",40,True,81,0.2442732516826255,0.2765135251180764,,1,0.17272727272727273,7.778174593052023
20260927T095930443635Z_577f21e5,PURE_OR,30,0.67,5,5,6,5.5,5.5,0.19,0.5,10,2,5760.0,"[0.8592549273600911, 0.6058380411445193, 0.4316697215292379, 0.32461244914431125, 0.29898418014229616, 0.3853292566116986, 0.6184818884427356, 0.9112753545916268, 1.124060711596949, 1.0918553682168552, 1.0519012231472415, 1.0604058710082023, 1.1010962834034748, 1.1484706050156464, 1.2414843039249468, 1.286522046207647, 1.3072562312959182, 1.4024657757114494, 1.4690763553789117, 1.4352382086312834, 1.3078676789813133, 1.2336627867197074, 1.2117583717879756, 1.0914323600059634]",40,True,81,0.1,0.31082062454611475,,1,0.07071067811865475,7.778174593052023
20260927T095930443635Z_577f21e5,PURE_OR,30,0.67,5,5,6,5.5,5.5,0.19,0.5,10,2,5760.0,"[0.8592549273600911, 0.6058380411445193, 0.4316697215292379, 0.32461244914431125, 0.29898418014229616, 0.3853292566116986, 0.6184818884427356, 0.9112753545916268, 1.124060711596949, 1.0918553682168552, 1.0519012231472415, 1.0604058710082023, 1.1010962834034748, 1.1484706050156464, 1.2414843039249468, 1.286522046207647, 1.3072562312959182, 1.4024657757114494, 1.4690763553789117, 1.4352382086312834, 1.3078676789813133, 1.2336627867197074, 1.2117583717879756, 1.0914323600059634]",40,True,81,0.2,0.31082062454611475,,1,0.1414213562373095,7.778174593052023
20260927T095930443635Z_577f21e5,PURE_OR,30,0.67,5,5,6,5.5,5.5,0.19,0.5,10,2,5760.0,"[0.8592549273600911, 0.6058380411445193, 0.4316697215292379, 0.32461244914431125, 0.29898418014229616, 0.3853292566116986, 0.6184818884427356, 0.9112753545916268, 1.124060711596949, 1.0918553682168552, 1.0519012231472415, 1.0604058710082023, 1.1010962834034748, 1.1484706050156464, 1.2414843039249468, 1.286522046207647, 1.3072562312959182, 1.4024657757114494, 1.4690763553789117, 1.4352382086312834, 1.3078676789813133, 1.2336627867197074, 1.2117583717879756, 1.0914323600059634]",40,True,81,0.2442732516826255,0.31082062454611475,,1,0.17272727272727273,7.778174593052023
20260927T095930443635Z_577f21e5,PURE_OR,30,0.67,5,5,6,6.0,5.5,0.19,0.5,10,2,5760.0,"[0.8592549273600911, 0.6058380411445193, 0.4316697215292379, 0.32461244914431125, 0.29898418014229616, 0.3853292566116986, 0.6184818884427356, 0.9112753545916268, 1.124060711596949, 1.0918553682168552, 1.0519012231472415, 1.0604058710082023, 1.1010962834034748, 1.1484706050156464, 1.2414843039249468, 1.286522046207647, 1.3072562312959182, 1.4024657757114494, 1.4690763553789117, 1.4352382086312834, 1.3078676789813133, 1.2336627867197074, 1.2117583717879756, 1.0914323600059634]",40,True,81,0.1,0.31082062454611475,,1,0.07071067811865475,7.778174593052023
20260927T095930443635Z_577f21e5,PURE_OR,30,0.67,5,5,6,6.0,5.5,0.19,0.5,10,2,5760.0,"[0.8592549273600911, 0.6058380411445193, 0.4316697215292379, 0.32461244914431125, 0.29898418014229616, 0.3853292566116986, 0.6184818884427356, 0.9112753545916268, 1.124060711596949, 1.0918553682168552, 1.0519012231472415, 1.0604058710082023, 1.1010962834034748, 1.1484706050156464, 1.2414843039249468, 1.286522046207647, 1.3072562312959182, 1.4024657757114494, 1.4690763553789117, 1.4352382086312834, 1.3078676789813133, 1.2336627867197074, 1.2117583717879756, 1.0914323600059634]",40,True,81,0.2,0.31082062454611475,,1,0.1414213562373095,7.778174593052023
20260927T095930443635Z_577f21e5,PURE_OR,30,0.67,5,5,6,6.0,5.5,0.19,0.5,10,2,5760.0,"[0.8592549273600911, 0.6058380411445193, 0.4316697215292379, 0.32461244914431125, 0.29898418014229616, 0.3853292566116986, 0.6184818884427356, 0.9112753545916268, 1.124060711596949, 1.0918553682168552, 1.0519012231472415, 1.0604058710082023, 1.1010962834034748, 1.1484706050156464, 1.2414843039249468, 1.286522046207647, 1.3072562312959182, 1.4024657757114494, 1.4690763553789117, 1.4352382086312834, 1.3078676789813133, 1.2336627867197074, 1.2117583717879756, 1.0914323600059634]",40,True,81,0.2442732516826255,0.31082062454611475,,1,0.17272727272727273,7.778174593052023
20260927T095930443635Z_577f21e5,PURE_OR,30,0.83,5,5,6,5.5,5.5,0.19,0.5,10,2,5760.0,"[0.8592549273600911, 0.6058380411445193, 0.4316697215292379, 0.32461244914431125, 0.29898418014229616, 0.3853292566116986, 0.6184818884427356, 0.9112753545916268, 1.124060711596949, 1.0918553682168552, 1.0519012231472415, 1.0604058710082023, 1.1010962834034748, 1.1484706050156464, 1.2414843039249468, 1.286522046207647, 1.3072562312959182, 1.4024657757114494, 1.4690763553789117, 1.4352382086312834, 1.3078676789813133, 1.2336627867197074, 1.2117583717879756, 1.0914323600059634]",40,True,81,0.1,0.34278266536331053,,1,0.07071067811865475,7.778174593052023
20260927T095930443635Z_577f21e5,PURE_OR,30,0.83,5,5,6,5.5,5.5,0.19,0.5,10,2,5760.0,"[0.8592549273600911, 0.6058380411445193, 0.4316697215292379, 0.32461244914431125, 0.29898418014229616, 0.3853292566116986, 0.6184818884427356, 0.9112753545916268, 1.124060711596949, 1.0918553682168552, 1.0519012231472415, 1.0604058710082023, 1.1010962834034748, 1.1484706050156464, 1.2414843039249468, 1.286522046207647, 1.3072562312959182, 1.4024657757114494, 1.4690763553789117, 1.4352382086312834, 1.3078676789813133, 1.2336627867197074, 1.2117583717879756, 1.0914323600059634]",40,True,81,0.2,0.34278266536331053,,1,0.1414213562373095,7.778174593052023
20260927T095930443635Z_577f21e5,PURE_OR,30,0.83,5,5,6,5.5,5.5,0.19,0.5,10,2,5760.0,"[0.8592549273600911, 0.6058380411445193, 0.4316697215292379, 0.32461244914431125, 0.29898418014229616, 0.3853292566116986, 0.6184818884427356, 0.9112753545916268, 1.124060711596949, 1.0918553682168552, 1.0519012231472415, 1.0604058710082023, 1.1010962834034748, 1.1484706050156464, 1.2414843039249468, 1.286522046207647, 1.3072562312959182, 1.4024657757114494, 1.4690763553789117, 1.4352382086312834, 1.3078676789813133, 1.2336627867197074, 1.2117583717879756, 1.0914323600059634]",40,True,81,0.2442732516826255,0.34278266536331053,,1,0.17272727272727273,7.778174593052023
20260927T095930443635Z_577f21e5,PURE_OR,30,0.83,5,5,6,6.0,5.5,0.19,0.5,10,2,5760.0,"[0.8592549273600911, 0.6058380411445193, 0.4316697215292379, 0.32461244914431125, 0.29898418014229616, 0.3853292566116986, 0.6184818884427356, 0.9112753545916268, 1.124060711596949, 1.0918553682168552, 1.0519012231472415, 1.0604058710082023, 1.1010962834034748, 1.1484706050156464, 1.2414843039249468, 1.286522046207647, 1.3072562312959182, 1.4024657757114494, 1.4690763553789117, 1.4352382086312834, 1.3078676789813133, 1.2336627867197074, 1.2117583717879756, 1.0914323600059634]",40,True,81,0.1,0.34278266536331053,,1,0.07071067811865475,7.778174593052023
20260927T095930443635Z_577f21e5,PURE_OR,30,0.83,5,5,6,6.0,5.5,0.19,0.5,10,2,5760.0,"[0.8592549273600911, 0.6058380411445193, 0.4316697215292379, 0.32461244914431125, 0.29898418014229616, 0.3853292566116986, 0.6184818884427356, 0.9112753545916268, 1.124060711596949, 1.0918553682168552, 1.0519012231472415, 1.0604058710082023, 1.1010962834034748, 1.1484706050156464, 1.2414843039249468, 1.286522046207647, 1.3072562312959182, 1.4024657757114494, 1.4690763553789117, 1.4352382086312834, 1.3078676789813133, 1.2336627867197074, 1.2117583717879756, 1.0914323600059634]",40,True,81,0.2,0.34278266536331053,,1,0.1414213562373095,7.778174593052023
20260927T095930443635Z_577f21e5,PURE_OR,30,0.83,5,5,6,6.0,5.5,0.19,0.5,10,2,5760.0,"[0.8592549273600911, 0.6058380411445193, 0.4316697215292379, 0.32461244914431125, 0.29898418014229616, 0.3853292566116986, 0.6184818884427356, 0.9112753545916268, 1.124060711596949, 1.0918553682168552, 1.0519012231472415, 1.0604058710082023, 1.1010962834034748, 1.1484706050156464, 1.2414843039249468, 1.286522046207647, 1.3072562312959182, 1.4024657757114494, 1.4690763553789117, 1.4352382086312834, 1.3078676789813133, 1.2336627867197074, 1.2117583717879756, 1.0914323600059634]",40,True,81,0.2442732516826255,0.34278266536331053,,1,0.17272727272727273,7.778174593052023
20260927T095930443635Z_577f21e5,PURE_OR,30,1.0,5,5,6,5.5,5.5,0.19,0.5,10,2,5760.0,"[0.8592549273600911, 0.6058380411445193, 0.4316697215292379, 0.32461244914431125, 0.29898418014229616, 0.3853292566116986, 0.6184818884427356, 0.9112753545916268, 1.124060711596949, 1.0918553682168552, 1.0519012231472415, 1.0604058710082023, 1.1010962834034748, 1.1484706050156464, 1.2414843039249468, 1.286522046207647, 1.3072562312959182, 1.4024657757114494, 1.4690763553789117, 1.4352382086312834, 1.3078676789813133, 1.2336627867197074, 1.2117583717879756, 1.0914323600059634]",40,True,81,0.1,0.3665893271461717,,1,0.07071067811865475,7.778174593052023
20260927T095930443635Z_577f21e5,PURE_OR,30,1.0,5,5,6,5.5,5.5,0.19,0.5,10,2,5760.0,"[0.8592549273600911, 0.6058380411445193, 0.4316697215292379, 0.32461244914431125, 0.29898418014229616, 0.3853292566116986, 0.6184818884427356, 0.9112753545916268, 1.124060711596949, 1.0918553682168552, 1.0519012231472415, 1.0604058710082023, 1.1010962834034748, 1.1484706050156464, 1.2414843039249468, 1.286522046207647, 1.3072562312959182, 1.4024657757114494, 1.4690763553789117, 1.4352382086312834, 1.3078676789813133, 1.2336627867197074, 1.2117583717879756, 1.0914323600059634]",40,True,81,0.2,0.3665893271461717,,1,0.1414213562373095,7.778174593052023
20260927T095930443635Z_577f21e5,PURE_OR,30,1.0,5,5,6,5.5,5.5,0.19,0.5,10,2,5760.0,"[0.8592549273600911, 0.6058380411445193, 0.4316697215292379, 0.32461244914431125, 0.29898418014229616, 0.3853292566116986, 0.6184818884427356, 0.9112753545916268, 1.124060711596949, 1.0918553682168552, 1.0519012231472415, 1.0604058710082023, 1.1010962834034748, 1.1484706050156464, 1.2414843039249468, 1.286522046207647, 1.3072562312959182, 1.4024657757114494, 1.4690763553789117, 1.4352382086312834, 1.3078676789813133, 1.2336627867197074, 1.2117583717879756, 1.0914323600059634]",40,True,81,0.2442732516826255,0.3665893271461717,,1,0.17272727272727273,7.778174593052023
20260927T095930443635Z_577f21e5,PURE_OR,30,1.0,5,5,6,6.0,5.5,0.19,0.5,10,2,5760.0,"[0.8592549273600911, 0.6058380411445193, 0.4316697215292379, 0.32461244914431125, 0.29898418014229616, 0.3853292566116986, 0.6184818884427356, 0.9112753545916268, 1.124060711596949, 1.0918553682168552, 1.0519012231472415, 1.0604058710082023, 1.1010962834034748, 1.1484706050156464, 1.2414843039249468, 1.286522046207647, 1.3072562312959182, 1.4024657757114494, 1.4690763553789117, 1.4352382086312834, 1.3078676789813133, 1.2336627867197074, 1.2117583717879756, 1.0914323600059634]",40,True,81,0.1,0.3665893271461717,,1,0.07071067811865475,7.778174593052023
20260927T095930443635Z_577f21e5,PURE_OR,30,1.0,5,5,6,6.0,5.5,0.19,0.5,10,2,5760.0,"[0.8592549273600911, 0.6058380411445193, 0.4316697215292379, 0.32461244914431125, 0.29898418014229616, 0.3853292566116986, 0.6184818884427356, 0.9112753545916268, 1.124060711596949, 1.0918553682168552, 1.0519012231472415, 1.0604058710082023, 1.1010962834034748, 1.1484706050156464, 1.2414843039249468, 1.286522046207647, 1.3072562312959182, 1.4024657757114494, 1.4690763553789117, 1.4352382086312834, 1.3078676789813133, 1.2336627867197074, 1.2117583717879756, 1.0914323600059634]",40,True,81,0.2,0.3665893271461717,,1,0.1414213562373095,7.778174593052023
20260927T095930443635Z_577f21e5,PURE_OR,30,1.0,5,5,6,6.0,5.5,0.19,0.5,10,2,5760.0,"[0.8592549273600911, 0.6058380411445193, 0.4316697215292379, 0.32461244914431125, 0.29898418014229616, 0.3853292566116986, 0.6184818884427356, 0.9112753545916268, 1.124060711596949, 1.0918553682168552, 1.0519012231472415, 1.0604058710082023, 1.1010962834034748, 1.1484706050156464, 1.2414843039249468, 1.286522046207647, 1.3072562312959182, 1.4024657757114494, 1.4690763553789117, 1.4352382086312834, 1.3078676789813133, 1.2336627867197074, 1.2117583717879756, 1.0914323600059634]",40,True,81,0.2442732516826255,0.3665893271461717,,1,0.17272727272727273,7.778174593052023
20260927T095930443635Z_577f21e5,PURE_OR,40,0.33,5,5,6,5.5,5.5,0.19,0.5,10,2,5760.0,"[0.8592549273600911, 0.6058380411445193, 0.4316697215292379, 0.32461244914431125, 0.29898418014229616, 0.3853292566116986, 0.6184818884427356, 0.9112753545916268, 1.124060711596949, 1.0918553682168552, 1.0519012231472415, 1.0604058710082023, 1.1010962834034748, 1.1484706050156464, 1.2414843039249468, 1.286522046207647, 1.3072562312959182, 1.4024657757114494, 1.4690763553789117, 1.4352382086312834, 1.3078676789813133, 1.2336627867197074, 1.2117583717879756, 1.0914323600059634]",40,True,81,0.1,0.2169763937719739,,1,0.07071067811865475,7.778174593052023
20260927T095930443635Z_577f21e5,PURE_OR,40,0.33,5,5,6,5.5,5.5,0.19,0.5,10,2,5760.0,"[0.8592549273600911, 0.6058380411445193, 0.4316697215292379, 0.32461244914431125, 0.29898418014229616, 0.3853292566116986, 0.6184818884427356, 0.9112753545916268, 1.124060711596949, 1.0918553682168552, 1.0519012231472415, 1.0604058710082023, 1.1010962834034748, 1.1484706050156464, 1.2414843039249468, 1.286522046207647, 1.3072562312959182, 1.4024657757114494, 1.4690763553789117, 1.4352382086312834, 1.3078676789813133, 1.2336627867197074, 1.2117583717879756, 1.0914323600059634]",40,True,81,0.2,0.2169763937719739,,1,0.1414213562373095,7.778174593052023
20260927T095930443635Z_577f21e5,PURE_OR,40,0.33,5,5,6,5.5,5.5,0.19,0.5,10,2,5760.0,"[0.8592549273600911, 0.6058380411445193, 0.4316697215292379, 0.32461244914431125, 0.29898418014229616, 0.3853292566116986, 0.6184818884427356, 0.9112753545916268, 1.124060711596949, 1.0918553682168552, 1.0519012231472415, 1.0604058710082023, 1.1010962834034748, 1.1484706050156464, 1.2414843039249468, 1.286522046207647, 1.3072562312959182, 1.4024657757114494, 1.4690763553789117, 1.4352382086312834, 1.3078676789813133, 1.2336627867197074, 1.2117583717879756, 1.0914323600059634]",40,True,81,0.2442732516826255,0.2169763937719739,,1,0.17272727272727273,7.778174593052023
20260927T095930443635Z_577f21e5,PURE_OR,40,0.33,5,5,6,6.0,5.5,0.19,0.5,10,2,5760.0,"[0.8592549273600911, 0.6058380411445193, 0.4316697215292379, 0.32461244914431125, 0.29898418014229616, 0.3853292566116986, 0.6184818884427356, 0.9112753545916268, 1.124060711596949, 1.0918553682168552, 1.0519012231472415, 1.0604058710082023, 1.1010962834034748, 1.1484706050156464, 1.2414843039249468, 1.286522046207647, 1.3072562312959182, 1.4024657757114494, 1.4690763553789117, 1.4352382086312834, 1.3078676789813133, 1.2336627867197074, 1.2117583717879756, 1.0914323600059634]",40,True,81,0.1,0.2169763937719739,,1,0.07071067811865475,7.778174593052023
20260927T095930443635Z_577f21e5,PURE_OR,40,0.33,5,5,6,6.0,5.5,0.19,0.5,10,2,5760.0,"[0.8592549273600911, 0.6058380411445193, 0.4316697215292379, 0.32461244914431125, 0.29898418014229616, 0.3853292566116986, 0.6184818884427356, 0.9112753545916268, 1.124060711596949, 1.0918553682168552, 1.0519012231472415, 1.0604058710082023, 1.1010962834034748, 1.1484706050156464, 1.2414843039249468, 1.286522046207647, 1.3072562312959182, 1.4024657757114494, 1.4690763553789117, 1.4352382086312834, 1.3078676789813133, 1.2336627867197074, 1.2117583717879756, 1.0914323600059634]",40,True,81,0.2,0.2169763937719739,,1,0.1414213562373095,7.778174593052023
20260927T095930443635Z_577f21e5,PURE_OR,40,0.33,5,5,6,6.0,5.5,0.19,0.5,10,2,5760.0,"[0.8592549273600911, 0.6058380411445193, 0.4316697215292379, 0.32461244914431125, 0.29898418014229616, 0.3853292566116986, 0.6184818884427356, 0.9112753545916268, 1.124060711596949, 1.0918553682168552, 1.0519012231472415, 1.0604058710082023, 1.1010962834034748, 1.1484706050156464, 1.2414843039249468, 1.286522046207647, 1.3072562312959182, 1.4024657757114494, 1.4690763553789117, 1.4352382086312834, 1.3078676789813133, 1.2336627867197074, 1.2117583717879756, 1.0914323600059634]",40,True,81,0.2442732516826255,0.2169763937719739,,1,0.17272727272727273,7.778174593052023
20260927T095930443635Z_577f21e5,PURE_OR,40,0.5,5,5,6,5.5,5.5,0.19,0.5,10,2,5760.0,"[0.8592549273600911, 0.6058380411445193, 0.4316697215292379, 0.32461244914431125, 0.29898418014229616, 0.3853292566116986, 0.6184818884427356, 0.9112753545916268, 1.124060711596949, 1.0918553682168552, 1.0519012231472415, 1.0604058710082023, 1.1010962834034748, 1.1484706050156464, 1.2414843039249468, 1.286522046207647, 1.3072562312959182, 1.4024657757114494, 1.4690763553789117, 1.4352382086312834, 1.3078676789813133, 1.2336627867197074, 1.2117583717879756, 1.0914323600059634]",40,True,81,0.1,0.2765135251180764,,1,0.07071067811865475,7.778174593052023
20260927T095930443635Z_577f21e5,PURE_OR,40,0.5,5,5,6,5.5,5.5,0.19,0.5,10,2,5760.0,"[0.8592549273600911, 0.6058380411445193, 0.4316697215292379, 0.32461244914431125, 0.29898418014229616, 0.3853292566116986, 0.6184818884427356, 0.9112753545916268, 1.124060711596949, 1.0918553682168552, 1.0519012231472415, 1.0604058710082023, 1.1010962834034748, 1.1484706050156464, 1.2414843039249468, 1.286522046207647, 1.3072562312959182, 1.4024657757114494, 1.4690763553789117, 1.4352382086312834, 1.3078676789813133, 1.2336627867197074, 1.2117583717879756, 1.0914323600059634]",40,True,81,0.2,0.2765135251180764,,1,0.1414213562373095,7.778174593052023
20260927T095930443635Z_577f21e5,PURE_OR,40,0.5,5,5,6,5.5,5.5,0.19,0.5,10,2,5760.0,"[0.8592549273600911, 0.6058380411445193, 0.4316697215292379, 0.32461244914431125, 0.29898418014229616, 0.3853292566116986, 0.6184818884427356, 0.9112753545916268, 1.124060711596949, 1.0918553682168552, 1.0519012231472415, 1.0604058710082023, 1.1010962834034748, 1.1484706050156464, 1.2414843039249468, 1.286522046207647, 1.3072562312959182, 1.4024657757114494, 1.4690763553789117, 1.4352382086312834, 1.3078676789813133, 1.2336627867197074, 1.2117583717879756, 1.0914323600059634]",40,True,81,0.2442732516826255,0.2765135251180764,,1,0.17272727272727273,7.778174593052023
20260927T095930443635Z_577f21e5,PURE_OR,40,0.5,5,5,6,6.0,5.5,0.19,0.5,10,2,5760.0,"[0.8592549273600911, 0.6058380411445193, 0.4316697215292379, 0.32461244914431125, 0.29898418014229616, 0.3853292566116986, 0.6184818884427356, 0.9112753545916268, 1.124060711596949, 1.0918553682168552, 1.0519012231472415, 1.0604058710082023, 1.1010962834034748, 1.1484706050156464, 1.2414843039249468, 1.286522046207647, 1.3072562312959182, 1.4024657757114494, 1.4690763553789117, 1.4352382086312834, 1.3078676789813133, 1.2336627867197074, 1.2117583717879756, 1.0914323600059634]",40,True,81,0.1,0.2765135251180764,,1,0.07071067811865475,7.778174593052023
20260927T095930443635Z_577f21e5,PURE_OR,40,0.5,5,5,6,6.0,5.5,0.19,0.5,10,2,5760.0,"[0.8592549273600911, 0.6058380411445193, 0.4316697215292379, 0.32461244914431125, 0.29898418014229616, 0.3853292566116986, 0.6184818884427356, 0.9112753545916268, 1.124060711596949, 1.0918553682168552, 1.0519012231472415, 1.0604058710082023, 1.1010962834034748, 1.1484706050156464, 1.2414843039249468, 1.286522046207647, 1.3072562312959182, 1.4024657757114494, 1.4690763553789117, 1.4352382086312834, 1.3078676789813133, 1.2336627867197074, 1.2117583717879756, 1.0914323600059634]",40,True,81,0.2,0.27639484978540774,,1,0.1414213562373095,7.778174593052023
20260927T095930443635Z_577f21e5,PURE_OR,40,0.5,5,5,6,6.0,5.5,0.19,0.5,10,2,5760.0,"[0.8592549273600911, 0.6058380411445193, 0.4316697215292379, 0.32461244914431125, 0.29898418014229616, 0.3853292566116986, 0.6184818884427356, 0.9112753545916268, 1.124060711596949, 1.0918553682168552, 1.0519012231472415, 1.0604058710082023, 1.1010962834034748, 1.1484706050156464, 1.2414843039249468, 1.286522046207647, 1.3072562312959182, 1.4024657757114494, 1.4690763553789117, 1.4352382086312834, 1.3078676789813133, 1.2336627867197074, 1.2117583717879756, 1.0914323600059634]",40,True,81,0.2442732516826255,0.2765135251180764,,1,0.17272727272727273,7.778174593052023
20260927T095930443635Z_577f21e5,PURE_OR,40,0.67,5,5,6,5.5,5.5,0.19,0.5,10,2,5760.0,"[0.8592549273600911, 0.6058380411445193, 0.4316697215292379, 0.32461244914431125, 0.29898418014229616, 0.3853292566116986, 0.6184818884427356, 0.9112753545916268, 1.124060711596949, 1.0918553682168552, 1.0519012231472415, 1.0604058710082023, 1.1010962834034748, 1.1484706050156464, 1.2414843039249468, 1.286522046207647, 1.3072562312959182, 1.4024657757114494, 1.4690763553789117, 1.4352382086312834, 1.3078676789813133, 1.2336627867197074, 1.2117583717879756, 1.0914323600059634]",40,True,81,0.1,0.31082062454611475,,1,0.07071067811865475,7.778174593052023
20260927T095930443635Z_577f21e5,PURE_OR,40,0.67,5,5,6,5.5,5.5,0.19,0.5,10,2,5760.0,"[0.8592549273600911, 0.6058380411445193, 0.4316697215292379, 0.32461244914431125, 0.29898418014229616, 0.3853292566116986, 0.6184818884427356, 0.9112753545916268, 1.124060711596949, 1.0918553682168552, 1.0519012231472415, 1.0604058710082023, 1.1010962834034748, 1.1484706050156464, 1.2414843039249468, 1.286522046207647, 1.3072562312959182, 1.4024657757114494, 1.4690763553789117, 1.4352382086312834, 1.3078676789813133, 1.2336627867197074, 1.2117583717879756, 1.0914323600059634]",40,True,81,0.2,0.31082062454611475,,1,0.1414213562373095,7.778174593052023
20260927T095930443635Z_577f21e5,PURE_OR,40,0.67,5,5,6,5.5,5.5,0.19,0.5,10,2,5760.0,"[0.8592549273600911, 0.6058380411445193, 0.4316697215292379, 0.32461244914431125, 0.29898418014229616, 0.3853292566116986, 0.6184818884427356, 0.9112753545916268, 1.124060711596949, 1.0918553682168552, 1.0519012231472415, 1.0604058710082023, 1.1010962834034748, 1.1484706050156464, 1.2414843039249468, 1.286522046207647, 1.3072562312959182, 1.4024657757114494, 1.4690763553789117, 1.4352382086312834, 1.3078676789813133, 1.2336627867197074, 1.2117583717879756, 1.0914323600059634]",40,True,81,0.2442732516826255,0.31082062454611475,,1,0.17272727272727273,7.778174593052023
20260927T095930443635Z_577f21e5,PURE_OR,40,0.67,5,5,6,6.0,5.5,0.19,0.5,10,2,5760.0,"[0.8592549273600911, 0.6058380411445193, 0.4316697215292379, 0.32461244914431125, 0.29898418014229616, 0.3853292566116986, 0.6184818884427356, 0.9112753545916268, 1.124060711596949, 1.0918553682168552, 1.0519012231472415, 1.0604058710082023, 1.1010962834034748, 1.1484706050156464, 1.2414843039249468, 1.286522046207647, 1.3072562312959182, 1.4024657757114494, 1.4690763553789117, 1.4352382086312834, 1.3078676789813133, 1.2336627867197074, 1.2117583717879756, 1.0914323600059634]",40,True,81,0.1,0.31082062454611475,,1,0.07071067811865475,7.778174593052023
20260927T095930443635Z_577f21e5,PURE_OR,40,0.67,5,5,6,6.0,5.5,0.19,0.5,10,2,5760.0,"[0.8592549273600911, 0.6058380411445193, 0.4316697215292379, 0.32461244914431125, 0.29898418014229616, 0.3853292566116986, 0.6184818884427356, 0.9112753545916268, 1.124060711596949, 1.0918553682168552, 1.0519012231472415, 1.0604058710082023, 1.1010962834034748, 1.1484706050156464, 1.2414843039249468, 1.286522046207647, 1.3072562312959182, 1.4024657757114494, 1.4690763553789117, 1.4352382086312834, 1.3078676789813133, 1.2336627867197074, 1.2117583717879756, 1.0914323600059634]",40,True,81,0.2,0.31082062454611475,,1,0.1414213562373095,7.778174593052023
20260927T095930443635Z_577f21e5,PURE_OR,40,0.67,5,5,6,6.0,5.5,0.19,0.5,10,2,5760.0,"[0.8592549273600911, 0.6058380411445193, 0.4316697215292379, 0.32461244914431125, 0.29898418014229616, 0.3853292566116986, 0.6184818884427356, 0.9112753545916268, 1.124060711596949, 1.0918553682168552, 1.0519012231472415, 1.0604058710082023, 1.1010962834034748, 1.1484706050156464, 1.2414843039249468, 1.286522046207647, 1.3072562312959182, 1.4024657757114494, 1.4690763553789117, 1.4352382086312834, 1.3078676789813133, 1.2336627867197074, 1.2117583717879756, 1.0914323600059634]",40,True,81,0.2442732516826255,0.31082062454611475,,1,0.17272727272727273,7.778174593052023
20260927T095930443635Z_577f21e5,PURE_OR,40,0.83,5,5,6,5.5,5.5,0.19,0.5,10,2,5760.0,"[0.8592549273600911, 0.6058380411445193, 0.4316697215292379, 0.32461244914431125, 0.29898418014229616, 0.3853292566116986, 0.6184818884427356, 0.9112753545916268, 1.124060711596949, 1.0918553682168552, 1.0519012231472415, 1.0604058710082023, 1.1010962834034748, 1.1484706050156464, 1.2414843039249468, 1.286522046207647, 1.3072562312959182, 1.4024657757114494, 1.4690763553789117, 1.4352382086312834, 1.3078676789813133, 1.2336627867197074, 1.2117583717879756, 1.0914323600059634]",40,True,81,0.1,0.34278266536331053,,1,0.07071067811865475,7.778174593052023
20260927T095930443635Z_577f21e5,PURE_OR,40,0.83,5,5,6,5.5,5.5,0.19,0.5,10,2,5760.0,"[0.8592549273600911, 0.6058380411445193, 0.4316697215292379, 0.32461244914431125, 0.29898418014229616, 0.3853292566116986, 0.6184818884427356, 0.9112753545916268, 1.124060711596949, 1.0918553682168552, 1.0519012231472415, 1.0604058710082023, 1.1010962834034748, 1.1484706050156464, 1.2414843039249468, 1.286522046207647, 1.3072562312959182, 1.4024657757114494, 1.4690763553789117, 1.4352382086312834, 1.3078676789813133, 1.2336627867197074, 1.2117583717879756, 1.0914323600059634]",40,True,81,0.2,0.34278266536331053,,1,0.1414213562373095,7.778174593052023
20260927T095930443635Z_577f21e5,PURE_OR,40,0.83,5,5,6,5.5,5.5,0.19,0.5,10,2,5760.0,"[0.8592549273600911, 0.6058380411445193, 0.4316697215292379, 0.32461244914431125, 0.29898418014229616, 0.3853292566116986, 0.6184818884427356, 0.9112753545916268, 1.124060711596949, 1.0918553682168552, 1.0519012231472415, 1.0604058710082023, 1.1010962834034748, 1.1484706050156464, 1.2414843039249468, 1.286522046207647, 1.3072562312959182, 1.4024657757114494, 1.4690763553789117, 1.4352382086312834, 1.3078676789813133, 1.2336627867197074, 1.2117583717879756, 1.0914323600059634]",40,True,81,0.2442732516826255,0.34278266536331053,,1,0.17272727272727273,7.778174593052023
20260927T095930443635Z_577f21e5,PURE_OR,40,0.83,5,5,6,6.0,5.5,0.19,0.5,10,2,5760.0,"[0.8592549273600911, 0.6058380411445193, 0.4316697215292379, 0.32461244914431125, 0.29898418014229616, 0.3853292566116986, 0.6184818884427356, 0.9112753545916268, 1.124060711596949, 1.0918553682168552, 1.0519012231472415, 1.0604058710082023, 1.1010962834034748, 1.1484706050156464, 1.2414843039249468, 1.286522046207647, 1.3072562312959182, 1.4024657757114494, 1.4690763553789117, 1.4352382086312834, 1.3078676789813133, 1.2336627867197074, 1.2117583717879756, 1.0914323600059634]",40,True,81,0.1,0.34278266536331053,,1,0.07071067811865475,7.778174593052023
20260927T095930443635Z_577f21e5,PURE_OR,40,0.83,5,5,6,6.0,5.5,0.19,0.5,10,2,5760.0,"[0.8592549273600911, 0.6058380411445193, 0.4316697215292379, 0.32461244914431125, 0.29898418014229616, 0.3853292566116986, 0.6184818884427356, 0.9112753545916268, 1.124060711596949, 1.0918553682168552, 1.0519012231472415, 1.0604058710082023, 1.1010962834034748, 1.1484706050156464, 1.2414843039249468, 1.286522046207647, 1.3072562312959182, 1.4024657757114494, 1.4690763553789117, 1.4352382086312834, 1.3078676789813133, 1.2336627867197074, 1.2117583717879756, 1.0914323600059634]",40,True,81,0.2,0.34278266536331053,,1,0.1414213562373095,7.778174593052023
20260927T095930443635Z_577f21e5,PURE_OR,40,0.83,5,5,6,6.0,5.5,0.19,0.5,10,2,5760.0,"[0.8592549273600911, 0.6058380411445193, 0.4316697215292379, 0.32461244914431125, 0.29898418014229616, 0.3853292566116986, 0.6184818884427356, 0.9112753545916268, 1.124060711596949, 1.0918553682168552, 1.0519012231472415, 1.0604058710082023, 1.1010962834034748, 1.1484706050156464, 1.2414843039249468, 1.286522046207647, 1.3072562312959182, 1.4024657757114494, 1.4690763553789117, 1.4352382086312834, 1.3078676789813133, 1.2336627867197074, 1.2117583717879756, 1.0914323600059634]",40,True,81,0.2442732516826255,0.34278266536331053,,1,0.17272727272727273,7.778174593052023
20260927T095930443635Z_577f21e5,PURE_OR,40,1.0,5,5,6,5.5,5.5,0.19,0.5,10,2,5760.0,"[0.8592549273600911, 0.6058380411445193, 0.4316697215292379, 0.32461244914431125, 0.29898418014229616, 0.3853292566116986, 0.6184818884427356, 0.9112753545916268, 1.124060711596949, 1.0918553682168552, 1.0519012231472415, 1.0604058710082023, 1.1010962834034748, 1.1484706050156464, 1.2414843039249468, 1.286522046207647, 1.3072562312959182, 1.4024657757114494, 1.4690763553789117, 1.4352382086312834, 1.3078676789813133, 1.2336627867197074, 1.2117583717879756, 1.0914323600059634]",40,True,81,0.1,0.36574074074074076,,1,0.07071067811865475,7.778174593052023
20260927T095930443635Z_577f21e5,PURE_OR,40,1.0,5,5,6,5.5,5.5,0.19,0.5,10,2,5760.0,"[0.8592549273600911, 0.6058380411445193, 0.4316697215292379, 0.32461244914431125, 0.29898418014229616, 0.3853292566116986, 0.6184818884427356, 0.9112753545916268, 1.124060711596949, 1.0918553682168552, 1.0519012231472415, 1.0604058710082023, 1.1010962834034748, 1.1484706050156464, 1.2414843039249468, 1.286522046207647, 1.3072562312959182, 1.4024657757114494, 1.4690763553789117, 1.4352382086312834, 1.3078676789813133, 1.2336627867197074, 1.2117583717879756, 1.0914323600059634]",40,True,81,0.2,0.3665893271461717,,1,0.1414213562373095,7.778174593052023
20260927T095930443635Z_577f21e5,PURE_OR,40,1.0,5,5,6,5.5,5.5,0.19,0.5,10,2,5760.0,"[0.8592549273600911, 0.6058380411445193, 0.4316697215292379, 0.32461244914431125, 0.29898418014229616, 0.3853292566116986, 0.6184818884427356, 0.9112753545916268, 1.124060711596949, 1.0918553682168552, 1.0519012231472415, 1.0604058710082023, 1.1010962834034748, 1.1484706050156464, 1.2414843039249468, 1.286522046207647, 1.3072562312959182, 1.4024657757114494, 1.4690763553789117, 1.4352382086312834, 1.3078676789813133, 1.2336627867197074, 1.2117583717879756, 1.0914323600059634]",40,True,81,0.2442732516826255,0.3665893271461717,,1,0.17272727272727273,7.778174593052023
20260927T095930443635Z_577f21e5,PURE_OR,40,1.0,5,5,6,6.0,5.5,0.19,0.5,10,2,5760.0,"[0.8592549273600911, 0.6058380411445193, 0.4316697215292379, 0.32461244914431125, 0.29898418014229616, 0.3853292566116986, 0.6184818884427356, 0.9112753545916268, 1.124060711596949, 1.0918553682168552, 1.0519012231472415, 1.0604058710082023, 1.1010962834034748, 1.1484706050156464, 1.2414843039249468, 1.286522046207647, 1.3072562312959182, 1.4024657757114494, 1.4690763553789117, 1.4352382086312834, 1.3078676789813133, 1.2336627867197074, 1.2117583717879756, 1.0914323600059634]",40,True,81,0.1,0.3665893271461717,,1,0.07071067811865475,7.778174593052023
20260927T095930443635Z_577f21e5,PURE_OR,40,1.0,5,5,6,6.0,5.5,0.19,0.5,10,2,5760.0,"[0.8592549273600911, 0.6058380411445193, 0.4316697215292379, 0.32461244914431125, 0.29898418014229616, 0.3853292566116986, 0.6184818884427356, 0.9112753545916268, 1.124060711596949, 1.0918553682168552, 1.0519012231472415, 1.0604058710082023, 1.1010962834034748, 1.1484706050156464, 1.2414843039249468, 1.286522046207647, 1.3072562312959182, 1.4024657757114494, 1.4690763553789117, 1.4352382086312834, 1.3078676789813133, 1.2336627867197074, 1.2117583717879756, 1.0914323600059634]",40,True,81,0.2,0.3665893271461717,,1,0.1414213562373095,7.778174593052023
20260927T095930443635Z_577f21e5,PURE_OR,40,1.0,5,5,6,6.0,5.5,0.19,0.5,10,2,5760.0,"[0.8592549273600911, 0.6058380411445193, 0.4316697215292379, 0.32461244914431125, 0.29898418014229616, 0.3853292566116986, 0.6184818884427356, 0.9112753545916268, 1.124060711596949, 1.0918553682168552, 1.0519012231472415, 1.0604058710082023, 1.1010962834034748, 1.1484706050156464, 1.2414843039249468, 1.286522046207647, 1.3072562312959182, 1.4024657757114494, 1.4690763553789117, 1.4352382086312834, 1.3078676789813133, 1.2336627867197074, 1.2117583717879756, 1.0914323600059634]",40,True,81,0.2442732516826255,0.3665893271461717,,1,0.17272727272727273,7.778174593052023
