combo_id,LAMBDA,GAMMA_PACK,R_PICK_ALPHA,RIDE_TTL_MIN,MAX_VISIBLE_RIDES,SWITCH_GRACE_STEPS,RT,R,V,DT,train_seed,replicate,ALPHA_MEMBERS,ALPHA_EFFECTIVE,ALPHA_SATURATION,RIDE_TTL_STEPS,R_PAPER,R_PICK_ALPHA_PAPER,PICKUP_RADIUS,ALPHA_EFFECTIVE_PAPER,ALPHA_SATURATION_PAPER,run_id,RP,HORIZON_MIN,TRAIN_UPDATES,REPORT_UNSCALED,OBS_DIM,DEMAND_PROFILE,algo,reward,rate,ep_rate,terminal_time,avg_finish_time,finish_rate,accepted,time_rides,time_delivery
1,2,0.33,0.1,5,5,6,5.5,5.5,0.19,0.5,42,1,[0.1],0.1,0.2442732516826255,10,7.778174593052023,0.07071067811865475,0.38890872965260115,0.07071067811865475,0.17272727272727273,20260927T095930443635Z_577f21e5,2,5760.0,40,True,81,"[0.8592549273600911, 0.6058380411445193, 0.4316697215292379, 0.32461244914431125, 0.29898418014229616, 0.3853292566116986, 0.6184818884427356, 0.9112753545916268, 1.124060711596949, 1.0918553682168552, 1.0519012231472415, 1.0604058710082023, 1.1010962834034748, 1.1484706050156464, 1.2414843039249468, 1.286522046207647, 1.3072562312959182, 1.4024657757114494, 1.4690763553789117, 1.4352382086312834, 1.3078676789813133, 1.2336627867197074, 1.2117583717879756, 1.0914323600059634]",DRL,120.10566787719726,0.36241903402895975,0.33269618451595306,331.4,331.4,1.0,1.8,91.5,239.9
1,2,0.33,0.1,5,5,6,5.5,5.5,0.19,0.5,42,1,[0.1],0.1,0.2442732516826255,10,7.778174593052023,0.07071067811865475,0.38890872965260115,0.07071067811865475,0.17272727272727273,20260927T095930443635Z_577f21e5,2,5760.0,40,True,81,"[0.8592549273600911, 0.6058380411445193, 0.4316697215292379, 0.32461244914431125, 0.29898418014229616, 0.3853292566116986, 0.6184818884427356, 0.9112753545916268, 1.124060711596949, 1.0918553682168552, 1.0519012231472415, 1.0604058710082023, 1.1010962834034748, 1.1484706050156464, 1.2414843039249468, 1.286522046207647, 1.3072562312959182, 1.4024657757114494, 1.4690763553789117, 1.4352382086312834, 1.3078676789813133, 1.2336627867197074, 1.2117583717879756, 1.0914323600059634]",HEUR,105.88305435180663,0.3524735497729915,0.33147830665111544,300.4,300.4,1.0,1.4,70.7,229.7
1,2,0.33,0.1,5,5,6,5.5,5.5,0.19,0.5,42,1,[0.1],0.1,0.2442732516826255,10,7.778174593052023,0.07071067811865475,0.38890872965260115,0.07071067811865475,0.17272727272727273,20260927T095930443635Z_577f21e5,2,5760.0,40,True,81,"[0.8592549273600911, 0.6058380411445193, 0.4316697215292379, 0.32461244914431125, 0.29898418014229616, 0.3853292566116986, 0.6184818884427356, 0.9112753545916268, 1.124060711596949, 1.0918553682168552, 1.0519012231472415, 1.0604058710082023, 1.1010962834034748, 1.1484706050156464, 1.2414843039249468, 1.286522046207647, 1.3072562312959182, 1.4024657757114494, 1.4690763553789117, 1.4352382086312834, 1.3078676789813133, 1.2336627867197074, 1.2117583717879756, 1.0914323600059634]",HEUR_VOR,78.80124359130859,0.28907279380524065,0.2619065413449787,272.6,272.6,1.0,0.6,42.3,230.3
1,2,0.33,0.1,5,5,6,5.5,5.5,0.19,0.5,42,1,[0.1],0.1,0.2442732516826255,10,7.778174593052023,0.07071067811865475,0.38890872965260115,0.07071067811865475,0.17272727272727273,20260927T095930443635Z_577f21e5,2,5760.0,40,True,81,"[0.8592549273600911, 0.6058380411445193, 0.4316697215292379, 0.32461244914431125, 0.29898418014229616, 0.3853292566116986, 0.6184818884427356, 0.9112753545916268, 1.124060711596949, 1.0918553682168552, 1.0519012231472415, 1.0604058710082023, 1.1010962834034748, 1.1484706050156464, 1.2414843039249468, 1.286522046207647, 1.3072562312959182, 1.4024657757114494, 1.4690763553789117, 1.4352382086312834, 1.3078676789813133, 1.2336627867197074, 1.2117583717879756, 1.0914323600059634]",FOUR_ZONE,70.01146087646484,0.28990252950917117,0.272939698124227,241.5,241.5,1.0,0.4,26.6,214.9
1,2,0.33,0.1,5,5,6,5.5,5.5,0.19,0.5,42,1,[0.1],0.1,0.2442732516826255,10,7.778174593052023,0.07071067811865475,0.38890872965260115,0.07071067811865475,0.17272727272727273,20260927T095930443635Z_577f21e5,2,5760.0,40,True,81,"[0.8592549273600911, 0.6058380411445193, 0.4316697215292379, 0.32461244914431125, 0.29898418014229616, 0.3853292566116986, 0.6184818884427356, 0.9112753545916268, 1.124060711596949, 1.0918553682168552, 1.0519012231472415, 1.0604058710082023, 1.1010962834034748, 1.1484706050156464, 1.2414843039249468, 1.286522046207647, 1.3072562312959182, 1.4024657757114494, 1.4690763553789117, 1.4352382086312834, 1.3078676789813133, 1.2336627867197074, 1.2117583717879756, 1.0914323600059634]",PURE,43.2,0.1847733105218135,0.18373827772345533,233.8,233.8,1.0,0.0,0.0,233.8
1,2,0.33,0.1,5,5,6,5.5,5.5,0.19,0.5,42,1,[0.1],0.1,0.2442732516826255,10,7.778174593052023,0.07071067811865475,0.38890872965260115,0.07071067811865475,0.17272727272727273,20260927T095930443635Z_577f21e5,2,5760.0,40,True,81,"[0.8592549273600911, 0.6058380411445193, 0.4316697215292379, 0.32461244914431125, 0.29898418014229616, 0.3853292566116986, 0.6184818884427356, 0.9112753545916268, 1.124060711596949, 1.0918553682168552, 1.0519012231472415, 1.0604058710082023, 1.1010962834034748, 1.1484706050156464, 1.2414843039249468, 1.286522046207647, 1.3072562312959182, 1.4024657757114494, 1.4690763553789117, 1.4352382086312834, 1.3078676789813133, 1.2336627867197074, 1.2117583717879756, 1.0914323600059634]",PURE_OR,43.2,0.2169763937719739,0.2154468511187857,199.1,199.1,1.0,0.0,0.0,199.1
2,2,0.33,0.2,5,5,6,5.5,5.5,0.19,0.5,42,1,[0.2],0.2,0.2442732516826255,10,7.778174593052023,0.1414213562373095,0.7778174593052023,0.1414213562373095,0.17272727272727273,20260927T095930443635Z_577f21e5,2,5760.0,40,True,81,"[0.8592549273600911, 0.6058380411445193, 0.4316697215292379, 0.32461244914431125, 0.29898418014229616, 0.3853292566116986, 0.6184818884427356, 0.9112753545916268, 1.124060711596949, 1.0918553682168552, 1.0519012231472415, 1.0604058710082023, 1.1010962834034748, 1.1484706050156464, 1.2414843039249468, 1.286522046207647, 1.3072562312959182, 1.4024657757114494, 1.4690763553789117, 1.4352382086312834, 1.3078676789813133, 1.2336627867197074, 1.2117583717879756, 1.0914323600059634]",DRL,211.52883911132812,0.42950018093670683,0.39046710133552553,492.5,492.5,1.0,5.8,257.7,234.8
2,2,0.33,0.2,5,5,6,5.5,5.5,0.19,0.5,42,1,[0.2],0.2,0.2442732516826255,10,7.778174593052023,0.1414213562373095,0.7778174593052023,0.1414213562373095,0.17272727272727273,20260927T095930443635Z_577f21e5,2,5760.0,40,True,81,"[0.8592549273600911, 0.6058380411445193, 0.4316697215292379, 0.32461244914431125, 0.29898418014229616, 0.3853292566116986, 0.6184818884427356, 0.9112753545916268, 1.124060711596949, 1.0918553682168552, 1.0519012231472415, 1.0604058710082023, 1.1010962834034748, 1.1484706050156464, 1.2414843039249468, 1.286522046207647, 1.3072562312959182, 1.4024657757114494, 1.4690763553789117, 1.4352382086312834, 1.3078676789813133, 1.2336627867197074, 1.2117583717879756, 1.0914323600059634]",HEUR,120.72747955322265,0.3605958170645838,0.3425655484199524,334.8,334.8,1.0,3.0,102.7,232.1
2,2,0.33,0.2,5,5,6,5.5,5.5,0.19,0.5,42,1,[0.2],0.2,0.2442732516826255,10,7.778174593052023,0.1414213562373095,0.7778174593052023,0.1414213562373095,0.17272727272727273,20260927T095930443635Z_577f21e5,2,5760.0,40,True,81,"[0.8592549273600911, 0.6058380411445193, 0.4316697215292379, 0.32461244914431125, 0.29898418014229616, 0.3853292566116986, 0.6184818884427356, 0.9112753545916268, 1.124060711596949, 1.0918553682168552, 1.0519012231472415, 1.0604058710082023, 1.1010962834034748, 1.1484706050156464, 1.2414843039249468, 1.286522046207647, 1.3072562312959182, 1.4024657757114494, 1.4690763553789117, 1.4352382086312834, 1.3078676789813133, 1.2336627867197074, 1.2117583717879756, 1.0914323600059634]",HEUR_VOR,72.6573600769043,0.2843732292638133,0.27313349372670254,255.5,255.5,1.0,1.0,33.5,222.0
2,2,0.33,0.2,5,5,6,5.5,5.5,0.19,0.5,42,1,[0.2],0.2,0.2442732516826255,10,7.778174593052023,0.1414213562373095,0.7778174593052023,0.1414213562373095,0.17272727272727273,20260927T095930443635Z_577f21e5,2,5760.0,40,True,81,"[0.8592549273600911, 0.6058380411445193, 0.4316697215292379, 0.32461244914431125, 0.29898418014229616, 0.3853292566116986, 0.6184818884427356, 0.9112753545916268, 1.124060711596949, 1.0918553682168552, 1.0519012231472415, 1.0604058710082023, 1.1010962834034748, 1.1484706050156464, 1.2414843039249468, 1.286522046207647, 1.3072562312959182, 1.4024657757114494, 1.4690763553789117, 1.4352382086312834, 1.3078676789813133, 1.2336627867197074, 1.2117583717879756, 1.0914323600059634]",FOUR_ZONE,79.01092376708985,0.3198822824578536,0.31066687647828906,247.0,247.0,1.0,0.6,35.9,211.1
2,2,0.33,0.2,5,5,6,5.5,5.5,0.19,0.5,42,1,[0.2],0.2,0.2442732516826255,10,7.778174593052023,0.1414213562373095,0.7778174593052023,0.1414213562373095,0.17272727272727273,20260927T095930443635Z_577f21e5,2,5760.0,40,True,81,"[0.8592549273600911, 0.6058380411445193, 0.4316697215292379, 0.32461244914431125, 0.29898418014229616, 0.3853292566116986, 0.6184818884427356, 0.9112753545916268, 1.124060711596949, 1.0918553682168552, 1.0519012231472415, 1.0604058710082023, 1.1010962834034748, 1.1484706050156464, 1.2414843039249468, 1.286522046207647, 1.3072562312959182, 1.4024657757114494, 1.4690763553789117, 1.4352382086312834, 1.3078676789813133, 1.2336627867197074, 1.2117583717879756, 1.0914323600059634]",PURE,43.2,0.1847733105218135,0.18373827772345533,233.8,233.8,1.0,0.0,0.0,233.8
2,2,0.33,0.2,5,5,6,5.5,5.5,0.19,0.5,42,1,[0.2],0.2,0.2442732516826255,10,7.778174593052023,0.1414213562373095,0.7778174593052023,0.1414213562373095,0.17272727272727273,20260927T095930443635Z_577f21e5,2,5760.0,40,True,81,"[0.8592549273600911, 0.6058380411445193, 0.4316697215292379, 0.32461244914431125, 0.29898418014229616, 0.3853292566116986, 0.6184818884427356, 0.9112753545916268, 1.124060711596949, 1.0918553682168552, 1.0519012231472415, 1.0604058710082023, 1.1010962834034748, 1.1484706050156464, 1.2414843039249468, 1.286522046207647, 1.3072562312959182, 1.4024657757114494, 1.4690763553789117, 1.4352382086312834, 1.3078676789813133, 1.2336627867197074, 1.2117583717879756, 1.0914323600059634]",PURE_OR,43.2,0.2169763937719739,0.2154468511187857,199.1,199.1,1.0,0.0,0.0,199.1
3,2,0.33,0.3,5,5,6,5.5,5.5,0.19,0.5,42,1,"[0.3, 0.4]",0.2442732516826255,0.2442732516826255,10,7.778174593052023,0.21213203435596423,1.1667261889578033,0.17272727272727273,0.17272727272727273,20260927T095930443635Z_577f21e5,2,5760.0,40,True,81,"[0.8592549273600911, 0.6058380411445193, 0.4316697215292379, 0.32461244914431125, 0.29898418014229616, 0.3853292566116986, 0.6184818884427356, 0.9112753545916268, 1.124060711596949, 1.0918553682168552, 1.0519012231472415, 1.0604058710082023, 1.1010962834034748, 1.1484706050156464, 1.2414843039249468, 1.286522046207647, 1.3072562312959182, 1.4024657757114494, 1.4690763553789117, 1.4352382086312834, 1.3078676789813133, 1.2336627867197074, 1.2117583717879756, 1.0914323600059634]",DRL,501.12564315795896,0.4930397905922462,0.4519564568996429,1016.4,1016.4,1.0,14.0,685.9,330.5
3,2,0.33,0.3,5,5,6,5.5,5.5,0.19,0.5,42,1,"[0.3, 0.4]",0.2442732516826255,0.2442732516826255,10,7.778174593052023,0.21213203435596423,1.1667261889578033,0.17272727272727273,0.17272727272727273,20260927T095930443635Z_577f21e5,2,5760.0,40,True,81,"[0.8592549273600911, 0.6058380411445193, 0.4316697215292379, 0.32461244914431125, 0.29898418014229616, 0.3853292566116986, 0.6184818884427356, 0.9112753545916268, 1.124060711596949, 1.0918553682168552, 1.0519012231472415, 1.0604058710082023, 1.1010962834034748, 1.1484706050156464, 1.2414843039249468, 1.286522046207647, 1.3072562312959182, 1.4024657757114494, 1.4690763553789117, 1.4352382086312834, 1.3078676789813133, 1.2336627867197074, 1.2117583717879756, 1.0914323600059634]",HEUR,129.22464599609376,0.36868657916146574,0.35400033593177793,350.5,350.5,1.0,3.0,108.1,242.4
3,2,0.33,0.3,5,5,6,5.5,5.5,0.19,0.5,42,1,"[0.3, 0.4]",0.2442732516826255,0.2442732516826255,10,7.778174593052023,0.21213203435596423,1.1667261889578033,0.17272727272727273,0.17272727272727273,20260927T095930443635Z_577f21e5,2,5760.0,40,True,81,"[0.8592549273600911, 0.6058380411445193, 0.4316697215292379, 0.32461244914431125, 0.29898418014229616, 0.3853292566116986, 0.6184818884427356, 0.9112753545916268, 1.124060711596949, 1.0918553682168552, 1.0519012231472415, 1.0604058710082023, 1.1010962834034748, 1.1484706050156464, 1.2414843039249468, 1.286522046207647, 1.3072562312959182, 1.4024657757114494, 1.4690763553789117, 1.4352382086312834, 1.3078676789813133, 1.2336627867197074, 1.2117583717879756, 1.0914323600059634]",HEUR_VOR,82.1327293395996,0.301183459257791,0.2866506112270077,272.7,272.7,1.0,1.2,43.8,228.9
3,2,0.33,0.3,5,5,6,5.5,5.5,0.19,0.5,42,1,"[0.3, 0.4]",0.2442732516826255,0.2442732516826255,10,7.778174593052023,0.21213203435596423,1.1667261889578033,0.17272727272727273,0.17272727272727273,20260927T095930443635Z_577f21e5,2,5760.0,40,True,81,"[0.8592549273600911, 0.6058380411445193, 0.4316697215292379, 0.32461244914431125, 0.29898418014229616, 0.3853292566116986, 0.6184818884427356, 0.9112753545916268, 1.124060711596949, 1.0918553682168552, 1.0519012231472415, 1.0604058710082023, 1.1010962834034748, 1.1484706050156464, 1.2414843039249468, 1.286522046207647, 1.3072562312959182, 1.4024657757114494, 1.4690763553789117, 1.4352382086312834, 1.3078676789813133, 1.2336627867197074, 1.2117583717879756, 1.0914323600059634]",FOUR_ZONE,79.01092376708985,0.3198822824578536,0.31066687647828906,247.0,247.0,1.0,0.6,35.9,211.1
3,2,0.33,0.3,5,5,6,5.5,5.5,0.19,0.5,42,1,"[0.3, 0.4]",0.2442732516826255,0.2442732516826255,10,7.778174593052023,0.21213203435596423,1.1667261889578033,0.17272727272727273,0.17272727272727273,20260927T095930443635Z_577f21e5,2,5760.0,40,True,81,"[0.8592549273600911, 0.6058380411445193, 0.4316697215292379, 0.32461244914431125, 0.29898418014229616, 0.3853292566116986, 0.6184818884427356, 0.9112753545916268, 1.124060711596949, 1.0918553682168552, 1.0519012231472415, 1.0604058710082023, 1.1010962834034748, 1.1484706050156464, 1.2414843039249468, 1.286522046207647, 1.3072562312959182, 1.4024657757114494, 1.4690763553789117, 1.4352382086312834, 1.3078676789813133, 1.2336627867197074, 1.2117583717879756, 1.0914323600059634]",PURE,43.2,0.1847733105218135,0.18373827772345533,233.8,233.8,1.0,0.0,0.0,233.8
3,2,0.33,0.3,5,5,6,5.5,5.5,0.19,0.5,42,1,"[0.3, 0.4]",0.2442732516826255,0.2442732516826255,10,7.778174593052023,0.21213203435596423,1.1667261889578033,0.17272727272727273,0.17272727272727273,20260927T095930443635Z_577f21e5,2,5760.0,40,True,81,"[0.8592549273600911, 0.6058380411445193, 0.4316697215292379, 0.32461244914431125, 0.29898418014229616, 0.3853292566116986, 0.6184818884427356, 0.9112753545916268, 1.124060711596949, 1.0918553682168552, 1.0519012231472415, 1.0604058710082023, 1.1010962834034748, 1.1484706050156464, 1.2414843039249468, 1.286522046207647, 1.3072562312959182, 1.4024657757114494, 1.4690763553789117, 1.4352382086312834, 1.3078676789813133, 1.2336627867197074, 1.2117583717879756, 1.0914323600059634]",PURE_OR,43.2,0.2169763937719739,0.2154468511187857,199.1,199.1,1.0,0.0,0.0,199.1
4,2,0.33,0.1,5,5,6,6.0,5.5,0.19,0.5,42,1,[0.1],0.1,0.2442732516826255,10,7.778174593052023,0.07071067811865475,0.38890872965260115,0.07071067811865475,0.17272727272727273,20260927T095930443635Z_577f21e5,2,5760.0,40,True,81,"[0.8592549273600911, 0.6058380411445193, 0.4316697215292379, 0.32461244914431125, 0.29898418014229616, 0.3853292566116986, 0.6184818884427356, 0.9112753545916268, 1.124060711596949, 1.0918553682168552, 1.0519012231472415, 1.0604058710082023, 1.1010962834034748, 1.1484706050156464, 1.2414843039249468, 1.286522046207647, 1.3072562312959182, 1.4024657757114494, 1.4690763553789117, 1.4352382086312834, 1.3078676789813133, 1.2336627867197074, 1.2117583717879756, 1.0914323600059634]",DRL,127.09713439941406,0.38351579480812936,0.3501443177461624,331.4,331.4,1.0,1.8,91.5,239.9
4,2,0.33,0.1,5,5,6,6.0,5.5,0.19,0.5,42,1,[0.1],0.1,0.2442732516826255,10,7.778174593052023,0.07071067811865475,0.38890872965260115,0.07071067811865475,0.17272727272727273,20260927T095930443635Z_577f21e5,2,5760.0,40,True,81,"[0.8592549273600911, 0.6058380411445193, 0.4316697215292379, 0.32461244914431125, 0.29898418014229616, 0.3853292566116986, 0.6184818884427356, 0.9112753545916268, 1.124060711596949, 1.0918553682168552, 1.0519012231472415, 1.0604058710082023, 1.1010962834034748, 1.1484706050156464, 1.2414843039249468, 1.286522046207647, 1.3072562312959182, 1.4024657757114494, 1.4690763553789117, 1.4352382086312834, 1.3078676789813133, 1.2336627867197074, 1.2117583717879756, 1.0914323600059634]",HEUR,111.58157348632812,0.3714433205270577,0.34808461368083954,300.4,300.4,1.0,1.4,70.7,229.7
4,2,0.33,0.1,5,5,6,6.0,5.5,0.19,0.5,42,1,[0.1],0.1,0.2442732516826255,10,7.778174593052023,0.07071067811865475,0.38890872965260115,0.07071067811865475,0.17272727272727273,20260927T095930443635Z_577f21e5,2,5760.0,40,True,81,"[0.8592549273600911, 0.6058380411445193, 0.4316697215292379, 0.32461244914431125, 0.29898418014229616, 0.3853292566116986, 0.6184818884427356, 0.9112753545916268, 1.124060711596949, 1.0918553682168552, 1.0519012231472415, 1.0604058710082023, 1.1010962834034748, 1.1484706050156464, 1.2414843039249468, 1.286522046207647, 1.3072562312959182, 1.4024657757114494, 1.4690763553789117, 1.4352382086312834, 1.3078676789813133, 1.2336627867197074, 1.2117583717879756, 1.0914323600059634]",HEUR_VOR,82.03775024414062,0.3009455254737367,0.2708544681046986,272.6,272.6,1.0,0.6,42.3,230.3
4,2,0.33,0.1,5,5,6,6.0,5.5,0.19,0.5,42,1,[0.1],0.1,0.2442732516826255,10,7.778174593052023,0.07071067811865475,0.38890872965260115,0.07071067811865475,0.17272727272727273,20260927T095930443635Z_577f21e5,2,5760.0,40,True,81,"[0.8592549273600911, 0.6058380411445193, 0.4316697215292379, 0.32461244914431125, 0.29898418014229616, 0.3853292566116986, 0.6184818884427356, 0.9112753545916268, 1.124060711596949, 1.0918553682168552, 1.0519012231472415, 1.0604058710082023, 1.1010962834034748, 1.1484706050156464, 1.2414843039249468, 1.286522046207647, 1.3072562312959182, 1.4024657757114494, 1.4690763553789117, 1.4352382086312834, 1.3078676789813133, 1.2336627867197074, 1.2117583717879756, 1.0914323600059634]",FOUR_ZONE,72.44886779785156,0.299995311792346,0.2814490658286185,241.5,241.5,1.0,0.4,26.6,214.9
4,2,0.33,0.1,5,5,6,6.0,5.5,0.19,0.5,42,1,[0.1],0.1,0.2442732516826255,10,7.778174593052023,0.07071067811865475,0.38890872965260115,0.07071067811865475,0.17272727272727273,20260927T095930443635Z_577f21e5,2,5760.0,40,True,81,"[0.8592549273600911, 0.6058380411445193, 0.4316697215292379, 0.32461244914431125, 0.29898418014229616, 0.3853292566116986, 0.6184818884427356, 0.9112753545916268, 1.124060711596949, 1.0918553682168552, 1.0519012231472415, 1.0604058710082023, 1.1010962834034748, 1.1484706050156464, 1.2414843039249468, 1.286522046207647, 1.3072562312959182, 1.4024657757114494, 1.4690763553789117, 1.4352382086312834, 1.3078676789813133, 1.2336627867197074, 1.2117583717879756, 1.0914323600059634]",PURE,43.2,0.1847733105218135,0.18373827772345533,233.8,233.8,1.0,0.0,0.0,233.8
4,2,0.33,0.1,5,5,6,6.0,5.5,0.19,0.5,42,1,[0.1],0.1,0.2442732516826255,10,7.778174593052023,0.07071067811865475,0.38890872965260115,0.07071067811865475,0.17272727272727273,20260927T095930443635Z_577f21e5,2,5760.0,40,True,81,"[0.8592549273600911, 0.6058380411445193, 0.4316697215292379, 0.32461244914431125, 0.29898418014229616, 0.3853292566116986, 0.6184818884427356, 0.9112753545916268, 1.124060711596949, 1.0918553682168552, 1.0519012231472415, 1.0604058710082023, 1.1010962834034748, 1.1484706050156464, 1.2414843039249468, 1.286522046207647, 1.3072562312959182, 1.4024657757114494, 1.4690763553789117, 1.4352382086312834, 1.3078676789813133, 1.2336627867197074, 1.2117583717879756, 1.0914323600059634]",PURE_OR,43.2,0.2169763937719739,0.2154468511187857,199.1,199.1,1.0,0.0,0.0,199.1
5,2,0.33,0.2,5,5,6,6.0,5.5,0.19,0.5,42,1,[0.2],0.2,0.2442732516826255,10,7.778174593052023,0.1414213562373095,0.7778174593052023,0.1414213562373095,0.17272727272727273,20260927T095930443635Z_577f21e5,2,5760.0,40,True,81,"[0.8592549273600911, 0.6058380411445193, 0.4316697215292379, 0.32461244914431125, 0.29898418014229616, 0.3853292566116986, 0.6184818884427356, 0.9112753545916268, 1.124060711596949, 1.0918553682168552, 1.0519012231472415, 1.0604058710082023, 1.1010962834034748, 1.1484706050156464, 1.2414843039249468, 1.286522046207647, 1.3072562312959182, 1.4024657757114494, 1.4690763553789117, 1.4352382086312834, 1.3078676789813133, 1.2336627867197074, 1.2117583717879756, 1.0914323600059634]",DRL,226.83309097290038,0.4605748040058891,0.4161082088947296,492.5,492.5,1.0,5.8,257.7,234.8
5,2,0.33,0.2,5,5,6,6.0,5.5,0.19,0.5,42,1,[0.2],0.2,0.2442732516826255,10,7.778174593052023,0.1414213562373095,0.7778174593052023,0.1414213562373095,0.17272727272727273,20260927T095930443635Z_577f21e5,2,5760.0,40,True,81,"[0.8592549273600911, 0.6058380411445193, 0.4316697215292379, 0.32461244914431125, 0.29898418014229616, 0.3853292566116986, 0.6184818884427356, 0.9112753545916268, 1.124060711596949, 1.0918553682168552, 1.0519012231472415, 1.0604058710082023, 1.1010962834034748, 1.1484706050156464, 1.2414843039249468, 1.286522046207647, 1.3072562312959182, 1.4024657757114494, 1.4690763553789117, 1.4352382086312834, 1.3078676789813133, 1.2336627867197074, 1.2117583717879756, 1.0914323600059634]",HEUR,127.77550048828125,0.38164725354922713,0.36154642701148987,334.8,334.8,1.0,3.0,102.7,232.1
5,2,0.33,0.2,5,5,6,6.0,5.5,0.19,0.5,42,1,[0.2],0.2,0.2442732516826255,10,7.778174593052023,0.1414213562373095,0.7778174593052023,0.1414213562373095,0.17272727272727273,20260927T095930443635Z_577f21e5,2,5760.0,40,True,81,"[0.8592549273600911, 0.6058380411445193, 0.4316697215292379, 0.32461244914431125, 0.29898418014229616, 0.3853292566116986, 0.6184818884427356, 0.9112753545916268, 1.124060711596949, 1.0918553682168552, 1.0519012231472415, 1.0604058710082023, 1.1010962834034748, 1.1484706050156464, 1.2414843039249468, 1.286522046207647, 1.3072562312959182, 1.4024657757114494, 1.4690763553789117, 1.4352382086312834, 1.3078676789813133, 1.2336627867197074, 1.2117583717879756, 1.0914323600059634]",HEUR_VOR,75.33531494140625,0.29485446161020057,0.2827293170146664,255.5,255.5,1.0,1.0,33.5,222.0
5,2,0.33,0.2,5,5,6,6.0,5.5,0.19,0.5,42,1,[0.2],0.2,0.2442732516826255,10,7.778174593052023,0.1414213562373095,0.7778174593052023,0.1414213562373095,0.17272727272727273,20260927T095930443635Z_577f21e5,2,5760.0,40,True,81,"[0.8592549273600911, 0.6058380411445193, 0.4316697215292379, 0.32461244914431125, 0.29898418014229616, 0.3853292566116986, 0.6184818884427356, 0.9112753545916268, 1.124060711596949, 1.0918553682168552, 1.0519012231472415, 1.0604058710082023, 1.1010962834034748, 1.1484706050156464, 1.2414843039249468, 1.286522046207647, 1.3072562312959182, 1.4024657757114494, 1.4690763553789117, 1.4352382086312834, 1.3078676789813133, 1.2336627867197074, 1.2117583717879756, 1.0914323600059634]",FOUR_ZONE,82.26646423339844,0.3330626082323823,0.3229464465809807,247.0,247.0,1.0,0.6,35.9,211.1
5,2,0.33,0.2,5,5,6,6.0,5.5,0.19,0.5,42,1,[0.2],0.2,0.2442732516826255,10,7.778174593052023,0.1414213562373095,0.7778174593052023,0.1414213562373095,0.17272727272727273,20260927T095930443635Z_577f21e5,2,5760.0,40,True,81,"[0.8592549273600911, 0.6058380411445193, 0.4316697215292379, 0.32461244914431125, 0.29898418014229616, 0.3853292566116986, 0.6184818884427356, 0.9112753545916268, 1.124060711596949, 1.0918553682168552, 1.0519012231472415, 1.0604058710082023, 1.1010962834034748, 1.1484706050156464, 1.2414843039249468, 1.286522046207647, 1.3072562312959182, 1.4024657757114494, 1.4690763553789117, 1.4352382086312834, 1.3078676789813133, 1.2336627867197074, 1.2117583717879756, 1.0914323600059634]",PURE,43.2,0.1847733105218135,0.18373827772345533,233.8,233.8,1.0,0.0,0.0,233.8
5,2,0.33,0.2,5,5,6,6.0,5.5,0.19,0.5,42,1,[0.2],0.2,0.2442732516826255,10,7.778174593052023,0.1414213562373095,0.7778174593052023,0.1414213562373095,0.17272727272727273,20260927T095930443635Z_577f21e5,2,5760.0,40,True,81,"[0.8592549273600911, 0.6058380411445193, 0.4316697215292379, 0.32461244914431125, 0.29898418014229616, 0.3853292566116986, 0.6184818884427356, 0.9112753545916268, 1.124060711596949, 1.0918553682168552, 1.0519012231472415, 1.0604058710082023, 1.1010962834034748, 1.1484706050156464, 1.2414843039249468, 1.286522046207647, 1.3072562312959182, 1.4024657757114494, 1.4690763553789117, 1.4352382086312834, 1.3078676789813133, 1.2336627867197074, 1.2117583717879756, 1.0914323600059634]",PURE_OR,43.2,0.2169763937719739,0.2154468511187857,199.1,199.1,1.0,0.0,0.0,199.1
6,2,0.33,0.3,5,5,6,6.0,5.5,0.19,0.5,42,1,"[0.3, 0.4]",0.2442732516826255,0.2442732516826255,10,7.778174593052023,0.21213203435596423,1.1667261889578033,0.17272727272727273,0.17272727272727273,20260927T095930443635Z_577f21e5,2,5760.0,40,True,81,"[0.8592549273600911, 0.6058380411445193, 0.4316697215292379, 0.32461244914431125, 0.29898418014229616, 0.3853292566116986, 0.6184818884427356, 0.9112753545916268, 1.124060711596949, 1.0918553682168552, 1.0519012231472415, 1.0604058710082023, 1.1010962834034748, 1.1484706050156464, 1.2414843039249468, 1.286522046207647, 1.3072562312959182, 1.4024657757114494, 1.4690763553789117, 1.4352382086312834, 1.3078676789813133, 1.2336627867197074, 1.2117583717879756, 1.0914323600059634]",DRL,542.7516937255859,0.5339941890255666,0.48715701699256897,1016.4,1016.4,1.0,14.0,685.9,330.5
6,2,0.33,0.3,5,5,6,6.0,5.5,0.19,0.5,42,1,"[0.3, 0.4]",0.2442732516826255,0.2442732516826255,10,7.778174593052023,0.21213203435596423,1.1667261889578033,0.17272727272727273,0.17272727272727273,20260927T095930443635Z_577f21e5,2,5760.0,40,True,81,"[0.8592549273600911, 0.6058380411445193, 0.4316697215292379, 0.32461244914431125, 0.29898418014229616, 0.3853292566116986, 0.6184818884427356, 0.9112753545916268, 1.124060711596949, 1.0918553682168552, 1.0519012231472415, 1.0604058710082023, 1.1010962834034748, 1.1484706050156464, 1.2414843039249468, 1.286522046207647, 1.3072562312959182, 1.4024657757114494, 1.4690763553789117, 1.4352382086312834, 1.3078676789813133, 1.2336627867197074, 1.2117583717879756, 1.0914323600059634]",HEUR,137.0451400756836,0.39099897311179344,0.37468597292900085,350.5,350.5,1.0,3.0,108.1,242.4
6,2,0.33,0.3,5,5,6,6.0,5.5,0.19,0.5,42,1,"[0.3, 0.4]",0.2442732516826255,0.2442732516826255,10,7.778174593052023,0.21213203435596423,1.1667261889578033,0.17272727272727273,0.17272727272727273,20260927T095930443635Z_577f21e5,2,5760.0,40,True,81,"[0.8592549273600911, 0.6058380411445193, 0.4316697215292379, 0.32461244914431125, 0.29898418014229616, 0.3853292566116986, 0.6184818884427356, 0.9112753545916268, 1.124060711596949, 1.0918553682168552, 1.0519012231472415, 1.0604058710082023, 1.1010962834034748, 1.1484706050156464, 1.2414843039249468, 1.286522046207647, 1.3072562312959182, 1.4024657757114494, 1.4690763553789117, 1.4352382086312834, 1.3078676789813133, 1.2336627867197074, 1.2117583717879756, 1.0914323600059634]",HEUR_VOR,85.67208862304688,0.3141624078586244,0.2982248438052853,272.7,272.7,1.0,1.2,43.8,228.9
6,2,0.33,0.3,5,5,6,6.0,5.5,0.19,0.5,42,1,"[0.3, 0.4]",0.2442732516826255,0.2442732516826255,10,7.778174593052023,0.21213203435596423,1.1667261889578033,0.17272727272727273,0.17272727272727273,20260927T095930443635Z_577f21e5,2,5760.0,40,True,81,"[0.8592549273600911, 0.6058380411445193, 0.4316697215292379, 0.32461244914431125, 0.29898418014229616, 0.3853292566116986, 0.6184818884427356, 0.9112753545916268, 1.124060711596949, 1.0918553682168552, 1.0519012231472415, 1.0604058710082023, 1.1010962834034748, 1.1484706050156464, 1.2414843039249468, 1.286522046207647, 1.3072562312959182, 1.4024657757114494, 1.4690763553789117, 1.4352382086312834, 1.3078676789813133, 1.2336627867197074, 1.2117583717879756, 1.0914323600059634]",FOUR_ZONE,82.26646423339844,0.3330626082323823,0.3229464465809807,247.0,247.0,1.0,0.6,35.9,211.1
6,2,0.33,0.3,5,5,6,6.0,5.5,0.19,0.5,42,1,"[0.3, 0.4]",0.2442732516826255,0.2442732516826255,10,7.778174593052023,0.21213203435596423,1.1667261889578033,0.17272727272727273,0.17272727272727273,20260927T095930443635Z_577f21e5,2,5760.0,40,True,81,"[0.8592549273600911, 0.6058380411445193, 0.4316697215292379, 0.32461244914431125, 0.29898418014229616, 0.3853292566116986, 0.6184818884427356, 0.9112753545916268, 1.124060711596949, 1.0918553682168552, 1.0519012231472415, 1.0604058710082023, 1.1010962834034748, 1.1484706050156464, 1.2414843039249468, 1.286522046207647, 1.3072562312959182, 1.4024657757114494, 1.4690763553789117, 1.4352382086312834, 1.3078676789813133, 1.2336627867197074, 1.2117583717879756, 1.0914323600059634]",PURE,43.2,0.1847733105218135,0.18373827772345533,233.8,233.8,1.0,0.0,0.0,233.8
6,2,0.33,0.3,5,5,6,6.0,5.5,0.19,0.5,42,1,"[0.3, 0.4]",0.2442732516826255,0.2442732516826255,10,7.778174593052023,0.21213203435596423,1.1667261889578033,0.17272727272727273,0.17272727272727273,20260927T095930443635Z_577f21e5,2,5760.0,40,True,81,"[0.8592549273600911, 0.6058380411445193, 0.4316697215292379, 0.32461244914431125, 0.29898418014229616, 0.3853292566116986, 0.6184818884427356, 0.9112753545916268, 1.124060711596949, 1.0918553682168552, 1.0519012231472415, 1.0604058710082023, 1.1010962834034748, 1.1484706050156464, 1.2414843039249468, 1.286522046207647, 1.3072562312959182, 1.4024657757114494, 1.4690763553789117, 1.4352382086312834, 1.3078676789813133, 1.2336627867197074, 1.2117583717879756, 1.0914323600059634]",PURE_OR,43.2,0.2169763937719739,0.2154468511187857,199.1,199.1,1.0,0.0,0.0,199.1
7,2,0.5,0.1,5,5,6,5.5,5.5,0.19,0.5,42,1,[0.1],0.1,0.2442732516826255,10,7.778174593052023,0.07071067811865475,0.38890872965260115,0.07071067811865475,0.17272727272727273,20260927T095930443635Z_577f21e5,2,5760.0,40,True,81,"[0.8592549273600911, 0.6058380411445193, 0.4316697215292379, 0.32461244914431125, 0.29898418014229616, 0.3853292566116986, 0.6184818884427356, 0.9112753545916268, 1.124060711596949, 1.0918553682168552, 1.0519012231472415, 1.0604058710082023, 1.1010962834034748, 1.1484706050156464, 1.2414843039249468, 1.286522046207647, 1.3072562312959182, 1.4024657757114494, 1.4690763553789117, 1.4352382086312834, 1.3078676789813133, 1.2336627867197074, 1.2117583717879756, 1.0914323600059634]",DRL,135.76746978759766,0.3531932096451552,0.34926353096961976,384.4,384.4,1.0,2.6,83.4,301.0
7,2,0.5,0.1,5,5,6,5.5,5.5,0.19,0.5,42,1,[0.1],0.1,0.2442732516826255,10,7.778174593052023,0.07071067811865475,0.38890872965260115,0.07071067811865475,0.17272727272727273,20260927T095930443635Z_577f21e5,2,5760.0,40,True,81,"[0.8592549273600911, 0.6058380411445193, 0.4316697215292379, 0.32461244914431125, 0.29898418014229616, 0.3853292566116986, 0.6184818884427356, 0.9112753545916268, 1.124060711596949, 1.0918553682168552, 1.0519012231472415, 1.0604058710082023, 1.1010962834034748, 1.1484706050156464, 1.2414843039249468, 1.286522046207647, 1.3072562312959182, 1.4024657757114494, 1.4690763553789117, 1.4352382086312834, 1.3078676789813133, 1.2336627867197074, 1.2117583717879756, 1.0914323600059634]",HEUR,130.68773040771484,0.35464784371157354,0.34322777986526487,368.5,368.5,1.0,2.4,72.5,296.0
7,2,0.5,0.1,5,5,6,5.5,5.5,0.19,0.5,42,1,[0.1],0.1,0.2442732516826255,10,7.778174593052023,0.07071067811865475,0.38890872965260115,0.07071067811865475,0.17272727272727273,20260927T095930443635Z_577f21e5,2,5760.0,40,True,81,"[0.8592549273600911, 0.6058380411445193, 0.4316697215292379, 0.32461244914431125, 0.29898418014229616, 0.3853292566116986, 0.6184818884427356, 0.9112753545916268, 1.124060711596949, 1.0918553682168552, 1.0519012231472415, 1.0604058710082023, 1.1010962834034748, 1.1484706050156464, 1.2414843039249468, 1.286522046207647, 1.3072562312959182, 1.4024657757114494, 1.4690763553789117, 1.4352382086312834, 1.3078676789813133, 1.2336627867197074, 1.2117583717879756, 1.0914323600059634]",HEUR_VOR,91.88724517822266,0.299502102927714,0.296703989348403,306.8,306.8,1.0,1.0,31.1,275.7
7,2,0.5,0.1,5,5,6,5.5,5.5,0.19,0.5,42,1,[0.1],0.1,0.2442732516826255,10,7.778174593052023,0.07071067811865475,0.38890872965260115,0.07071067811865475,0.17272727272727273,20260927T095930443635Z_577f21e5,2,5760.0,40,True,81,"[0.8592549273600911, 0.6058380411445193, 0.4316697215292379, 0.32461244914431125, 0.29898418014229616, 0.3853292566116986, 0.6184818884427356, 0.9112753545916268, 1.124060711596949, 1.0918553682168552, 1.0519012231472415, 1.0604058710082023, 1.1010962834034748, 1.1484706050156464, 1.2414843039249468, 1.286522046207647, 1.3072562312959182, 1.4024657757114494, 1.4690763553789117, 1.4352382086312834, 1.3078676789813133, 1.2336627867197074, 1.2117583717879756, 1.0914323600059634]",FOUR_ZONE,64.4,0.24357034795763993,0.2427664587207187,264.4,264.4,1.0,0.0,0.0,264.4
7,2,0.5,0.1,5,5,6,5.5,5.5,0.19,0.5,42,1,[0.1],0.1,0.2442732516826255,10,7.778174593052023,0.07071067811865475,0.38890872965260115,0.07071067811865475,0.17272727272727273,20260927T095930443635Z_577f21e5,2,5760.0,40,True,81,"[0.8592549273600911, 0.6058380411445193, 0.4316697215292379, 0.32461244914431125, 0.29898418014229616, 0.3853292566116986, 0.6184818884427356, 0.9112753545916268, 1.124060711596949, 1.0918553682168552, 1.0519012231472415, 1.0604058710082023, 1.1010962834034748, 1.1484706050156464, 1.2414843039249468, 1.286522046207647, 1.3072562312959182, 1.4024657757114494, 1.4690763553789117, 1.4352382086312834, 1.3078676789813133, 1.2336627867197074, 1.2117583717879756, 1.0914323600059634]",PURE,64.4,0.22877442273534637,0.2272855885843997,281.5,281.5,1.0,0.0,0.0,281.5
7,2,0.5,0.1,5,5,6,5.5,5.5,0.19,0.5,42,1,[0.1],0.1,0.2442732516826255,10,7.778174593052023,0.07071067811865475,0.38890872965260115,0.07071067811865475,0.17272727272727273,20260927T095930443635Z_577f21e5,2,5760.0,40,True,81,"[0.8592549273600911, 0.6058380411445193, 0.4316697215292379, 0.32461244914431125, 0.29898418014229616, 0.3853292566116986, 0.6184818884427356, 0.9112753545916268, 1.124060711596949, 1.0918553682168552, 1.0519012231472415, 1.0604058710082023, 1.1010962834034748, 1.1484706050156464, 1.2414843039249468, 1.286522046207647, 1.3072562312959182, 1.4024657757114494, 1.4690763553789117, 1.4352382086312834, 1.3078676789813133, 1.2336627867197074, 1.2117583717879756, 1.0914323600059634]",PURE_OR,64.4,0.2765135251180764,0.275331215943522,232.9,232.9,1.0,0.0,0.0,232.9
8,2,0.5,0.2,5,5,6,5.5,5.5,0.19,0.5,42,1,[0.2],0.2,0.2442732516826255,10,7.778174593052023,0.1414213562373095,0.7778174593052023,0.1414213562373095,0.17272727272727273,20260927T095930443635Z_577f21e5,2,5760.0,40,True,81,"[0.8592549273600911, 0.6058380411445193, 0.4316697215292379, 0.32461244914431125, 0.29898418014229616, 0.3853292566116986, 0.6184818884427356, 0.9112753545916268, 1.124060711596949, 1.0918553682168552, 1.0519012231472415, 1.0604058710082023, 1.1010962834034748, 1.1484706050156464, 1.2414843039249468, 1.286522046207647, 1.3072562312959182, 1.4024657757114494, 1.4690763553789117, 1.4352382086312834, 1.3078676789813133, 1.2336627867197074, 1.2117583717879756, 1.0914323600059634]",DRL,280.01610412597654,0.43820986561185693,0.42461575865745543,639.0,639.0,1.0,7.4,293.8,345.2
8,2,0.5,0.2,5,5,6,5.5,5.5,0.19,0.5,42,1,[0.2],0.2,0.2442732516826255,10,7.778174593052023,0.1414213562373095,0.7778174593052023,0.1414213562373095,0.17272727272727273,20260927T095930443635Z_577f21e5,2,5760.0,40,True,81,"[0.8592549273600911, 0.6058380411445193, 0.4316697215292379, 0.32461244914431125, 0.29898418014229616, 0.3853292566116986, 0.6184818884427356, 0.9112753545916268, 1.124060711596949, 1.0918553682168552, 1.0519012231472415, 1.0604058710082023, 1.1010962834034748, 1.1484706050156464, 1.2414843039249468, 1.286522046207647, 1.3072562312959182, 1.4024657757114494, 1.4690763553789117, 1.4352382086312834, 1.3078676789813133, 1.2336627867197074, 1.2117583717879756, 1.0914323600059634]",HEUR,146.5482177734375,0.3715725602774784,0.36855843663215637,394.4,394.4,1.0,2.8,95.4,299.0
8,2,0.5,0.2,5,5,6,5.5,5.5,0.19,0.5,42,1,[0.2],0.2,0.2442732516826255,10,7.778174593052023,0.1414213562373095,0.7778174593052023,0.1414213562373095,0.17272727272727273,20260927T095930443635Z_577f21e5,2,5760.0,40,True,81,"[0.8592549273600911, 0.6058380411445193, 0.4316697215292379, 0.32461244914431125, 0.29898418014229616, 0.3853292566116986, 0.6184818884427356, 0.9112753545916268, 1.124060711596949, 1.0918553682168552, 1.0519012231472415, 1.0604058710082023, 1.1010962834034748, 1.1484706050156464, 1.2414843039249468, 1.286522046207647, 1.3072562312959182, 1.4024657757114494, 1.4690763553789117, 1.4352382086312834, 1.3078676789813133, 1.2336627867197074, 1.2117583717879756, 1.0914323600059634]",HEUR_VOR,139.7472396850586,0.3756646228092973,0.3731886923313141,372.0,372.0,1.0,2.2,83.4,288.6
8,2,0.5,0.2,5,5,6,5.5,5.5,0.19,0.5,42,1,[0.2],0.2,0.2442732516826255,10,7.778174593052023,0.1414213562373095,0.7778174593052023,0.1414213562373095,0.17272727272727273,20260927T095930443635Z_577f21e5,2,5760.0,40,True,81,"[0.8592549273600911, 0.6058380411445193, 0.4316697215292379, 0.32461244914431125, 0.29898418014229616, 0.3853292566116986, 0.6184818884427356, 0.9112753545916268, 1.124060711596949, 1.0918553682168552, 1.0519012231472415, 1.0604058710082023, 1.1010962834034748, 1.1484706050156464, 1.2414843039249468, 1.286522046207647, 1.3072562312959182, 1.4024657757114494, 1.4690763553789117, 1.4352382086312834, 1.3078676789813133, 1.2336627867197074, 1.2117583717879756, 1.0914323600059634]",FOUR_ZONE,87.52269287109375,0.320830985597851,0.3211881062852877,272.8,272.8,1.0,0.6,24.8,248.0
8,2,0.5,0.2,5,5,6,5.5,5.5,0.19,0.5,42,1,[0.2],0.2,0.2442732516826255,10,7.778174593052023,0.1414213562373095,0.7778174593052023,0.1414213562373095,0.17272727272727273,20260927T095930443635Z_577f21e5,2,5760.0,40,True,81,"[0.8592549273600911, 0.6058380411445193, 0.4316697215292379, 0.32461244914431125, 0.29898418014229616, 0.3853292566116986, 0.6184818884427356, 0.9112753545916268, 1.124060711596949, 1.0918553682168552, 1.0519012231472415, 1.0604058710082023, 1.1010962834034748, 1.1484706050156464, 1.2414843039249468, 1.286522046207647, 1.3072562312959182, 1.4024657757114494, 1.4690763553789117, 1.4352382086312834, 1.3078676789813133, 1.2336627867197074, 1.2117583717879756, 1.0914323600059634]",PURE,64.4,0.22877442273534637,0.2272855885843997,281.5,281.5,1.0,0.0,0.0,281.5
8,2,0.5,0.2,5,5,6,5.5,5.5,0.19,0.5,42,1,[0.2],0.2,0.2442732516826255,10,7.778174593052023,0.1414213562373095,0.7778174593052023,0.1414213562373095,0.17272727272727273,20260927T095930443635Z_577f21e5,2,5760.0,40,True,81,"[0.8592549273600911, 0.6058380411445193, 0.4316697215292379, 0.32461244914431125, 0.29898418014229616, 0.3853292566116986, 0.6184818884427356, 0.9112753545916268, 1.124060711596949, 1.0918553682168552, 1.0519012231472415, 1.0604058710082023, 1.1010962834034748, 1.1484706050156464, 1.2414843039249468, 1.286522046207647, 1.3072562312959182, 1.4024657757114494, 1.4690763553789117, 1.4352382086312834, 1.3078676789813133, 1.2336627867197074, 1.2117583717879756, 1.0914323600059634]",PURE_OR,64.4,0.2765135251180764,0.275331215943522,232.9,232.9,1.0,0.0,0.0,232.9
9,2,0.5,0.3,5,5,6,5.5,5.5,0.19,0.5,42,1,"[0.3, 0.4]",0.2442732516826255,0.2442732516826255,10,7.778174593052023,0.21213203435596423,1.1667261889578033,0.17272727272727273,0.17272727272727273,20260927T095930443635Z_577f21e5,2,5760.0,40,True,81,"[0.8592549273600911, 0.6058380411445193, 0.4316697215292379, 0.32461244914431125, 0.29898418014229616, 0.3853292566116986, 0.6184818884427356, 0.9112753545916268, 1.124060711596949, 1.0918553682168552, 1.0519012231472415, 1.0604058710082023, 1.1010962834034748, 1.1484706050156464, 1.2414843039249468, 1.286522046207647, 1.3072562312959182, 1.4024657757114494, 1.4690763553789117, 1.4352382086312834, 1.3078676789813133, 1.2336627867197074, 1.2117583717879756, 1.0914323600059634]",DRL,437.4096374511719,0.49285592952244717,0.4786886930465698,887.5,887.5,1.0,12.6,531.1,356.4
9,2,0.5,0.3,5,5,6,5.5,5.5,0.19,0.5,42,1,"[0.3, 0.4]",0.2442732516826255,0.2442732516826255,10,7.778174593052023,0.21213203435596423,1.1667261889578033,0.17272727272727273,0.17272727272727273,20260927T095930443635Z_577f21e5,2,5760.0,40,True,81,"[0.8592549273600911, 0.6058380411445193, 0.4316697215292379, 0.32461244914431125, 0.29898418014229616, 0.3853292566116986, 0.6184818884427356, 0.9112753545916268, 1.124060711596949, 1.0918553682168552, 1.0519012231472415, 1.0604058710082023, 1.1010962834034748, 1.1484706050156464, 1.2414843039249468, 1.286522046207647, 1.3072562312959182, 1.4024657757114494, 1.4690763553789117, 1.4352382086312834, 1.3078676789813133, 1.2336627867197074, 1.2117583717879756, 1.0914323600059634]",HEUR,186.68181762695312,0.40912079252016903,0.39656977653503417,456.3,456.3,1.0,4.2,152.1,304.2
9,2,0.5,0.3,5,5,6,5.5,5.5,0.19,0.5,42,1,"[0.3, 0.4]",0.2442732516826255,0.2442732516826255,10,7.778174593052023,0.21213203435596423,1.1667261889578033,0.17272727272727273,0.17272727272727273,20260927T095930443635Z_577f21e5,2,5760.0,40,True,81,"[0.8592549273600911, 0.6058380411445193, 0.4316697215292379, 0.32461244914431125, 0.29898418014229616, 0.3853292566116986, 0.6184818884427356, 0.9112753545916268, 1.124060711596949, 1.0918553682168552, 1.0519012231472415, 1.0604058710082023, 1.1010962834034748, 1.1484706050156464, 1.2414843039249468, 1.286522046207647, 1.3072562312959182, 1.4024657757114494, 1.4690763553789117, 1.4352382086312834, 1.3078676789813133, 1.2336627867197074, 1.2117583717879756, 1.0914323600059634]",HEUR_VOR,139.7472396850586,0.3756646228092973,0.3731886923313141,372.0,372.0,1.0,2.2,83.4,288.6
9,2,0.5,0.3,5,5,6,5.5,5.5,0.19,0.5,42,1,"[0.3, 0.4]",0.2442732516826255,0.2442732516826255,10,7.778174593052023,0.21213203435596423,1.1667261889578033,0.17272727272727273,0.17272727272727273,20260927T095930443635Z_577f21e5,2,5760.0,40,True,81,"[0.8592549273600911, 0.6058380411445193, 0.4316697215292379, 0.32461244914431125, 0.29898418014229616, 0.3853292566116986, 0.6184818884427356, 0.9112753545916268, 1.124060711596949, 1.0918553682168552, 1.0519012231472415, 1.0604058710082023, 1.1010962834034748, 1.1484706050156464, 1.2414843039249468, 1.286522046207647, 1.3072562312959182, 1.4024657757114494, 1.4690763553789117, 1.4352382086312834, 1.3078676789813133, 1.2336627867197074, 1.2117583717879756, 1.0914323600059634]",FOUR_ZONE,92.37130737304688,0.32930947370070185,0.32965304891680186,280.5,280.5,1.0,0.8,30.5,250.0
9,2,0.5,0.3,5,5,6,5.5,5.5,0.19,0.5,42,1,"[0.3, 0.4]",0.2442732516826255,0.2442732516826255,10,7.778174593052023,0.21213203435596423,1.1667261889578033,0.17272727272727273,0.17272727272727273,20260927T095930443635Z_577f21e5,2,5760.0,40,True,81,"[0.8592549273600911, 0.6058380411445193, 0.4316697215292379, 0.32461244914431125, 0.29898418014229616, 0.3853292566116986, 0.6184818884427356, 0.9112753545916268, 1.124060711596949, 1.0918553682168552, 1.0519012231472415, 1.0604058710082023, 1.1010962834034748, 1.1484706050156464, 1.2414843039249468, 1.286522046207647, 1.3072562312959182, 1.4024657757114494, 1.4690763553789117, 1.4352382086312834, 1.3078676789813133, 1.2336627867197074, 1.2117583717879756, 1.0914323600059634]",PURE,64.4,0.22877442273534637,0.2272855885843997,281.5,281.5,1.0,0.0,0.0,281.5
9,2,0.5,0.3,5,5,6,5.5,5.5,0.19,0.5,42,1,"[0.3, 0.4]",0.2442732516826255,0.2442732516826255,10,7.778174593052023,0.21213203435596423,1.1667261889578033,0.17272727272727273,0.17272727272727273,20260927T095930443635Z_577f21e5,2,5760.0,40,True,81,"[0.8592549273600911, 0.6058380411445193, 0.4316697215292379, 0.32461244914431125, 0.29898418014229616, 0.3853292566116986, 0.6184818884427356, 0.9112753545916268, 1.124060711596949, 1.0918553682168552, 1.0519012231472415, 1.0604058710082023, 1.1010962834034748, 1.1484706050156464, 1.2414843039249468, 1.286522046207647, 1.3072562312959182, 1.4024657757114494, 1.4690763553789117, 1.4352382086312834, 1.3078676789813133, 1.2336627867197074, 1.2117583717879756, 1.0914323600059634]",PURE_OR,64.4,0.2765135251180764,0.275331215943522,232.9,232.9,1.0,0.0,0.0,232.9
10,2,0.5,0.1,5,5,6,6.0,5.5,0.19,0.5,42,1,[0.1],0.1,0.2442732516826255,10,7.778174593052023,0.07071067811865475,0.38890872965260115,0.07071067811865475,0.17272727272727273,20260927T095930443635Z_577f21e5,2,5760.0,40,True,81,"[0.8592549273600911, 0.6058380411445193, 0.4316697215292379, 0.32461244914431125, 0.29898418014229616, 0.3853292566116986, 0.6184818884427356, 0.9112753545916268, 1.124060711596949, 1.0918553682168552, 1.0519012231472415, 1.0604058710082023, 1.1010962834034748, 1.1484706050156464, 1.2414843039249468, 1.286522046207647, 1.3072562312959182, 1.4024657757114494, 1.4690763553789117, 1.4352382086312834, 1.3078676789813133, 1.2336627867197074, 1.2117583717879756, 1.0914323600059634]",DRL,142.25547790527344,0.37007148258395794,0.36546345949172976,384.4,384.4,1.0,2.6,83.4,301.0
10,2,0.5,0.1,5,5,6,6.0,5.5,0.19,0.5,42,1,[0.1],0.1,0.2442732516826255,10,7.778174593052023,0.07071067811865475,0.38890872965260115,0.07071067811865475,0.17272727272727273,20260927T095930443635Z_577f21e5,2,5760.0,40,True,81,"[0.8592549273600911, 0.6058380411445193, 0.4316697215292379, 0.32461244914431125, 0.29898418014229616, 0.3853292566116986, 0.6184818884427356, 0.9112753545916268, 1.124060711596949, 1.0918553682168552, 1.0519012231472415, 1.0604058710082023, 1.1010962834034748, 1.1484706050156464, 1.2414843039249468, 1.286522046207647, 1.3072562312959182, 1.4024657757114494, 1.4690763553789117, 1.4352382086312834, 1.3078676789813133, 1.2336627867197074, 1.2117583717879756, 1.0914323600059634]",HEUR,136.7139434814453,0.3710012034774635,0.3579996645450592,368.5,368.5,1.0,2.4,72.5,296.0
10,2,0.5,0.1,5,5,6,6.0,5.5,0.19,0.5,42,1,[0.1],0.1,0.2442732516826255,10,7.778174593052023,0.07071067811865475,0.38890872965260115,0.07071067811865475,0.17272727272727273,20260927T095930443635Z_577f21e5,2,5760.0,40,True,81,"[0.8592549273600911, 0.6058380411445193, 0.4316697215292379, 0.32461244914431125, 0.29898418014229616, 0.3853292566116986, 0.6184818884427356, 0.9112753545916268, 1.124060711596949, 1.0918553682168552, 1.0519012231472415, 1.0604058710082023, 1.1010962834034748, 1.1484706050156464, 1.2414843039249468, 1.286522046207647, 1.3072562312959182, 1.4024657757114494, 1.4690763553789117, 1.4352382086312834, 1.3078676789813133, 1.2336627867197074, 1.2117583717879756, 1.0914323600059634]",HEUR_VOR,94.38609466552734,0.3076469839163212,0.3045309077119741,306.8,306.8,1.0,1.0,31.1,275.7
10,2,0.5,0.1,5,5,6,6.0,5.5,0.19,0.5,42,1,[0.1],0.1,0.2442732516826255,10,7.778174593052023,0.07071067811865475,0.38890872965260115,0.07071067811865475,0.17272727272727273,20260927T095930443635Z_577f21e5,2,5760.0,40,True,81,"[0.8592549273600911, 0.6058380411445193, 0.4316697215292379, 0.32461244914431125, 0.29898418014229616, 0.3853292566116986, 0.6184818884427356, 0.9112753545916268, 1.124060711596949, 1.0918553682168552, 1.0519012231472415, 1.0604058710082023, 1.1010962834034748, 1.1484706050156464, 1.2414843039249468, 1.286522046207647, 1.3072562312959182, 1.4024657757114494, 1.4690763553789117, 1.4352382086312834, 1.3078676789813133, 1.2336627867197074, 1.2117583717879756, 1.0914323600059634]",FOUR_ZONE,64.4,0.24357034795763993,0.2427664587207187,264.4,264.4,1.0,0.0,0.0,264.4
10,2,0.5,0.1,5,5,6,6.0,5.5,0.19,0.5,42,1,[0.1],0.1,0.2442732516826255,10,7.778174593052023,0.07071067811865475,0.38890872965260115,0.07071067811865475,0.17272727272727273,20260927T095930443635Z_577f21e5,2,5760.0,40,True,81,"[0.8592549273600911, 0.6058380411445193, 0.4316697215292379, 0.32461244914431125, 0.29898418014229616, 0.3853292566116986, 0.6184818884427356, 0.9112753545916268, 1.124060711596949, 1.0918553682168552, 1.0519012231472415, 1.0604058710082023, 1.1010962834034748, 1.1484706050156464, 1.2414843039249468, 1.286522046207647, 1.3072562312959182, 1.4024657757114494, 1.4690763553789117, 1.4352382086312834, 1.3078676789813133, 1.2336627867197074, 1.2117583717879756, 1.0914323600059634]",PURE,64.4,0.22877442273534637,0.2272855885843997,281.5,281.5,1.0,0.0,0.0,281.5
10,2,0.5,0.1,5,5,6,6.0,5.5,0.19,0.5,42,1,[0.1],0.1,0.2442732516826255,10,7.778174593052023,0.07071067811865475,0.38890872965260115,0.07071067811865475,0.17272727272727273,20260927T095930443635Z_577f21e5,2,5760.0,40,True,81,"[0.8592549273600911, 0.6058380411445193, 0.4316697215292379, 0.32461244914431125, 0.29898418014229616, 0.3853292566116986, 0.6184818884427356, 0.9112753545916268, 1.124060711596949, 1.0918553682168552, 1.0519012231472415, 1.0604058710082023, 1.1010962834034748, 1.1484706050156464, 1.2414843039249468, 1.286522046207647, 1.3072562312959182, 1.4024657757114494, 1.4690763553789117, 1.4352382086312834, 1.3078676789813133, 1.2336627867197074, 1.2117583717879756, 1.0914323600059634]",PURE_OR,64.4,0.2765135251180764,0.275331215943522,232.9,232.9,1.0,0.0,0.0,232.9
11,2,0.5,0.2,5,5,6,6.0,5.5,0.19,0.5,42,1,[0.2],0.2,0.2442732516826255,10,7.778174593052023,0.1414213562373095,0.7778174593052023,0.1414213562373095,0.17272727272727273,20260927T095930443635Z_577f21e5,2,5760.0,40,True,81,"[0.8592549273600911, 0.6058380411445193, 0.4316697215292379, 0.32461244914431125, 0.29898418014229616, 0.3853292566116986, 0.6184818884427356, 0.9112753545916268, 1.124060711596949, 1.0918553682168552, 1.0519012231472415, 1.0604058710082023, 1.1010962834034748, 1.1484706050156464, 1.2414843039249468, 1.286522046207647, 1.3072562312959182, 1.4024657757114494, 1.4690763553789117, 1.4352382086312834, 1.3078676789813133, 1.2336627867197074, 1.2117583717879756, 1.0914323600059634]",DRL,314.8830093383789,0.4714523272022442,0.4508661925792694,667.9,667.9,1.0,7.4,298.8,369.1
11,2,0.5,0.2,5,5,6,6.0,5.5,0.19,0.5,42,1,[0.2],0.2,0.2442732516826255,10,7.778174593052023,0.1414213562373095,0.7778174593052023,0.1414213562373095,0.17272727272727273,20260927T095930443635Z_577f21e5,2,5760.0,40,True,81,"[0.8592549273600911, 0.6058380411445193, 0.4316697215292379, 0.32461244914431125, 0.29898418014229616, 0.3853292566116986, 0.6184818884427356, 0.9112753545916268, 1.124060711596949, 1.0918553682168552, 1.0519012231472415, 1.0604058710082023, 1.1010962834034748, 1.1484706050156464, 1.2414843039249468, 1.286522046207647, 1.3072562312959182, 1.4024657757114494, 1.4690763553789117, 1.4352382086312834, 1.3078676789813133, 1.2336627867197074, 1.2117583717879756, 1.0914323600059634]",HEUR,154.01632843017578,0.39050793212519214,0.38712038397789,394.4,394.4,1.0,2.8,95.4,299.0
11,2,0.5,0.2,5,5,6,6.0,5.5,0.19,0.5,42,1,[0.2],0.2,0.2442732516826255,10,7.778174593052023,0.1414213562373095,0.7778174593052023,0.1414213562373095,0.17272727272727273,20260927T095930443635Z_577f21e5,2,5760.0,40,True,81,"[0.8592549273600911, 0.6058380411445193, 0.4316697215292379, 0.32461244914431125, 0.29898418014229616, 0.3853292566116986, 0.6184818884427356, 0.9112753545916268, 1.124060711596949, 1.0918553682168552, 1.0519012231472415, 1.0604058710082023, 1.1010962834034748, 1.1484706050156464, 1.2414843039249468, 1.286522046207647, 1.3072562312959182, 1.4024657757114494, 1.4690763553789117, 1.4352382086312834, 1.3078676789813133, 1.2336627867197074, 1.2117583717879756, 1.0914323600059634]",HEUR_VOR,146.5970901489258,0.3940781993250693,0.3913730978965759,372.0,372.0,1.0,2.2,83.4,288.6
11,2,0.5,0.2,5,5,6,6.0,5.5,0.19,0.5,42,1,[0.2],0.2,0.2442732516826255,10,7.778174593052023,0.1414213562373095,0.7778174593052023,0.1414213562373095,0.17272727272727273,20260927T095930443635Z_577f21e5,2,5760.0,40,True,81,"[0.8592549273600911, 0.6058380411445193, 0.4316697215292379, 0.32461244914431125, 0.29898418014229616, 0.3853292566116986, 0.6184818884427356, 0.9112753545916268, 1.124060711596949, 1.0918553682168552, 1.0519012231472415, 1.0604058710082023, 1.1010962834034748, 1.1484706050156464, 1.2414843039249468, 1.286522046207647, 1.3072562312959182, 1.4024657757114494, 1.4690763553789117, 1.4352382086312834, 1.3078676789813133, 1.2336627867197074, 1.2117583717879756, 1.0914323600059634]",FOUR_ZONE,89.624755859375,0.3285364950856855,0.329045780645563,272.8,272.8,1.0,0.6,24.8,248.0
11,2,0.5,0.2,5,5,6,6.0,5.5,0.19,0.5,42,1,[0.2],0.2,0.2442732516826255,10,7.778174593052023,0.1414213562373095,0.7778174593052023,0.1414213562373095,0.17272727272727273,20260927T095930443635Z_577f21e5,2,5760.0,40,True,81,"[0.8592549273600911, 0.6058380411445193, 0.4316697215292379, 0.32461244914431125, 0.29898418014229616, 0.3853292566116986, 0.6184818884427356, 0.9112753545916268, 1.124060711596949, 1.0918553682168552, 1.0519012231472415, 1.0604058710082023, 1.1010962834034748, 1.1484706050156464, 1.2414843039249468, 1.286522046207647, 1.3072562312959182, 1.4024657757114494, 1.4690763553789117, 1.4352382086312834, 1.3078676789813133, 1.2336627867197074, 1.2117583717879756, 1.0914323600059634]",PURE,64.4,0.22877442273534637,0.2272855885843997,281.5,281.5,1.0,0.0,0.0,281.5
11,2,0.5,0.2,5,5,6,6.0,5.5,0.19,0.5,42,1,[0.2],0.2,0.2442732516826255,10,7.778174593052023,0.1414213562373095,0.7778174593052023,0.1414213562373095,0.17272727272727273,20260927T095930443635Z_577f21e5,2,5760.0,40,True,81,"[0.8592549273600911, 0.6058380411445193, 0.4316697215292379, 0.32461244914431125, 0.29898418014229616, 0.3853292566116986, 0.6184818884427356, 0.9112753545916268, 1.124060711596949, 1.0918553682168552, 1.0519012231472415, 1.0604058710082023, 1.1010962834034748, 1.1484706050156464, 1.2414843039249468, 1.286522046207647, 1.3072562312959182, 1.4024657757114494, 1.4690763553789117, 1.4352382086312834, 1.3078676789813133, 1.2336627867197074, 1.2117583717879756, 1.0914323600059634]",PURE_OR,64.4,0.27639484978540774,0.27522707886125375,233.0,233.0,1.0,0.0,0.0,233.0
12,2,0.5,0.3,5,5,6,6.0,5.5,0.19,0.5,42,1,"[0.3, 0.4]",0.2442732516826255,0.2442732516826255,10,7.778174593052023,0.21213203435596423,1.1667261889578033,0.17272727272727273,0.17272727272727273,20260927T095930443635Z_577f21e5,2,5760.0,40,True,81,"[0.8592549273600911, 0.6058380411445193, 0.4316697215292379, 0.32461244914431125, 0.29898418014229616, 0.3853292566116986, 0.6184818884427356, 0.9112753545916268, 1.124060711596949, 1.0918553682168552, 1.0519012231472415, 1.0604058710082023, 1.1010962834034748, 1.1484706050156464, 1.2414843039249468, 1.286522046207647, 1.3072562312959182, 1.4024657757114494, 1.4690763553789117, 1.4352382086312834, 1.3078676789813133, 1.2336627867197074, 1.2117583717879756, 1.0914323600059634]",DRL,484.54066772460936,0.5215723011029164,0.5026118516921997,929.0,929.0,1.0,12.2,530.1,398.9
12,2,0.5,0.3,5,5,6,6.0,5.5,0.19,0.5,42,1,"[0.3, 0.4]",0.2442732516826255,0.2442732516826255,10,7.778174593052023,0.21213203435596423,1.1667261889578033,0.17272727272727273,0.17272727272727273,20260927T095930443635Z_577f21e5,2,5760.0,40,True,81,"[0.8592549273600911, 0.6058380411445193, 0.4316697215292379, 0.32461244914431125, 0.29898418014229616, 0.3853292566116986, 0.6184818884427356, 0.9112753545916268, 1.124060711596949, 1.0918553682168552, 1.0519012231472415, 1.0604058710082023, 1.1010962834034748, 1.1484706050156464, 1.2414843039249468, 1.286522046207647, 1.3072562312959182, 1.4024657757114494, 1.4690763553789117, 1.4352382086312834, 1.3078676789813133, 1.2336627867197074, 1.2117583717879756, 1.0914323600059634]",HEUR,197.79881896972657,0.43348415290319214,0.419641250371933,456.3,456.3,1.0,4.2,152.1,304.2
12,2,0.5,0.3,5,5,6,6.0,5.5,0.19,0.5,42,1,"[0.3, 0.4]",0.2442732516826255,0.2442732516826255,10,7.778174593052023,0.21213203435596423,1.1667261889578033,0.17272727272727273,0.17272727272727273,20260927T095930443635Z_577f21e5,2,5760.0,40,True,81,"[0.8592549273600911, 0.6058380411445193, 0.4316697215292379, 0.32461244914431125, 0.29898418014229616, 0.3853292566116986, 0.6184818884427356, 0.9112753545916268, 1.124060711596949, 1.0918553682168552, 1.0519012231472415, 1.0604058710082023, 1.1010962834034748, 1.1484706050156464, 1.2414843039249468, 1.286522046207647, 1.3072562312959182, 1.4024657757114494, 1.4690763553789117, 1.4352382086312834, 1.3078676789813133, 1.2336627867197074, 1.2117583717879756, 1.0914323600059634]",HEUR_VOR,146.5970901489258,0.3940781993250693,0.3913730978965759,372.0,372.0,1.0,2.2,83.4,288.6
12,2,0.5,0.3,5,5,6,6.0,5.5,0.19,0.5,42,1,"[0.3, 0.4]",0.2442732516826255,0.2442732516826255,10,7.778174593052023,0.21213203435596423,1.1667261889578033,0.17272727272727273,0.17272727272727273,20260927T095930443635Z_577f21e5,2,5760.0,40,True,81,"[0.8592549273600911, 0.6058380411445193, 0.4316697215292379, 0.32461244914431125, 0.29898418014229616, 0.3853292566116986, 0.6184818884427356, 0.9112753545916268, 1.124060711596949, 1.0918553682168552, 1.0519012231472415, 1.0604058710082023, 1.1010962834034748, 1.1484706050156464, 1.2414843039249468, 1.286522046207647, 1.3072562312959182, 1.4024657757114494, 1.4690763553789117, 1.4352382086312834, 1.3078676789813133, 1.2336627867197074, 1.2117583717879756, 1.0914323600059634]",FOUR_ZONE,94.91415405273438,0.3383748807584113,0.33886281888102,280.5,280.5,1.0,0.8,30.5,250.0
12,2,0.5,0.3,5,5,6,6.0,5.5,0.19,0.5,42,1,"[0.3, 0.4]",0.2442732516826255,0.2442732516826255,10,7.778174593052023,0.21213203435596423,1.1667261889578033,0.17272727272727273,0.17272727272727273,20260927T095930443635Z_577f21e5,2,5760.0,40,True,81,"[0.8592549273600911, 0.6058380411445193, 0.4316697215292379, 0.32461244914431125, 0.29898418014229616, 0.3853292566116986, 0.6184818884427356, 0.9112753545916268, 1.124060711596949, 1.0918553682168552, 1.0519012231472415, 1.0604058710082023, 1.1010962834034748, 1.1484706050156464, 1.2414843039249468, 1.286522046207647, 1.3072562312959182, 1.4024657757114494, 1.4690763553789117, 1.4352382086312834, 1.3078676789813133, 1.2336627867197074, 1.2117583717879756, 1.0914323600059634]",PURE,64.4,0.22877442273534637,0.2272855885843997,281.5,281.5,1.0,0.0,0.0,281.5
12,2,0.5,0.3,5,5,6,6.0,5.5,0.19,0.5,42,1,"[0.3, 0.4]",0.2442732516826255,0.2442732516826255,10,7.778174593052023,0.21213203435596423,1.1667261889578033,0.17272727272727273,0.17272727272727273,20260927T095930443635Z_577f21e5,2,5760.0,40,True,81,"[0.8592549273600911, 0.6058380411445193, 0.4316697215292379, 0.32461244914431125, 0.29898418014229616, 0.3853292566116986, 0.6184818884427356, 0.9112753545916268, 1.124060711596949, 1.0918553682168552, 1.0519012231472415, 1.0604058710082023, 1.1010962834034748, 1.1484706050156464, 1.2414843039249468, 1.286522046207647, 1.3072562312959182, 1.4024657757114494, 1.4690763553789117, 1.4352382086312834, 1.3078676789813133, 1.2336627867197074, 1.2117583717879756, 1.0914323600059634]",PURE_OR,64.4,0.27639484978540774,0.27522707886125375,233.0,233.0,1.0,0.0,0.0,233.0
13,2,0.67,0.1,5,5,6,5.5,5.5,0.19,0.5,42,1,[0.1],0.1,0.2442732516826255,10,7.778174593052023,0.07071067811865475,0.38890872965260115,0.07071067811865475,0.17272727272727273,20260927T095930443635Z_577f21e5,2,5760.0,40,True,81,"[0.8592549273600911, 0.6058380411445193, 0.4316697215292379, 0.32461244914431125, 0.29898418014229616, 0.3853292566116986, 0.6184818884427356, 0.9112753545916268, 1.124060711596949, 1.0918553682168552, 1.0519012231472415, 1.0604058710082023, 1.1010962834034748, 1.1484706050156464, 1.2414843039249468, 1.286522046207647, 1.3072562312959182, 1.4024657757114494, 1.4690763553789117, 1.4352382086312834, 1.3078676789813133, 1.2336627867197074, 1.2117583717879756, 1.0914323600059634]",DRL,187.1091796875,0.40386181672242605,0.37623605132102966,463.3,463.3,1.0,3.0,116.8,346.5
13,2,0.67,0.1,5,5,6,5.5,5.5,0.19,0.5,42,1,[0.1],0.1,0.2442732516826255,10,7.778174593052023,0.07071067811865475,0.38890872965260115,0.07071067811865475,0.17272727272727273,20260927T095930443635Z_577f21e5,2,5760.0,40,True,81,"[0.8592549273600911, 0.6058380411445193, 0.4316697215292379, 0.32461244914431125, 0.29898418014229616, 0.3853292566116986, 0.6184818884427356, 0.9112753545916268, 1.124060711596949, 1.0918553682168552, 1.0519012231472415, 1.0604058710082023, 1.1010962834034748, 1.1484706050156464, 1.2414843039249468, 1.286522046207647, 1.3072562312959182, 1.4024657757114494, 1.4690763553789117, 1.4352382086312834, 1.3078676789813133, 1.2336627867197074, 1.2117583717879756, 1.0914323600059634]",HEUR,175.8734375,0.39790370475113124,0.3743343472480774,442.0,442.0,1.0,2.6,101.7,340.3
13,2,0.67,0.1,5,5,6,5.5,5.5,0.19,0.5,42,1,[0.1],0.1,0.2442732516826255,10,7.778174593052023,0.07071067811865475,0.38890872965260115,0.07071067811865475,0.17272727272727273,20260927T095930443635Z_577f21e5,2,5760.0,40,True,81,"[0.8592549273600911, 0.6058380411445193, 0.4316697215292379, 0.32461244914431125, 0.29898418014229616, 0.3853292566116986, 0.6184818884427356, 0.9112753545916268, 1.124060711596949, 1.0918553682168552, 1.0519012231472415, 1.0604058710082023, 1.1010962834034748, 1.1484706050156464, 1.2414843039249468, 1.286522046207647, 1.3072562312959182, 1.4024657757114494, 1.4690763553789117, 1.4352382086312834, 1.3078676789813133, 1.2336627867197074, 1.2117583717879756, 1.0914323600059634]",HEUR_VOR,151.1345947265625,0.37060959962374324,0.36307331919670105,407.8,407.8,1.0,1.8,72.9,334.9
13,2,0.67,0.1,5,5,6,5.5,5.5,0.19,0.5,42,1,[0.1],0.1,0.2442732516826255,10,7.778174593052023,0.07071067811865475,0.38890872965260115,0.07071067811865475,0.17272727272727273,20260927T095930443635Z_577f21e5,2,5760.0,40,True,81,"[0.8592549273600911, 0.6058380411445193, 0.4316697215292379, 0.32461244914431125, 0.29898418014229616, 0.3853292566116986, 0.6184818884427356, 0.9112753545916268, 1.124060711596949, 1.0918553682168552, 1.0519012231472415, 1.0604058710082023, 1.1010962834034748, 1.1484706050156464, 1.2414843039249468, 1.286522046207647, 1.3072562312959182, 1.4024657757114494, 1.4690763553789117, 1.4352382086312834, 1.3078676789813133, 1.2336627867197074, 1.2117583717879756, 1.0914323600059634]",FOUR_ZONE,94.06325836181641,0.29766853911967217,0.3008190590310716,316.0,316.0,1.0,0.2,8.3,307.7
13,2,0.67,0.1,5,5,6,5.5,5.5,0.19,0.5,42,1,[0.1],0.1,0.2442732516826255,10,7.778174593052023,0.07071067811865475,0.38890872965260115,0.07071067811865475,0.17272727272727273,20260927T095930443635Z_577f21e5,2,5760.0,40,True,81,"[0.8592549273600911, 0.6058380411445193, 0.4316697215292379, 0.32461244914431125, 0.29898418014229616, 0.3853292566116986, 0.6184818884427356, 0.9112753545916268, 1.124060711596949, 1.0918553682168552, 1.0519012231472415, 1.0604058710082023, 1.1010962834034748, 1.1484706050156464, 1.2414843039249468, 1.286522046207647, 1.3072562312959182, 1.4024657757114494, 1.4690763553789117, 1.4352382086312834, 1.3078676789813133, 1.2336627867197074, 1.2117583717879756, 1.0914323600059634]",PURE,85.6,0.2575210589651023,0.2594351070775064,332.4,332.4,1.0,0.0,0.0,332.4
13,2,0.67,0.1,5,5,6,5.5,5.5,0.19,0.5,42,1,[0.1],0.1,0.2442732516826255,10,7.778174593052023,0.07071067811865475,0.38890872965260115,0.07071067811865475,0.17272727272727273,20260927T095930443635Z_577f21e5,2,5760.0,40,True,81,"[0.8592549273600911, 0.6058380411445193, 0.4316697215292379, 0.32461244914431125, 0.29898418014229616, 0.3853292566116986, 0.6184818884427356, 0.9112753545916268, 1.124060711596949, 1.0918553682168552, 1.0519012231472415, 1.0604058710082023, 1.1010962834034748, 1.1484706050156464, 1.2414843039249468, 1.286522046207647, 1.3072562312959182, 1.4024657757114494, 1.4690763553789117, 1.4352382086312834, 1.3078676789813133, 1.2336627867197074, 1.2117583717879756, 1.0914323600059634]",PURE_OR,85.6,0.31082062454611475,0.310014222554246,275.4,275.4,1.0,0.0,0.0,275.4
14,2,0.67,0.2,5,5,6,5.5,5.5,0.19,0.5,42,1,[0.2],0.2,0.2442732516826255,10,7.778174593052023,0.1414213562373095,0.7778174593052023,0.1414213562373095,0.17272727272727273,20260927T095930443635Z_577f21e5,2,5760.0,40,True,81,"[0.8592549273600911, 0.6058380411445193, 0.4316697215292379, 0.32461244914431125, 0.29898418014229616, 0.3853292566116986, 0.6184818884427356, 0.9112753545916268, 1.124060711596949, 1.0918553682168552, 1.0519012231472415, 1.0604058710082023, 1.1010962834034748, 1.1484706050156464, 1.2414843039249468, 1.286522046207647, 1.3072562312959182, 1.4024657757114494, 1.4690763553789117, 1.4352382086312834, 1.3078676789813133, 1.2336627867197074, 1.2117583717879756, 1.0914323600059634]",DRL,508.5498779296875,0.49116271772231745,0.4808276355266571,1035.4,1035.4,1.0,14.6,610.4,425.0
14,2,0.67,0.2,5,5,6,5.5,5.5,0.19,0.5,42,1,[0.2],0.2,0.2442732516826255,10,7.778174593052023,0.1414213562373095,0.7778174593052023,0.1414213562373095,0.17272727272727273,20260927T095930443635Z_577f21e5,2,5760.0,40,True,81,"[0.8592549273600911, 0.6058380411445193, 0.4316697215292379, 0.32461244914431125, 0.29898418014229616, 0.3853292566116986, 0.6184818884427356, 0.9112753545916268, 1.124060711596949, 1.0918553682168552, 1.0519012231472415, 1.0604058710082023, 1.1010962834034748, 1.1484706050156464, 1.2414843039249468, 1.286522046207647, 1.3072562312959182, 1.4024657757114494, 1.4690763553789117, 1.4352382086312834, 1.3078676789813133, 1.2336627867197074, 1.2117583717879756, 1.0914323600059634]",HEUR,221.35743408203126,0.42536017310152047,0.4174590468406677,520.4,520.4,1.0,4.8,158.9,361.5
14,2,0.67,0.2,5,5,6,5.5,5.5,0.19,0.5,42,1,[0.2],0.2,0.2442732516826255,10,7.778174593052023,0.1414213562373095,0.7778174593052023,0.1414213562373095,0.17272727272727273,20260927T095930443635Z_577f21e5,2,5760.0,40,True,81,"[0.8592549273600911, 0.6058380411445193, 0.4316697215292379, 0.32461244914431125, 0.29898418014229616, 0.3853292566116986, 0.6184818884427356, 0.9112753545916268, 1.124060711596949, 1.0918553682168552, 1.0519012231472415, 1.0604058710082023, 1.1010962834034748, 1.1484706050156464, 1.2414843039249468, 1.286522046207647, 1.3072562312959182, 1.4024657757114494, 1.4690763553789117, 1.4352382086312834, 1.3078676789813133, 1.2336627867197074, 1.2117583717879756, 1.0914323600059634]",HEUR_VOR,185.18486328125,0.4099731310189285,0.40307028889656066,451.7,451.7,1.0,3.0,109.0,342.7
14,2,0.67,0.2,5,5,6,5.5,5.5,0.19,0.5,42,1,[0.2],0.2,0.2442732516826255,10,7.778174593052023,0.1414213562373095,0.7778174593052023,0.1414213562373095,0.17272727272727273,20260927T095930443635Z_577f21e5,2,5760.0,40,True,81,"[0.8592549273600911, 0.6058380411445193, 0.4316697215292379, 0.32461244914431125, 0.29898418014229616, 0.3853292566116986, 0.6184818884427356, 0.9112753545916268, 1.124060711596949, 1.0918553682168552, 1.0519012231472415, 1.0604058710082023, 1.1010962834034748, 1.1484706050156464, 1.2414843039249468, 1.286522046207647, 1.3072562312959182, 1.4024657757114494, 1.4690763553789117, 1.4352382086312834, 1.3078676789813133, 1.2336627867197074, 1.2117583717879756, 1.0914323600059634]",FOUR_ZONE,95.54615936279296,0.2997996842258957,0.3001216860230069,318.7,318.7,1.0,0.4,11.4,307.3
14,2,0.67,0.2,5,5,6,5.5,5.5,0.19,0.5,42,1,[0.2],0.2,0.2442732516826255,10,7.778174593052023,0.1414213562373095,0.7778174593052023,0.1414213562373095,0.17272727272727273,20260927T095930443635Z_577f21e5,2,5760.0,40,True,81,"[0.8592549273600911, 0.6058380411445193, 0.4316697215292379, 0.32461244914431125, 0.29898418014229616, 0.3853292566116986, 0.6184818884427356, 0.9112753545916268, 1.124060711596949, 1.0918553682168552, 1.0519012231472415, 1.0604058710082023, 1.1010962834034748, 1.1484706050156464, 1.2414843039249468, 1.286522046207647, 1.3072562312959182, 1.4024657757114494, 1.4690763553789117, 1.4352382086312834, 1.3078676789813133, 1.2336627867197074, 1.2117583717879756, 1.0914323600059634]",PURE,85.6,0.2575210589651023,0.2594351070775064,332.4,332.4,1.0,0.0,0.0,332.4
14,2,0.67,0.2,5,5,6,5.5,5.5,0.19,0.5,42,1,[0.2],0.2,0.2442732516826255,10,7.778174593052023,0.1414213562373095,0.7778174593052023,0.1414213562373095,0.17272727272727273,20260927T095930443635Z_577f21e5,2,5760.0,40,True,81,"[0.8592549273600911, 0.6058380411445193, 0.4316697215292379, 0.32461244914431125, 0.29898418014229616, 0.3853292566116986, 0.6184818884427356, 0.9112753545916268, 1.124060711596949, 1.0918553682168552, 1.0519012231472415, 1.0604058710082023, 1.1010962834034748, 1.1484706050156464, 1.2414843039249468, 1.286522046207647, 1.3072562312959182, 1.4024657757114494, 1.4690763553789117, 1.4352382086312834, 1.3078676789813133, 1.2336627867197074, 1.2117583717879756, 1.0914323600059634]",PURE_OR,85.6,0.31082062454611475,0.310014222554246,275.4,275.4,1.0,0.0,0.0,275.4
15,2,0.67,0.3,5,5,6,5.5,5.5,0.19,0.5,42,1,"[0.3, 0.4]",0.2442732516826255,0.2442732516826255,10,7.778174593052023,0.21213203435596423,1.1667261889578033,0.17272727272727273,0.17272727272727273,20260927T095930443635Z_577f21e5,2,5760.0,40,True,81,"[0.8592549273600911, 0.6058380411445193, 0.4316697215292379, 0.32461244914431125, 0.29898418014229616, 0.3853292566116986, 0.6184818884427356, 0.9112753545916268, 1.124060711596949, 1.0918553682168552, 1.0519012231472415, 1.0604058710082023, 1.1010962834034748, 1.1484706050156464, 1.2414843039249468, 1.286522046207647, 1.3072562312959182, 1.4024657757114494, 1.4690763553789117, 1.4352382086312834, 1.3078676789813133, 1.2336627867197074, 1.2117583717879756, 1.0914323600059634]",DRL,707.2620056152343,0.497336337539719,0.4919779896736145,1422.1,1422.1,1.0,20.2,955.2,466.9
15,2,0.67,0.3,5,5,6,5.5,5.5,0.19,0.5,42,1,"[0.3, 0.4]",0.2442732516826255,0.2442732516826255,10,7.778174593052023,0.21213203435596423,1.1667261889578033,0.17272727272727273,0.17272727272727273,20260927T095930443635Z_577f21e5,2,5760.0,40,True,81,"[0.8592549273600911, 0.6058380411445193, 0.4316697215292379, 0.32461244914431125, 0.29898418014229616, 0.3853292566116986, 0.6184818884427356, 0.9112753545916268, 1.124060711596949, 1.0918553682168552, 1.0519012231472415, 1.0604058710082023, 1.1010962834034748, 1.1484706050156464, 1.2414843039249468, 1.286522046207647, 1.3072562312959182, 1.4024657757114494, 1.4690763553789117, 1.4352382086312834, 1.3078676789813133, 1.2336627867197074, 1.2117583717879756, 1.0914323600059634]",HEUR,286.2644958496094,0.4525205435498093,0.43043776154518126,632.6,632.6,1.0,7.0,243.9,388.7
15,2,0.67,0.3,5,5,6,5.5,5.5,0.19,0.5,42,1,"[0.3, 0.4]",0.2442732516826255,0.2442732516826255,10,7.778174593052023,0.21213203435596423,1.1667261889578033,0.17272727272727273,0.17272727272727273,20260927T095930443635Z_577f21e5,2,5760.0,40,True,81,"[0.8592549273600911, 0.6058380411445193, 0.4316697215292379, 0.32461244914431125, 0.29898418014229616, 0.3853292566116986, 0.6184818884427356, 0.9112753545916268, 1.124060711596949, 1.0918553682168552, 1.0519012231472415, 1.0604058710082023, 1.1010962834034748, 1.1484706050156464, 1.2414843039249468, 1.286522046207647, 1.3072562312959182, 1.4024657757114494, 1.4690763553789117, 1.4352382086312834, 1.3078676789813133, 1.2336627867197074, 1.2117583717879756, 1.0914323600059634]",HEUR_VOR,186.15892944335937,0.40337796195744174,0.3951078414916992,461.5,461.5,1.0,3.2,111.0,350.5
15,2,0.67,0.3,5,5,6,5.5,5.5,0.19,0.5,42,1,"[0.3, 0.4]",0.2442732516826255,0.2442732516826255,10,7.778174593052023,0.21213203435596423,1.1667261889578033,0.17272727272727273,0.17272727272727273,20260927T095930443635Z_577f21e5,2,5760.0,40,True,81,"[0.8592549273600911, 0.6058380411445193, 0.4316697215292379, 0.32461244914431125, 0.29898418014229616, 0.3853292566116986, 0.6184818884427356, 0.9112753545916268, 1.124060711596949, 1.0918553682168552, 1.0519012231472415, 1.0604058710082023, 1.1010962834034748, 1.1484706050156464, 1.2414843039249468, 1.286522046207647, 1.3072562312959182, 1.4024657757114494, 1.4690763553789117, 1.4352382086312834, 1.3078676789813133, 1.2336627867197074, 1.2117583717879756, 1.0914323600059634]",FOUR_ZONE,95.54615936279296,0.2997996842258957,0.3001216860230069,318.7,318.7,1.0,0.4,11.4,307.3
15,2,0.67,0.3,5,5,6,5.5,5.5,0.19,0.5,42,1,"[0.3, 0.4]",0.2442732516826255,0.2442732516826255,10,7.778174593052023,0.21213203435596423,1.1667261889578033,0.17272727272727273,0.17272727272727273,20260927T095930443635Z_577f21e5,2,5760.0,40,True,81,"[0.8592549273600911, 0.6058380411445193, 0.4316697215292379, 0.32461244914431125, 0.29898418014229616, 0.3853292566116986, 0.6184818884427356, 0.9112753545916268, 1.124060711596949, 1.0918553682168552, 1.0519012231472415, 1.0604058710082023, 1.1010962834034748, 1.1484706050156464, 1.2414843039249468, 1.286522046207647, 1.3072562312959182, 1.4024657757114494, 1.4690763553789117, 1.4352382086312834, 1.3078676789813133, 1.2336627867197074, 1.2117583717879756, 1.0914323600059634]",PURE,85.6,0.2575210589651023,0.2594351070775064,332.4,332.4,1.0,0.0,0.0,332.4
15,2,0.67,0.3,5,5,6,5.5,5.5,0.19,0.5,42,1,"[0.3, 0.4]",0.2442732516826255,0.2442732516826255,10,7.778174593052023,0.21213203435596423,1.1667261889578033,0.17272727272727273,0.17272727272727273,20260927T095930443635Z_577f21e5,2,5760.0,40,True,81,"[0.8592549273600911, 0.6058380411445193, 0.4316697215292379, 0.32461244914431125, 0.29898418014229616, 0.3853292566116986, 0.6184818884427356, 0.9112753545916268, 1.124060711596949, 1.0918553682168552, 1.0519012231472415, 1.0604058710082023, 1.1010962834034748, 1.1484706050156464, 1.2414843039249468, 1.286522046207647, 1.3072562312959182, 1.4024657757114494, 1.4690763553789117, 1.4352382086312834, 1.3078676789813133, 1.2336627867197074, 1.2117583717879756, 1.0914323600059634]",PURE_OR,85.6,0.31082062454611475,0.310014222554246,275.4,275.4,1.0,0.0,0.0,275.4
16,2,0.67,0.1,5,5,6,6.0,5.5,0.19,0.5,42,1,[0.1],0.1,0.2442732516826255,10,7.778174593052023,0.07071067811865475,0.38890872965260115,0.07071067811865475,0.17272727272727273,20260927T095930443635Z_577f21e5,2,5760.0,40,True,81,"[0.8592549273600911, 0.6058380411445193, 0.4316697215292379, 0.32461244914431125, 0.29898418014229616, 0.3853292566116986, 0.6184818884427356, 0.9112753545916268, 1.124060711596949, 1.0918553682168552, 1.0519012231472415, 1.0604058710082023, 1.1010962834034748, 1.1484706050156464, 1.2414843039249468, 1.286522046207647, 1.3072562312959182, 1.4024657757114494, 1.4690763553789117, 1.4352382086312834, 1.3078676789813133, 1.2336627867197074, 1.2117583717879756, 1.0914323600059634]",DRL,196.3381134033203,0.42378181179218716,0.39278858006000517,463.3,463.3,1.0,3.0,116.8,346.5
16,2,0.67,0.1,5,5,6,6.0,5.5,0.19,0.5,42,1,[0.1],0.1,0.2442732516826255,10,7.778174593052023,0.07071067811865475,0.38890872965260115,0.07071067811865475,0.17272727272727273,20260927T095930443635Z_577f21e5,2,5760.0,40,True,81,"[0.8592549273600911, 0.6058380411445193, 0.4316697215292379, 0.32461244914431125, 0.29898418014229616, 0.3853292566116986, 0.6184818884427356, 0.9112753545916268, 1.124060711596949, 1.0918553682168552, 1.0519012231472415, 1.0604058710082023, 1.1010962834034748, 1.1484706050156464, 1.2414843039249468, 1.286522046207647, 1.3072562312959182, 1.4024657757114494, 1.4690763553789117, 1.4352382086312834, 1.3078676789813133, 1.2336627867197074, 1.2117583717879756, 1.0914323600059634]",HEUR,184.08067321777344,0.41647211135242856,0.39016763865947723,442.0,442.0,1.0,2.6,101.7,340.3
16,2,0.67,0.1,5,5,6,6.0,5.5,0.19,0.5,42,1,[0.1],0.1,0.2442732516826255,10,7.778174593052023,0.07071067811865475,0.38890872965260115,0.07071067811865475,0.17272727272727273,20260927T095930443635Z_577f21e5,2,5760.0,40,True,81,"[0.8592549273600911, 0.6058380411445193, 0.4316697215292379, 0.32461244914431125, 0.29898418014229616, 0.3853292566116986, 0.6184818884427356, 0.9112753545916268, 1.124060711596949, 1.0918553682168552, 1.0519012231472415, 1.0604058710082023, 1.1010962834034748, 1.1484706050156464, 1.2414843039249468, 1.286522046207647, 1.3072562312959182, 1.4024657757114494, 1.4690763553789117, 1.4352382086312834, 1.3078676789813133, 1.2336627867197074, 1.2117583717879756, 1.0914323600059634]",HEUR_VOR,157.09232482910156,0.3852190407775909,0.37698753774166105,407.8,407.8,1.0,1.8,72.9,334.9
16,2,0.67,0.1,5,5,6,6.0,5.5,0.19,0.5,42,1,[0.1],0.1,0.2442732516826255,10,7.778174593052023,0.07071067811865475,0.38890872965260115,0.07071067811865475,0.17272727272727273,20260927T095930443635Z_577f21e5,2,5760.0,40,True,81,"[0.8592549273600911, 0.6058380411445193, 0.4316697215292379, 0.32461244914431125, 0.29898418014229616, 0.3853292566116986, 0.6184818884427356, 0.9112753545916268, 1.124060711596949, 1.0918553682168552, 1.0519012231472415, 1.0604058710082023, 1.1010962834034748, 1.1484706050156464, 1.2414843039249468, 1.286522046207647, 1.3072562312959182, 1.4024657757114494, 1.4690763553789117, 1.4352382086312834, 1.3078676789813133, 1.2336627867197074, 1.2117583717879756, 1.0914323600059634]",FOUR_ZONE,94.83264465332032,0.3001033058649377,0.3036016482282304,316.0,316.0,1.0,0.2,8.3,307.7
16,2,0.67,0.1,5,5,6,6.0,5.5,0.19,0.5,42,1,[0.1],0.1,0.2442732516826255,10,7.778174593052023,0.07071067811865475,0.38890872965260115,0.07071067811865475,0.17272727272727273,20260927T095930443635Z_577f21e5,2,5760.0,40,True,81,"[0.8592549273600911, 0.6058380411445193, 0.4316697215292379, 0.32461244914431125, 0.29898418014229616, 0.3853292566116986, 0.6184818884427356, 0.9112753545916268, 1.124060711596949, 1.0918553682168552, 1.0519012231472415, 1.0604058710082023, 1.1010962834034748, 1.1484706050156464, 1.2414843039249468, 1.286522046207647, 1.3072562312959182, 1.4024657757114494, 1.4690763553789117, 1.4352382086312834, 1.3078676789813133, 1.2336627867197074, 1.2117583717879756, 1.0914323600059634]",PURE,85.6,0.2575210589651023,0.2594351070775064,332.4,332.4,1.0,0.0,0.0,332.4
16,2,0.67,0.1,5,5,6,6.0,5.5,0.19,0.5,42,1,[0.1],0.1,0.2442732516826255,10,7.778174593052023,0.07071067811865475,0.38890872965260115,0.07071067811865475,0.17272727272727273,20260927T095930443635Z_577f21e5,2,5760.0,40,True,81,"[0.8592549273600911, 0.6058380411445193, 0.4316697215292379, 0.32461244914431125, 0.29898418014229616, 0.3853292566116986, 0.6184818884427356, 0.9112753545916268, 1.124060711596949, 1.0918553682168552, 1.0519012231472415, 1.0604058710082023, 1.1010962834034748, 1.1484706050156464, 1.2414843039249468, 1.286522046207647, 1.3072562312959182, 1.4024657757114494, 1.4690763553789117, 1.4352382086312834, 1.3078676789813133, 1.2336627867197074, 1.2117583717879756, 1.0914323600059634]",PURE_OR,85.6,0.31082062454611475,0.310014222554246,275.4,275.4,1.0,0.0,0.0,275.4
17,2,0.67,0.2,5,5,6,6.0,5.5,0.19,0.5,42,1,[0.2],0.2,0.2442732516826255,10,7.778174593052023,0.1414213562373095,0.7778174593052023,0.1414213562373095,0.17272727272727273,20260927T095930443635Z_577f21e5,2,5760.0,40,True,81,"[0.8592549273600911, 0.6058380411445193, 0.4316697215292379, 0.32461244914431125, 0.29898418014229616, 0.3853292566116986, 0.6184818884427356, 0.9112753545916268, 1.124060711596949, 1.0918553682168552, 1.0519012231472415, 1.0604058710082023, 1.1010962834034748, 1.1484706050156464, 1.2414843039249468, 1.286522046207647, 1.3072562312959182, 1.4024657757114494, 1.4690763553789117, 1.4352382086312834, 1.3078676789813133, 1.2336627867197074, 1.2117583717879756, 1.0914323600059634]",DRL,547.0029296875,0.5283010717476337,0.516533088684082,1035.4,1035.4,1.0,14.6,610.4,425.0
17,2,0.67,0.2,5,5,6,6.0,5.5,0.19,0.5,42,1,[0.2],0.2,0.2442732516826255,10,7.778174593052023,0.1414213562373095,0.7778174593052023,0.1414213562373095,0.17272727272727273,20260927T095930443635Z_577f21e5,2,5760.0,40,True,81,"[0.8592549273600911, 0.6058380411445193, 0.4316697215292379, 0.32461244914431125, 0.29898418014229616, 0.3853292566116986, 0.6184818884427356, 0.9112753545916268, 1.124060711596949, 1.0918553682168552, 1.0519012231472415, 1.0604058710082023, 1.1010962834034748, 1.1484706050156464, 1.2414843039249468, 1.286522046207647, 1.3072562312959182, 1.4024657757114494, 1.4690763553789117, 1.4352382086312834, 1.3078676789813133, 1.2336627867197074, 1.2117583717879756, 1.0914323600059634]",HEUR,233.69951171875,0.4490766943096656,0.439951890707016,520.4,520.4,1.0,4.8,158.9,361.5
17,2,0.67,0.2,5,5,6,6.0,5.5,0.19,0.5,42,1,[0.2],0.2,0.2442732516826255,10,7.778174593052023,0.1414213562373095,0.7778174593052023,0.1414213562373095,0.17272727272727273,20260927T095930443635Z_577f21e5,2,5760.0,40,True,81,"[0.8592549273600911, 0.6058380411445193, 0.4316697215292379, 0.32461244914431125, 0.29898418014229616, 0.3853292566116986, 0.6184818884427356, 0.9112753545916268, 1.124060711596949, 1.0918553682168552, 1.0519012231472415, 1.0604058710082023, 1.1010962834034748, 1.1484706050156464, 1.2414843039249468, 1.286522046207647, 1.3072562312959182, 1.4024657757114494, 1.4690763553789117, 1.4352382086312834, 1.3078676789813133, 1.2336627867197074, 1.2117583717879756, 1.0914323600059634]",HEUR_VOR,194.23808898925782,0.43001569402093826,0.4221420347690582,451.7,451.7,1.0,3.0,109.0,342.7
17,2,0.67,0.2,5,5,6,6.0,5.5,0.19,0.5,42,1,[0.2],0.2,0.2442732516826255,10,7.778174593052023,0.1414213562373095,0.7778174593052023,0.1414213562373095,0.17272727272727273,20260927T095930443635Z_577f21e5,2,5760.0,40,True,81,"[0.8592549273600911, 0.6058380411445193, 0.4316697215292379, 0.32461244914431125, 0.29898418014229616, 0.3853292566116986, 0.6184818884427356, 0.9112753545916268, 1.124060711596949, 1.0918553682168552, 1.0519012231472415, 1.0604058710082023, 1.1010962834034748, 1.1484706050156464, 1.2414843039249468, 1.286522046207647, 1.3072562312959182, 1.4024657757114494, 1.4690763553789117, 1.4352382086312834, 1.3078676789813133, 1.2336627867197074, 1.2117583717879756, 1.0914323600059634]",FOUR_ZONE,96.45035552978516,0.302636823124522,0.3029744656498532,318.7,318.7,1.0,0.4,11.4,307.3
17,2,0.67,0.2,5,5,6,6.0,5.5,0.19,0.5,42,1,[0.2],0.2,0.2442732516826255,10,7.778174593052023,0.1414213562373095,0.7778174593052023,0.1414213562373095,0.17272727272727273,20260927T095930443635Z_577f21e5,2,5760.0,40,True,81,"[0.8592549273600911, 0.6058380411445193, 0.4316697215292379, 0.32461244914431125, 0.29898418014229616, 0.3853292566116986, 0.6184818884427356, 0.9112753545916268, 1.124060711596949, 1.0918553682168552, 1.0519012231472415, 1.0604058710082023, 1.1010962834034748, 1.1484706050156464, 1.2414843039249468, 1.286522046207647, 1.3072562312959182, 1.4024657757114494, 1.4690763553789117, 1.4352382086312834, 1.3078676789813133, 1.2336627867197074, 1.2117583717879756, 1.0914323600059634]",PURE,85.6,0.2575210589651023,0.2594351070775064,332.4,332.4,1.0,0.0,0.0,332.4
17,2,0.67,0.2,5,5,6,6.0,5.5,0.19,0.5,42,1,[0.2],0.2,0.2442732516826255,10,7.778174593052023,0.1414213562373095,0.7778174593052023,0.1414213562373095,0.17272727272727273,20260927T095930443635Z_577f21e5,2,5760.0,40,True,81,"[0.8592549273600911, 0.6058380411445193, 0.4316697215292379, 0.32461244914431125, 0.29898418014229616, 0.3853292566116986, 0.6184818884427356, 0.9112753545916268, 1.124060711596949, 1.0918553682168552, 1.0519012231472415, 1.0604058710082023, 1.1010962834034748, 1.1484706050156464, 1.2414843039249468, 1.286522046207647, 1.3072562312959182, 1.4024657757114494, 1.4690763553789117, 1.4352382086312834, 1.3078676789813133, 1.2336627867197074, 1.2117583717879756, 1.0914323600059634]",PURE_OR,85.6,0.31082062454611475,0.310014222554246,275.4,275.4,1.0,0.0,0.0,275.4
18,2,0.67,0.3,5,5,6,6.0,5.5,0.19,0.5,42,1,"[0.3, 0.4]",0.2442732516826255,0.2442732516826255,10,7.778174593052023,0.21213203435596423,1.1667261889578033,0.17272727272727273,0.17272727272727273,20260927T095930443635Z_577f21e5,2,5760.0,40,True,81,"[0.8592549273600911, 0.6058380411445193, 0.4316697215292379, 0.32461244914431125, 0.29898418014229616, 0.3853292566116986, 0.6184818884427356, 0.9112753545916268, 1.124060711596949, 1.0918553682168552, 1.0519012231472415, 1.0604058710082023, 1.1010962834034748, 1.1484706050156464, 1.2414843039249468, 1.286522046207647, 1.3072562312959182, 1.4024657757114494, 1.4690763553789117, 1.4352382086312834, 1.3078676789813133, 1.2336627867197074, 1.2117583717879756, 1.0914323600059634]",DRL,765.5747680664062,0.537245451274671,0.5308718144893646,1425.0,1425.0,1.0,20.4,960.0,465.0
18,2,0.67,0.3,5,5,6,6.0,5.5,0.19,0.5,42,1,"[0.3, 0.4]",0.2442732516826255,0.2442732516826255,10,7.778174593052023,0.21213203435596423,1.1667261889578033,0.17272727272727273,0.17272727272727273,20260927T095930443635Z_577f21e5,2,5760.0,40,True,81,"[0.8592549273600911, 0.6058380411445193, 0.4316697215292379, 0.32461244914431125, 0.29898418014229616, 0.3853292566116986, 0.6184818884427356, 0.9112753545916268, 1.124060711596949, 1.0918553682168552, 1.0519012231472415, 1.0604058710082023, 1.1010962834034748, 1.1484706050156464, 1.2414843039249468, 1.286522046207647, 1.3072562312959182, 1.4024657757114494, 1.4690763553789117, 1.4352382086312834, 1.3078676789813133, 1.2336627867197074, 1.2117583717879756, 1.0914323600059634]",HEUR,304.5087951660156,0.4813607258394177,0.45634429454803466,632.6,632.6,1.0,7.0,243.9,388.7
18,2,0.67,0.3,5,5,6,6.0,5.5,0.19,0.5,42,1,"[0.3, 0.4]",0.2442732516826255,0.2442732516826255,10,7.778174593052023,0.21213203435596423,1.1667261889578033,0.17272727272727273,0.17272727272727273,20260927T095930443635Z_577f21e5,2,5760.0,40,True,81,"[0.8592549273600911, 0.6058380411445193, 0.4316697215292379, 0.32461244914431125, 0.29898418014229616, 0.3853292566116986, 0.6184818884427356, 0.9112753545916268, 1.124060711596949, 1.0918553682168552, 1.0519012231472415, 1.0604058710082023, 1.1010962834034748, 1.1484706050156464, 1.2414843039249468, 1.286522046207647, 1.3072562312959182, 1.4024657757114494, 1.4690763553789117, 1.4352382086312834, 1.3078676789813133, 1.2336627867197074, 1.2117583717879756, 1.0914323600059634]",HEUR_VOR,195.30071105957032,0.42318680619625204,0.41395758390426635,461.5,461.5,1.0,3.2,111.0,350.5
18,2,0.67,0.3,5,5,6,6.0,5.5,0.19,0.5,42,1,"[0.3, 0.4]",0.2442732516826255,0.2442732516826255,10,7.778174593052023,0.21213203435596423,1.1667261889578033,0.17272727272727273,0.17272727272727273,20260927T095930443635Z_577f21e5,2,5760.0,40,True,81,"[0.8592549273600911, 0.6058380411445193, 0.4316697215292379, 0.32461244914431125, 0.29898418014229616, 0.3853292566116986, 0.6184818884427356, 0.9112753545916268, 1.124060711596949, 1.0918553682168552, 1.0519012231472415, 1.0604058710082023, 1.1010962834034748, 1.1484706050156464, 1.2414843039249468, 1.286522046207647, 1.3072562312959182, 1.4024657757114494, 1.4690763553789117, 1.4352382086312834, 1.3078676789813133, 1.2336627867197074, 1.2117583717879756, 1.0914323600059634]",FOUR_ZONE,96.45035552978516,0.302636823124522,0.3029744656498532,318.7,318.7,1.0,0.4,11.4,307.3
18,2,0.67,0.3,5,5,6,6.0,5.5,0.19,0.5,42,1,"[0.3, 0.4]",0.2442732516826255,0.2442732516826255,10,7.778174593052023,0.21213203435596423,1.1667261889578033,0.17272727272727273,0.17272727272727273,20260927T095930443635Z_577f21e5,2,5760.0,40,True,81,"[0.8592549273600911, 0.6058380411445193, 0.4316697215292379, 0.32461244914431125, 0.29898418014229616, 0.3853292566116986, 0.6184818884427356, 0.9112753545916268, 1.124060711596949, 1.0918553682168552, 1.0519012231472415, 1.0604058710082023, 1.1010962834034748, 1.1484706050156464, 1.2414843039249468, 1.286522046207647, 1.3072562312959182, 1.4024657757114494, 1.4690763553789117, 1.4352382086312834, 1.3078676789813133, 1.2336627867197074, 1.2117583717879756, 1.0914323600059634]",PURE,85.6,0.2575210589651023,0.2594351070775064,332.4,332.4,1.0,0.0,0.0,332.4
18,2,0.67,0.3,5,5,6,6.0,5.5,0.19,0.5,42,1,"[0.3, 0.4]",0.2442732516826255,0.2442732516826255,10,7.778174593052023,0.21213203435596423,1.1667261889578033,0.17272727272727273,0.17272727272727273,20260927T095930443635Z_577f21e5,2,5760.0,40,True,81,"[0.8592549273600911, 0.6058380411445193, 0.4316697215292379, 0.32461244914431125, 0.29898418014229616, 0.3853292566116986, 0.6184818884427356, 0.9112753545916268, 1.124060711596949, 1.0918553682168552, 1.0519012231472415, 1.0604058710082023, 1.1010962834034748, 1.1484706050156464, 1.2414843039249468, 1.286522046207647, 1.3072562312959182, 1.4024657757114494, 1.4690763553789117, 1.4352382086312834, 1.3078676789813133, 1.2336627867197074, 1.2117583717879756, 1.0914323600059634]",PURE_OR,85.6,0.31082062454611475,0.310014222554246,275.4,275.4,1.0,0.0,0.0,275.4
19,2,0.83,0.1,5,5,6,5.5,5.5,0.19,0.5,42,1,[0.1],0.1,0.2442732516826255,10,7.778174593052023,0.07071067811865475,0.38890872965260115,0.07071067811865475,0.17272727272727273,20260927T095930443635Z_577f21e5,2,5760.0,40,True,81,"[0.8592549273600911, 0.6058380411445193, 0.4316697215292379, 0.32461244914431125, 0.29898418014229616, 0.3853292566116986, 0.6184818884427356, 0.9112753545916268, 1.124060711596949, 1.0918553682168552, 1.0519012231472415, 1.0604058710082023, 1.1010962834034748, 1.1484706050156464, 1.2414843039249468, 1.286522046207647, 1.3072562312959182, 1.4024657757114494, 1.4690763553789117, 1.4352382086312834, 1.3078676789813133, 1.2336627867197074, 1.2117583717879756, 1.0914323600059634]",DRL,206.8581970214844,0.44619973473141583,0.42691083659810475,463.6,463.6,1.0,3.4,119.6,344.0
19,2,0.83,0.1,5,5,6,5.5,5.5,0.19,0.5,42,1,[0.1],0.1,0.2442732516826255,10,7.778174593052023,0.07071067811865475,0.38890872965260115,0.07071067811865475,0.17272727272727273,20260927T095930443635Z_577f21e5,2,5760.0,40,True,81,"[0.8592549273600911, 0.6058380411445193, 0.4316697215292379, 0.32461244914431125, 0.29898418014229616, 0.3853292566116986, 0.6184818884427356, 0.9112753545916268, 1.124060711596949, 1.0918553682168552, 1.0519012231472415, 1.0604058710082023, 1.1010962834034748, 1.1484706050156464, 1.2414843039249468, 1.286522046207647, 1.3072562312959182, 1.4024657757114494, 1.4690763553789117, 1.4352382086312834, 1.3078676789813133, 1.2336627867197074, 1.2117583717879756, 1.0914323600059634]",HEUR,157.81334686279297,0.36752060284767807,0.36008157243413375,429.4,429.4,1.0,2.0,59.9,369.5
19,2,0.83,0.1,5,5,6,5.5,5.5,0.19,0.5,42,1,[0.1],0.1,0.2442732516826255,10,7.778174593052023,0.07071067811865475,0.38890872965260115,0.07071067811865475,0.17272727272727273,20260927T095930443635Z_577f21e5,2,5760.0,40,True,81,"[0.8592549273600911, 0.6058380411445193, 0.4316697215292379, 0.32461244914431125, 0.29898418014229616, 0.3853292566116986, 0.6184818884427356, 0.9112753545916268, 1.124060711596949, 1.0918553682168552, 1.0519012231472415, 1.0604058710082023, 1.1010962834034748, 1.1484706050156464, 1.2414843039249468, 1.286522046207647, 1.3072562312959182, 1.4024657757114494, 1.4690763553789117, 1.4352382086312834, 1.3078676789813133, 1.2336627867197074, 1.2117583717879756, 1.0914323600059634]",HEUR_VOR,127.1982177734375,0.32456804739330825,0.32555914053010243,391.9,391.9,1.0,1.0,25.5,366.4
19,2,0.83,0.1,5,5,6,5.5,5.5,0.19,0.5,42,1,[0.1],0.1,0.2442732516826255,10,7.778174593052023,0.07071067811865475,0.38890872965260115,0.07071067811865475,0.17272727272727273,20260927T095930443635Z_577f21e5,2,5760.0,40,True,81,"[0.8592549273600911, 0.6058380411445193, 0.4316697215292379, 0.32461244914431125, 0.29898418014229616, 0.3853292566116986, 0.6184818884427356, 0.9112753545916268, 1.124060711596949, 1.0918553682168552, 1.0519012231472415, 1.0604058710082023, 1.1010962834034748, 1.1484706050156464, 1.2414843039249468, 1.286522046207647, 1.3072562312959182, 1.4024657757114494, 1.4690763553789117, 1.4352382086312834, 1.3078676789813133, 1.2336627867197074, 1.2117583717879756, 1.0914323600059634]",FOUR_ZONE,105.2,0.3083235638921454,0.30829210043002003,341.2,341.2,1.0,0.0,0.0,341.2
19,2,0.83,0.1,5,5,6,5.5,5.5,0.19,0.5,42,1,[0.1],0.1,0.2442732516826255,10,7.778174593052023,0.07071067811865475,0.38890872965260115,0.07071067811865475,0.17272727272727273,20260927T095930443635Z_577f21e5,2,5760.0,40,True,81,"[0.8592549273600911, 0.6058380411445193, 0.4316697215292379, 0.32461244914431125, 0.29898418014229616, 0.3853292566116986, 0.6184818884427356, 0.9112753545916268, 1.124060711596949, 1.0918553682168552, 1.0519012231472415, 1.0604058710082023, 1.1010962834034748, 1.1484706050156464, 1.2414843039249468, 1.286522046207647, 1.3072562312959182, 1.4024657757114494, 1.4690763553789117, 1.4352382086312834, 1.3078676789813133, 1.2336627867197074, 1.2117583717879756, 1.0914323600059634]",PURE,105.2,0.3001426533523538,0.30346051279269637,350.5,350.5,1.0,0.0,0.0,350.5
19,2,0.83,0.1,5,5,6,5.5,5.5,0.19,0.5,42,1,[0.1],0.1,0.2442732516826255,10,7.778174593052023,0.07071067811865475,0.38890872965260115,0.07071067811865475,0.17272727272727273,20260927T095930443635Z_577f21e5,2,5760.0,40,True,81,"[0.8592549273600911, 0.6058380411445193, 0.4316697215292379, 0.32461244914431125, 0.29898418014229616, 0.3853292566116986, 0.6184818884427356, 0.9112753545916268, 1.124060711596949, 1.0918553682168552, 1.0519012231472415, 1.0604058710082023, 1.1010962834034748, 1.1484706050156464, 1.2414843039249468, 1.286522046207647, 1.3072562312959182, 1.4024657757114494, 1.4690763553789117, 1.4352382086312834, 1.3078676789813133, 1.2336627867197074, 1.2117583717879756, 1.0914323600059634]",PURE_OR,105.2,0.3373957665169981,0.33751659185869975,311.8,311.8,1.0,0.0,0.0,311.8
20,2,0.83,0.2,5,5,6,5.5,5.5,0.19,0.5,42,1,[0.2],0.2,0.2442732516826255,10,7.778174593052023,0.1414213562373095,0.7778174593052023,0.1414213562373095,0.17272727272727273,20260927T095930443635Z_577f21e5,2,5760.0,40,True,81,"[0.8592549273600911, 0.6058380411445193, 0.4316697215292379, 0.32461244914431125, 0.29898418014229616, 0.3853292566116986, 0.6184818884427356, 0.9112753545916268, 1.124060711596949, 1.0918553682168552, 1.0519012231472415, 1.0604058710082023, 1.1010962834034748, 1.1484706050156464, 1.2414843039249468, 1.286522046207647, 1.3072562312959182, 1.4024657757114494, 1.4690763553789117, 1.4352382086312834, 1.3078676789813133, 1.2336627867197074, 1.2117583717879756, 1.0914323600059634]",DRL,626.9425170898437,0.5148579429168463,0.5165045022964477,1217.7,1217.7,1.0,15.8,723.7,494.0
20,2,0.83,0.2,5,5,6,5.5,5.5,0.19,0.5,42,1,[0.2],0.2,0.2442732516826255,10,7.778174593052023,0.1414213562373095,0.7778174593052023,0.1414213562373095,0.17272727272727273,20260927T095930443635Z_577f21e5,2,5760.0,40,True,81,"[0.8592549273600911, 0.6058380411445193, 0.4316697215292379, 0.32461244914431125, 0.29898418014229616, 0.3853292566116986, 0.6184818884427356, 0.9112753545916268, 1.124060711596949, 1.0918553682168552, 1.0519012231472415, 1.0604058710082023, 1.1010962834034748, 1.1484706050156464, 1.2414843039249468, 1.286522046207647, 1.3072562312959182, 1.4024657757114494, 1.4690763553789117, 1.4352382086312834, 1.3078676789813133, 1.2336627867197074, 1.2117583717879756, 1.0914323600059634]",HEUR,294.4374069213867,0.47922755032777786,0.44921677112579345,614.4,614.4,1.0,6.4,212.1,402.3
20,2,0.83,0.2,5,5,6,5.5,5.5,0.19,0.5,42,1,[0.2],0.2,0.2442732516826255,10,7.778174593052023,0.1414213562373095,0.7778174593052023,0.1414213562373095,0.17272727272727273,20260927T095930443635Z_577f21e5,2,5760.0,40,True,81,"[0.8592549273600911, 0.6058380411445193, 0.4316697215292379, 0.32461244914431125, 0.29898418014229616, 0.3853292566116986, 0.6184818884427356, 0.9112753545916268, 1.124060711596949, 1.0918553682168552, 1.0519012231472415, 1.0604058710082023, 1.1010962834034748, 1.1484706050156464, 1.2414843039249468, 1.286522046207647, 1.3072562312959182, 1.4024657757114494, 1.4690763553789117, 1.4352382086312834, 1.3078676789813133, 1.2336627867197074, 1.2117583717879756, 1.0914323600059634]",HEUR_VOR,200.54440612792968,0.4255132741946312,0.4111237466335297,471.3,471.3,1.0,3.0,105.8,365.5
20,2,0.83,0.2,5,5,6,5.5,5.5,0.19,0.5,42,1,[0.2],0.2,0.2442732516826255,10,7.778174593052023,0.1414213562373095,0.7778174593052023,0.1414213562373095,0.17272727272727273,20260927T095930443635Z_577f21e5,2,5760.0,40,True,81,"[0.8592549273600911, 0.6058380411445193, 0.4316697215292379, 0.32461244914431125, 0.29898418014229616, 0.3853292566116986, 0.6184818884427356, 0.9112753545916268, 1.124060711596949, 1.0918553682168552, 1.0519012231472415, 1.0604058710082023, 1.1010962834034748, 1.1484706050156464, 1.2414843039249468, 1.286522046207647, 1.3072562312959182, 1.4024657757114494, 1.4690763553789117, 1.4352382086312834, 1.3078676789813133, 1.2336627867197074, 1.2117583717879756, 1.0914323600059634]",FOUR_ZONE,112.75662536621094,0.32382718370537317,0.325951394014722,348.2,348.2,1.0,0.4,9.1,339.1
20,2,0.83,0.2,5,5,6,5.5,5.5,0.19,0.5,42,1,[0.2],0.2,0.2442732516826255,10,7.778174593052023,0.1414213562373095,0.7778174593052023,0.1414213562373095,0.17272727272727273,20260927T095930443635Z_577f21e5,2,5760.0,40,True,81,"[0.8592549273600911, 0.6058380411445193, 0.4316697215292379, 0.32461244914431125, 0.29898418014229616, 0.3853292566116986, 0.6184818884427356, 0.9112753545916268, 1.124060711596949, 1.0918553682168552, 1.0519012231472415, 1.0604058710082023, 1.1010962834034748, 1.1484706050156464, 1.2414843039249468, 1.286522046207647, 1.3072562312959182, 1.4024657757114494, 1.4690763553789117, 1.4352382086312834, 1.3078676789813133, 1.2336627867197074, 1.2117583717879756, 1.0914323600059634]",PURE,105.2,0.3001426533523538,0.30346051279269637,350.5,350.5,1.0,0.0,0.0,350.5
20,2,0.83,0.2,5,5,6,5.5,5.5,0.19,0.5,42,1,[0.2],0.2,0.2442732516826255,10,7.778174593052023,0.1414213562373095,0.7778174593052023,0.1414213562373095,0.17272727272727273,20260927T095930443635Z_577f21e5,2,5760.0,40,True,81,"[0.8592549273600911, 0.6058380411445193, 0.4316697215292379, 0.32461244914431125, 0.29898418014229616, 0.3853292566116986, 0.6184818884427356, 0.9112753545916268, 1.124060711596949, 1.0918553682168552, 1.0519012231472415, 1.0604058710082023, 1.1010962834034748, 1.1484706050156464, 1.2414843039249468, 1.286522046207647, 1.3072562312959182, 1.4024657757114494, 1.4690763553789117, 1.4352382086312834, 1.3078676789813133, 1.2336627867197074, 1.2117583717879756, 1.0914323600059634]",PURE_OR,105.2,0.3420026007802341,0.3420869093236185,307.6,307.6,1.0,0.0,0.0,307.6
21,2,0.83,0.3,5,5,6,5.5,5.5,0.19,0.5,42,1,"[0.3, 0.4]",0.2442732516826255,0.2442732516826255,10,7.778174593052023,0.21213203435596423,1.1667261889578033,0.17272727272727273,0.17272727272727273,20260927T095930443635Z_577f21e5,2,5760.0,40,True,81,"[0.8592549273600911, 0.6058380411445193, 0.4316697215292379, 0.32461244914431125, 0.29898418014229616, 0.3853292566116986, 0.6184818884427356, 0.9112753545916268, 1.124060711596949, 1.0918553682168552, 1.0519012231472415, 1.0604058710082023, 1.1010962834034748, 1.1484706050156464, 1.2414843039249468, 1.286522046207647, 1.3072562312959182, 1.4024657757114494, 1.4690763553789117, 1.4352382086312834, 1.3078676789813133, 1.2336627867197074, 1.2117583717879756, 1.0914323600059634]",DRL,923.8976501464844,0.5858205885146689,0.5825382471084595,1577.1,1577.1,1.0,28.2,1063.5,513.6
21,2,0.83,0.3,5,5,6,5.5,5.5,0.19,0.5,42,1,"[0.3, 0.4]",0.2442732516826255,0.2442732516826255,10,7.778174593052023,0.21213203435596423,1.1667261889578033,0.17272727272727273,0.17272727272727273,20260927T095930443635Z_577f21e5,2,5760.0,40,True,81,"[0.8592549273600911, 0.6058380411445193, 0.4316697215292379, 0.32461244914431125, 0.29898418014229616, 0.3853292566116986, 0.6184818884427356, 0.9112753545916268, 1.124060711596949, 1.0918553682168552, 1.0519012231472415, 1.0604058710082023, 1.1010962834034748, 1.1484706050156464, 1.2414843039249468, 1.286522046207647, 1.3072562312959182, 1.4024657757114494, 1.4690763553789117, 1.4352382086312834, 1.3078676789813133, 1.2336627867197074, 1.2117583717879756, 1.0914323600059634]",HEUR,352.4667572021484,0.5234136578588483,0.503484719991684,673.4,673.4,1.0,7.4,276.3,397.1
21,2,0.83,0.3,5,5,6,5.5,5.5,0.19,0.5,42,1,"[0.3, 0.4]",0.2442732516826255,0.2442732516826255,10,7.778174593052023,0.21213203435596423,1.1667261889578033,0.17272727272727273,0.17272727272727273,20260927T095930443635Z_577f21e5,2,5760.0,40,True,81,"[0.8592549273600911, 0.6058380411445193, 0.4316697215292379, 0.32461244914431125, 0.29898418014229616, 0.3853292566116986, 0.6184818884427356, 0.9112753545916268, 1.124060711596949, 1.0918553682168552, 1.0519012231472415, 1.0604058710082023, 1.1010962834034748, 1.1484706050156464, 1.2414843039249468, 1.286522046207647, 1.3072562312959182, 1.4024657757114494, 1.4690763553789117, 1.4352382086312834, 1.3078676789813133, 1.2336627867197074, 1.2117583717879756, 1.0914323600059634]",HEUR_VOR,223.76019287109375,0.4581494530530175,0.4518421828746796,488.4,488.4,1.0,3.2,128.1,360.3
21,2,0.83,0.3,5,5,6,5.5,5.5,0.19,0.5,42,1,"[0.3, 0.4]",0.2442732516826255,0.2442732516826255,10,7.778174593052023,0.21213203435596423,1.1667261889578033,0.17272727272727273,0.17272727272727273,20260927T095930443635Z_577f21e5,2,5760.0,40,True,81,"[0.8592549273600911, 0.6058380411445193, 0.4316697215292379, 0.32461244914431125, 0.29898418014229616, 0.3853292566116986, 0.6184818884427356, 0.9112753545916268, 1.124060711596949, 1.0918553682168552, 1.0519012231472415, 1.0604058710082023, 1.1010962834034748, 1.1484706050156464, 1.2414843039249468, 1.286522046207647, 1.3072562312959182, 1.4024657757114494, 1.4690763553789117, 1.4352382086312834, 1.3078676789813133, 1.2336627867197074, 1.2117583717879756, 1.0914323600059634]",FOUR_ZONE,112.75662536621094,0.32382718370537317,0.325951394014722,348.2,348.2,1.0,0.4,9.1,339.1
21,2,0.83,0.3,5,5,6,5.5,5.5,0.19,0.5,42,1,"[0.3, 0.4]",0.2442732516826255,0.2442732516826255,10,7.778174593052023,0.21213203435596423,1.1667261889578033,0.17272727272727273,0.17272727272727273,20260927T095930443635Z_577f21e5,2,5760.0,40,True,81,"[0.8592549273600911, 0.6058380411445193, 0.4316697215292379, 0.32461244914431125, 0.29898418014229616, 0.3853292566116986, 0.6184818884427356, 0.9112753545916268, 1.124060711596949, 1.0918553682168552, 1.0519012231472415, 1.0604058710082023, 1.1010962834034748, 1.1484706050156464, 1.2414843039249468, 1.286522046207647, 1.3072562312959182, 1.4024657757114494, 1.4690763553789117, 1.4352382086312834, 1.3078676789813133, 1.2336627867197074, 1.2117583717879756, 1.0914323600059634]",PURE,105.2,0.3001426533523538,0.30346051279269637,350.5,350.5,1.0,0.0,0.0,350.5
21,2,0.83,0.3,5,5,6,5.5,5.5,0.19,0.5,42,1,"[0.3, 0.4]",0.2442732516826255,0.2442732516826255,10,7.778174593052023,0.21213203435596423,1.1667261889578033,0.17272727272727273,0.17272727272727273,20260927T095930443635Z_577f21e5,2,5760.0,40,True,81,"[0.8592549273600911, 0.6058380411445193, 0.4316697215292379, 0.32461244914431125, 0.29898418014229616, 0.3853292566116986, 0.6184818884427356, 0.9112753545916268, 1.124060711596949, 1.0918553682168552, 1.0519012231472415, 1.0604058710082023, 1.1010962834034748, 1.1484706050156464, 1.2414843039249468, 1.286522046207647, 1.3072562312959182, 1.4024657757114494, 1.4690763553789117, 1.4352382086312834, 1.3078676789813133, 1.2336627867197074, 1.2117583717879756, 1.0914323600059634]",PURE_OR,105.2,0.3373957665169981,0.33751659185869975,311.8,311.8,1.0,0.0,0.0,311.8
22,2,0.83,0.1,5,5,6,6.0,5.5,0.19,0.5,42,1,[0.1],0.1,0.2442732516826255,10,7.778174593052023,0.07071067811865475,0.38890872965260115,0.07071067811865475,0.17272727272727273,20260927T095930443635Z_577f21e5,2,5760.0,40,True,81,"[0.8592549273600911, 0.6058380411445193, 0.4316697215292379, 0.32461244914431125, 0.29898418014229616, 0.3853292566116986, 0.6184818884427356, 0.9112753545916268, 1.124060711596949, 1.0918553682168552, 1.0519012231472415, 1.0604058710082023, 1.1010962834034748, 1.1484706050156464, 1.2414843039249468, 1.286522046207647, 1.3072562312959182, 1.4024657757114494, 1.4690763553789117, 1.4352382086312834, 1.3078676789813133, 1.2336627867197074, 1.2117583717879756, 1.0914323600059634]",DRL,216.10030822753907,0.4661352636487038,0.44385002960843495,463.6,463.6,1.0,3.4,119.6,344.0
22,2,0.83,0.1,5,5,6,6.0,5.5,0.19,0.5,42,1,[0.1],0.1,0.2442732516826255,10,7.778174593052023,0.07071067811865475,0.38890872965260115,0.07071067811865475,0.17272727272727273,20260927T095930443635Z_577f21e5,2,5760.0,40,True,81,"[0.8592549273600911, 0.6058380411445193, 0.4316697215292379, 0.32461244914431125, 0.29898418014229616, 0.3853292566116986, 0.6184818884427356, 0.9112753545916268, 1.124060711596949, 1.0918553682168552, 1.0519012231472415, 1.0604058710082023, 1.1010962834034748, 1.1484706050156464, 1.2414843039249468, 1.286522046207647, 1.3072562312959182, 1.4024657757114494, 1.4690763553789117, 1.4352382086312834, 1.3078676789813133, 1.2336627867197074, 1.2117583717879756, 1.0914323600059634]",HEUR,162.5964141845703,0.37865955795195694,0.36963802089375897,429.4,429.4,1.0,2.0,59.9,369.5
22,2,0.83,0.1,5,5,6,6.0,5.5,0.19,0.5,42,1,[0.1],0.1,0.2442732516826255,10,7.778174593052023,0.07071067811865475,0.38890872965260115,0.07071067811865475,0.17272727272727273,20260927T095930443635Z_577f21e5,2,5760.0,40,True,81,"[0.8592549273600911, 0.6058380411445193, 0.4316697215292379, 0.32461244914431125, 0.29898418014229616, 0.3853292566116986, 0.6184818884427356, 0.9112753545916268, 1.124060711596949, 1.0918553682168552, 1.0519012231472415, 1.0604058710082023, 1.1010962834034748, 1.1484706050156464, 1.2414843039249468, 1.286522046207647, 1.3072562312959182, 1.4024657757114494, 1.4690763553789117, 1.4352382086312834, 1.3078676789813133, 1.2336627867197074, 1.2117583717879756, 1.0914323600059634]",HEUR_VOR,129.19806671142578,0.32967100462216326,0.3303737057118346,391.9,391.9,1.0,1.0,25.5,366.4
22,2,0.83,0.1,5,5,6,6.0,5.5,0.19,0.5,42,1,[0.1],0.1,0.2442732516826255,10,7.778174593052023,0.07071067811865475,0.38890872965260115,0.07071067811865475,0.17272727272727273,20260927T095930443635Z_577f21e5,2,5760.0,40,True,81,"[0.8592549273600911, 0.6058380411445193, 0.4316697215292379, 0.32461244914431125, 0.29898418014229616, 0.3853292566116986, 0.6184818884427356, 0.9112753545916268, 1.124060711596949, 1.0918553682168552, 1.0519012231472415, 1.0604058710082023, 1.1010962834034748, 1.1484706050156464, 1.2414843039249468, 1.286522046207647, 1.3072562312959182, 1.4024657757114494, 1.4690763553789117, 1.4352382086312834, 1.3078676789813133, 1.2336627867197074, 1.2117583717879756, 1.0914323600059634]",FOUR_ZONE,105.2,0.3083235638921454,0.30829210043002003,341.2,341.2,1.0,0.0,0.0,341.2
22,2,0.83,0.1,5,5,6,6.0,5.5,0.19,0.5,42,1,[0.1],0.1,0.2442732516826255,10,7.778174593052023,0.07071067811865475,0.38890872965260115,0.07071067811865475,0.17272727272727273,20260927T095930443635Z_577f21e5,2,5760.0,40,True,81,"[0.8592549273600911, 0.6058380411445193, 0.4316697215292379, 0.32461244914431125, 0.29898418014229616, 0.3853292566116986, 0.6184818884427356, 0.9112753545916268, 1.124060711596949, 1.0918553682168552, 1.0519012231472415, 1.0604058710082023, 1.1010962834034748, 1.1484706050156464, 1.2414843039249468, 1.286522046207647, 1.3072562312959182, 1.4024657757114494, 1.4690763553789117, 1.4352382086312834, 1.3078676789813133, 1.2336627867197074, 1.2117583717879756, 1.0914323600059634]",PURE,105.2,0.3001426533523538,0.30346051279269637,350.5,350.5,1.0,0.0,0.0,350.5
22,2,0.83,0.1,5,5,6,6.0,5.5,0.19,0.5,42,1,[0.1],0.1,0.2442732516826255,10,7.778174593052023,0.07071067811865475,0.38890872965260115,0.07071067811865475,0.17272727272727273,20260927T095930443635Z_577f21e5,2,5760.0,40,True,81,"[0.8592549273600911, 0.6058380411445193, 0.4316697215292379, 0.32461244914431125, 0.29898418014229616, 0.3853292566116986, 0.6184818884427356, 0.9112753545916268, 1.124060711596949, 1.0918553682168552, 1.0519012231472415, 1.0604058710082023, 1.1010962834034748, 1.1484706050156464, 1.2414843039249468, 1.286522046207647, 1.3072562312959182, 1.4024657757114494, 1.4690763553789117, 1.4352382086312834, 1.3078676789813133, 1.2336627867197074, 1.2117583717879756, 1.0914323600059634]",PURE_OR,105.2,0.3420026007802341,0.3420869093236185,307.6,307.6,1.0,0.0,0.0,307.6
23,2,0.83,0.2,5,5,6,6.0,5.5,0.19,0.5,42,1,[0.2],0.2,0.2442732516826255,10,7.778174593052023,0.1414213562373095,0.7778174593052023,0.1414213562373095,0.17272727272727273,20260927T095930443635Z_577f21e5,2,5760.0,40,True,81,"[0.8592549273600911, 0.6058380411445193, 0.4316697215292379, 0.32461244914431125, 0.29898418014229616, 0.3853292566116986, 0.6184818884427356, 0.9112753545916268, 1.124060711596949, 1.0918553682168552, 1.0519012231472415, 1.0604058710082023, 1.1010962834034748, 1.1484706050156464, 1.2414843039249468, 1.286522046207647, 1.3072562312959182, 1.4024657757114494, 1.4690763553789117, 1.4352382086312834, 1.3078676789813133, 1.2336627867197074, 1.2117583717879756, 1.0914323600059634]",DRL,782.9096069335938,0.5974129011320822,0.5866724133491517,1310.5,1310.5,1.0,19.2,843.9,466.6
23,2,0.83,0.2,5,5,6,6.0,5.5,0.19,0.5,42,1,[0.2],0.2,0.2442732516826255,10,7.778174593052023,0.1414213562373095,0.7778174593052023,0.1414213562373095,0.17272727272727273,20260927T095930443635Z_577f21e5,2,5760.0,40,True,81,"[0.8592549273600911, 0.6058380411445193, 0.4316697215292379, 0.32461244914431125, 0.29898418014229616, 0.3853292566116986, 0.6184818884427356, 0.9112753545916268, 1.124060711596949, 1.0918553682168552, 1.0519012231472415, 1.0604058710082023, 1.1010962834034748, 1.1484706050156464, 1.2414843039249468, 1.286522046207647, 1.3072562312959182, 1.4024657757114494, 1.4690763553789117, 1.4352382086312834, 1.3078676789813133, 1.2336627867197074, 1.2117583717879756, 1.0914323600059634]",HEUR,311.6431488037109,0.50723168750604,0.47260058522224424,614.4,614.4,1.0,6.4,212.1,402.3
23,2,0.83,0.2,5,5,6,6.0,5.5,0.19,0.5,42,1,[0.2],0.2,0.2442732516826255,10,7.778174593052023,0.1414213562373095,0.7778174593052023,0.1414213562373095,0.17272727272727273,20260927T095930443635Z_577f21e5,2,5760.0,40,True,81,"[0.8592549273600911, 0.6058380411445193, 0.4316697215292379, 0.32461244914431125, 0.29898418014229616, 0.3853292566116986, 0.6184818884427356, 0.9112753545916268, 1.124060711596949, 1.0918553682168552, 1.0519012231472415, 1.0604058710082023, 1.1010962834034748, 1.1484706050156464, 1.2414843039249468, 1.286522046207647, 1.3072562312959182, 1.4024657757114494, 1.4690763553789117, 1.4352382086312834, 1.3078676789813133, 1.2336627867197074, 1.2117583717879756, 1.0914323600059634]",HEUR_VOR,209.21221771240235,0.4439045569963979,0.4277402818202972,471.3,471.3,1.0,3.0,105.8,365.5
23,2,0.83,0.2,5,5,6,6.0,5.5,0.19,0.5,42,1,[0.2],0.2,0.2442732516826255,10,7.778174593052023,0.1414213562373095,0.7778174593052023,0.1414213562373095,0.17272727272727273,20260927T095930443635Z_577f21e5,2,5760.0,40,True,81,"[0.8592549273600911, 0.6058380411445193, 0.4316697215292379, 0.32461244914431125, 0.29898418014229616, 0.3853292566116986, 0.6184818884427356, 0.9112753545916268, 1.124060711596949, 1.0918553682168552, 1.0519012231472415, 1.0604058710082023, 1.1010962834034748, 1.1484706050156464, 1.2414843039249468, 1.286522046207647, 1.3072562312959182, 1.4024657757114494, 1.4690763553789117, 1.4352382086312834, 1.3078676789813133, 1.2336627867197074, 1.2117583717879756, 1.0914323600059634]",FOUR_ZONE,113.44359741210937,0.3258001074443118,0.3281710113815128,348.2,348.2,1.0,0.4,9.1,339.1
23,2,0.83,0.2,5,5,6,6.0,5.5,0.19,0.5,42,1,[0.2],0.2,0.2442732516826255,10,7.778174593052023,0.1414213562373095,0.7778174593052023,0.1414213562373095,0.17272727272727273,20260927T095930443635Z_577f21e5,2,5760.0,40,True,81,"[0.8592549273600911, 0.6058380411445193, 0.4316697215292379, 0.32461244914431125, 0.29898418014229616, 0.3853292566116986, 0.6184818884427356, 0.9112753545916268, 1.124060711596949, 1.0918553682168552, 1.0519012231472415, 1.0604058710082023, 1.1010962834034748, 1.1484706050156464, 1.2414843039249468, 1.286522046207647, 1.3072562312959182, 1.4024657757114494, 1.4690763553789117, 1.4352382086312834, 1.3078676789813133, 1.2336627867197074, 1.2117583717879756, 1.0914323600059634]",PURE,105.2,0.3001426533523538,0.30346051279269637,350.5,350.5,1.0,0.0,0.0,350.5
23,2,0.83,0.2,5,5,6,6.0,5.5,0.19,0.5,42,1,[0.2],0.2,0.2442732516826255,10,7.778174593052023,0.1414213562373095,0.7778174593052023,0.1414213562373095,0.17272727272727273,20260927T095930443635Z_577f21e5,2,5760.0,40,True,81,"[0.8592549273600911, 0.6058380411445193, 0.4316697215292379, 0.32461244914431125, 0.29898418014229616, 0.3853292566116986, 0.6184818884427356, 0.9112753545916268, 1.124060711596949, 1.0918553682168552, 1.0519012231472415, 1.0604058710082023, 1.1010962834034748, 1.1484706050156464, 1.2414843039249468, 1.286522046207647, 1.3072562312959182, 1.4024657757114494, 1.4690763553789117, 1.4352382086312834, 1.3078676789813133, 1.2336627867197074, 1.2117583717879756, 1.0914323600059634]",PURE_OR,105.2,0.3373957665169981,0.33751659185869975,311.8,311.8,1.0,0.0,0.0,311.8
24,2,0.83,0.3,5,5,6,6.0,5.5,0.19,0.5,42,1,"[0.3, 0.4]",0.2442732516826255,0.2442732516826255,10,7.778174593052023,0.21213203435596423,1.1667261889578033,0.17272727272727273,0.17272727272727273,20260927T095930443635Z_577f21e5,2,5760.0,40,True,81,"[0.8592549273600911, 0.6058380411445193, 0.4316697215292379, 0.32461244914431125, 0.29898418014229616, 0.3853292566116986, 0.6184818884427356, 0.9112753545916268, 1.124060711596949, 1.0918553682168552, 1.0519012231472415, 1.0604058710082023, 1.1010962834034748, 1.1484706050156464, 1.2414843039249468, 1.286522046207647, 1.3072562312959182, 1.4024657757114494, 1.4690763553789117, 1.4352382086312834, 1.3078676789813133, 1.2336627867197074, 1.2117583717879756, 1.0914323600059634]",DRL,912.3480224609375,0.624254548382441,0.6203591823577881,1461.5,1461.5,1.0,25.6,980.0,481.5
24,2,0.83,0.3,5,5,6,6.0,5.5,0.19,0.5,42,1,"[0.3, 0.4]",0.2442732516826255,0.2442732516826255,10,7.778174593052023,0.21213203435596423,1.1667261889578033,0.17272727272727273,0.17272727272727273,20260927T095930443635Z_577f21e5,2,5760.0,40,True,81,"[0.8592549273600911, 0.6058380411445193, 0.4316697215292379, 0.32461244914431125, 0.29898418014229616, 0.3853292566116986, 0.6184818884427356, 0.9112753545916268, 1.124060711596949, 1.0918553682168552, 1.0519012231472415, 1.0604058710082023, 1.1010962834034748, 1.1484706050156464, 1.2414843039249468, 1.286522046207647, 1.3072562312959182, 1.4024657757114494, 1.4690763553789117, 1.4352382086312834, 1.3078676789813133, 1.2336627867197074, 1.2117583717879756, 1.0914323600059634]",HEUR,374.94884033203124,0.5567995846926511,0.5335535407066345,673.4,673.4,1.0,7.4,276.3,397.1
24,2,0.83,0.3,5,5,6,6.0,5.5,0.19,0.5,42,1,"[0.3, 0.4]",0.2442732516826255,0.2442732516826255,10,7.778174593052023,0.21213203435596423,1.1667261889578033,0.17272727272727273,0.17272727272727273,20260927T095930443635Z_577f21e5,2,5760.0,40,True,81,"[0.8592549273600911, 0.6058380411445193, 0.4316697215292379, 0.32461244914431125, 0.29898418014229616, 0.3853292566116986, 0.6184818884427356, 0.9112753545916268, 1.124060711596949, 1.0918553682168552, 1.0519012231472415, 1.0604058710082023, 1.1010962834034748, 1.1484706050156464, 1.2414843039249468, 1.286522046207647, 1.3072562312959182, 1.4024657757114494, 1.4690763553789117, 1.4352382086312834, 1.3078676789813133, 1.2336627867197074, 1.2117583717879756, 1.0914323600059634]",HEUR_VOR,234.53856201171874,0.4802181859371801,0.4729723811149597,488.4,488.4,1.0,3.2,128.1,360.3
24,2,0.83,0.3,5,5,6,6.0,5.5,0.19,0.5,42,1,"[0.3, 0.4]",0.2442732516826255,0.2442732516826255,10,7.778174593052023,0.21213203435596423,1.1667261889578033,0.17272727272727273,0.17272727272727273,20260927T095930443635Z_577f21e5,2,5760.0,40,True,81,"[0.8592549273600911, 0.6058380411445193, 0.4316697215292379, 0.32461244914431125, 0.29898418014229616, 0.3853292566116986, 0.6184818884427356, 0.9112753545916268, 1.124060711596949, 1.0918553682168552, 1.0519012231472415, 1.0604058710082023, 1.1010962834034748, 1.1484706050156464, 1.2414843039249468, 1.286522046207647, 1.3072562312959182, 1.4024657757114494, 1.4690763553789117, 1.4352382086312834, 1.3078676789813133, 1.2336627867197074, 1.2117583717879756, 1.0914323600059634]",FOUR_ZONE,113.44359741210937,0.3258001074443118,0.3281710113815128,348.2,348.2,1.0,0.4,9.1,339.1
24,2,0.83,0.3,5,5,6,6.0,5.5,0.19,0.5,42,1,"[0.3, 0.4]",0.2442732516826255,0.2442732516826255,10,7.778174593052023,0.21213203435596423,1.1667261889578033,0.17272727272727273,0.17272727272727273,20260927T095930443635Z_577f21e5,2,5760.0,40,True,81,"[0.8592549273600911, 0.6058380411445193, 0.4316697215292379, 0.32461244914431125, 0.29898418014229616, 0.3853292566116986, 0.6184818884427356, 0.9112753545916268, 1.124060711596949, 1.0918553682168552, 1.0519012231472415, 1.0604058710082023, 1.1010962834034748, 1.1484706050156464, 1.2414843039249468, 1.286522046207647, 1.3072562312959182, 1.4024657757114494, 1.4690763553789117, 1.4352382086312834, 1.3078676789813133, 1.2336627867197074, 1.2117583717879756, 1.0914323600059634]",PURE,105.2,0.3001426533523538,0.30346051279269637,350.5,350.5,1.0,0.0,0.0,350.5
24,2,0.83,0.3,5,5,6,6.0,5.5,0.19,0.5,42,1,"[0.3, 0.4]",0.2442732516826255,0.2442732516826255,10,7.778174593052023,0.21213203435596423,1.1667261889578033,0.17272727272727273,0.17272727272727273,20260927T095930443635Z_577f21e5,2,5760.0,40,True,81,"[0.8592549273600911, 0.6058380411445193, 0.4316697215292379, 0.32461244914431125, 0.29898418014229616, 0.3853292566116986, 0.6184818884427356, 0.9112753545916268, 1.124060711596949, 1.0918553682168552, 1.0519012231472415, 1.0604058710082023, 1.1010962834034748, 1.1484706050156464, 1.2414843039249468, 1.286522046207647, 1.3072562312959182, 1.4024657757114494, 1.4690763553789117, 1.4352382086312834, 1.3078676789813133, 1.2336627867197074, 1.2117583717879756, 1.0914323600059634]",PURE_OR,105.2,0.3373957665169981,0.33751659185869975,311.8,311.8,1.0,0.0,0.0,311.8
25,2,1.0,0.1,5,5,6,5.5,5.5,0.19,0.5,42,1,[0.1],0.1,0.2442732516826255,10,7.778174593052023,0.07071067811865475,0.38890872965260115,0.07071067811865475,0.17272727272727273,20260927T095930443635Z_577f21e5,2,5760.0,40,True,81,"[0.8592549273600911, 0.6058380411445193, 0.4316697215292379, 0.32461244914431125, 0.29898418014229616, 0.3853292566116986, 0.6184818884427356, 0.9112753545916268, 1.124060711596949, 1.0918553682168552, 1.0519012231472415, 1.0604058710082023, 1.1010962834034748, 1.1484706050156464, 1.2414843039249468, 1.286522046207647, 1.3072562312959182, 1.4024657757114494, 1.4690763553789117, 1.4352382086312834, 1.3078676789813133, 1.2336627867197074, 1.2117583717879756, 1.0914323600059634]",DRL,255.91758728027344,0.4383651717716229,0.4257331907749176,583.8,583.8,1.0,4.4,160.8,423.0
25,2,1.0,0.1,5,5,6,5.5,5.5,0.19,0.5,42,1,[0.1],0.1,0.2442732516826255,10,7.778174593052023,0.07071067811865475,0.38890872965260115,0.07071067811865475,0.17272727272727273,20260927T095930443635Z_577f21e5,2,5760.0,40,True,81,"[0.8592549273600911, 0.6058380411445193, 0.4316697215292379, 0.32461244914431125, 0.29898418014229616, 0.3853292566116986, 0.6184818884427356, 0.9112753545916268, 1.124060711596949, 1.0918553682168552, 1.0519012231472415, 1.0604058710082023, 1.1010962834034748, 1.1484706050156464, 1.2414843039249468, 1.286522046207647, 1.3072562312959182, 1.4024657757114494, 1.4690763553789117, 1.4352382086312834, 1.3078676789813133, 1.2336627867197074, 1.2117583717879756, 1.0914323600059634]",HEUR,226.907763671875,0.4136124018809242,0.40690412521362307,548.6,548.6,1.0,3.2,113.2,435.4
25,2,1.0,0.1,5,5,6,5.5,5.5,0.19,0.5,42,1,[0.1],0.1,0.2442732516826255,10,7.778174593052023,0.07071067811865475,0.38890872965260115,0.07071067811865475,0.17272727272727273,20260927T095930443635Z_577f21e5,2,5760.0,40,True,81,"[0.8592549273600911, 0.6058380411445193, 0.4316697215292379, 0.32461244914431125, 0.29898418014229616, 0.3853292566116986, 0.6184818884427356, 0.9112753545916268, 1.124060711596949, 1.0918553682168552, 1.0519012231472415, 1.0604058710082023, 1.1010962834034748, 1.1484706050156464, 1.2414843039249468, 1.286522046207647, 1.3072562312959182, 1.4024657757114494, 1.4690763553789117, 1.4352382086312834, 1.3078676789813133, 1.2336627867197074, 1.2117583717879756, 1.0914323600059634]",HEUR_VOR,175.67308502197267,0.37148040816657363,0.36711216587837925,472.9,472.9,1.0,1.6,55.6,417.3
25,2,1.0,0.1,5,5,6,5.5,5.5,0.19,0.5,42,1,[0.1],0.1,0.2442732516826255,10,7.778174593052023,0.07071067811865475,0.38890872965260115,0.07071067811865475,0.17272727272727273,20260927T095930443635Z_577f21e5,2,5760.0,40,True,81,"[0.8592549273600911, 0.6058380411445193, 0.4316697215292379, 0.32461244914431125, 0.29898418014229616, 0.3853292566116986, 0.6184818884427356, 0.9112753545916268, 1.124060711596949, 1.0918553682168552, 1.0519012231472415, 1.0604058710082023, 1.1010962834034748, 1.1484706050156464, 1.2414843039249468, 1.286522046207647, 1.3072562312959182, 1.4024657757114494, 1.4690763553789117, 1.4352382086312834, 1.3078676789813133, 1.2336627867197074, 1.2117583717879756, 1.0914323600059634]",FOUR_ZONE,136.46141662597657,0.35750960604133236,0.3536801534825618,381.7,381.7,1.0,0.2,9.9,371.8
25,2,1.0,0.1,5,5,6,5.5,5.5,0.19,0.5,42,1,[0.1],0.1,0.2442732516826255,10,7.778174593052023,0.07071067811865475,0.38890872965260115,0.07071067811865475,0.17272727272727273,20260927T095930443635Z_577f21e5,2,5760.0,40,True,81,"[0.8592549273600911, 0.6058380411445193, 0.4316697215292379, 0.32461244914431125, 0.29898418014229616, 0.3853292566116986, 0.6184818884427356, 0.9112753545916268, 1.124060711596949, 1.0918553682168552, 1.0519012231472415, 1.0604058710082023, 1.1010962834034748, 1.1484706050156464, 1.2414843039249468, 1.286522046207647, 1.3072562312959182, 1.4024657757114494, 1.4690763553789117, 1.4352382086312834, 1.3078676789813133, 1.2336627867197074, 1.2117583717879756, 1.0914323600059634]",PURE,126.4,0.30268199233716475,0.3020488391073032,417.6,417.6,1.0,0.0,0.0,417.6
25,2,1.0,0.1,5,5,6,5.5,5.5,0.19,0.5,42,1,[0.1],0.1,0.2442732516826255,10,7.778174593052023,0.07071067811865475,0.38890872965260115,0.07071067811865475,0.17272727272727273,20260927T095930443635Z_577f21e5,2,5760.0,40,True,81,"[0.8592549273600911, 0.6058380411445193, 0.4316697215292379, 0.32461244914431125, 0.29898418014229616, 0.3853292566116986, 0.6184818884427356, 0.9112753545916268, 1.124060711596949, 1.0918553682168552, 1.0519012231472415, 1.0604058710082023, 1.1010962834034748, 1.1484706050156464, 1.2414843039249468, 1.286522046207647, 1.3072562312959182, 1.4024657757114494, 1.4690763553789117, 1.4352382086312834, 1.3078676789813133, 1.2336627867197074, 1.2117583717879756, 1.0914323600059634]",PURE_OR,126.4,0.36574074074074076,0.36483605402721103,345.6,345.6,1.0,0.0,0.0,345.6
26,2,1.0,0.2,5,5,6,5.5,5.5,0.19,0.5,42,1,[0.2],0.2,0.2442732516826255,10,7.778174593052023,0.1414213562373095,0.7778174593052023,0.1414213562373095,0.17272727272727273,20260927T095930443635Z_577f21e5,2,5760.0,40,True,81,"[0.8592549273600911, 0.6058380411445193, 0.4316697215292379, 0.32461244914431125, 0.29898418014229616, 0.3853292566116986, 0.6184818884427356, 0.9112753545916268, 1.124060711596949, 1.0918553682168552, 1.0519012231472415, 1.0604058710082023, 1.1010962834034748, 1.1484706050156464, 1.2414843039249468, 1.286522046207647, 1.3072562312959182, 1.4024657757114494, 1.4690763553789117, 1.4352382086312834, 1.3078676789813133, 1.2336627867197074, 1.2117583717879756, 1.0914323600059634]",DRL,710.7329711914062,0.5372537389004507,0.5321099936962128,1322.9,1322.9,1.0,19.2,807.2,515.7
26,2,1.0,0.2,5,5,6,5.5,5.5,0.19,0.5,42,1,[0.2],0.2,0.2442732516826255,10,7.778174593052023,0.1414213562373095,0.7778174593052023,0.1414213562373095,0.17272727272727273,20260927T095930443635Z_577f21e5,2,5760.0,40,True,81,"[0.8592549273600911, 0.6058380411445193, 0.4316697215292379, 0.32461244914431125, 0.29898418014229616, 0.3853292566116986, 0.6184818884427356, 0.9112753545916268, 1.124060711596949, 1.0918553682168552, 1.0519012231472415, 1.0604058710082023, 1.1010962834034748, 1.1484706050156464, 1.2414843039249468, 1.286522046207647, 1.3072562312959182, 1.4024657757114494, 1.4690763553789117, 1.4352382086312834, 1.3078676789813133, 1.2336627867197074, 1.2117583717879756, 1.0914323600059634]",HEUR,287.8462707519531,0.45989178902692623,0.45093300342559817,625.9,625.9,1.0,6.6,193.0,432.9
26,2,1.0,0.2,5,5,6,5.5,5.5,0.19,0.5,42,1,[0.2],0.2,0.2442732516826255,10,7.778174593052023,0.1414213562373095,0.7778174593052023,0.1414213562373095,0.17272727272727273,20260927T095930443635Z_577f21e5,2,5760.0,40,True,81,"[0.8592549273600911, 0.6058380411445193, 0.4316697215292379, 0.32461244914431125, 0.29898418014229616, 0.3853292566116986, 0.6184818884427356, 0.9112753545916268, 1.124060711596949, 1.0918553682168552, 1.0519012231472415, 1.0604058710082023, 1.1010962834034748, 1.1484706050156464, 1.2414843039249468, 1.286522046207647, 1.3072562312959182, 1.4024657757114494, 1.4690763553789117, 1.4352382086312834, 1.3078676789813133, 1.2336627867197074, 1.2117583717879756, 1.0914323600059634]",HEUR_VOR,227.83361358642577,0.4258572216568706,0.41905789375305175,535.0,535.0,1.0,3.6,121.6,413.4
26,2,1.0,0.2,5,5,6,5.5,5.5,0.19,0.5,42,1,[0.2],0.2,0.2442732516826255,10,7.778174593052023,0.1414213562373095,0.7778174593052023,0.1414213562373095,0.17272727272727273,20260927T095930443635Z_577f21e5,2,5760.0,40,True,81,"[0.8592549273600911, 0.6058380411445193, 0.4316697215292379, 0.32461244914431125, 0.29898418014229616, 0.3853292566116986, 0.6184818884427356, 0.9112753545916268, 1.124060711596949, 1.0918553682168552, 1.0519012231472415, 1.0604058710082023, 1.1010962834034748, 1.1484706050156464, 1.2414843039249468, 1.286522046207647, 1.3072562312959182, 1.4024657757114494, 1.4690763553789117, 1.4352382086312834, 1.3078676789813133, 1.2336627867197074, 1.2117583717879756, 1.0914323600059634]",FOUR_ZONE,136.46141662597657,0.35750960604133236,0.3536801534825618,381.7,381.7,1.0,0.2,9.9,371.8
26,2,1.0,0.2,5,5,6,5.5,5.5,0.19,0.5,42,1,[0.2],0.2,0.2442732516826255,10,7.778174593052023,0.1414213562373095,0.7778174593052023,0.1414213562373095,0.17272727272727273,20260927T095930443635Z_577f21e5,2,5760.0,40,True,81,"[0.8592549273600911, 0.6058380411445193, 0.4316697215292379, 0.32461244914431125, 0.29898418014229616, 0.3853292566116986, 0.6184818884427356, 0.9112753545916268, 1.124060711596949, 1.0918553682168552, 1.0519012231472415, 1.0604058710082023, 1.1010962834034748, 1.1484706050156464, 1.2414843039249468, 1.286522046207647, 1.3072562312959182, 1.4024657757114494, 1.4690763553789117, 1.4352382086312834, 1.3078676789813133, 1.2336627867197074, 1.2117583717879756, 1.0914323600059634]",PURE,126.4,0.30268199233716475,0.3020488391073032,417.6,417.6,1.0,0.0,0.0,417.6
26,2,1.0,0.2,5,5,6,5.5,5.5,0.19,0.5,42,1,[0.2],0.2,0.2442732516826255,10,7.778174593052023,0.1414213562373095,0.7778174593052023,0.1414213562373095,0.17272727272727273,20260927T095930443635Z_577f21e5,2,5760.0,40,True,81,"[0.8592549273600911, 0.6058380411445193, 0.4316697215292379, 0.32461244914431125, 0.29898418014229616, 0.3853292566116986, 0.6184818884427356, 0.9112753545916268, 1.124060711596949, 1.0918553682168552, 1.0519012231472415, 1.0604058710082023, 1.1010962834034748, 1.1484706050156464, 1.2414843039249468, 1.286522046207647, 1.3072562312959182, 1.4024657757114494, 1.4690763553789117, 1.4352382086312834, 1.3078676789813133, 1.2336627867197074, 1.2117583717879756, 1.0914323600059634]",PURE_OR,126.4,0.36574074074074076,0.36483605402721103,345.6,345.6,1.0,0.0,0.0,345.6
27,2,1.0,0.3,5,5,6,5.5,5.5,0.19,0.5,42,1,"[0.3, 0.4]",0.2442732516826255,0.2442732516826255,10,7.778174593052023,0.21213203435596423,1.1667261889578033,0.17272727272727273,0.17272727272727273,20260927T095930443635Z_577f21e5,2,5760.0,40,True,81,"[0.8592549273600911, 0.6058380411445193, 0.4316697215292379, 0.32461244914431125, 0.29898418014229616, 0.3853292566116986, 0.6184818884427356, 0.9112753545916268, 1.124060711596949, 1.0918553682168552, 1.0519012231472415, 1.0604058710082023, 1.1010962834034748, 1.1484706050156464, 1.2414843039249468, 1.286522046207647, 1.3072562312959182, 1.4024657757114494, 1.4690763553789117, 1.4352382086312834, 1.3078676789813133, 1.2336627867197074, 1.2117583717879756, 1.0914323600059634]",DRL,816.4506713867188,0.5834290920299549,0.5770706117153168,1399.4,1399.4,1.0,24.2,894.0,505.4
27,2,1.0,0.3,5,5,6,5.5,5.5,0.19,0.5,42,1,"[0.3, 0.4]",0.2442732516826255,0.2442732516826255,10,7.778174593052023,0.21213203435596423,1.1667261889578033,0.17272727272727273,0.17272727272727273,20260927T095930443635Z_577f21e5,2,5760.0,40,True,81,"[0.8592549273600911, 0.6058380411445193, 0.4316697215292379, 0.32461244914431125, 0.29898418014229616, 0.3853292566116986, 0.6184818884427356, 0.9112753545916268, 1.124060711596949, 1.0918553682168552, 1.0519012231472415, 1.0604058710082023, 1.1010962834034748, 1.1484706050156464, 1.2414843039249468, 1.286522046207647, 1.3072562312959182, 1.4024657757114494, 1.4690763553789117, 1.4352382086312834, 1.3078676789813133, 1.2336627867197074, 1.2117583717879756, 1.0914323600059634]",HEUR,402.2509826660156,0.5134026581570078,0.5137699186801911,783.5,783.5,1.0,9.0,323.4,460.1
27,2,1.0,0.3,5,5,6,5.5,5.5,0.19,0.5,42,1,"[0.3, 0.4]",0.2442732516826255,0.2442732516826255,10,7.778174593052023,0.21213203435596423,1.1667261889578033,0.17272727272727273,0.17272727272727273,20260927T095930443635Z_577f21e5,2,5760.0,40,True,81,"[0.8592549273600911, 0.6058380411445193, 0.4316697215292379, 0.32461244914431125, 0.29898418014229616, 0.3853292566116986, 0.6184818884427356, 0.9112753545916268, 1.124060711596949, 1.0918553682168552, 1.0519012231472415, 1.0604058710082023, 1.1010962834034748, 1.1484706050156464, 1.2414843039249468, 1.286522046207647, 1.3072562312959182, 1.4024657757114494, 1.4690763553789117, 1.4352382086312834, 1.3078676789813133, 1.2336627867197074, 1.2117583717879756, 1.0914323600059634]",HEUR_VOR,263.2526794433594,0.4537274723256797,0.4479206144809723,580.2,580.2,1.0,4.6,156.5,423.7
27,2,1.0,0.3,5,5,6,5.5,5.5,0.19,0.5,42,1,"[0.3, 0.4]",0.2442732516826255,0.2442732516826255,10,7.778174593052023,0.21213203435596423,1.1667261889578033,0.17272727272727273,0.17272727272727273,20260927T095930443635Z_577f21e5,2,5760.0,40,True,81,"[0.8592549273600911, 0.6058380411445193, 0.4316697215292379, 0.32461244914431125, 0.29898418014229616, 0.3853292566116986, 0.6184818884427356, 0.9112753545916268, 1.124060711596949, 1.0918553682168552, 1.0519012231472415, 1.0604058710082023, 1.1010962834034748, 1.1484706050156464, 1.2414843039249468, 1.286522046207647, 1.3072562312959182, 1.4024657757114494, 1.4690763553789117, 1.4352382086312834, 1.3078676789813133, 1.2336627867197074, 1.2117583717879756, 1.0914323600059634]",FOUR_ZONE,143.4119873046875,0.37308009184361995,0.3690053702164185,384.4,384.4,1.0,0.4,17.6,366.8
27,2,1.0,0.3,5,5,6,5.5,5.5,0.19,0.5,42,1,"[0.3, 0.4]",0.2442732516826255,0.2442732516826255,10,7.778174593052023,0.21213203435596423,1.1667261889578033,0.17272727272727273,0.17272727272727273,20260927T095930443635Z_577f21e5,2,5760.0,40,True,81,"[0.8592549273600911, 0.6058380411445193, 0.4316697215292379, 0.32461244914431125, 0.29898418014229616, 0.3853292566116986, 0.6184818884427356, 0.9112753545916268, 1.124060711596949, 1.0918553682168552, 1.0519012231472415, 1.0604058710082023, 1.1010962834034748, 1.1484706050156464, 1.2414843039249468, 1.286522046207647, 1.3072562312959182, 1.4024657757114494, 1.4690763553789117, 1.4352382086312834, 1.3078676789813133, 1.2336627867197074, 1.2117583717879756, 1.0914323600059634]",PURE,126.4,0.30268199233716475,0.3020488391073032,417.6,417.6,1.0,0.0,0.0,417.6
27,2,1.0,0.3,5,5,6,5.5,5.5,0.19,0.5,42,1,"[0.3, 0.4]",0.2442732516826255,0.2442732516826255,10,7.778174593052023,0.21213203435596423,1.1667261889578033,0.17272727272727273,0.17272727272727273,20260927T095930443635Z_577f21e5,2,5760.0,40,True,81,"[0.8592549273600911, 0.6058380411445193, 0.4316697215292379, 0.32461244914431125, 0.29898418014229616, 0.3853292566116986, 0.6184818884427356, 0.9112753545916268, 1.124060711596949, 1.0918553682168552, 1.0519012231472415, 1.0604058710082023, 1.1010962834034748, 1.1484706050156464, 1.2414843039249468, 1.286522046207647, 1.3072562312959182, 1.4024657757114494, 1.4690763553789117, 1.4352382086312834, 1.3078676789813133, 1.2336627867197074, 1.2117583717879756, 1.0914323600059634]",PURE_OR,126.4,0.36574074074074076,0.36483605402721103,345.6,345.6,1.0,0.0,0.0,345.6
28,2,1.0,0.1,5,5,6,6.0,5.5,0.19,0.5,42,1,[0.1],0.1,0.2442732516826255,10,7.778174593052023,0.07071067811865475,0.38890872965260115,0.07071067811865475,0.17272727272727273,20260927T095930443635Z_577f21e5,2,5760.0,40,True,81,"[0.8592549273600911, 0.6058380411445193, 0.4316697215292379, 0.32461244914431125, 0.29898418014229616, 0.3853292566116986, 0.6184818884427356, 0.9112753545916268, 1.124060711596949, 1.0918553682168552, 1.0519012231472415, 1.0604058710082023, 1.1010962834034748, 1.1484706050156464, 1.2414843039249468, 1.286522046207647, 1.3072562312959182, 1.4024657757114494, 1.4690763553789117, 1.4352382086312834, 1.3078676789813133, 1.2336627867197074, 1.2117583717879756, 1.0914323600059634]",DRL,267.69273376464844,0.4585350013097781,0.4442864954471588,583.8,583.8,1.0,4.4,160.8,423.0
28,2,1.0,0.1,5,5,6,6.0,5.5,0.19,0.5,42,1,[0.1],0.1,0.2442732516826255,10,7.778174593052023,0.07071067811865475,0.38890872965260115,0.07071067811865475,0.17272727272727273,20260927T095930443635Z_577f21e5,2,5760.0,40,True,81,"[0.8592549273600911, 0.6058380411445193, 0.4316697215292379, 0.32461244914431125, 0.29898418014229616, 0.3853292566116986, 0.6184818884427356, 0.9112753545916268, 1.124060711596949, 1.0918553682168552, 1.0519012231472415, 1.0604058710082023, 1.1010962834034748, 1.1484706050156464, 1.2414843039249468, 1.286522046207647, 1.3072562312959182, 1.4024657757114494, 1.4690763553789117, 1.4352382086312834, 1.3078676789813133, 1.2336627867197074, 1.2117583717879756, 1.0914323600059634]",HEUR,236.04515991210937,0.4302682462852887,0.4226930797100067,548.6,548.6,1.0,3.2,113.2,435.4
28,2,1.0,0.1,5,5,6,6.0,5.5,0.19,0.5,42,1,[0.1],0.1,0.2442732516826255,10,7.778174593052023,0.07071067811865475,0.38890872965260115,0.07071067811865475,0.17272727272727273,20260927T095930443635Z_577f21e5,2,5760.0,40,True,81,"[0.8592549273600911, 0.6058380411445193, 0.4316697215292379, 0.32461244914431125, 0.29898418014229616, 0.3853292566116986, 0.6184818884427356, 0.9112753545916268, 1.124060711596949, 1.0918553682168552, 1.0519012231472415, 1.0604058710082023, 1.1010962834034748, 1.1484706050156464, 1.2414843039249468, 1.286522046207647, 1.3072562312959182, 1.4024657757114494, 1.4690763553789117, 1.4352382086312834, 1.3078676789813133, 1.2336627867197074, 1.2117583717879756, 1.0914323600059634]",HEUR_VOR,180.15248107910156,0.38095259268154275,0.3761769296627878,472.9,472.9,1.0,1.6,55.6,417.3
28,2,1.0,0.1,5,5,6,6.0,5.5,0.19,0.5,42,1,[0.1],0.1,0.2442732516826255,10,7.778174593052023,0.07071067811865475,0.38890872965260115,0.07071067811865475,0.17272727272727273,20260927T095930443635Z_577f21e5,2,5760.0,40,True,81,"[0.8592549273600911, 0.6058380411445193, 0.4316697215292379, 0.32461244914431125, 0.29898418014229616, 0.3853292566116986, 0.6184818884427356, 0.9112753545916268, 1.124060711596949, 1.0918553682168552, 1.0519012231472415, 1.0604058710082023, 1.1010962834034748, 1.1484706050156464, 1.2414843039249468, 1.286522046207647, 1.3072562312959182, 1.4024657757114494, 1.4690763553789117, 1.4352382086312834, 1.3078676789813133, 1.2336627867197074, 1.2117583717879756, 1.0914323600059634]",FOUR_ZONE,137.37609252929687,0.35990592750667244,0.3557780343228633,381.7,381.7,1.0,0.2,9.9,371.8
28,2,1.0,0.1,5,5,6,6.0,5.5,0.19,0.5,42,1,[0.1],0.1,0.2442732516826255,10,7.778174593052023,0.07071067811865475,0.38890872965260115,0.07071067811865475,0.17272727272727273,20260927T095930443635Z_577f21e5,2,5760.0,40,True,81,"[0.8592549273600911, 0.6058380411445193, 0.4316697215292379, 0.32461244914431125, 0.29898418014229616, 0.3853292566116986, 0.6184818884427356, 0.9112753545916268, 1.124060711596949, 1.0918553682168552, 1.0519012231472415, 1.0604058710082023, 1.1010962834034748, 1.1484706050156464, 1.2414843039249468, 1.286522046207647, 1.3072562312959182, 1.4024657757114494, 1.4690763553789117, 1.4352382086312834, 1.3078676789813133, 1.2336627867197074, 1.2117583717879756, 1.0914323600059634]",PURE,126.4,0.30268199233716475,0.3020488391073032,417.6,417.6,1.0,0.0,0.0,417.6
28,2,1.0,0.1,5,5,6,6.0,5.5,0.19,0.5,42,1,[0.1],0.1,0.2442732516826255,10,7.778174593052023,0.07071067811865475,0.38890872965260115,0.07071067811865475,0.17272727272727273,20260927T095930443635Z_577f21e5,2,5760.0,40,True,81,"[0.8592549273600911, 0.6058380411445193, 0.4316697215292379, 0.32461244914431125, 0.29898418014229616, 0.3853292566116986, 0.6184818884427356, 0.9112753545916268, 1.124060711596949, 1.0918553682168552, 1.0519012231472415, 1.0604058710082023, 1.1010962834034748, 1.1484706050156464, 1.2414843039249468, 1.286522046207647, 1.3072562312959182, 1.4024657757114494, 1.4690763553789117, 1.4352382086312834, 1.3078676789813133, 1.2336627867197074, 1.2117583717879756, 1.0914323600059634]",PURE_OR,126.4,0.36574074074074076,0.36483605402721103,345.6,345.6,1.0,0.0,0.0,345.6
29,2,1.0,0.2,5,5,6,6.0,5.5,0.19,0.5,42,1,[0.2],0.2,0.2442732516826255,10,7.778174593052023,0.1414213562373095,0.7778174593052023,0.1414213562373095,0.17272727272727273,20260927T095930443635Z_577f21e5,2,5760.0,40,True,81,"[0.8592549273600911, 0.6058380411445193, 0.4316697215292379, 0.32461244914431125, 0.29898418014229616, 0.3853292566116986, 0.6184818884427356, 0.9112753545916268, 1.124060711596949, 1.0918553682168552, 1.0519012231472415, 1.0604058710082023, 1.1010962834034748, 1.1484706050156464, 1.2414843039249468, 1.286522046207647, 1.3072562312959182, 1.4024657757114494, 1.4690763553789117, 1.4352382086312834, 1.3078676789813133, 1.2336627867197074, 1.2117583717879756, 1.0914323600059634]",DRL,763.8536193847656,0.5774084355467274,0.5709063053131104,1322.9,1322.9,1.0,19.2,807.2,515.7
29,2,1.0,0.2,5,5,6,6.0,5.5,0.19,0.5,42,1,[0.2],0.2,0.2442732516826255,10,7.778174593052023,0.1414213562373095,0.7778174593052023,0.1414213562373095,0.17272727272727273,20260927T095930443635Z_577f21e5,2,5760.0,40,True,81,"[0.8592549273600911, 0.6058380411445193, 0.4316697215292379, 0.32461244914431125, 0.29898418014229616, 0.3853292566116986, 0.6184818884427356, 0.9112753545916268, 1.124060711596949, 1.0918553682168552, 1.0519012231472415, 1.0604058710082023, 1.1010962834034748, 1.1484706050156464, 1.2414843039249468, 1.286522046207647, 1.3072562312959182, 1.4024657757114494, 1.4690763553789117, 1.4352382086312834, 1.3078676789813133, 1.2336627867197074, 1.2117583717879756, 1.0914323600059634]",HEUR,302.5243682861328,0.483342975373275,0.47338751554489134,625.9,625.9,1.0,6.6,193.0,432.9
29,2,1.0,0.2,5,5,6,6.0,5.5,0.19,0.5,42,1,[0.2],0.2,0.2442732516826255,10,7.778174593052023,0.1414213562373095,0.7778174593052023,0.1414213562373095,0.17272727272727273,20260927T095930443635Z_577f21e5,2,5760.0,40,True,81,"[0.8592549273600911, 0.6058380411445193, 0.4316697215292379, 0.32461244914431125, 0.29898418014229616, 0.3853292566116986, 0.6184818884427356, 0.9112753545916268, 1.124060711596949, 1.0918553682168552, 1.0519012231472415, 1.0604058710082023, 1.1010962834034748, 1.1484706050156464, 1.2414843039249468, 1.286522046207647, 1.3072562312959182, 1.4024657757114494, 1.4690763553789117, 1.4352382086312834, 1.3078676789813133, 1.2336627867197074, 1.2117583717879756, 1.0914323600059634]",HEUR_VOR,237.0549774169922,0.4430934157326957,0.43557180762290953,535.0,535.0,1.0,3.6,121.6,413.4
29,2,1.0,0.2,5,5,6,6.0,5.5,0.19,0.5,42,1,[0.2],0.2,0.2442732516826255,10,7.778174593052023,0.1414213562373095,0.7778174593052023,0.1414213562373095,0.17272727272727273,20260927T095930443635Z_577f21e5,2,5760.0,40,True,81,"[0.8592549273600911, 0.6058380411445193, 0.4316697215292379, 0.32461244914431125, 0.29898418014229616, 0.3853292566116986, 0.6184818884427356, 0.9112753545916268, 1.124060711596949, 1.0918553682168552, 1.0519012231472415, 1.0604058710082023, 1.1010962834034748, 1.1484706050156464, 1.2414843039249468, 1.286522046207647, 1.3072562312959182, 1.4024657757114494, 1.4690763553789117, 1.4352382086312834, 1.3078676789813133, 1.2336627867197074, 1.2117583717879756, 1.0914323600059634]",FOUR_ZONE,137.37609252929687,0.35990592750667244,0.3557780343228633,381.7,381.7,1.0,0.2,9.9,371.8
29,2,1.0,0.2,5,5,6,6.0,5.5,0.19,0.5,42,1,[0.2],0.2,0.2442732516826255,10,7.778174593052023,0.1414213562373095,0.7778174593052023,0.1414213562373095,0.17272727272727273,20260927T095930443635Z_577f21e5,2,5760.0,40,True,81,"[0.8592549273600911, 0.6058380411445193, 0.4316697215292379, 0.32461244914431125, 0.29898418014229616, 0.3853292566116986, 0.6184818884427356, 0.9112753545916268, 1.124060711596949, 1.0918553682168552, 1.0519012231472415, 1.0604058710082023, 1.1010962834034748, 1.1484706050156464, 1.2414843039249468, 1.286522046207647, 1.3072562312959182, 1.4024657757114494, 1.4690763553789117, 1.4352382086312834, 1.3078676789813133, 1.2336627867197074, 1.2117583717879756, 1.0914323600059634]",PURE,126.4,0.30268199233716475,0.3020488391073032,417.6,417.6,1.0,0.0,0.0,417.6
29,2,1.0,0.2,5,5,6,6.0,5.5,0.19,0.5,42,1,[0.2],0.2,0.2442732516826255,10,7.778174593052023,0.1414213562373095,0.7778174593052023,0.1414213562373095,0.17272727272727273,20260927T095930443635Z_577f21e5,2,5760.0,40,True,81,"[0.8592549273600911, 0.6058380411445193, 0.4316697215292379, 0.32461244914431125, 0.29898418014229616, 0.3853292566116986, 0.6184818884427356, 0.9112753545916268, 1.124060711596949, 1.0918553682168552, 1.0519012231472415, 1.0604058710082023, 1.1010962834034748, 1.1484706050156464, 1.2414843039249468, 1.286522046207647, 1.3072562312959182, 1.4024657757114494, 1.4690763553789117, 1.4352382086312834, 1.3078676789813133, 1.2336627867197074, 1.2117583717879756, 1.0914323600059634]",PURE_OR,126.4,0.3655292076344708,0.36462340118297926,345.8,345.8,1.0,0.0,0.0,345.8
30,2,1.0,0.3,5,5,6,6.0,5.5,0.19,0.5,42,1,"[0.3, 0.4]",0.2442732516826255,0.2442732516826255,10,7.778174593052023,0.21213203435596423,1.1667261889578033,0.17272727272727273,0.17272727272727273,20260927T095930443635Z_577f21e5,2,5760.0,40,True,81,"[0.8592549273600911, 0.6058380411445193, 0.4316697215292379, 0.32461244914431125, 0.29898418014229616, 0.3853292566116986, 0.6184818884427356, 0.9112753545916268, 1.124060711596949, 1.0918553682168552, 1.0519012231472415, 1.0604058710082023, 1.1010962834034748, 1.1484706050156464, 1.2414843039249468, 1.286522046207647, 1.3072562312959182, 1.4024657757114494, 1.4690763553789117, 1.4352382086312834, 1.3078676789813133, 1.2336627867197074, 1.2117583717879756, 1.0914323600059634]",DRL,987.1267211914062,0.6374728583735269,0.6324388742446899,1548.5,1548.5,1.0,27.8,1037.0,511.5
30,2,1.0,0.3,5,5,6,6.0,5.5,0.19,0.5,42,1,"[0.3, 0.4]",0.2442732516826255,0.2442732516826255,10,7.778174593052023,0.21213203435596423,1.1667261889578033,0.17272727272727273,0.17272727272727273,20260927T095930443635Z_577f21e5,2,5760.0,40,True,81,"[0.8592549273600911, 0.6058380411445193, 0.4316697215292379, 0.32461244914431125, 0.29898418014229616, 0.3853292566116986, 0.6184818884427356, 0.9112753545916268, 1.124060711596949, 1.0918553682168552, 1.0519012231472415, 1.0604058710082023, 1.1010962834034748, 1.1484706050156464, 1.2414843039249468, 1.286522046207647, 1.3072562312959182, 1.4024657757114494, 1.4690763553789117, 1.4352382086312834, 1.3078676789813133, 1.2336627867197074, 1.2117583717879756, 1.0914323600059634]",HEUR,427.33196411132815,0.5454141213928885,0.5455606818199158,783.5,783.5,1.0,9.0,323.4,460.1
30,2,1.0,0.3,5,5,6,6.0,5.5,0.19,0.5,42,1,"[0.3, 0.4]",0.2442732516826255,0.2442732516826255,10,7.778174593052023,0.21213203435596423,1.1667261889578033,0.17272727272727273,0.17272727272727273,20260927T095930443635Z_577f21e5,2,5760.0,40,True,81,"[0.8592549273600911, 0.6058380411445193, 0.4316697215292379, 0.32461244914431125, 0.29898418014229616, 0.3853292566116986, 0.6184818884427356, 0.9112753545916268, 1.124060711596949, 1.0918553682168552, 1.0519012231472415, 1.0604058710082023, 1.1010962834034748, 1.1484706050156464, 1.2414843039249468, 1.286522046207647, 1.3072562312959182, 1.4024657757114494, 1.4690763553789117, 1.4352382086312834, 1.3078676789813133, 1.2336627867197074, 1.2117583717879756, 1.0914323600059634]",HEUR_VOR,275.6944610595703,0.47517142547323393,0.4686191022396088,580.2,580.2,1.0,4.6,156.5,423.7
30,2,1.0,0.3,5,5,6,6.0,5.5,0.19,0.5,42,1,"[0.3, 0.4]",0.2442732516826255,0.2442732516826255,10,7.778174593052023,0.21213203435596423,1.1667261889578033,0.17272727272727273,0.17272727272727273,20260927T095930443635Z_577f21e5,2,5760.0,40,True,81,"[0.8592549273600911, 0.6058380411445193, 0.4316697215292379, 0.32461244914431125, 0.29898418014229616, 0.3853292566116986, 0.6184818884427356, 0.9112753545916268, 1.124060711596949, 1.0918553682168552, 1.0519012231472415, 1.0604058710082023, 1.1010962834034748, 1.1484706050156464, 1.2414843039249468, 1.286522046207647, 1.3072562312959182, 1.4024657757114494, 1.4690763553789117, 1.4352382086312834, 1.3078676789813133, 1.2336627867197074, 1.2117583717879756, 1.0914323600059634]",FOUR_ZONE,144.95853271484376,0.37710336294184116,0.3727192879486573,384.4,384.4,1.0,0.4,17.6,366.8
30,2,1.0,0.3,5,5,6,6.0,5.5,0.19,0.5,42,1,"[0.3, 0.4]",0.2442732516826255,0.2442732516826255,10,7.778174593052023,0.21213203435596423,1.1667261889578033,0.17272727272727273,0.17272727272727273,20260927T095930443635Z_577f21e5,2,5760.0,40,True,81,"[0.8592549273600911, 0.6058380411445193, 0.4316697215292379, 0.32461244914431125, 0.29898418014229616, 0.3853292566116986, 0.6184818884427356, 0.9112753545916268, 1.124060711596949, 1.0918553682168552, 1.0519012231472415, 1.0604058710082023, 1.1010962834034748, 1.1484706050156464, 1.2414843039249468, 1.286522046207647, 1.3072562312959182, 1.4024657757114494, 1.4690763553789117, 1.4352382086312834, 1.3078676789813133, 1.2336627867197074, 1.2117583717879756, 1.0914323600059634]",PURE,126.4,0.30268199233716475,0.3020488391073032,417.6,417.6,1.0,0.0,0.0,417.6
30,2,1.0,0.3,5,5,6,6.0,5.5,0.19,0.5,42,1,"[0.3, 0.4]",0.2442732516826255,0.2442732516826255,10,7.778174593052023,0.21213203435596423,1.1667261889578033,0.17272727272727273,0.17272727272727273,20260927T095930443635Z_577f21e5,2,5760.0,40,True,81,"[0.8592549273600911, 0.6058380411445193, 0.4316697215292379, 0.32461244914431125, 0.29898418014229616, 0.3853292566116986, 0.6184818884427356, 0.9112753545916268, 1.124060711596949, 1.0918553682168552, 1.0519012231472415, 1.0604058710082023, 1.1010962834034748, 1.1484706050156464, 1.2414843039249468, 1.286522046207647, 1.3072562312959182, 1.4024657757114494, 1.4690763553789117, 1.4352382086312834, 1.3078676789813133, 1.2336627867197074, 1.2117583717879756, 1.0914323600059634]",PURE_OR,126.4,0.3665893271461717,0.36571390797791914,344.8,344.8,1.0,0.0,0.0,344.8
31,5,0.33,0.1,5,5,6,5.5,5.5,0.19,0.5,42,1,[0.1],0.1,0.2442732516826255,10,7.778174593052023,0.07071067811865475,0.38890872965260115,0.07071067811865475,0.17272727272727273,20260927T095930443635Z_577f21e5,2,5760.0,40,True,81,"[0.8592549273600911, 0.6058380411445193, 0.4316697215292379, 0.32461244914431125, 0.29898418014229616, 0.3853292566116986, 0.6184818884427356, 0.9112753545916268, 1.124060711596949, 1.0918553682168552, 1.0519012231472415, 1.0604058710082023, 1.1010962834034748, 1.1484706050156464, 1.2414843039249468, 1.286522046207647, 1.3072562312959182, 1.4024657757114494, 1.4690763553789117, 1.4352382086312834, 1.3078676789813133, 1.2336627867197074, 1.2117583717879756, 1.0914323600059634]",DRL,201.47403106689453,0.3833949211548897,0.3470774233341217,525.5,525.5,1.0,5.8,214.7,310.8
31,5,0.33,0.1,5,5,6,5.5,5.5,0.19,0.5,42,1,[0.1],0.1,0.2442732516826255,10,7.778174593052023,0.07071067811865475,0.38890872965260115,0.07071067811865475,0.17272727272727273,20260927T095930443635Z_577f21e5,2,5760.0,40,True,81,"[0.8592549273600911, 0.6058380411445193, 0.4316697215292379, 0.32461244914431125, 0.29898418014229616, 0.3853292566116986, 0.6184818884427356, 0.9112753545916268, 1.124060711596949, 1.0918553682168552, 1.0519012231472415, 1.0604058710082023, 1.1010962834034748, 1.1484706050156464, 1.2414843039249468, 1.286522046207647, 1.3072562312959182, 1.4024657757114494, 1.4690763553789117, 1.4352382086312834, 1.3078676789813133, 1.2336627867197074, 1.2117583717879756, 1.0914323600059634]",HEUR,100.00264434814453,0.29860449193235156,0.29809247255325316,334.9,334.9,1.0,2.2,75.0,259.9
31,5,0.33,0.1,5,5,6,5.5,5.5,0.19,0.5,42,1,[0.1],0.1,0.2442732516826255,10,7.778174593052023,0.07071067811865475,0.38890872965260115,0.07071067811865475,0.17272727272727273,20260927T095930443635Z_577f21e5,2,5760.0,40,True,81,"[0.8592549273600911, 0.6058380411445193, 0.4316697215292379, 0.32461244914431125, 0.29898418014229616, 0.3853292566116986, 0.6184818884427356, 0.9112753545916268, 1.124060711596949, 1.0918553682168552, 1.0519012231472415, 1.0604058710082023, 1.1010962834034748, 1.1484706050156464, 1.2414843039249468, 1.286522046207647, 1.3072562312959182, 1.4024657757114494, 1.4690763553789117, 1.4352382086312834, 1.3078676789813133, 1.2336627867197074, 1.2117583717879756, 1.0914323600059634]",HEUR_VOR,86.38949127197266,0.2905801926403386,0.28308169214349044,297.3,297.3,1.0,1.2,50.0,247.3
31,5,0.33,0.1,5,5,6,5.5,5.5,0.19,0.5,42,1,[0.1],0.1,0.2442732516826255,10,7.778174593052023,0.07071067811865475,0.38890872965260115,0.07071067811865475,0.17272727272727273,20260927T095930443635Z_577f21e5,2,5760.0,40,True,81,"[0.8592549273600911, 0.6058380411445193, 0.4316697215292379, 0.32461244914431125, 0.29898418014229616, 0.3853292566116986, 0.6184818884427356, 0.9112753545916268, 1.124060711596949, 1.0918553682168552, 1.0519012231472415, 1.0604058710082023, 1.1010962834034748, 1.1484706050156464, 1.2414843039249468, 1.286522046207647, 1.3072562312959182, 1.4024657757114494, 1.4690763553789117, 1.4352382086312834, 1.3078676789813133, 1.2336627867197074, 1.2117583717879756, 1.0914323600059634]",FOUR_ZONE,43.2,0.19618528610354224,0.194380766059578,220.2,220.2,1.0,0.0,0.0,220.2
31,5,0.33,0.1,5,5,6,5.5,5.5,0.19,0.5,42,1,[0.1],0.1,0.2442732516826255,10,7.778174593052023,0.07071067811865475,0.38890872965260115,0.07071067811865475,0.17272727272727273,20260927T095930443635Z_577f21e5,2,5760.0,40,True,81,"[0.8592549273600911, 0.6058380411445193, 0.4316697215292379, 0.32461244914431125, 0.29898418014229616, 0.3853292566116986, 0.6184818884427356, 0.9112753545916268, 1.124060711596949, 1.0918553682168552, 1.0519012231472415, 1.0604058710082023, 1.1010962834034748, 1.1484706050156464, 1.2414843039249468, 1.286522046207647, 1.3072562312959182, 1.4024657757114494, 1.4690763553789117, 1.4352382086312834, 1.3078676789813133, 1.2336627867197074, 1.2117583717879756, 1.0914323600059634]",PURE,43.2,0.1847733105218135,0.18373827772345533,233.8,233.8,1.0,0.0,0.0,233.8
31,5,0.33,0.1,5,5,6,5.5,5.5,0.19,0.5,42,1,[0.1],0.1,0.2442732516826255,10,7.778174593052023,0.07071067811865475,0.38890872965260115,0.07071067811865475,0.17272727272727273,20260927T095930443635Z_577f21e5,2,5760.0,40,True,81,"[0.8592549273600911, 0.6058380411445193, 0.4316697215292379, 0.32461244914431125, 0.29898418014229616, 0.3853292566116986, 0.6184818884427356, 0.9112753545916268, 1.124060711596949, 1.0918553682168552, 1.0519012231472415, 1.0604058710082023, 1.1010962834034748, 1.1484706050156464, 1.2414843039249468, 1.286522046207647, 1.3072562312959182, 1.4024657757114494, 1.4690763553789117, 1.4352382086312834, 1.3078676789813133, 1.2336627867197074, 1.2117583717879756, 1.0914323600059634]",PURE_OR,43.2,0.2169763937719739,0.2154468511187857,199.1,199.1,1.0,0.0,0.0,199.1
32,5,0.33,0.2,5,5,6,5.5,5.5,0.19,0.5,42,1,[0.2],0.2,0.2442732516826255,10,7.778174593052023,0.1414213562373095,0.7778174593052023,0.1414213562373095,0.17272727272727273,20260927T095930443635Z_577f21e5,2,5760.0,40,True,81,"[0.8592549273600911, 0.6058380411445193, 0.4316697215292379, 0.32461244914431125, 0.29898418014229616, 0.3853292566116986, 0.6184818884427356, 0.9112753545916268, 1.124060711596949, 1.0918553682168552, 1.0519012231472415, 1.0604058710082023, 1.1010962834034748, 1.1484706050156464, 1.2414843039249468, 1.286522046207647, 1.3072562312959182, 1.4024657757114494, 1.4690763553789117, 1.4352382086312834, 1.3078676789813133, 1.2336627867197074, 1.2117583717879756, 1.0914323600059634]",DRL,832.6670166015625,0.5459037675221677,0.5454295992851257,1525.3,1525.3,1.0,27.8,1164.3,361.0
32,5,0.33,0.2,5,5,6,5.5,5.5,0.19,0.5,42,1,[0.2],0.2,0.2442732516826255,10,7.778174593052023,0.1414213562373095,0.7778174593052023,0.1414213562373095,0.17272727272727273,20260927T095930443635Z_577f21e5,2,5760.0,40,True,81,"[0.8592549273600911, 0.6058380411445193, 0.4316697215292379, 0.32461244914431125, 0.29898418014229616, 0.3853292566116986, 0.6184818884427356, 0.9112753545916268, 1.124060711596949, 1.0918553682168552, 1.0519012231472415, 1.0604058710082023, 1.1010962834034748, 1.1484706050156464, 1.2414843039249468, 1.286522046207647, 1.3072562312959182, 1.4024657757114494, 1.4690763553789117, 1.4352382086312834, 1.3078676789813133, 1.2336627867197074, 1.2117583717879756, 1.0914323600059634]",HEUR,232.0961669921875,0.46206682658209736,0.45925208926200867,502.3,502.3,1.0,6.0,247.4,254.9
32,5,0.33,0.2,5,5,6,5.5,5.5,0.19,0.5,42,1,[0.2],0.2,0.2442732516826255,10,7.778174593052023,0.1414213562373095,0.7778174593052023,0.1414213562373095,0.17272727272727273,20260927T095930443635Z_577f21e5,2,5760.0,40,True,81,"[0.8592549273600911, 0.6058380411445193, 0.4316697215292379, 0.32461244914431125, 0.29898418014229616, 0.3853292566116986, 0.6184818884427356, 0.9112753545916268, 1.124060711596949, 1.0918553682168552, 1.0519012231472415, 1.0604058710082023, 1.1010962834034748, 1.1484706050156464, 1.2414843039249468, 1.286522046207647, 1.3072562312959182, 1.4024657757114494, 1.4690763553789117, 1.4352382086312834, 1.3078676789813133, 1.2336627867197074, 1.2117583717879756, 1.0914323600059634]",HEUR_VOR,144.87297973632812,0.4157043894873117,0.412972617149353,348.5,348.5,1.0,3.4,128.5,220.0
32,5,0.33,0.2,5,5,6,5.5,5.5,0.19,0.5,42,1,[0.2],0.2,0.2442732516826255,10,7.778174593052023,0.1414213562373095,0.7778174593052023,0.1414213562373095,0.17272727272727273,20260927T095930443635Z_577f21e5,2,5760.0,40,True,81,"[0.8592549273600911, 0.6058380411445193, 0.4316697215292379, 0.32461244914431125, 0.29898418014229616, 0.3853292566116986, 0.6184818884427356, 0.9112753545916268, 1.124060711596949, 1.0918553682168552, 1.0519012231472415, 1.0604058710082023, 1.1010962834034748, 1.1484706050156464, 1.2414843039249468, 1.286522046207647, 1.3072562312959182, 1.4024657757114494, 1.4690763553789117, 1.4352382086312834, 1.3078676789813133, 1.2336627867197074, 1.2117583717879756, 1.0914323600059634]",FOUR_ZONE,90.66470031738281,0.34407855907925167,0.3251356932608661,263.5,263.5,1.0,1.0,48.9,214.6
32,5,0.33,0.2,5,5,6,5.5,5.5,0.19,0.5,42,1,[0.2],0.2,0.2442732516826255,10,7.778174593052023,0.1414213562373095,0.7778174593052023,0.1414213562373095,0.17272727272727273,20260927T095930443635Z_577f21e5,2,5760.0,40,True,81,"[0.8592549273600911, 0.6058380411445193, 0.4316697215292379, 0.32461244914431125, 0.29898418014229616, 0.3853292566116986, 0.6184818884427356, 0.9112753545916268, 1.124060711596949, 1.0918553682168552, 1.0519012231472415, 1.0604058710082023, 1.1010962834034748, 1.1484706050156464, 1.2414843039249468, 1.286522046207647, 1.3072562312959182, 1.4024657757114494, 1.4690763553789117, 1.4352382086312834, 1.3078676789813133, 1.2336627867197074, 1.2117583717879756, 1.0914323600059634]",PURE,43.2,0.1847733105218135,0.18373827772345533,233.8,233.8,1.0,0.0,0.0,233.8
32,5,0.33,0.2,5,5,6,5.5,5.5,0.19,0.5,42,1,[0.2],0.2,0.2442732516826255,10,7.778174593052023,0.1414213562373095,0.7778174593052023,0.1414213562373095,0.17272727272727273,20260927T095930443635Z_577f21e5,2,5760.0,40,True,81,"[0.8592549273600911, 0.6058380411445193, 0.4316697215292379, 0.32461244914431125, 0.29898418014229616, 0.3853292566116986, 0.6184818884427356, 0.9112753545916268, 1.124060711596949, 1.0918553682168552, 1.0519012231472415, 1.0604058710082023, 1.1010962834034748, 1.1484706050156464, 1.2414843039249468, 1.286522046207647, 1.3072562312959182, 1.4024657757114494, 1.4690763553789117, 1.4352382086312834, 1.3078676789813133, 1.2336627867197074, 1.2117583717879756, 1.0914323600059634]",PURE_OR,43.2,0.2169763937719739,0.2154468511187857,199.1,199.1,1.0,0.0,0.0,199.1
33,5,0.33,0.3,5,5,6,5.5,5.5,0.19,0.5,42,1,"[0.3, 0.4]",0.2442732516826255,0.2442732516826255,10,7.778174593052023,0.21213203435596423,1.1667261889578033,0.17272727272727273,0.17272727272727273,20260927T095930443635Z_577f21e5,2,5760.0,40,True,81,"[0.8592549273600911, 0.6058380411445193, 0.4316697215292379, 0.32461244914431125, 0.29898418014229616, 0.3853292566116986, 0.6184818884427356, 0.9112753545916268, 1.124060711596949, 1.0918553682168552, 1.0519012231472415, 1.0604058710082023, 1.1010962834034748, 1.1484706050156464, 1.2414843039249468, 1.286522046207647, 1.3072562312959182, 1.4024657757114494, 1.4690763553789117, 1.4352382086312834, 1.3078676789813133, 1.2336627867197074, 1.2117583717879756, 1.0914323600059634]",DRL,1807.3460205078125,0.572379661929254,0.5728184223175049,3157.6,3157.6,1.0,55.8,2640.8,516.8
33,5,0.33,0.3,5,5,6,5.5,5.5,0.19,0.5,42,1,"[0.3, 0.4]",0.2442732516826255,0.2442732516826255,10,7.778174593052023,0.21213203435596423,1.1667261889578033,0.17272727272727273,0.17272727272727273,20260927T095930443635Z_577f21e5,2,5760.0,40,True,81,"[0.8592549273600911, 0.6058380411445193, 0.4316697215292379, 0.32461244914431125, 0.29898418014229616, 0.3853292566116986, 0.6184818884427356, 0.9112753545916268, 1.124060711596949, 1.0918553682168552, 1.0519012231472415, 1.0604058710082023, 1.1010962834034748, 1.1484706050156464, 1.2414843039249468, 1.286522046207647, 1.3072562312959182, 1.4024657757114494, 1.4690763553789117, 1.4352382086312834, 1.3078676789813133, 1.2336627867197074, 1.2117583717879756, 1.0914323600059634]",HEUR,313.73602294921875,0.46576012908138176,0.4599281847476959,673.6,673.6,1.0,10.0,342.1,331.5
33,5,0.33,0.3,5,5,6,5.5,5.5,0.19,0.5,42,1,"[0.3, 0.4]",0.2442732516826255,0.2442732516826255,10,7.778174593052023,0.21213203435596423,1.1667261889578033,0.17272727272727273,0.17272727272727273,20260927T095930443635Z_577f21e5,2,5760.0,40,True,81,"[0.8592549273600911, 0.6058380411445193, 0.4316697215292379, 0.32461244914431125, 0.29898418014229616, 0.3853292566116986, 0.6184818884427356, 0.9112753545916268, 1.124060711596949, 1.0918553682168552, 1.0519012231472415, 1.0604058710082023, 1.1010962834034748, 1.1484706050156464, 1.2414843039249468, 1.286522046207647, 1.3072562312959182, 1.4024657757114494, 1.4690763553789117, 1.4352382086312834, 1.3078676789813133, 1.2336627867197074, 1.2117583717879756, 1.0914323600059634]",HEUR_VOR,146.57884368896484,0.40191621521514903,0.40006157755851746,364.7,364.7,1.0,3.8,126.3,238.4
33,5,0.33,0.3,5,5,6,5.5,5.5,0.19,0.5,42,1,"[0.3, 0.4]",0.2442732516826255,0.2442732516826255,10,7.778174593052023,0.21213203435596423,1.1667261889578033,0.17272727272727273,0.17272727272727273,20260927T095930443635Z_577f21e5,2,5760.0,40,True,81,"[0.8592549273600911, 0.6058380411445193, 0.4316697215292379, 0.32461244914431125, 0.29898418014229616, 0.3853292566116986, 0.6184818884427356, 0.9112753545916268, 1.124060711596949, 1.0918553682168552, 1.0519012231472415, 1.0604058710082023, 1.1010962834034748, 1.1484706050156464, 1.2414843039249468, 1.286522046207647, 1.3072562312959182, 1.4024657757114494, 1.4690763553789117, 1.4352382086312834, 1.3078676789813133, 1.2336627867197074, 1.2117583717879756, 1.0914323600059634]",FOUR_ZONE,102.27932739257812,0.38192429944950756,0.35705877275152775,267.8,267.8,1.0,1.2,61.1,206.7
33,5,0.33,0.3,5,5,6,5.5,5.5,0.19,0.5,42,1,"[0.3, 0.4]",0.2442732516826255,0.2442732516826255,10,7.778174593052023,0.21213203435596423,1.1667261889578033,0.17272727272727273,0.17272727272727273,20260927T095930443635Z_577f21e5,2,5760.0,40,True,81,"[0.8592549273600911, 0.6058380411445193, 0.4316697215292379, 0.32461244914431125, 0.29898418014229616, 0.3853292566116986, 0.6184818884427356, 0.9112753545916268, 1.124060711596949, 1.0918553682168552, 1.0519012231472415, 1.0604058710082023, 1.1010962834034748, 1.1484706050156464, 1.2414843039249468, 1.286522046207647, 1.3072562312959182, 1.4024657757114494, 1.4690763553789117, 1.4352382086312834, 1.3078676789813133, 1.2336627867197074, 1.2117583717879756, 1.0914323600059634]",PURE,43.2,0.1847733105218135,0.18373827772345533,233.8,233.8,1.0,0.0,0.0,233.8
33,5,0.33,0.3,5,5,6,5.5,5.5,0.19,0.5,42,1,"[0.3, 0.4]",0.2442732516826255,0.2442732516826255,10,7.778174593052023,0.21213203435596423,1.1667261889578033,0.17272727272727273,0.17272727272727273,20260927T095930443635Z_577f21e5,2,5760.0,40,True,81,"[0.8592549273600911, 0.6058380411445193, 0.4316697215292379, 0.32461244914431125, 0.29898418014229616, 0.3853292566116986, 0.6184818884427356, 0.9112753545916268, 1.124060711596949, 1.0918553682168552, 1.0519012231472415, 1.0604058710082023, 1.1010962834034748, 1.1484706050156464, 1.2414843039249468, 1.286522046207647, 1.3072562312959182, 1.4024657757114494, 1.4690763553789117, 1.4352382086312834, 1.3078676789813133, 1.2336627867197074, 1.2117583717879756, 1.0914323600059634]",PURE_OR,43.2,0.2169763937719739,0.2154468511187857,199.1,199.1,1.0,0.0,0.0,199.1
34,5,0.33,0.1,5,5,6,6.0,5.5,0.19,0.5,42,1,[0.1],0.1,0.2442732516826255,10,7.778174593052023,0.07071067811865475,0.38890872965260115,0.07071067811865475,0.17272727272727273,20260927T095930443635Z_577f21e5,2,5760.0,40,True,81,"[0.8592549273600911, 0.6058380411445193, 0.4316697215292379, 0.32461244914431125, 0.29898418014229616, 0.3853292566116986, 0.6184818884427356, 0.9112753545916268, 1.124060711596949, 1.0918553682168552, 1.0519012231472415, 1.0604058710082023, 1.1010962834034748, 1.1484706050156464, 1.2414843039249468, 1.286522046207647, 1.3072562312959182, 1.4024657757114494, 1.4690763553789117, 1.4352382086312834, 1.3078676789813133, 1.2336627867197074, 1.2117583717879756, 1.0914323600059634]",DRL,215.86400451660157,0.4107783149697461,0.36942442655563357,525.5,525.5,1.0,5.8,214.7,310.8
34,5,0.33,0.1,5,5,6,6.0,5.5,0.19,0.5,42,1,[0.1],0.1,0.2442732516826255,10,7.778174593052023,0.07071067811865475,0.38890872965260115,0.07071067811865475,0.17272727272727273,20260927T095930443635Z_577f21e5,2,5760.0,40,True,81,"[0.8592549273600911, 0.6058380411445193, 0.4316697215292379, 0.32461244914431125, 0.29898418014229616, 0.3853292566116986, 0.6184818884427356, 0.9112753545916268, 1.124060711596949, 1.0918553682168552, 1.0519012231472415, 1.0604058710082023, 1.1010962834034748, 1.1484706050156464, 1.2414843039249468, 1.286522046207647, 1.3072562312959182, 1.4024657757114494, 1.4690763553789117, 1.4352382086312834, 1.3078676789813133, 1.2336627867197074, 1.2117583717879756, 1.0914323600059634]",HEUR,105.16655120849609,0.3140237420379101,0.3134810090065002,334.9,334.9,1.0,2.2,75.0,259.9
34,5,0.33,0.1,5,5,6,6.0,5.5,0.19,0.5,42,1,[0.1],0.1,0.2442732516826255,10,7.778174593052023,0.07071067811865475,0.38890872965260115,0.07071067811865475,0.17272727272727273,20260927T095930443635Z_577f21e5,2,5760.0,40,True,81,"[0.8592549273600911, 0.6058380411445193, 0.4316697215292379, 0.32461244914431125, 0.29898418014229616, 0.3853292566116986, 0.6184818884427356, 0.9112753545916268, 1.124060711596949, 1.0918553682168552, 1.0519012231472415, 1.0604058710082023, 1.1010962834034748, 1.1484706050156464, 1.2414843039249468, 1.286522046207647, 1.3072562312959182, 1.4024657757114494, 1.4690763553789117, 1.4352382086312834, 1.3078676789813133, 1.2336627867197074, 1.2117583717879756, 1.0914323600059634]",HEUR_VOR,90.31585388183593,0.3037869286304606,0.295489322825482,297.3,297.3,1.0,1.2,50.0,247.3
34,5,0.33,0.1,5,5,6,6.0,5.5,0.19,0.5,42,1,[0.1],0.1,0.2442732516826255,10,7.778174593052023,0.07071067811865475,0.38890872965260115,0.07071067811865475,0.17272727272727273,20260927T095930443635Z_577f21e5,2,5760.0,40,True,81,"[0.8592549273600911, 0.6058380411445193, 0.4316697215292379, 0.32461244914431125, 0.29898418014229616, 0.3853292566116986, 0.6184818884427356, 0.9112753545916268, 1.124060711596949, 1.0918553682168552, 1.0519012231472415, 1.0604058710082023, 1.1010962834034748, 1.1484706050156464, 1.2414843039249468, 1.286522046207647, 1.3072562312959182, 1.4024657757114494, 1.4690763553789117, 1.4352382086312834, 1.3078676789813133, 1.2336627867197074, 1.2117583717879756, 1.0914323600059634]",FOUR_ZONE,43.2,0.19618528610354224,0.194380766059578,220.2,220.2,1.0,0.0,0.0,220.2
34,5,0.33,0.1,5,5,6,6.0,5.5,0.19,0.5,42,1,[0.1],0.1,0.2442732516826255,10,7.778174593052023,0.07071067811865475,0.38890872965260115,0.07071067811865475,0.17272727272727273,20260927T095930443635Z_577f21e5,2,5760.0,40,True,81,"[0.8592549273600911, 0.6058380411445193, 0.4316697215292379, 0.32461244914431125, 0.29898418014229616, 0.3853292566116986, 0.6184818884427356, 0.9112753545916268, 1.124060711596949, 1.0918553682168552, 1.0519012231472415, 1.0604058710082023, 1.1010962834034748, 1.1484706050156464, 1.2414843039249468, 1.286522046207647, 1.3072562312959182, 1.4024657757114494, 1.4690763553789117, 1.4352382086312834, 1.3078676789813133, 1.2336627867197074, 1.2117583717879756, 1.0914323600059634]",PURE,43.2,0.1847733105218135,0.18373827772345533,233.8,233.8,1.0,0.0,0.0,233.8
34,5,0.33,0.1,5,5,6,6.0,5.5,0.19,0.5,42,1,[0.1],0.1,0.2442732516826255,10,7.778174593052023,0.07071067811865475,0.38890872965260115,0.07071067811865475,0.17272727272727273,20260927T095930443635Z_577f21e5,2,5760.0,40,True,81,"[0.8592549273600911, 0.6058380411445193, 0.4316697215292379, 0.32461244914431125, 0.29898418014229616, 0.3853292566116986, 0.6184818884427356, 0.9112753545916268, 1.124060711596949, 1.0918553682168552, 1.0519012231472415, 1.0604058710082023, 1.1010962834034748, 1.1484706050156464, 1.2414843039249468, 1.286522046207647, 1.3072562312959182, 1.4024657757114494, 1.4690763553789117, 1.4352382086312834, 1.3078676789813133, 1.2336627867197074, 1.2117583717879756, 1.0914323600059634]",PURE_OR,43.2,0.2169763937719739,0.2154468511187857,199.1,199.1,1.0,0.0,0.0,199.1
35,5,0.33,0.2,5,5,6,6.0,5.5,0.19,0.5,42,1,[0.2],0.2,0.2442732516826255,10,7.778174593052023,0.1414213562373095,0.7778174593052023,0.1414213562373095,0.17272727272727273,20260927T095930443635Z_577f21e5,2,5760.0,40,True,81,"[0.8592549273600911, 0.6058380411445193, 0.4316697215292379, 0.32461244914431125, 0.29898418014229616, 0.3853292566116986, 0.6184818884427356, 0.9112753545916268, 1.124060711596949, 1.0918553682168552, 1.0519012231472415, 1.0604058710082023, 1.1010962834034748, 1.1484706050156464, 1.2414843039249468, 1.286522046207647, 1.3072562312959182, 1.4024657757114494, 1.4690763553789117, 1.4352382086312834, 1.3078676789813133, 1.2336627867197074, 1.2117583717879756, 1.0914323600059634]",DRL,941.7531982421875,0.6024906904498672,0.6005532503128052,1563.1,1563.1,1.0,27.6,1195.1,368.0
35,5,0.33,0.2,5,5,6,6.0,5.5,0.19,0.5,42,1,[0.2],0.2,0.2442732516826255,10,7.778174593052023,0.1414213562373095,0.7778174593052023,0.1414213562373095,0.17272727272727273,20260927T095930443635Z_577f21e5,2,5760.0,40,True,81,"[0.8592549273600911, 0.6058380411445193, 0.4316697215292379, 0.32461244914431125, 0.29898418014229616, 0.3853292566116986, 0.6184818884427356, 0.9112753545916268, 1.124060711596949, 1.0918553682168552, 1.0519012231472415, 1.0604058710082023, 1.1010962834034748, 1.1484706050156464, 1.2414843039249468, 1.286522046207647, 1.3072562312959182, 1.4024657757114494, 1.4690763553789117, 1.4352382086312834, 1.3078676789813133, 1.2336627867197074, 1.2117583717879756, 1.0914323600059634]",HEUR,249.2691162109375,0.49625545731821125,0.4930165708065033,502.3,502.3,1.0,6.0,247.4,254.9
35,5,0.33,0.2,5,5,6,6.0,5.5,0.19,0.5,42,1,[0.2],0.2,0.2442732516826255,10,7.778174593052023,0.1414213562373095,0.7778174593052023,0.1414213562373095,0.17272727272727273,20260927T095930443635Z_577f21e5,2,5760.0,40,True,81,"[0.8592549273600911, 0.6058380411445193, 0.4316697215292379, 0.32461244914431125, 0.29898418014229616, 0.3853292566116986, 0.6184818884427356, 0.9112753545916268, 1.124060711596949, 1.0918553682168552, 1.0519012231472415, 1.0604058710082023, 1.1010962834034748, 1.1484706050156464, 1.2414843039249468, 1.286522046207647, 1.3072562312959182, 1.4024657757114494, 1.4690763553789117, 1.4352382086312834, 1.3078676789813133, 1.2336627867197074, 1.2117583717879756, 1.0914323600059634]",HEUR_VOR,154.1161148071289,0.4422270152284904,0.43932921886444093,348.5,348.5,1.0,3.4,128.5,220.0
35,5,0.33,0.2,5,5,6,6.0,5.5,0.19,0.5,42,1,[0.2],0.2,0.2442732516826255,10,7.778174593052023,0.1414213562373095,0.7778174593052023,0.1414213562373095,0.17272727272727273,20260927T095930443635Z_577f21e5,2,5760.0,40,True,81,"[0.8592549273600911, 0.6058380411445193, 0.4316697215292379, 0.32461244914431125, 0.29898418014229616, 0.3853292566116986, 0.6184818884427356, 0.9112753545916268, 1.124060711596949, 1.0918553682168552, 1.0519012231472415, 1.0604058710082023, 1.1010962834034748, 1.1484706050156464, 1.2414843039249468, 1.286522046207647, 1.3072562312959182, 1.4024657757114494, 1.4690763553789117, 1.4352382086312834, 1.3078676789813133, 1.2336627867197074, 1.2117583717879756, 1.0914323600059634]",FOUR_ZONE,94.97971954345704,0.36045434361843276,0.3397067400900898,263.5,263.5,1.0,1.0,48.9,214.6
35,5,0.33,0.2,5,5,6,6.0,5.5,0.19,0.5,42,1,[0.2],0.2,0.2442732516826255,10,7.778174593052023,0.1414213562373095,0.7778174593052023,0.1414213562373095,0.17272727272727273,20260927T095930443635Z_577f21e5,2,5760.0,40,True,81,"[0.8592549273600911, 0.6058380411445193, 0.4316697215292379, 0.32461244914431125, 0.29898418014229616, 0.3853292566116986, 0.6184818884427356, 0.9112753545916268, 1.124060711596949, 1.0918553682168552, 1.0519012231472415, 1.0604058710082023, 1.1010962834034748, 1.1484706050156464, 1.2414843039249468, 1.286522046207647, 1.3072562312959182, 1.4024657757114494, 1.4690763553789117, 1.4352382086312834, 1.3078676789813133, 1.2336627867197074, 1.2117583717879756, 1.0914323600059634]",PURE,43.2,0.1847733105218135,0.18373827772345533,233.8,233.8,1.0,0.0,0.0,233.8
35,5,0.33,0.2,5,5,6,6.0,5.5,0.19,0.5,42,1,[0.2],0.2,0.2442732516826255,10,7.778174593052023,0.1414213562373095,0.7778174593052023,0.1414213562373095,0.17272727272727273,20260927T095930443635Z_577f21e5,2,5760.0,40,True,81,"[0.8592549273600911, 0.6058380411445193, 0.4316697215292379, 0.32461244914431125, 0.29898418014229616, 0.3853292566116986, 0.6184818884427356, 0.9112753545916268, 1.124060711596949, 1.0918553682168552, 1.0519012231472415, 1.0604058710082023, 1.1010962834034748, 1.1484706050156464, 1.2414843039249468, 1.286522046207647, 1.3072562312959182, 1.4024657757114494, 1.4690763553789117, 1.4352382086312834, 1.3078676789813133, 1.2336627867197074, 1.2117583717879756, 1.0914323600059634]",PURE_OR,43.2,0.2169763937719739,0.2154468511187857,199.1,199.1,1.0,0.0,0.0,199.1
36,5,0.33,0.3,5,5,6,6.0,5.5,0.19,0.5,42,1,"[0.3, 0.4]",0.2442732516826255,0.2442732516826255,10,7.778174593052023,0.21213203435596423,1.1667261889578033,0.17272727272727273,0.17272727272727273,20260927T095930443635Z_577f21e5,2,5760.0,40,True,81,"[0.8592549273600911, 0.6058380411445193, 0.4316697215292379, 0.32461244914431125, 0.29898418014229616, 0.3853292566116986, 0.6184818884427356, 0.9112753545916268, 1.124060711596949, 1.0918553682168552, 1.0519012231472415, 1.0604058710082023, 1.1010962834034748, 1.1484706050156464, 1.2414843039249468, 1.286522046207647, 1.3072562312959182, 1.4024657757114494, 1.4690763553789117, 1.4352382086312834, 1.3078676789813133, 1.2336627867197074, 1.2117583717879756, 1.0914323600059634]",DRL,1225.07548828125,0.6393588478060905,0.6460447192192078,1916.1,1916.1,1.0,36.8,1518.9,397.2
36,5,0.33,0.3,5,5,6,6.0,5.5,0.19,0.5,42,1,"[0.3, 0.4]",0.2442732516826255,0.2442732516826255,10,7.778174593052023,0.21213203435596423,1.1667261889578033,0.17272727272727273,0.17272727272727273,20260927T095930443635Z_577f21e5,2,5760.0,40,True,81,"[0.8592549273600911, 0.6058380411445193, 0.4316697215292379, 0.32461244914431125, 0.29898418014229616, 0.3853292566116986, 0.6184818884427356, 0.9112753545916268, 1.124060711596949, 1.0918553682168552, 1.0519012231472415, 1.0604058710082023, 1.1010962834034748, 1.1484706050156464, 1.2414843039249468, 1.286522046207647, 1.3072562312959182, 1.4024657757114494, 1.4690763553789117, 1.4352382086312834, 1.3078676789813133, 1.2336627867197074, 1.2117583717879756, 1.0914323600059634]",HEUR,338.33265075683596,0.5022753128812885,0.49578334093093873,673.6,673.6,1.0,10.0,342.1,331.5
36,5,0.33,0.3,5,5,6,6.0,5.5,0.19,0.5,42,1,"[0.3, 0.4]",0.2442732516826255,0.2442732516826255,10,7.778174593052023,0.21213203435596423,1.1667261889578033,0.17272727272727273,0.17272727272727273,20260927T095930443635Z_577f21e5,2,5760.0,40,True,81,"[0.8592549273600911, 0.6058380411445193, 0.4316697215292379, 0.32461244914431125, 0.29898418014229616, 0.3853292566116986, 0.6184818884427356, 0.9112753545916268, 1.124060711596949, 1.0918553682168552, 1.0519012231472415, 1.0604058710082023, 1.1010962834034748, 1.1484706050156464, 1.2414843039249468, 1.286522046207647, 1.3072562312959182, 1.4024657757114494, 1.4690763553789117, 1.4352382086312834, 1.3078676789813133, 1.2336627867197074, 1.2117583717879756, 1.0914323600059634]",HEUR_VOR,155.9770492553711,0.4276859041825366,0.4256797909736633,364.7,364.7,1.0,3.8,126.3,238.4
36,5,0.33,0.3,5,5,6,6.0,5.5,0.19,0.5,42,1,"[0.3, 0.4]",0.2442732516826255,0.2442732516826255,10,7.778174593052023,0.21213203435596423,1.1667261889578033,0.17272727272727273,0.17272727272727273,20260927T095930443635Z_577f21e5,2,5760.0,40,True,81,"[0.8592549273600911, 0.6058380411445193, 0.4316697215292379, 0.32461244914431125, 0.29898418014229616, 0.3853292566116986, 0.6184818884427356, 0.9112753545916268, 1.124060711596949, 1.0918553682168552, 1.0519012231472415, 1.0604058710082023, 1.1010962834034748, 1.1484706050156464, 1.2414843039249468, 1.286522046207647, 1.3072562312959182, 1.4024657757114494, 1.4690763553789117, 1.4352382086312834, 1.3078676789813133, 1.2336627867197074, 1.2117583717879756, 1.0914323600059634]",FOUR_ZONE,107.65025329589844,0.40198003471209276,0.37471444339438054,267.8,267.8,1.0,1.2,61.1,206.7
36,5,0.33,0.3,5,5,6,6.0,5.5,0.19,0.5,42,1,"[0.3, 0.4]",0.2442732516826255,0.2442732516826255,10,7.778174593052023,0.21213203435596423,1.1667261889578033,0.17272727272727273,0.17272727272727273,20260927T095930443635Z_577f21e5,2,5760.0,40,True,81,"[0.8592549273600911, 0.6058380411445193, 0.4316697215292379, 0.32461244914431125, 0.29898418014229616, 0.3853292566116986, 0.6184818884427356, 0.9112753545916268, 1.124060711596949, 1.0918553682168552, 1.0519012231472415, 1.0604058710082023, 1.1010962834034748, 1.1484706050156464, 1.2414843039249468, 1.286522046207647, 1.3072562312959182, 1.4024657757114494, 1.4690763553789117, 1.4352382086312834, 1.3078676789813133, 1.2336627867197074, 1.2117583717879756, 1.0914323600059634]",PURE,43.2,0.1847733105218135,0.18373827772345533,233.8,233.8,1.0,0.0,0.0,233.8
36,5,0.33,0.3,5,5,6,6.0,5.5,0.19,0.5,42,1,"[0.3, 0.4]",0.2442732516826255,0.2442732516826255,10,7.778174593052023,0.21213203435596423,1.1667261889578033,0.17272727272727273,0.17272727272727273,20260927T095930443635Z_577f21e5,2,5760.0,40,True,81,"[0.8592549273600911, 0.6058380411445193, 0.4316697215292379, 0.32461244914431125, 0.29898418014229616, 0.3853292566116986, 0.6184818884427356, 0.9112753545916268, 1.124060711596949, 1.0918553682168552, 1.0519012231472415, 1.0604058710082023, 1.1010962834034748, 1.1484706050156464, 1.2414843039249468, 1.286522046207647, 1.3072562312959182, 1.4024657757114494, 1.4690763553789117, 1.4352382086312834, 1.3078676789813133, 1.2336627867197074, 1.2117583717879756, 1.0914323600059634]",PURE_OR,43.2,0.2169763937719739,0.2154468511187857,199.1,199.1,1.0,0.0,0.0,199.1
37,5,0.5,0.1,5,5,6,5.5,5.5,0.19,0.5,42,1,[0.1],0.1,0.2442732516826255,10,7.778174593052023,0.07071067811865475,0.38890872965260115,0.07071067811865475,0.17272727272727273,20260927T095930443635Z_577f21e5,2,5760.0,40,True,81,"[0.8592549273600911, 0.6058380411445193, 0.4316697215292379, 0.32461244914431125, 0.29898418014229616, 0.3853292566116986, 0.6184818884427356, 0.9112753545916268, 1.124060711596949, 1.0918553682168552, 1.0519012231472415, 1.0604058710082023, 1.1010962834034748, 1.1484706050156464, 1.2414843039249468, 1.286522046207647, 1.3072562312959182, 1.4024657757114494, 1.4690763553789117, 1.4352382086312834, 1.3078676789813133, 1.2336627867197074, 1.2117583717879756, 1.0914323600059634]",DRL,154.18604736328126,0.3790217486806324,0.37826908826828004,406.8,406.8,1.0,3.4,111.8,295.0
37,5,0.5,0.1,5,5,6,5.5,5.5,0.19,0.5,42,1,[0.1],0.1,0.2442732516826255,10,7.778174593052023,0.07071067811865475,0.38890872965260115,0.07071067811865475,0.17272727272727273,20260927T095930443635Z_577f21e5,2,5760.0,40,True,81,"[0.8592549273600911, 0.6058380411445193, 0.4316697215292379, 0.32461244914431125, 0.29898418014229616, 0.3853292566116986, 0.6184818884427356, 0.9112753545916268, 1.124060711596949, 1.0918553682168552, 1.0519012231472415, 1.0604058710082023, 1.1010962834034748, 1.1484706050156464, 1.2414843039249468, 1.286522046207647, 1.3072562312959182, 1.4024657757114494, 1.4690763553789117, 1.4352382086312834, 1.3078676789813133, 1.2336627867197074, 1.2117583717879756, 1.0914323600059634]",HEUR,139.28931732177733,0.3568775744857221,0.35057699084281924,390.3,390.3,1.0,3.0,87.2,303.1
37,5,0.5,0.1,5,5,6,5.5,5.5,0.19,0.5,42,1,[0.1],0.1,0.2442732516826255,10,7.778174593052023,0.07071067811865475,0.38890872965260115,0.07071067811865475,0.17272727272727273,20260927T095930443635Z_577f21e5,2,5760.0,40,True,81,"[0.8592549273600911, 0.6058380411445193, 0.4316697215292379, 0.32461244914431125, 0.29898418014229616, 0.3853292566116986, 0.6184818884427356, 0.9112753545916268, 1.124060711596949, 1.0918553682168552, 1.0519012231472415, 1.0604058710082023, 1.1010962834034748, 1.1484706050156464, 1.2414843039249468, 1.286522046207647, 1.3072562312959182, 1.4024657757114494, 1.4690763553789117, 1.4352382086312834, 1.3078676789813133, 1.2336627867197074, 1.2117583717879756, 1.0914323600059634]",HEUR_VOR,98.14867095947265,0.30585438130094317,0.3015821404071469,320.9,320.9,1.0,1.4,39.4,281.5
37,5,0.5,0.1,5,5,6,5.5,5.5,0.19,0.5,42,1,[0.1],0.1,0.2442732516826255,10,7.778174593052023,0.07071067811865475,0.38890872965260115,0.07071067811865475,0.17272727272727273,20260927T095930443635Z_577f21e5,2,5760.0,40,True,81,"[0.8592549273600911, 0.6058380411445193, 0.4316697215292379, 0.32461244914431125, 0.29898418014229616, 0.3853292566116986, 0.6184818884427356, 0.9112753545916268, 1.124060711596949, 1.0918553682168552, 1.0519012231472415, 1.0604058710082023, 1.1010962834034748, 1.1484706050156464, 1.2414843039249468, 1.286522046207647, 1.3072562312959182, 1.4024657757114494, 1.4690763553789117, 1.4352382086312834, 1.3078676789813133, 1.2336627867197074, 1.2117583717879756, 1.0914323600059634]",FOUR_ZONE,64.4,0.24357034795763993,0.2427664587207187,264.4,264.4,1.0,0.0,0.0,264.4
37,5,0.5,0.1,5,5,6,5.5,5.5,0.19,0.5,42,1,[0.1],0.1,0.2442732516826255,10,7.778174593052023,0.07071067811865475,0.38890872965260115,0.07071067811865475,0.17272727272727273,20260927T095930443635Z_577f21e5,2,5760.0,40,True,81,"[0.8592549273600911, 0.6058380411445193, 0.4316697215292379, 0.32461244914431125, 0.29898418014229616, 0.3853292566116986, 0.6184818884427356, 0.9112753545916268, 1.124060711596949, 1.0918553682168552, 1.0519012231472415, 1.0604058710082023, 1.1010962834034748, 1.1484706050156464, 1.2414843039249468, 1.286522046207647, 1.3072562312959182, 1.4024657757114494, 1.4690763553789117, 1.4352382086312834, 1.3078676789813133, 1.2336627867197074, 1.2117583717879756, 1.0914323600059634]",PURE,64.4,0.22877442273534637,0.2272855885843997,281.5,281.5,1.0,0.0,0.0,281.5
37,5,0.5,0.1,5,5,6,5.5,5.5,0.19,0.5,42,1,[0.1],0.1,0.2442732516826255,10,7.778174593052023,0.07071067811865475,0.38890872965260115,0.07071067811865475,0.17272727272727273,20260927T095930443635Z_577f21e5,2,5760.0,40,True,81,"[0.8592549273600911, 0.6058380411445193, 0.4316697215292379, 0.32461244914431125, 0.29898418014229616, 0.3853292566116986, 0.6184818884427356, 0.9112753545916268, 1.124060711596949, 1.0918553682168552, 1.0519012231472415, 1.0604058710082023, 1.1010962834034748, 1.1484706050156464, 1.2414843039249468, 1.286522046207647, 1.3072562312959182, 1.4024657757114494, 1.4690763553789117, 1.4352382086312834, 1.3078676789813133, 1.2336627867197074, 1.2117583717879756, 1.0914323600059634]",PURE_OR,64.4,0.2765135251180764,0.275331215943522,232.9,232.9,1.0,0.0,0.0,232.9
38,5,0.5,0.2,5,5,6,5.5,5.5,0.19,0.5,42,1,[0.2],0.2,0.2442732516826255,10,7.778174593052023,0.1414213562373095,0.7778174593052023,0.1414213562373095,0.17272727272727273,20260927T095930443635Z_577f21e5,2,5760.0,40,True,81,"[0.8592549273600911, 0.6058380411445193, 0.4316697215292379, 0.32461244914431125, 0.29898418014229616, 0.3853292566116986, 0.6184818884427356, 0.9112753545916268, 1.124060711596949, 1.0918553682168552, 1.0519012231472415, 1.0604058710082023, 1.1010962834034748, 1.1484706050156464, 1.2414843039249468, 1.286522046207647, 1.3072562312959182, 1.4024657757114494, 1.4690763553789117, 1.4352382086312834, 1.3078676789813133, 1.2336627867197074, 1.2117583717879756, 1.0914323600059634]",DRL,1317.0622192382812,0.6114778862706167,0.6109607577323913,2153.9,2153.9,1.0,42.6,1742.7,411.2
38,5,0.5,0.2,5,5,6,5.5,5.5,0.19,0.5,42,1,[0.2],0.2,0.2442732516826255,10,7.778174593052023,0.1414213562373095,0.7778174593052023,0.1414213562373095,0.17272727272727273,20260927T095930443635Z_577f21e5,2,5760.0,40,True,81,"[0.8592549273600911, 0.6058380411445193, 0.4316697215292379, 0.32461244914431125, 0.29898418014229616, 0.3853292566116986, 0.6184818884427356, 0.9112753545916268, 1.124060711596949, 1.0918553682168552, 1.0519012231472415, 1.0604058710082023, 1.1010962834034748, 1.1484706050156464, 1.2414843039249468, 1.286522046207647, 1.3072562312959182, 1.4024657757114494, 1.4690763553789117, 1.4352382086312834, 1.3078676789813133, 1.2336627867197074, 1.2117583717879756, 1.0914323600059634]",HEUR,342.387939453125,0.491230903089132,0.4680856287479401,697.0,697.0,1.0,10.8,348.2,348.8
38,5,0.5,0.2,5,5,6,5.5,5.5,0.19,0.5,42,1,[0.2],0.2,0.2442732516826255,10,7.778174593052023,0.1414213562373095,0.7778174593052023,0.1414213562373095,0.17272727272727273,20260927T095930443635Z_577f21e5,2,5760.0,40,True,81,"[0.8592549273600911, 0.6058380411445193, 0.4316697215292379, 0.32461244914431125, 0.29898418014229616, 0.3853292566116986, 0.6184818884427356, 0.9112753545916268, 1.124060711596949, 1.0918553682168552, 1.0519012231472415, 1.0604058710082023, 1.1010962834034748, 1.1484706050156464, 1.2414843039249468, 1.286522046207647, 1.3072562312959182, 1.4024657757114494, 1.4690763553789117, 1.4352382086312834, 1.3078676789813133, 1.2336627867197074, 1.2117583717879756, 1.0914323600059634]",HEUR_VOR,136.9619155883789,0.3649398230439086,0.3622828722000122,375.3,375.3,1.0,3.0,87.1,288.2
38,5,0.5,0.2,5,5,6,5.5,5.5,0.19,0.5,42,1,[0.2],0.2,0.2442732516826255,10,7.778174593052023,0.1414213562373095,0.7778174593052023,0.1414213562373095,0.17272727272727273,20260927T095930443635Z_577f21e5,2,5760.0,40,True,81,"[0.8592549273600911, 0.6058380411445193, 0.4316697215292379, 0.32461244914431125, 0.29898418014229616, 0.3853292566116986, 0.6184818884427356, 0.9112753545916268, 1.124060711596949, 1.0918553682168552, 1.0519012231472415, 1.0604058710082023, 1.1010962834034748, 1.1484706050156464, 1.2414843039249468, 1.286522046207647, 1.3072562312959182, 1.4024657757114494, 1.4690763553789117, 1.4352382086312834, 1.3078676789813133, 1.2336627867197074, 1.2117583717879756, 1.0914323600059634]",FOUR_ZONE,115.40320587158203,0.37775190137997394,0.37554564476013186,305.5,305.5,1.0,1.4,53.6,251.9
38,5,0.5,0.2,5,5,6,5.5,5.5,0.19,0.5,42,1,[0.2],0.2,0.2442732516826255,10,7.778174593052023,0.1414213562373095,0.7778174593052023,0.1414213562373095,0.17272727272727273,20260927T095930443635Z_577f21e5,2,5760.0,40,True,81,"[0.8592549273600911, 0.6058380411445193, 0.4316697215292379, 0.32461244914431125, 0.29898418014229616, 0.3853292566116986, 0.6184818884427356, 0.9112753545916268, 1.124060711596949, 1.0918553682168552, 1.0519012231472415, 1.0604058710082023, 1.1010962834034748, 1.1484706050156464, 1.2414843039249468, 1.286522046207647, 1.3072562312959182, 1.4024657757114494, 1.4690763553789117, 1.4352382086312834, 1.3078676789813133, 1.2336627867197074, 1.2117583717879756, 1.0914323600059634]",PURE,64.4,0.22877442273534637,0.2272855885843997,281.5,281.5,1.0,0.0,0.0,281.5
38,5,0.5,0.2,5,5,6,5.5,5.5,0.19,0.5,42,1,[0.2],0.2,0.2442732516826255,10,7.778174593052023,0.1414213562373095,0.7778174593052023,0.1414213562373095,0.17272727272727273,20260927T095930443635Z_577f21e5,2,5760.0,40,True,81,"[0.8592549273600911, 0.6058380411445193, 0.4316697215292379, 0.32461244914431125, 0.29898418014229616, 0.3853292566116986, 0.6184818884427356, 0.9112753545916268, 1.124060711596949, 1.0918553682168552, 1.0519012231472415, 1.0604058710082023, 1.1010962834034748, 1.1484706050156464, 1.2414843039249468, 1.286522046207647, 1.3072562312959182, 1.4024657757114494, 1.4690763553789117, 1.4352382086312834, 1.3078676789813133, 1.2336627867197074, 1.2117583717879756, 1.0914323600059634]",PURE_OR,64.4,0.2765135251180764,0.275331215943522,232.9,232.9,1.0,0.0,0.0,232.9
39,5,0.5,0.3,5,5,6,5.5,5.5,0.19,0.5,42,1,"[0.3, 0.4]",0.2442732516826255,0.2442732516826255,10,7.778174593052023,0.21213203435596423,1.1667261889578033,0.17272727272727273,0.17272727272727273,20260927T095930443635Z_577f21e5,2,5760.0,40,True,81,"[0.8592549273600911, 0.6058380411445193, 0.4316697215292379, 0.32461244914431125, 0.29898418014229616, 0.3853292566116986, 0.6184818884427356, 0.9112753545916268, 1.124060711596949, 1.0918553682168552, 1.0519012231472415, 1.0604058710082023, 1.1010962834034748, 1.1484706050156464, 1.2414843039249468, 1.286522046207647, 1.3072562312959182, 1.4024657757114494, 1.4690763553789117, 1.4352382086312834, 1.3078676789813133, 1.2336627867197074, 1.2117583717879756, 1.0914323600059634]",DRL,2336.6248779296875,0.5867673341192525,0.5899922251701355,3982.2,3982.2,1.0,67.6,3269.5,712.7
39,5,0.5,0.3,5,5,6,5.5,5.5,0.19,0.5,42,1,"[0.3, 0.4]",0.2442732516826255,0.2442732516826255,10,7.778174593052023,0.21213203435596423,1.1667261889578033,0.17272727272727273,0.17272727272727273,20260927T095930443635Z_577f21e5,2,5760.0,40,True,81,"[0.8592549273600911, 0.6058380411445193, 0.4316697215292379, 0.32461244914431125, 0.29898418014229616, 0.3853292566116986, 0.6184818884427356, 0.9112753545916268, 1.124060711596949, 1.0918553682168552, 1.0519012231472415, 1.0604058710082023, 1.1010962834034748, 1.1484706050156464, 1.2414843039249468, 1.286522046207647, 1.3072562312959182, 1.4024657757114494, 1.4690763553789117, 1.4352382086312834, 1.3078676789813133, 1.2336627867197074, 1.2117583717879756, 1.0914323600059634]",HEUR,401.83786926269534,0.490584628571231,0.47563178539276124,819.1,819.1,1.0,12.8,429.7,389.4
39,5,0.5,0.3,5,5,6,5.5,5.5,0.19,0.5,42,1,"[0.3, 0.4]",0.2442732516826255,0.2442732516826255,10,7.778174593052023,0.21213203435596423,1.1667261889578033,0.17272727272727273,0.17272727272727273,20260927T095930443635Z_577f21e5,2,5760.0,40,True,81,"[0.8592549273600911, 0.6058380411445193, 0.4316697215292379, 0.32461244914431125, 0.29898418014229616, 0.3853292566116986, 0.6184818884427356, 0.9112753545916268, 1.124060711596949, 1.0918553682168552, 1.0519012231472415, 1.0604058710082023, 1.1010962834034748, 1.1484706050156464, 1.2414843039249468, 1.286522046207647, 1.3072562312959182, 1.4024657757114494, 1.4690763553789117, 1.4352382086312834, 1.3078676789813133, 1.2336627867197074, 1.2117583717879756, 1.0914323600059634]",HEUR_VOR,198.22115020751954,0.45694133288962546,0.4323331117630005,433.8,433.8,1.0,4.6,154.5,279.3
39,5,0.5,0.3,5,5,6,5.5,5.5,0.19,0.5,42,1,"[0.3, 0.4]",0.2442732516826255,0.2442732516826255,10,7.778174593052023,0.21213203435596423,1.1667261889578033,0.17272727272727273,0.17272727272727273,20260927T095930443635Z_577f21e5,2,5760.0,40,True,81,"[0.8592549273600911, 0.6058380411445193, 0.4316697215292379, 0.32461244914431125, 0.29898418014229616, 0.3853292566116986, 0.6184818884427356, 0.9112753545916268, 1.124060711596949, 1.0918553682168552, 1.0519012231472415, 1.0604058710082023, 1.1010962834034748, 1.1484706050156464, 1.2414843039249468, 1.286522046207647, 1.3072562312959182, 1.4024657757114494, 1.4690763553789117, 1.4352382086312834, 1.3078676789813133, 1.2336627867197074, 1.2117583717879756, 1.0914323600059634]",FOUR_ZONE,124.35918426513672,0.3969332405526228,0.395704185962677,313.3,313.3,1.0,1.8,63.7,249.6
39,5,0.5,0.3,5,5,6,5.5,5.5,0.19,0.5,42,1,"[0.3, 0.4]",0.2442732516826255,0.2442732516826255,10,7.778174593052023,0.21213203435596423,1.1667261889578033,0.17272727272727273,0.17272727272727273,20260927T095930443635Z_577f21e5,2,5760.0,40,True,81,"[0.8592549273600911, 0.6058380411445193, 0.4316697215292379, 0.32461244914431125, 0.29898418014229616, 0.3853292566116986, 0.6184818884427356, 0.9112753545916268, 1.124060711596949, 1.0918553682168552, 1.0519012231472415, 1.0604058710082023, 1.1010962834034748, 1.1484706050156464, 1.2414843039249468, 1.286522046207647, 1.3072562312959182, 1.4024657757114494, 1.4690763553789117, 1.4352382086312834, 1.3078676789813133, 1.2336627867197074, 1.2117583717879756, 1.0914323600059634]",PURE,64.4,0.22877442273534637,0.2272855885843997,281.5,281.5,1.0,0.0,0.0,281.5
39,5,0.5,0.3,5,5,6,5.5,5.5,0.19,0.5,42,1,"[0.3, 0.4]",0.2442732516826255,0.2442732516826255,10,7.778174593052023,0.21213203435596423,1.1667261889578033,0.17272727272727273,0.17272727272727273,20260927T095930443635Z_577f21e5,2,5760.0,40,True,81,"[0.8592549273600911, 0.6058380411445193, 0.4316697215292379, 0.32461244914431125, 0.29898418014229616, 0.3853292566116986, 0.6184818884427356, 0.9112753545916268, 1.124060711596949, 1.0918553682168552, 1.0519012231472415, 1.0604058710082023, 1.1010962834034748, 1.1484706050156464, 1.2414843039249468, 1.286522046207647, 1.3072562312959182, 1.4024657757114494, 1.4690763553789117, 1.4352382086312834, 1.3078676789813133, 1.2336627867197074, 1.2117583717879756, 1.0914323600059634]",PURE_OR,64.4,0.2765135251180764,0.275331215943522,232.9,232.9,1.0,0.0,0.0,232.9
40,5,0.5,0.1,5,5,6,6.0,5.5,0.19,0.5,42,1,[0.1],0.1,0.2442732516826255,10,7.778174593052023,0.07071067811865475,0.38890872965260115,0.07071067811865475,0.17272727272727273,20260927T095930443635Z_577f21e5,2,5760.0,40,True,81,"[0.8592549273600911, 0.6058380411445193, 0.4316697215292379, 0.32461244914431125, 0.29898418014229616, 0.3853292566116986, 0.6184818884427356, 0.9112753545916268, 1.124060711596949, 1.0918553682168552, 1.0519012231472415, 1.0604058710082023, 1.1010962834034748, 1.1484706050156464, 1.2414843039249468, 1.286522046207647, 1.3072562312959182, 1.4024657757114494, 1.4690763553789117, 1.4352382086312834, 1.3078676789813133, 1.2336627867197074, 1.2117583717879756, 1.0914323600059634]",DRL,162.3485076904297,0.3990867937326197,0.3977044939994812,406.8,406.8,1.0,3.4,111.8,295.0
40,5,0.5,0.1,5,5,6,6.0,5.5,0.19,0.5,42,1,[0.1],0.1,0.2442732516826255,10,7.778174593052023,0.07071067811865475,0.38890872965260115,0.07071067811865475,0.17272727272727273,20260927T095930443635Z_577f21e5,2,5760.0,40,True,81,"[0.8592549273600911, 0.6058380411445193, 0.4316697215292379, 0.32461244914431125, 0.29898418014229616, 0.3853292566116986, 0.6184818884427356, 0.9112753545916268, 1.124060711596949, 1.0918553682168552, 1.0519012231472415, 1.0604058710082023, 1.1010962834034748, 1.1484706050156464, 1.2414843039249468, 1.286522046207647, 1.3072562312959182, 1.4024657757114494, 1.4690763553789117, 1.4352382086312834, 1.3078676789813133, 1.2336627867197074, 1.2117583717879756, 1.0914323600059634]",HEUR,146.0975143432617,0.37432107185052965,0.36671278476715086,390.3,390.3,1.0,3.0,87.2,303.1
40,5,0.5,0.1,5,5,6,6.0,5.5,0.19,0.5,42,1,[0.1],0.1,0.2442732516826255,10,7.778174593052023,0.07071067811865475,0.38890872965260115,0.07071067811865475,0.17272727272727273,20260927T095930443635Z_577f21e5,2,5760.0,40,True,81,"[0.8592549273600911, 0.6058380411445193, 0.4316697215292379, 0.32461244914431125, 0.29898418014229616, 0.3853292566116986, 0.6184818884427356, 0.9112753545916268, 1.124060711596949, 1.0918553682168552, 1.0519012231472415, 1.0604058710082023, 1.1010962834034748, 1.1484706050156464, 1.2414843039249468, 1.286522046207647, 1.3072562312959182, 1.4024657757114494, 1.4690763553789117, 1.4352382086312834, 1.3078676789813133, 1.2336627867197074, 1.2117583717879756, 1.0914323600059634]",HEUR_VOR,101.21675720214844,0.3154152608356137,0.310629648646893,320.9,320.9,1.0,1.4,39.4,281.5
40,5,0.5,0.1,5,5,6,6.0,5.5,0.19,0.5,42,1,[0.1],0.1,0.2442732516826255,10,7.778174593052023,0.07071067811865475,0.38890872965260115,0.07071067811865475,0.17272727272727273,20260927T095930443635Z_577f21e5,2,5760.0,40,True,81,"[0.8592549273600911, 0.6058380411445193, 0.4316697215292379, 0.32461244914431125, 0.29898418014229616, 0.3853292566116986, 0.6184818884427356, 0.9112753545916268, 1.124060711596949, 1.0918553682168552, 1.0519012231472415, 1.0604058710082023, 1.1010962834034748, 1.1484706050156464, 1.2414843039249468, 1.286522046207647, 1.3072562312959182, 1.4024657757114494, 1.4690763553789117, 1.4352382086312834, 1.3078676789813133, 1.2336627867197074, 1.2117583717879756, 1.0914323600059634]",FOUR_ZONE,64.4,0.24357034795763993,0.2427664587207187,264.4,264.4,1.0,0.0,0.0,264.4
40,5,0.5,0.1,5,5,6,6.0,5.5,0.19,0.5,42,1,[0.1],0.1,0.2442732516826255,10,7.778174593052023,0.07071067811865475,0.38890872965260115,0.07071067811865475,0.17272727272727273,20260927T095930443635Z_577f21e5,2,5760.0,40,True,81,"[0.8592549273600911, 0.6058380411445193, 0.4316697215292379, 0.32461244914431125, 0.29898418014229616, 0.3853292566116986, 0.6184818884427356, 0.9112753545916268, 1.124060711596949, 1.0918553682168552, 1.0519012231472415, 1.0604058710082023, 1.1010962834034748, 1.1484706050156464, 1.2414843039249468, 1.286522046207647, 1.3072562312959182, 1.4024657757114494, 1.4690763553789117, 1.4352382086312834, 1.3078676789813133, 1.2336627867197074, 1.2117583717879756, 1.0914323600059634]",PURE,64.4,0.22877442273534637,0.2272855885843997,281.5,281.5,1.0,0.0,0.0,281.5
40,5,0.5,0.1,5,5,6,6.0,5.5,0.19,0.5,42,1,[0.1],0.1,0.2442732516826255,10,7.778174593052023,0.07071067811865475,0.38890872965260115,0.07071067811865475,0.17272727272727273,20260927T095930443635Z_577f21e5,2,5760.0,40,True,81,"[0.8592549273600911, 0.6058380411445193, 0.4316697215292379, 0.32461244914431125, 0.29898418014229616, 0.3853292566116986, 0.6184818884427356, 0.9112753545916268, 1.124060711596949, 1.0918553682168552, 1.0519012231472415, 1.0604058710082023, 1.1010962834034748, 1.1484706050156464, 1.2414843039249468, 1.286522046207647, 1.3072562312959182, 1.4024657757114494, 1.4690763553789117, 1.4352382086312834, 1.3078676789813133, 1.2336627867197074, 1.2117583717879756, 1.0914323600059634]",PURE_OR,64.4,0.2765135251180764,0.275331215943522,232.9,232.9,1.0,0.0,0.0,232.9
41,5,0.5,0.2,5,5,6,6.0,5.5,0.19,0.5,42,1,[0.2],0.2,0.2442732516826255,10,7.778174593052023,0.1414213562373095,0.7778174593052023,0.1414213562373095,0.17272727272727273,20260927T095930443635Z_577f21e5,2,5760.0,40,True,81,"[0.8592549273600911, 0.6058380411445193, 0.4316697215292379, 0.32461244914431125, 0.29898418014229616, 0.3853292566116986, 0.6184818884427356, 0.9112753545916268, 1.124060711596949, 1.0918553682168552, 1.0519012231472415, 1.0604058710082023, 1.1010962834034748, 1.1484706050156464, 1.2414843039249468, 1.286522046207647, 1.3072562312959182, 1.4024657757114494, 1.4690763553789117, 1.4352382086312834, 1.3078676789813133, 1.2336627867197074, 1.2117583717879756, 1.0914323600059634]",DRL,1143.5715576171874,0.6318773110935946,0.6318463802337646,1809.8,1809.8,1.0,31.4,1329.9,479.9
41,5,0.5,0.2,5,5,6,6.0,5.5,0.19,0.5,42,1,[0.2],0.2,0.2442732516826255,10,7.778174593052023,0.1414213562373095,0.7778174593052023,0.1414213562373095,0.17272727272727273,20260927T095930443635Z_577f21e5,2,5760.0,40,True,81,"[0.8592549273600911, 0.6058380411445193, 0.4316697215292379, 0.32461244914431125, 0.29898418014229616, 0.3853292566116986, 0.6184818884427356, 0.9112753545916268, 1.124060711596949, 1.0918553682168552, 1.0519012231472415, 1.0604058710082023, 1.1010962834034748, 1.1484706050156464, 1.2414843039249468, 1.286522046207647, 1.3072562312959182, 1.4024657757114494, 1.4690763553789117, 1.4352382086312834, 1.3078676789813133, 1.2336627867197074, 1.2117583717879756, 1.0914323600059634]",HEUR,367.6629272460938,0.527493439377466,0.5017939269542694,697.0,697.0,1.0,10.8,348.2,348.8
41,5,0.5,0.2,5,5,6,6.0,5.5,0.19,0.5,42,1,[0.2],0.2,0.2442732516826255,10,7.778174593052023,0.1414213562373095,0.7778174593052023,0.1414213562373095,0.17272727272727273,20260927T095930443635Z_577f21e5,2,5760.0,40,True,81,"[0.8592549273600911, 0.6058380411445193, 0.4316697215292379, 0.32461244914431125, 0.29898418014229616, 0.3853292566116986, 0.6184818884427356, 0.9112753545916268, 1.124060711596949, 1.0918553682168552, 1.0519012231472415, 1.0604058710082023, 1.1010962834034748, 1.1484706050156464, 1.2414843039249468, 1.286522046207647, 1.3072562312959182, 1.4024657757114494, 1.4690763553789117, 1.4352382086312834, 1.3078676789813133, 1.2336627867197074, 1.2117583717879756, 1.0914323600059634]",HEUR_VOR,143.55852508544922,0.3825167201850499,0.37970463633537294,375.3,375.3,1.0,3.0,87.1,288.2
41,5,0.5,0.2,5,5,6,6.0,5.5,0.19,0.5,42,1,[0.2],0.2,0.2442732516826255,10,7.778174593052023,0.1414213562373095,0.7778174593052023,0.1414213562373095,0.17272727272727273,20260927T095930443635Z_577f21e5,2,5760.0,40,True,81,"[0.8592549273600911, 0.6058380411445193, 0.4316697215292379, 0.32461244914431125, 0.29898418014229616, 0.3853292566116986, 0.6184818884427356, 0.9112753545916268, 1.124060711596949, 1.0918553682168552, 1.0519012231472415, 1.0604058710082023, 1.1010962834034748, 1.1484706050156464, 1.2414843039249468, 1.286522046207647, 1.3072562312959182, 1.4024657757114494, 1.4690763553789117, 1.4352382086312834, 1.3078676789813133, 1.2336627867197074, 1.2117583717879756, 1.0914323600059634]",FOUR_ZONE,120.03987731933594,0.392929221994553,0.3906098186969757,305.5,305.5,1.0,1.4,53.6,251.9
41,5,0.5,0.2,5,5,6,6.0,5.5,0.19,0.5,42,1,[0.2],0.2,0.2442732516826255,10,7.778174593052023,0.1414213562373095,0.7778174593052023,0.1414213562373095,0.17272727272727273,20260927T095930443635Z_577f21e5,2,5760.0,40,True,81,"[0.8592549273600911, 0.6058380411445193, 0.4316697215292379, 0.32461244914431125, 0.29898418014229616, 0.3853292566116986, 0.6184818884427356, 0.9112753545916268, 1.124060711596949, 1.0918553682168552, 1.0519012231472415, 1.0604058710082023, 1.1010962834034748, 1.1484706050156464, 1.2414843039249468, 1.286522046207647, 1.3072562312959182, 1.4024657757114494, 1.4690763553789117, 1.4352382086312834, 1.3078676789813133, 1.2336627867197074, 1.2117583717879756, 1.0914323600059634]",PURE,64.4,0.22877442273534637,0.2272855885843997,281.5,281.5,1.0,0.0,0.0,281.5
41,5,0.5,0.2,5,5,6,6.0,5.5,0.19,0.5,42,1,[0.2],0.2,0.2442732516826255,10,7.778174593052023,0.1414213562373095,0.7778174593052023,0.1414213562373095,0.17272727272727273,20260927T095930443635Z_577f21e5,2,5760.0,40,True,81,"[0.8592549273600911, 0.6058380411445193, 0.4316697215292379, 0.32461244914431125, 0.29898418014229616, 0.3853292566116986, 0.6184818884427356, 0.9112753545916268, 1.124060711596949, 1.0918553682168552, 1.0519012231472415, 1.0604058710082023, 1.1010962834034748, 1.1484706050156464, 1.2414843039249468, 1.286522046207647, 1.3072562312959182, 1.4024657757114494, 1.4690763553789117, 1.4352382086312834, 1.3078676789813133, 1.2336627867197074, 1.2117583717879756, 1.0914323600059634]",PURE_OR,64.4,0.2765135251180764,0.275331215943522,232.9,232.9,1.0,0.0,0.0,232.9
42,5,0.5,0.3,5,5,6,6.0,5.5,0.19,0.5,42,1,"[0.3, 0.4]",0.2442732516826255,0.2442732516826255,10,7.778174593052023,0.21213203435596423,1.1667261889578033,0.17272727272727273,0.17272727272727273,20260927T095930443635Z_577f21e5,2,5760.0,40,True,81,"[0.8592549273600911, 0.6058380411445193, 0.4316697215292379, 0.32461244914431125, 0.29898418014229616, 0.3853292566116986, 0.6184818884427356, 0.9112753545916268, 1.124060711596949, 1.0918553682168552, 1.0519012231472415, 1.0604058710082023, 1.1010962834034748, 1.1484706050156464, 1.2414843039249468, 1.286522046207647, 1.3072562312959182, 1.4024657757114494, 1.4690763553789117, 1.4352382086312834, 1.3078676789813133, 1.2336627867197074, 1.2117583717879756, 1.0914323600059634]",DRL,2117.804541015625,0.6399361035280187,0.6373490452766418,3309.4,2696.75,0.8,59.8,2775.9,533.5
42,5,0.5,0.3,5,5,6,6.0,5.5,0.19,0.5,42,1,"[0.3, 0.4]",0.2442732516826255,0.2442732516826255,10,7.778174593052023,0.21213203435596423,1.1667261889578033,0.17272727272727273,0.17272727272727273,20260927T095930443635Z_577f21e5,2,5760.0,40,True,81,"[0.8592549273600911, 0.6058380411445193, 0.4316697215292379, 0.32461244914431125, 0.29898418014229616, 0.3853292566116986, 0.6184818884427356, 0.9112753545916268, 1.124060711596949, 1.0918553682168552, 1.0519012231472415, 1.0604058710082023, 1.1010962834034748, 1.1484706050156464, 1.2414843039249468, 1.286522046207647, 1.3072562312959182, 1.4024657757114494, 1.4690763553789117, 1.4352382086312834, 1.3078676789813133, 1.2336627867197074, 1.2117583717879756, 1.0914323600059634]",HEUR,432.5177764892578,0.5280402594179683,0.5114630162715912,819.1,819.1,1.0,12.8,429.7,389.4
42,5,0.5,0.3,5,5,6,6.0,5.5,0.19,0.5,42,1,"[0.3, 0.4]",0.2442732516826255,0.2442732516826255,10,7.778174593052023,0.21213203435596423,1.1667261889578033,0.17272727272727273,0.17272727272727273,20260927T095930443635Z_577f21e5,2,5760.0,40,True,81,"[0.8592549273600911, 0.6058380411445193, 0.4316697215292379, 0.32461244914431125, 0.29898418014229616, 0.3853292566116986, 0.6184818884427356, 0.9112753545916268, 1.124060711596949, 1.0918553682168552, 1.0519012231472415, 1.0604058710082023, 1.1010962834034748, 1.1484706050156464, 1.2414843039249468, 1.286522046207647, 1.3072562312959182, 1.4024657757114494, 1.4690763553789117, 1.4352382086312834, 1.3078676789813133, 1.2336627867197074, 1.2117583717879756, 1.0914323600059634]",HEUR_VOR,210.38727874755858,0.484986811312952,0.45782492160797117,433.8,433.8,1.0,4.6,154.5,279.3
42,5,0.5,0.3,5,5,6,6.0,5.5,0.19,0.5,42,1,"[0.3, 0.4]",0.2442732516826255,0.2442732516826255,10,7.778174593052023,0.21213203435596423,1.1667261889578033,0.17272727272727273,0.17272727272727273,20260927T095930443635Z_577f21e5,2,5760.0,40,True,81,"[0.8592549273600911, 0.6058380411445193, 0.4316697215292379, 0.32461244914431125, 0.29898418014229616, 0.3853292566116986, 0.6184818884427356, 0.9112753545916268, 1.124060711596949, 1.0918553682168552, 1.0519012231472415, 1.0604058710082023, 1.1010962834034748, 1.1484706050156464, 1.2414843039249468, 1.286522046207647, 1.3072562312959182, 1.4024657757114494, 1.4690763553789117, 1.4352382086312834, 1.3078676789813133, 1.2336627867197074, 1.2117583717879756, 1.0914323600059634]",FOUR_ZONE,129.81006469726563,0.4143315183442886,0.41302214860916137,313.3,313.3,1.0,1.8,63.7,249.6
42,5,0.5,0.3,5,5,6,6.0,5.5,0.19,0.5,42,1,"[0.3, 0.4]",0.2442732516826255,0.2442732516826255,10,7.778174593052023,0.21213203435596423,1.1667261889578033,0.17272727272727273,0.17272727272727273,20260927T095930443635Z_577f21e5,2,5760.0,40,True,81,"[0.8592549273600911, 0.6058380411445193, 0.4316697215292379, 0.32461244914431125, 0.29898418014229616, 0.3853292566116986, 0.6184818884427356, 0.9112753545916268, 1.124060711596949, 1.0918553682168552, 1.0519012231472415, 1.0604058710082023, 1.1010962834034748, 1.1484706050156464, 1.2414843039249468, 1.286522046207647, 1.3072562312959182, 1.4024657757114494, 1.4690763553789117, 1.4352382086312834, 1.3078676789813133, 1.2336627867197074, 1.2117583717879756, 1.0914323600059634]",PURE,64.4,0.22877442273534637,0.2272855885843997,281.5,281.5,1.0,0.0,0.0,281.5
42,5,0.5,0.3,5,5,6,6.0,5.5,0.19,0.5,42,1,"[0.3, 0.4]",0.2442732516826255,0.2442732516826255,10,7.778174593052023,0.21213203435596423,1.1667261889578033,0.17272727272727273,0.17272727272727273,20260927T095930443635Z_577f21e5,2,5760.0,40,True,81,"[0.8592549273600911, 0.6058380411445193, 0.4316697215292379, 0.32461244914431125, 0.29898418014229616, 0.3853292566116986, 0.6184818884427356, 0.9112753545916268, 1.124060711596949, 1.0918553682168552, 1.0519012231472415, 1.0604058710082023, 1.1010962834034748, 1.1484706050156464, 1.2414843039249468, 1.286522046207647, 1.3072562312959182, 1.4024657757114494, 1.4690763553789117, 1.4352382086312834, 1.3078676789813133, 1.2336627867197074, 1.2117583717879756, 1.0914323600059634]",PURE_OR,64.4,0.2765135251180764,0.275331215943522,232.9,232.9,1.0,0.0,0.0,232.9
43,5,0.67,0.1,5,5,6,5.5,5.5,0.19,0.5,42,1,[0.1],0.1,0.2442732516826255,10,7.778174593052023,0.07071067811865475,0.38890872965260115,0.07071067811865475,0.17272727272727273,20260927T095930443635Z_577f21e5,2,5760.0,40,True,81,"[0.8592549273600911, 0.6058380411445193, 0.4316697215292379, 0.32461244914431125, 0.29898418014229616, 0.3853292566116986, 0.6184818884427356, 0.9112753545916268, 1.124060711596949, 1.0918553682168552, 1.0519012231472415, 1.0604058710082023, 1.1010962834034748, 1.1484706050156464, 1.2414843039249468, 1.286522046207647, 1.3072562312959182, 1.4024657757114494, 1.4690763553789117, 1.4352382086312834, 1.3078676789813133, 1.2336627867197074, 1.2117583717879756, 1.0914323600059634]",DRL,341.90769653320314,0.447113504031912,0.4457748293876648,764.7,764.7,1.0,8.6,365.0,399.7
43,5,0.67,0.1,5,5,6,5.5,5.5,0.19,0.5,42,1,[0.1],0.1,0.2442732516826255,10,7.778174593052023,0.07071067811865475,0.38890872965260115,0.07071067811865475,0.17272727272727273,20260927T095930443635Z_577f21e5,2,5760.0,40,True,81,"[0.8592549273600911, 0.6058380411445193, 0.4316697215292379, 0.32461244914431125, 0.29898418014229616, 0.3853292566116986, 0.6184818884427356, 0.9112753545916268, 1.124060711596949, 1.0918553682168552, 1.0519012231472415, 1.0604058710082023, 1.1010962834034748, 1.1484706050156464, 1.2414843039249468, 1.286522046207647, 1.3072562312959182, 1.4024657757114494, 1.4690763553789117, 1.4352382086312834, 1.3078676789813133, 1.2336627867197074, 1.2117583717879756, 1.0914323600059634]",HEUR,231.56374816894532,0.4291396370810699,0.4183652877807617,539.6,539.6,1.0,5.2,171.9,367.7
43,5,0.67,0.1,5,5,6,5.5,5.5,0.19,0.5,42,1,[0.1],0.1,0.2442732516826255,10,7.778174593052023,0.07071067811865475,0.38890872965260115,0.07071067811865475,0.17272727272727273,20260927T095930443635Z_577f21e5,2,5760.0,40,True,81,"[0.8592549273600911, 0.6058380411445193, 0.4316697215292379, 0.32461244914431125, 0.29898418014229616, 0.3853292566116986, 0.6184818884427356, 0.9112753545916268, 1.124060711596949, 1.0918553682168552, 1.0519012231472415, 1.0604058710082023, 1.1010962834034748, 1.1484706050156464, 1.2414843039249468, 1.286522046207647, 1.3072562312959182, 1.4024657757114494, 1.4690763553789117, 1.4352382086312834, 1.3078676789813133, 1.2336627867197074, 1.2117583717879756, 1.0914323600059634]",HEUR_VOR,153.9275650024414,0.36090871043948747,0.3551641939274252,426.5,426.5,1.0,2.4,74.1,352.4
43,5,0.67,0.1,5,5,6,5.5,5.5,0.19,0.5,42,1,[0.1],0.1,0.2442732516826255,10,7.778174593052023,0.07071067811865475,0.38890872965260115,0.07071067811865475,0.17272727272727273,20260927T095930443635Z_577f21e5,2,5760.0,40,True,81,"[0.8592549273600911, 0.6058380411445193, 0.4316697215292379, 0.32461244914431125, 0.29898418014229616, 0.3853292566116986, 0.6184818884427356, 0.9112753545916268, 1.124060711596949, 1.0918553682168552, 1.0519012231472415, 1.0604058710082023, 1.1010962834034748, 1.1484706050156464, 1.2414843039249468, 1.286522046207647, 1.3072562312959182, 1.4024657757114494, 1.4690763553789117, 1.4352382086312834, 1.3078676789813133, 1.2336627867197074, 1.2117583717879756, 1.0914323600059634]",FOUR_ZONE,94.90855407714844,0.30351312464710084,0.30059811927872226,312.7,312.7,1.0,0.4,9.6,303.1
43,5,0.67,0.1,5,5,6,5.5,5.5,0.19,0.5,42,1,[0.1],0.1,0.2442732516826255,10,7.778174593052023,0.07071067811865475,0.38890872965260115,0.07071067811865475,0.17272727272727273,20260927T095930443635Z_577f21e5,2,5760.0,40,True,81,"[0.8592549273600911, 0.6058380411445193, 0.4316697215292379, 0.32461244914431125, 0.29898418014229616, 0.3853292566116986, 0.6184818884427356, 0.9112753545916268, 1.124060711596949, 1.0918553682168552, 1.0519012231472415, 1.0604058710082023, 1.1010962834034748, 1.1484706050156464, 1.2414843039249468, 1.286522046207647, 1.3072562312959182, 1.4024657757114494, 1.4690763553789117, 1.4352382086312834, 1.3078676789813133, 1.2336627867197074, 1.2117583717879756, 1.0914323600059634]",PURE,85.6,0.2575210589651023,0.2594351070775064,332.4,332.4,1.0,0.0,0.0,332.4
43,5,0.67,0.1,5,5,6,5.5,5.5,0.19,0.5,42,1,[0.1],0.1,0.2442732516826255,10,7.778174593052023,0.07071067811865475,0.38890872965260115,0.07071067811865475,0.17272727272727273,20260927T095930443635Z_577f21e5,2,5760.0,40,True,81,"[0.8592549273600911, 0.6058380411445193, 0.4316697215292379, 0.32461244914431125, 0.29898418014229616, 0.3853292566116986, 0.6184818884427356, 0.9112753545916268, 1.124060711596949, 1.0918553682168552, 1.0519012231472415, 1.0604058710082023, 1.1010962834034748, 1.1484706050156464, 1.2414843039249468, 1.286522046207647, 1.3072562312959182, 1.4024657757114494, 1.4690763553789117, 1.4352382086312834, 1.3078676789813133, 1.2336627867197074, 1.2117583717879756, 1.0914323600059634]",PURE_OR,85.6,0.31082062454611475,0.310014222554246,275.4,275.4,1.0,0.0,0.0,275.4
44,5,0.67,0.2,5,5,6,5.5,5.5,0.19,0.5,42,1,[0.2],0.2,0.2442732516826255,10,7.778174593052023,0.1414213562373095,0.7778174593052023,0.1414213562373095,0.17272727272727273,20260927T095930443635Z_577f21e5,2,5760.0,40,True,81,"[0.8592549273600911, 0.6058380411445193, 0.4316697215292379, 0.32461244914431125, 0.29898418014229616, 0.3853292566116986, 0.6184818884427356, 0.9112753545916268, 1.124060711596949, 1.0918553682168552, 1.0519012231472415, 1.0604058710082023, 1.1010962834034748, 1.1484706050156464, 1.2414843039249468, 1.286522046207647, 1.3072562312959182, 1.4024657757114494, 1.4690763553789117, 1.4352382086312834, 1.3078676789813133, 1.2336627867197074, 1.2117583717879756, 1.0914323600059634]",DRL,1311.2280517578124,0.585474214930261,0.5910655975341796,2239.6,2239.6,1.0,40.8,1752.8,486.8
44,5,0.67,0.2,5,5,6,5.5,5.5,0.19,0.5,42,1,[0.2],0.2,0.2442732516826255,10,7.778174593052023,0.1414213562373095,0.7778174593052023,0.1414213562373095,0.17272727272727273,20260927T095930443635Z_577f21e5,2,5760.0,40,True,81,"[0.8592549273600911, 0.6058380411445193, 0.4316697215292379, 0.32461244914431125, 0.29898418014229616, 0.3853292566116986, 0.6184818884427356, 0.9112753545916268, 1.124060711596949, 1.0918553682168552, 1.0519012231472415, 1.0604058710082023, 1.1010962834034748, 1.1484706050156464, 1.2414843039249468, 1.286522046207647, 1.3072562312959182, 1.4024657757114494, 1.4690763553789117, 1.4352382086312834, 1.3078676789813133, 1.2336627867197074, 1.2117583717879756, 1.0914323600059634]",HEUR,614.4107971191406,0.5431975927142964,0.5367117047309875,1131.1,1131.1,1.0,17.8,619.9,511.2
44,5,0.67,0.2,5,5,6,5.5,5.5,0.19,0.5,42,1,[0.2],0.2,0.2442732516826255,10,7.778174593052023,0.1414213562373095,0.7778174593052023,0.1414213562373095,0.17272727272727273,20260927T095930443635Z_577f21e5,2,5760.0,40,True,81,"[0.8592549273600911, 0.6058380411445193, 0.4316697215292379, 0.32461244914431125, 0.29898418014229616, 0.3853292566116986, 0.6184818884427356, 0.9112753545916268, 1.124060711596949, 1.0918553682168552, 1.0519012231472415, 1.0604058710082023, 1.1010962834034748, 1.1484706050156464, 1.2414843039249468, 1.286522046207647, 1.3072562312959182, 1.4024657757114494, 1.4690763553789117, 1.4352382086312834, 1.3078676789813133, 1.2336627867197074, 1.2117583717879756, 1.0914323600059634]",HEUR_VOR,258.5881820678711,0.46542149400264776,0.456376838684082,555.6,555.6,1.0,5.8,202.2,353.4
44,5,0.67,0.2,5,5,6,5.5,5.5,0.19,0.5,42,1,[0.2],0.2,0.2442732516826255,10,7.778174593052023,0.1414213562373095,0.7778174593052023,0.1414213562373095,0.17272727272727273,20260927T095930443635Z_577f21e5,2,5760.0,40,True,81,"[0.8592549273600911, 0.6058380411445193, 0.4316697215292379, 0.32461244914431125, 0.29898418014229616, 0.3853292566116986, 0.6184818884427356, 0.9112753545916268, 1.124060711596949, 1.0918553682168552, 1.0519012231472415, 1.0604058710082023, 1.1010962834034748, 1.1484706050156464, 1.2414843039249468, 1.286522046207647, 1.3072562312959182, 1.4024657757114494, 1.4690763553789117, 1.4352382086312834, 1.3078676789813133, 1.2336627867197074, 1.2117583717879756, 1.0914323600059634]",FOUR_ZONE,125.6292938232422,0.3725661145410504,0.3725503552321841,337.2,337.2,1.0,1.2,43.0,294.2
44,5,0.67,0.2,5,5,6,5.5,5.5,0.19,0.5,42,1,[0.2],0.2,0.2442732516826255,10,7.778174593052023,0.1414213562373095,0.7778174593052023,0.1414213562373095,0.17272727272727273,20260927T095930443635Z_577f21e5,2,5760.0,40,True,81,"[0.8592549273600911, 0.6058380411445193, 0.4316697215292379, 0.32461244914431125, 0.29898418014229616, 0.3853292566116986, 0.6184818884427356, 0.9112753545916268, 1.124060711596949, 1.0918553682168552, 1.0519012231472415, 1.0604058710082023, 1.1010962834034748, 1.1484706050156464, 1.2414843039249468, 1.286522046207647, 1.3072562312959182, 1.4024657757114494, 1.4690763553789117, 1.4352382086312834, 1.3078676789813133, 1.2336627867197074, 1.2117583717879756, 1.0914323600059634]",PURE,85.6,0.2575210589651023,0.2594351070775064,332.4,332.4,1.0,0.0,0.0,332.4
44,5,0.67,0.2,5,5,6,5.5,5.5,0.19,0.5,42,1,[0.2],0.2,0.2442732516826255,10,7.778174593052023,0.1414213562373095,0.7778174593052023,0.1414213562373095,0.17272727272727273,20260927T095930443635Z_577f21e5,2,5760.0,40,True,81,"[0.8592549273600911, 0.6058380411445193, 0.4316697215292379, 0.32461244914431125, 0.29898418014229616, 0.3853292566116986, 0.6184818884427356, 0.9112753545916268, 1.124060711596949, 1.0918553682168552, 1.0519012231472415, 1.0604058710082023, 1.1010962834034748, 1.1484706050156464, 1.2414843039249468, 1.286522046207647, 1.3072562312959182, 1.4024657757114494, 1.4690763553789117, 1.4352382086312834, 1.3078676789813133, 1.2336627867197074, 1.2117583717879756, 1.0914323600059634]",PURE_OR,85.6,0.31082062454611475,0.310014222554246,275.4,275.4,1.0,0.0,0.0,275.4
45,5,0.67,0.3,5,5,6,5.5,5.5,0.19,0.5,42,1,"[0.3, 0.4]",0.2442732516826255,0.2442732516826255,10,7.778174593052023,0.21213203435596423,1.1667261889578033,0.17272727272727273,0.17272727272727273,20260927T095930443635Z_577f21e5,2,5760.0,40,True,81,"[0.8592549273600911, 0.6058380411445193, 0.4316697215292379, 0.32461244914431125, 0.29898418014229616, 0.3853292566116986, 0.6184818884427356, 0.9112753545916268, 1.124060711596949, 1.0918553682168552, 1.0519012231472415, 1.0604058710082023, 1.1010962834034748, 1.1484706050156464, 1.2414843039249468, 1.286522046207647, 1.3072562312959182, 1.4024657757114494, 1.4690763553789117, 1.4352382086312834, 1.3078676789813133, 1.2336627867197074, 1.2117583717879756, 1.0914323600059634]",DRL,2050.2672607421873,0.6307350214551737,0.629686713218689,3250.6,3250.6,1.0,66.2,2717.8,532.8
45,5,0.67,0.3,5,5,6,5.5,5.5,0.19,0.5,42,1,"[0.3, 0.4]",0.2442732516826255,0.2442732516826255,10,7.778174593052023,0.21213203435596423,1.1667261889578033,0.17272727272727273,0.17272727272727273,20260927T095930443635Z_577f21e5,2,5760.0,40,True,81,"[0.8592549273600911, 0.6058380411445193, 0.4316697215292379, 0.32461244914431125, 0.29898418014229616, 0.3853292566116986, 0.6184818884427356, 0.9112753545916268, 1.124060711596949, 1.0918553682168552, 1.0519012231472415, 1.0604058710082023, 1.1010962834034748, 1.1484706050156464, 1.2414843039249468, 1.286522046207647, 1.3072562312959182, 1.4024657757114494, 1.4690763553789117, 1.4352382086312834, 1.3078676789813133, 1.2336627867197074, 1.2117583717879756, 1.0914323600059634]",HEUR,766.0296691894531,0.5833749670165662,0.57621750831604,1313.1,1313.1,1.0,24.2,816.9,496.2
45,5,0.67,0.3,5,5,6,5.5,5.5,0.19,0.5,42,1,"[0.3, 0.4]",0.2442732516826255,0.2442732516826255,10,7.778174593052023,0.21213203435596423,1.1667261889578033,0.17272727272727273,0.17272727272727273,20260927T095930443635Z_577f21e5,2,5760.0,40,True,81,"[0.8592549273600911, 0.6058380411445193, 0.4316697215292379, 0.32461244914431125, 0.29898418014229616, 0.3853292566116986, 0.6184818884427356, 0.9112753545916268, 1.124060711596949, 1.0918553682168552, 1.0519012231472415, 1.0604058710082023, 1.1010962834034748, 1.1484706050156464, 1.2414843039249468, 1.286522046207647, 1.3072562312959182, 1.4024657757114494, 1.4690763553789117, 1.4352382086312834, 1.3078676789813133, 1.2336627867197074, 1.2117583717879756, 1.0914323600059634]",HEUR_VOR,362.11928405761716,0.5548870426871241,0.5473341464996337,652.6,652.6,1.0,9.4,330.8,321.8
45,5,0.67,0.3,5,5,6,5.5,5.5,0.19,0.5,42,1,"[0.3, 0.4]",0.2442732516826255,0.2442732516826255,10,7.778174593052023,0.21213203435596423,1.1667261889578033,0.17272727272727273,0.17272727272727273,20260927T095930443635Z_577f21e5,2,5760.0,40,True,81,"[0.8592549273600911, 0.6058380411445193, 0.4316697215292379, 0.32461244914431125, 0.29898418014229616, 0.3853292566116986, 0.6184818884427356, 0.9112753545916268, 1.124060711596949, 1.0918553682168552, 1.0519012231472415, 1.0604058710082023, 1.1010962834034748, 1.1484706050156464, 1.2414843039249468, 1.286522046207647, 1.3072562312959182, 1.4024657757114494, 1.4690763553789117, 1.4352382086312834, 1.3078676789813133, 1.2336627867197074, 1.2117583717879756, 1.0914323600059634]",FOUR_ZONE,133.27415771484374,0.3903753887370936,0.3888277995948245,341.4,341.4,1.0,1.4,51.7,289.7
45,5,0.67,0.3,5,5,6,5.5,5.5,0.19,0.5,42,1,"[0.3, 0.4]",0.2442732516826255,0.2442732516826255,10,7.778174593052023,0.21213203435596423,1.1667261889578033,0.17272727272727273,0.17272727272727273,20260927T095930443635Z_577f21e5,2,5760.0,40,True,81,"[0.8592549273600911, 0.6058380411445193, 0.4316697215292379, 0.32461244914431125, 0.29898418014229616, 0.3853292566116986, 0.6184818884427356, 0.9112753545916268, 1.124060711596949, 1.0918553682168552, 1.0519012231472415, 1.0604058710082023, 1.1010962834034748, 1.1484706050156464, 1.2414843039249468, 1.286522046207647, 1.3072562312959182, 1.4024657757114494, 1.4690763553789117, 1.4352382086312834, 1.3078676789813133, 1.2336627867197074, 1.2117583717879756, 1.0914323600059634]",PURE,85.6,0.2575210589651023,0.2594351070775064,332.4,332.4,1.0,0.0,0.0,332.4
45,5,0.67,0.3,5,5,6,5.5,5.5,0.19,0.5,42,1,"[0.3, 0.4]",0.2442732516826255,0.2442732516826255,10,7.778174593052023,0.21213203435596423,1.1667261889578033,0.17272727272727273,0.17272727272727273,20260927T095930443635Z_577f21e5,2,5760.0,40,True,81,"[0.8592549273600911, 0.6058380411445193, 0.4316697215292379, 0.32461244914431125, 0.29898418014229616, 0.3853292566116986, 0.6184818884427356, 0.9112753545916268, 1.124060711596949, 1.0918553682168552, 1.0519012231472415, 1.0604058710082023, 1.1010962834034748, 1.1484706050156464, 1.2414843039249468, 1.286522046207647, 1.3072562312959182, 1.4024657757114494, 1.4690763553789117, 1.4352382086312834, 1.3078676789813133, 1.2336627867197074, 1.2117583717879756, 1.0914323600059634]",PURE_OR,85.6,0.31082062454611475,0.310014222554246,275.4,275.4,1.0,0.0,0.0,275.4
46,5,0.67,0.1,5,5,6,6.0,5.5,0.19,0.5,42,1,[0.1],0.1,0.2442732516826255,10,7.778174593052023,0.07071067811865475,0.38890872965260115,0.07071067811865475,0.17272727272727273,20260927T095930443635Z_577f21e5,2,5760.0,40,True,81,"[0.8592549273600911, 0.6058380411445193, 0.4316697215292379, 0.32461244914431125, 0.29898418014229616, 0.3853292566116986, 0.6184818884427356, 0.9112753545916268, 1.124060711596949, 1.0918553682168552, 1.0519012231472415, 1.0604058710082023, 1.1010962834034748, 1.1484706050156464, 1.2414843039249468, 1.286522046207647, 1.3072562312959182, 1.4024657757114494, 1.4690763553789117, 1.4352382086312834, 1.3078676789813133, 1.2336627867197074, 1.2117583717879756, 1.0914323600059634]",DRL,365.2103271484375,0.47758640924341245,0.4742580771446228,764.7,764.7,1.0,8.6,364.2,400.5
46,5,0.67,0.1,5,5,6,6.0,5.5,0.19,0.5,42,1,[0.1],0.1,0.2442732516826255,10,7.778174593052023,0.07071067811865475,0.38890872965260115,0.07071067811865475,0.17272727272727273,20260927T095930443635Z_577f21e5,2,5760.0,40,True,81,"[0.8592549273600911, 0.6058380411445193, 0.4316697215292379, 0.32461244914431125, 0.29898418014229616, 0.3853292566116986, 0.6184818884427356, 0.9112753545916268, 1.124060711596949, 1.0918553682168552, 1.0519012231472415, 1.0604058710082023, 1.1010962834034748, 1.1484706050156464, 1.2414843039249468, 1.286522046207647, 1.3072562312959182, 1.4024657757114494, 1.4690763553789117, 1.4352382086312834, 1.3078676789813133, 1.2336627867197074, 1.2117583717879756, 1.0914323600059634]",HEUR,244.83403625488282,0.45373246155463826,0.4412169992923737,539.6,539.6,1.0,5.2,171.9,367.7
46,5,0.67,0.1,5,5,6,6.0,5.5,0.19,0.5,42,1,[0.1],0.1,0.2442732516826255,10,7.778174593052023,0.07071067811865475,0.38890872965260115,0.07071067811865475,0.17272727272727273,20260927T095930443635Z_577f21e5,2,5760.0,40,True,81,"[0.8592549273600911, 0.6058380411445193, 0.4316697215292379, 0.32461244914431125, 0.29898418014229616, 0.3853292566116986, 0.6184818884427356, 0.9112753545916268, 1.124060711596949, 1.0918553682168552, 1.0519012231472415, 1.0604058710082023, 1.1010962834034748, 1.1484706050156464, 1.2414843039249468, 1.286522046207647, 1.3072562312959182, 1.4024657757114494, 1.4690763553789117, 1.4352382086312834, 1.3078676789813133, 1.2336627867197074, 1.2117583717879756, 1.0914323600059634]",HEUR_VOR,160.1392349243164,0.3754730009948802,0.36874464136280427,426.5,426.5,1.0,2.4,74.1,352.4
46,5,0.67,0.1,5,5,6,6.0,5.5,0.19,0.5,42,1,[0.1],0.1,0.2442732516826255,10,7.778174593052023,0.07071067811865475,0.38890872965260115,0.07071067811865475,0.17272727272727273,20260927T095930443635Z_577f21e5,2,5760.0,40,True,81,"[0.8592549273600911, 0.6058380411445193, 0.4316697215292379, 0.32461244914431125, 0.29898418014229616, 0.3853292566116986, 0.6184818884427356, 0.9112753545916268, 1.124060711596949, 1.0918553682168552, 1.0519012231472415, 1.0604058710082023, 1.1010962834034748, 1.1484706050156464, 1.2414843039249468, 1.286522046207647, 1.3072562312959182, 1.4024657757114494, 1.4690763553789117, 1.4352382086312834, 1.3078676789813133, 1.2336627867197074, 1.2117583717879756, 1.0914323600059634]",FOUR_ZONE,95.75478820800781,0.30621934188681743,0.3030463919838004,312.7,312.7,1.0,0.4,9.6,303.1
46,5,0.67,0.1,5,5,6,6.0,5.5,0.19,0.5,42,1,[0.1],0.1,0.2442732516826255,10,7.778174593052023,0.07071067811865475,0.38890872965260115,0.07071067811865475,0.17272727272727273,20260927T095930443635Z_577f21e5,2,5760.0,40,True,81,"[0.8592549273600911, 0.6058380411445193, 0.4316697215292379, 0.32461244914431125, 0.29898418014229616, 0.3853292566116986, 0.6184818884427356, 0.9112753545916268, 1.124060711596949, 1.0918553682168552, 1.0519012231472415, 1.0604058710082023, 1.1010962834034748, 1.1484706050156464, 1.2414843039249468, 1.286522046207647, 1.3072562312959182, 1.4024657757114494, 1.4690763553789117, 1.4352382086312834, 1.3078676789813133, 1.2336627867197074, 1.2117583717879756, 1.0914323600059634]",PURE,85.6,0.2575210589651023,0.2594351070775064,332.4,332.4,1.0,0.0,0.0,332.4
46,5,0.67,0.1,5,5,6,6.0,5.5,0.19,0.5,42,1,[0.1],0.1,0.2442732516826255,10,7.778174593052023,0.07071067811865475,0.38890872965260115,0.07071067811865475,0.17272727272727273,20260927T095930443635Z_577f21e5,2,5760.0,40,True,81,"[0.8592549273600911, 0.6058380411445193, 0.4316697215292379, 0.32461244914431125, 0.29898418014229616, 0.3853292566116986, 0.6184818884427356, 0.9112753545916268, 1.124060711596949, 1.0918553682168552, 1.0519012231472415, 1.0604058710082023, 1.1010962834034748, 1.1484706050156464, 1.2414843039249468, 1.286522046207647, 1.3072562312959182, 1.4024657757114494, 1.4690763553789117, 1.4352382086312834, 1.3078676789813133, 1.2336627867197074, 1.2117583717879756, 1.0914323600059634]",PURE_OR,85.6,0.31082062454611475,0.310014222554246,275.4,275.4,1.0,0.0,0.0,275.4
47,5,0.67,0.2,5,5,6,6.0,5.5,0.19,0.5,42,1,[0.2],0.2,0.2442732516826255,10,7.778174593052023,0.1414213562373095,0.7778174593052023,0.1414213562373095,0.17272727272727273,20260927T095930443635Z_577f21e5,2,5760.0,40,True,81,"[0.8592549273600911, 0.6058380411445193, 0.4316697215292379, 0.32461244914431125, 0.29898418014229616, 0.3853292566116986, 0.6184818884427356, 0.9112753545916268, 1.124060711596949, 1.0918553682168552, 1.0519012231472415, 1.0604058710082023, 1.1010962834034748, 1.1484706050156464, 1.2414843039249468, 1.286522046207647, 1.3072562312959182, 1.4024657757114494, 1.4690763553789117, 1.4352382086312834, 1.3078676789813133, 1.2336627867197074, 1.2117583717879756, 1.0914323600059634]",DRL,1580.2617431640624,0.6314479913546162,0.6377978563308716,2502.6,2502.6,1.0,47.2,2000.6,502.0
47,5,0.67,0.2,5,5,6,6.0,5.5,0.19,0.5,42,1,[0.2],0.2,0.2442732516826255,10,7.778174593052023,0.1414213562373095,0.7778174593052023,0.1414213562373095,0.17272727272727273,20260927T095930443635Z_577f21e5,2,5760.0,40,True,81,"[0.8592549273600911, 0.6058380411445193, 0.4316697215292379, 0.32461244914431125, 0.29898418014229616, 0.3853292566116986, 0.6184818884427356, 0.9112753545916268, 1.124060711596949, 1.0918553682168552, 1.0519012231472415, 1.0604058710082023, 1.1010962834034748, 1.1484706050156464, 1.2414843039249468, 1.286522046207647, 1.3072562312959182, 1.4024657757114494, 1.4690763553789117, 1.4352382086312834, 1.3078676789813133, 1.2336627867197074, 1.2117583717879756, 1.0914323600059634]",HEUR,662.4875122070313,0.5857019823243137,0.5785627603530884,1131.1,1131.1,1.0,17.8,619.9,511.2
47,5,0.67,0.2,5,5,6,6.0,5.5,0.19,0.5,42,1,[0.2],0.2,0.2442732516826255,10,7.778174593052023,0.1414213562373095,0.7778174593052023,0.1414213562373095,0.17272727272727273,20260927T095930443635Z_577f21e5,2,5760.0,40,True,81,"[0.8592549273600911, 0.6058380411445193, 0.4316697215292379, 0.32461244914431125, 0.29898418014229616, 0.3853292566116986, 0.6184818884427356, 0.9112753545916268, 1.124060711596949, 1.0918553682168552, 1.0519012231472415, 1.0604058710082023, 1.1010962834034748, 1.1484706050156464, 1.2414843039249468, 1.286522046207647, 1.3072562312959182, 1.4024657757114494, 1.4690763553789117, 1.4352382086312834, 1.3078676789813133, 1.2336627867197074, 1.2117583717879756, 1.0914323600059634]",HEUR_VOR,274.3147369384766,0.49372702832699167,0.48356643319129944,555.6,555.6,1.0,5.8,202.2,353.4
47,5,0.67,0.2,5,5,6,6.0,5.5,0.19,0.5,42,1,[0.2],0.2,0.2442732516826255,10,7.778174593052023,0.1414213562373095,0.7778174593052023,0.1414213562373095,0.17272727272727273,20260927T095930443635Z_577f21e5,2,5760.0,40,True,81,"[0.8592549273600911, 0.6058380411445193, 0.4316697215292379, 0.32461244914431125, 0.29898418014229616, 0.3853292566116986, 0.6184818884427356, 0.9112753545916268, 1.124060711596949, 1.0918553682168552, 1.0519012231472415, 1.0604058710082023, 1.1010962834034748, 1.1484706050156464, 1.2414843039249468, 1.286522046207647, 1.3072562312959182, 1.4024657757114494, 1.4690763553789117, 1.4352382086312834, 1.3078676789813133, 1.2336627867197074, 1.2117583717879756, 1.0914323600059634]",FOUR_ZONE,129.2683578491211,0.3833581193627553,0.3833313155536105,337.2,337.2,1.0,1.2,43.0,294.2
47,5,0.67,0.2,5,5,6,6.0,5.5,0.19,0.5,42,1,[0.2],0.2,0.2442732516826255,10,7.778174593052023,0.1414213562373095,0.7778174593052023,0.1414213562373095,0.17272727272727273,20260927T095930443635Z_577f21e5,2,5760.0,40,True,81,"[0.8592549273600911, 0.6058380411445193, 0.4316697215292379, 0.32461244914431125, 0.29898418014229616, 0.3853292566116986, 0.6184818884427356, 0.9112753545916268, 1.124060711596949, 1.0918553682168552, 1.0519012231472415, 1.0604058710082023, 1.1010962834034748, 1.1484706050156464, 1.2414843039249468, 1.286522046207647, 1.3072562312959182, 1.4024657757114494, 1.4690763553789117, 1.4352382086312834, 1.3078676789813133, 1.2336627867197074, 1.2117583717879756, 1.0914323600059634]",PURE,85.6,0.2575210589651023,0.2594351070775064,332.4,332.4,1.0,0.0,0.0,332.4
47,5,0.67,0.2,5,5,6,6.0,5.5,0.19,0.5,42,1,[0.2],0.2,0.2442732516826255,10,7.778174593052023,0.1414213562373095,0.7778174593052023,0.1414213562373095,0.17272727272727273,20260927T095930443635Z_577f21e5,2,5760.0,40,True,81,"[0.8592549273600911, 0.6058380411445193, 0.4316697215292379, 0.32461244914431125, 0.29898418014229616, 0.3853292566116986, 0.6184818884427356, 0.9112753545916268, 1.124060711596949, 1.0918553682168552, 1.0519012231472415, 1.0604058710082023, 1.1010962834034748, 1.1484706050156464, 1.2414843039249468, 1.286522046207647, 1.3072562312959182, 1.4024657757114494, 1.4690763553789117, 1.4352382086312834, 1.3078676789813133, 1.2336627867197074, 1.2117583717879756, 1.0914323600059634]",PURE_OR,85.6,0.31082062454611475,0.310014222554246,275.4,275.4,1.0,0.0,0.0,275.4
48,5,0.67,0.3,5,5,6,6.0,5.5,0.19,0.5,42,1,"[0.3, 0.4]",0.2442732516826255,0.2442732516826255,10,7.778174593052023,0.21213203435596423,1.1667261889578033,0.17272727272727273,0.17272727272727273,20260927T095930443635Z_577f21e5,2,5760.0,40,True,81,"[0.8592549273600911, 0.6058380411445193, 0.4316697215292379, 0.32461244914431125, 0.29898418014229616, 0.3853292566116986, 0.6184818884427356, 0.9112753545916268, 1.124060711596949, 1.0918553682168552, 1.0519012231472415, 1.0604058710082023, 1.1010962834034748, 1.1484706050156464, 1.2414843039249468, 1.286522046207647, 1.3072562312959182, 1.4024657757114494, 1.4690763553789117, 1.4352382086312834, 1.3078676789813133, 1.2336627867197074, 1.2117583717879756, 1.0914323600059634]",DRL,2358.9193603515623,0.6809223682566644,0.6811069130897522,3464.3,3464.3,1.0,68.2,2858.2,606.1
48,5,0.67,0.3,5,5,6,6.0,5.5,0.19,0.5,42,1,"[0.3, 0.4]",0.2442732516826255,0.2442732516826255,10,7.778174593052023,0.21213203435596423,1.1667261889578033,0.17272727272727273,0.17272727272727273,20260927T095930443635Z_577f21e5,2,5760.0,40,True,81,"[0.8592549273600911, 0.6058380411445193, 0.4316697215292379, 0.32461244914431125, 0.29898418014229616, 0.3853292566116986, 0.6184818884427356, 0.9112753545916268, 1.124060711596949, 1.0918553682168552, 1.0519012231472415, 1.0604058710082023, 1.1010962834034748, 1.1484706050156464, 1.2414843039249468, 1.286522046207647, 1.3072562312959182, 1.4024657757114494, 1.4690763553789117, 1.4352382086312834, 1.3078676789813133, 1.2336627867197074, 1.2117583717879756, 1.0914323600059634]",HEUR,827.8860229492187,0.6304820828186877,0.6225010871887207,1313.1,1313.1,1.0,24.2,816.9,496.2
48,5,0.67,0.3,5,5,6,6.0,5.5,0.19,0.5,42,1,"[0.3, 0.4]",0.2442732516826255,0.2442732516826255,10,7.778174593052023,0.21213203435596423,1.1667261889578033,0.17272727272727273,0.17272727272727273,20260927T095930443635Z_577f21e5,2,5760.0,40,True,81,"[0.8592549273600911, 0.6058380411445193, 0.4316697215292379, 0.32461244914431125, 0.29898418014229616, 0.3853292566116986, 0.6184818884427356, 0.9112753545916268, 1.124060711596949, 1.0918553682168552, 1.0519012231472415, 1.0604058710082023, 1.1010962834034748, 1.1484706050156464, 1.2414843039249468, 1.286522046207647, 1.3072562312959182, 1.4024657757114494, 1.4690763553789117, 1.4352382086312834, 1.3078676789813133, 1.2336627867197074, 1.2117583717879756, 1.0914323600059634]",HEUR_VOR,387.2603393554688,0.5934114915039361,0.584781265258789,652.6,652.6,1.0,9.4,330.8,321.8
48,5,0.67,0.3,5,5,6,6.0,5.5,0.19,0.5,42,1,"[0.3, 0.4]",0.2442732516826255,0.2442732516826255,10,7.778174593052023,0.21213203435596423,1.1667261889578033,0.17272727272727273,0.17272727272727273,20260927T095930443635Z_577f21e5,2,5760.0,40,True,81,"[0.8592549273600911, 0.6058380411445193, 0.4316697215292379, 0.32461244914431125, 0.29898418014229616, 0.3853292566116986, 0.6184818884427356, 0.9112753545916268, 1.124060711596949, 1.0918553682168552, 1.0519012231472415, 1.0604058710082023, 1.1010962834034748, 1.1484706050156464, 1.2414843039249468, 1.286522046207647, 1.3072562312959182, 1.4024657757114494, 1.4690763553789117, 1.4352382086312834, 1.3078676789813133, 1.2336627867197074, 1.2117583717879756, 1.0914323600059634]",FOUR_ZONE,137.608203125,0.40307030792325715,0.40137715224069853,341.4,341.4,1.0,1.4,51.7,289.7
48,5,0.67,0.3,5,5,6,6.0,5.5,0.19,0.5,42,1,"[0.3, 0.4]",0.2442732516826255,0.2442732516826255,10,7.778174593052023,0.21213203435596423,1.1667261889578033,0.17272727272727273,0.17272727272727273,20260927T095930443635Z_577f21e5,2,5760.0,40,True,81,"[0.8592549273600911, 0.6058380411445193, 0.4316697215292379, 0.32461244914431125, 0.29898418014229616, 0.3853292566116986, 0.6184818884427356, 0.9112753545916268, 1.124060711596949, 1.0918553682168552, 1.0519012231472415, 1.0604058710082023, 1.1010962834034748, 1.1484706050156464, 1.2414843039249468, 1.286522046207647, 1.3072562312959182, 1.4024657757114494, 1.4690763553789117, 1.4352382086312834, 1.3078676789813133, 1.2336627867197074, 1.2117583717879756, 1.0914323600059634]",PURE,85.6,0.2575210589651023,0.2594351070775064,332.4,332.4,1.0,0.0,0.0,332.4
48,5,0.67,0.3,5,5,6,6.0,5.5,0.19,0.5,42,1,"[0.3, 0.4]",0.2442732516826255,0.2442732516826255,10,7.778174593052023,0.21213203435596423,1.1667261889578033,0.17272727272727273,0.17272727272727273,20260927T095930443635Z_577f21e5,2,5760.0,40,True,81,"[0.8592549273600911, 0.6058380411445193, 0.4316697215292379, 0.32461244914431125, 0.29898418014229616, 0.3853292566116986, 0.6184818884427356, 0.9112753545916268, 1.124060711596949, 1.0918553682168552, 1.0519012231472415, 1.0604058710082023, 1.1010962834034748, 1.1484706050156464, 1.2414843039249468, 1.286522046207647, 1.3072562312959182, 1.4024657757114494, 1.4690763553789117, 1.4352382086312834, 1.3078676789813133, 1.2336627867197074, 1.2117583717879756, 1.0914323600059634]",PURE_OR,85.6,0.31082062454611475,0.310014222554246,275.4,275.4,1.0,0.0,0.0,275.4
49,5,0.83,0.1,5,5,6,5.5,5.5,0.19,0.5,42,1,[0.1],0.1,0.2442732516826255,10,7.778174593052023,0.07071067811865475,0.38890872965260115,0.07071067811865475,0.17272727272727273,20260927T095930443635Z_577f21e5,2,5760.0,40,True,81,"[0.8592549273600911, 0.6058380411445193, 0.4316697215292379, 0.32461244914431125, 0.29898418014229616, 0.3853292566116986, 0.6184818884427356, 0.9112753545916268, 1.124060711596949, 1.0918553682168552, 1.0519012231472415, 1.0604058710082023, 1.1010962834034748, 1.1484706050156464, 1.2414843039249468, 1.286522046207647, 1.3072562312959182, 1.4024657757114494, 1.4690763553789117, 1.4352382086312834, 1.3078676789813133, 1.2336627867197074, 1.2117583717879756, 1.0914323600059634]",DRL,452.8162902832031,0.4728658002122004,0.47701677680015564,957.6,957.6,1.0,10.0,510.3,447.3
49,5,0.83,0.1,5,5,6,5.5,5.5,0.19,0.5,42,1,[0.1],0.1,0.2442732516826255,10,7.778174593052023,0.07071067811865475,0.38890872965260115,0.07071067811865475,0.17272727272727273,20260927T095930443635Z_577f21e5,2,5760.0,40,True,81,"[0.8592549273600911, 0.6058380411445193, 0.4316697215292379, 0.32461244914431125, 0.29898418014229616, 0.3853292566116986, 0.6184818884427356, 0.9112753545916268, 1.124060711596949, 1.0918553682168552, 1.0519012231472415, 1.0604058710082023, 1.1010962834034748, 1.1484706050156464, 1.2414843039249468, 1.286522046207647, 1.3072562312959182, 1.4024657757114494, 1.4690763553789117, 1.4352382086312834, 1.3078676789813133, 1.2336627867197074, 1.2117583717879756, 1.0914323600059634]",HEUR,268.6832000732422,0.4577226577056937,0.4571122586727142,587.0,587.0,1.0,5.6,191.5,395.5
49,5,0.83,0.1,5,5,6,5.5,5.5,0.19,0.5,42,1,[0.1],0.1,0.2442732516826255,10,7.778174593052023,0.07071067811865475,0.38890872965260115,0.07071067811865475,0.17272727272727273,20260927T095930443635Z_577f21e5,2,5760.0,40,True,81,"[0.8592549273600911, 0.6058380411445193, 0.4316697215292379, 0.32461244914431125, 0.29898418014229616, 0.3853292566116986, 0.6184818884427356, 0.9112753545916268, 1.124060711596949, 1.0918553682168552, 1.0519012231472415, 1.0604058710082023, 1.1010962834034748, 1.1484706050156464, 1.2414843039249468, 1.286522046207647, 1.3072562312959182, 1.4024657757114494, 1.4690763553789117, 1.4352382086312834, 1.3078676789813133, 1.2336627867197074, 1.2117583717879756, 1.0914323600059634]",HEUR_VOR,197.6576416015625,0.4209960417498669,0.41926353573799136,469.5,469.5,1.0,2.8,102.2,367.3
49,5,0.83,0.1,5,5,6,5.5,5.5,0.19,0.5,42,1,[0.1],0.1,0.2442732516826255,10,7.778174593052023,0.07071067811865475,0.38890872965260115,0.07071067811865475,0.17272727272727273,20260927T095930443635Z_577f21e5,2,5760.0,40,True,81,"[0.8592549273600911, 0.6058380411445193, 0.4316697215292379, 0.32461244914431125, 0.29898418014229616, 0.3853292566116986, 0.6184818884427356, 0.9112753545916268, 1.124060711596949, 1.0918553682168552, 1.0519012231472415, 1.0604058710082023, 1.1010962834034748, 1.1484706050156464, 1.2414843039249468, 1.286522046207647, 1.3072562312959182, 1.4024657757114494, 1.4690763553789117, 1.4352382086312834, 1.3078676789813133, 1.2336627867197074, 1.2117583717879756, 1.0914323600059634]",FOUR_ZONE,115.84920959472656,0.3372611633034252,0.33754550133605254,343.5,343.5,1.0,0.4,10.9,332.6
49,5,0.83,0.1,5,5,6,5.5,5.5,0.19,0.5,42,1,[0.1],0.1,0.2442732516826255,10,7.778174593052023,0.07071067811865475,0.38890872965260115,0.07071067811865475,0.17272727272727273,20260927T095930443635Z_577f21e5,2,5760.0,40,True,81,"[0.8592549273600911, 0.6058380411445193, 0.4316697215292379, 0.32461244914431125, 0.29898418014229616, 0.3853292566116986, 0.6184818884427356, 0.9112753545916268, 1.124060711596949, 1.0918553682168552, 1.0519012231472415, 1.0604058710082023, 1.1010962834034748, 1.1484706050156464, 1.2414843039249468, 1.286522046207647, 1.3072562312959182, 1.4024657757114494, 1.4690763553789117, 1.4352382086312834, 1.3078676789813133, 1.2336627867197074, 1.2117583717879756, 1.0914323600059634]",PURE,105.2,0.3001426533523538,0.30346051279269637,350.5,350.5,1.0,0.0,0.0,350.5
49,5,0.83,0.1,5,5,6,5.5,5.5,0.19,0.5,42,1,[0.1],0.1,0.2442732516826255,10,7.778174593052023,0.07071067811865475,0.38890872965260115,0.07071067811865475,0.17272727272727273,20260927T095930443635Z_577f21e5,2,5760.0,40,True,81,"[0.8592549273600911, 0.6058380411445193, 0.4316697215292379, 0.32461244914431125, 0.29898418014229616, 0.3853292566116986, 0.6184818884427356, 0.9112753545916268, 1.124060711596949, 1.0918553682168552, 1.0519012231472415, 1.0604058710082023, 1.1010962834034748, 1.1484706050156464, 1.2414843039249468, 1.286522046207647, 1.3072562312959182, 1.4024657757114494, 1.4690763553789117, 1.4352382086312834, 1.3078676789813133, 1.2336627867197074, 1.2117583717879756, 1.0914323600059634]",PURE_OR,105.2,0.34278266536331053,0.34290676637664524,306.9,306.9,1.0,0.0,0.0,306.9
50,5,0.83,0.2,5,5,6,5.5,5.5,0.19,0.5,42,1,[0.2],0.2,0.2442732516826255,10,7.778174593052023,0.1414213562373095,0.7778174593052023,0.1414213562373095,0.17272727272727273,20260927T095930443635Z_577f21e5,2,5760.0,40,True,81,"[0.8592549273600911, 0.6058380411445193, 0.4316697215292379, 0.32461244914431125, 0.29898418014229616, 0.3853292566116986, 0.6184818884427356, 0.9112753545916268, 1.124060711596949, 1.0918553682168552, 1.0519012231472415, 1.0604058710082023, 1.1010962834034748, 1.1484706050156464, 1.2414843039249468, 1.286522046207647, 1.3072562312959182, 1.4024657757114494, 1.4690763553789117, 1.4352382086312834, 1.3078676789813133, 1.2336627867197074, 1.2117583717879756, 1.0914323600059634]",DRL,1686.9182373046874,0.6111801156859127,0.6131274104118347,2760.1,2760.1,1.0,51.6,2209.6,550.5
50,5,0.83,0.2,5,5,6,5.5,5.5,0.19,0.5,42,1,[0.2],0.2,0.2442732516826255,10,7.778174593052023,0.1414213562373095,0.7778174593052023,0.1414213562373095,0.17272727272727273,20260927T095930443635Z_577f21e5,2,5760.0,40,True,81,"[0.8592549273600911, 0.6058380411445193, 0.4316697215292379, 0.32461244914431125, 0.29898418014229616, 0.3853292566116986, 0.6184818884427356, 0.9112753545916268, 1.124060711596949, 1.0918553682168552, 1.0519012231472415, 1.0604058710082023, 1.1010962834034748, 1.1484706050156464, 1.2414843039249468, 1.286522046207647, 1.3072562312959182, 1.4024657757114494, 1.4690763553789117, 1.4352382086312834, 1.3078676789813133, 1.2336627867197074, 1.2117583717879756, 1.0914323600059634]",HEUR,792.7992248535156,0.6033020507217987,0.5976688385009765,1314.1,1314.1,1.0,24.2,797.1,517.0
50,5,0.83,0.2,5,5,6,5.5,5.5,0.19,0.5,42,1,[0.2],0.2,0.2442732516826255,10,7.778174593052023,0.1414213562373095,0.7778174593052023,0.1414213562373095,0.17272727272727273,20260927T095930443635Z_577f21e5,2,5760.0,40,True,81,"[0.8592549273600911, 0.6058380411445193, 0.4316697215292379, 0.32461244914431125, 0.29898418014229616, 0.3853292566116986, 0.6184818884427356, 0.9112753545916268, 1.124060711596949, 1.0918553682168552, 1.0519012231472415, 1.0604058710082023, 1.1010962834034748, 1.1484706050156464, 1.2414843039249468, 1.286522046207647, 1.3072562312959182, 1.4024657757114494, 1.4690763553789117, 1.4352382086312834, 1.3078676789813133, 1.2336627867197074, 1.2117583717879756, 1.0914323600059634]",HEUR_VOR,340.628515625,0.5428342878486055,0.5370332360267639,627.5,627.5,1.0,7.8,264.5,363.0
50,5,0.83,0.2,5,5,6,5.5,5.5,0.19,0.5,42,1,[0.2],0.2,0.2442732516826255,10,7.778174593052023,0.1414213562373095,0.7778174593052023,0.1414213562373095,0.17272727272727273,20260927T095930443635Z_577f21e5,2,5760.0,40,True,81,"[0.8592549273600911, 0.6058380411445193, 0.4316697215292379, 0.32461244914431125, 0.29898418014229616, 0.3853292566116986, 0.6184818884427356, 0.9112753545916268, 1.124060711596949, 1.0918553682168552, 1.0519012231472415, 1.0604058710082023, 1.1010962834034748, 1.1484706050156464, 1.2414843039249468, 1.286522046207647, 1.3072562312959182, 1.4024657757114494, 1.4690763553789117, 1.4352382086312834, 1.3078676789813133, 1.2336627867197074, 1.2117583717879756, 1.0914323600059634]",FOUR_ZONE,132.7684814453125,0.36921157242856645,0.36894812126574006,359.6,359.6,1.0,0.8,29.4,330.2
50,5,0.83,0.2,5,5,6,5.5,5.5,0.19,0.5,42,1,[0.2],0.2,0.2442732516826255,10,7.778174593052023,0.1414213562373095,0.7778174593052023,0.1414213562373095,0.17272727272727273,20260927T095930443635Z_577f21e5,2,5760.0,40,True,81,"[0.8592549273600911, 0.6058380411445193, 0.4316697215292379, 0.32461244914431125, 0.29898418014229616, 0.3853292566116986, 0.6184818884427356, 0.9112753545916268, 1.124060711596949, 1.0918553682168552, 1.0519012231472415, 1.0604058710082023, 1.1010962834034748, 1.1484706050156464, 1.2414843039249468, 1.286522046207647, 1.3072562312959182, 1.4024657757114494, 1.4690763553789117, 1.4352382086312834, 1.3078676789813133, 1.2336627867197074, 1.2117583717879756, 1.0914323600059634]",PURE,105.2,0.3001426533523538,0.30346051279269637,350.5,350.5,1.0,0.0,0.0,350.5
50,5,0.83,0.2,5,5,6,5.5,5.5,0.19,0.5,42,1,[0.2],0.2,0.2442732516826255,10,7.778174593052023,0.1414213562373095,0.7778174593052023,0.1414213562373095,0.17272727272727273,20260927T095930443635Z_577f21e5,2,5760.0,40,True,81,"[0.8592549273600911, 0.6058380411445193, 0.4316697215292379, 0.32461244914431125, 0.29898418014229616, 0.3853292566116986, 0.6184818884427356, 0.9112753545916268, 1.124060711596949, 1.0918553682168552, 1.0519012231472415, 1.0604058710082023, 1.1010962834034748, 1.1484706050156464, 1.2414843039249468, 1.286522046207647, 1.3072562312959182, 1.4024657757114494, 1.4690763553789117, 1.4352382086312834, 1.3078676789813133, 1.2336627867197074, 1.2117583717879756, 1.0914323600059634]",PURE_OR,105.2,0.34278266536331053,0.34290676637664524,306.9,306.9,1.0,0.0,0.0,306.9
51,5,0.83,0.3,5,5,6,5.5,5.5,0.19,0.5,42,1,"[0.3, 0.4]",0.2442732516826255,0.2442732516826255,10,7.778174593052023,0.21213203435596423,1.1667261889578033,0.17272727272727273,0.17272727272727273,20260927T095930443635Z_577f21e5,2,5760.0,40,True,81,"[0.8592549273600911, 0.6058380411445193, 0.4316697215292379, 0.32461244914431125, 0.29898418014229616, 0.3853292566116986, 0.6184818884427356, 0.9112753545916268, 1.124060711596949, 1.0918553682168552, 1.0519012231472415, 1.0604058710082023, 1.1010962834034748, 1.1484706050156464, 1.2414843039249468, 1.286522046207647, 1.3072562312959182, 1.4024657757114494, 1.4690763553789117, 1.4352382086312834, 1.3078676789813133, 1.2336627867197074, 1.2117583717879756, 1.0914323600059634]",DRL,2347.7764892578125,0.661326861006116,0.6626414775848388,3550.1,3550.1,1.0,77.4,2988.5,561.6
51,5,0.83,0.3,5,5,6,5.5,5.5,0.19,0.5,42,1,"[0.3, 0.4]",0.2442732516826255,0.2442732516826255,10,7.778174593052023,0.21213203435596423,1.1667261889578033,0.17272727272727273,0.17272727272727273,20260927T095930443635Z_577f21e5,2,5760.0,40,True,81,"[0.8592549273600911, 0.6058380411445193, 0.4316697215292379, 0.32461244914431125, 0.29898418014229616, 0.3853292566116986, 0.6184818884427356, 0.9112753545916268, 1.124060711596949, 1.0918553682168552, 1.0519012231472415, 1.0604058710082023, 1.1010962834034748, 1.1484706050156464, 1.2414843039249468, 1.286522046207647, 1.3072562312959182, 1.4024657757114494, 1.4690763553789117, 1.4352382086312834, 1.3078676789813133, 1.2336627867197074, 1.2117583717879756, 1.0914323600059634]",HEUR,899.8565307617188,0.5867226516018248,0.5845917463302612,1533.7,1533.7,1.0,28.2,938.6,595.1
51,5,0.83,0.3,5,5,6,5.5,5.5,0.19,0.5,42,1,"[0.3, 0.4]",0.2442732516826255,0.2442732516826255,10,7.778174593052023,0.21213203435596423,1.1667261889578033,0.17272727272727273,0.17272727272727273,20260927T095930443635Z_577f21e5,2,5760.0,40,True,81,"[0.8592549273600911, 0.6058380411445193, 0.4316697215292379, 0.32461244914431125, 0.29898418014229616, 0.3853292566116986, 0.6184818884427356, 0.9112753545916268, 1.124060711596949, 1.0918553682168552, 1.0519012231472415, 1.0604058710082023, 1.1010962834034748, 1.1484706050156464, 1.2414843039249468, 1.286522046207647, 1.3072562312959182, 1.4024657757114494, 1.4690763553789117, 1.4352382086312834, 1.3078676789813133, 1.2336627867197074, 1.2117583717879756, 1.0914323600059634]",HEUR_VOR,378.59996337890624,0.5424845441738161,0.5383927047252655,697.9,697.9,1.0,10.0,317.8,380.1
51,5,0.83,0.3,5,5,6,5.5,5.5,0.19,0.5,42,1,"[0.3, 0.4]",0.2442732516826255,0.2442732516826255,10,7.778174593052023,0.21213203435596423,1.1667261889578033,0.17272727272727273,0.17272727272727273,20260927T095930443635Z_577f21e5,2,5760.0,40,True,81,"[0.8592549273600911, 0.6058380411445193, 0.4316697215292379, 0.32461244914431125, 0.29898418014229616, 0.3853292566116986, 0.6184818884427356, 0.9112753545916268, 1.124060711596949, 1.0918553682168552, 1.0519012231472415, 1.0604058710082023, 1.1010962834034748, 1.1484706050156464, 1.2414843039249468, 1.286522046207647, 1.3072562312959182, 1.4024657757114494, 1.4690763553789117, 1.4352382086312834, 1.3078676789813133, 1.2336627867197074, 1.2117583717879756, 1.0914323600059634]",FOUR_ZONE,132.7684814453125,0.36921157242856645,0.36894812126574006,359.6,359.6,1.0,0.8,29.4,330.2
51,5,0.83,0.3,5,5,6,5.5,5.5,0.19,0.5,42,1,"[0.3, 0.4]",0.2442732516826255,0.2442732516826255,10,7.778174593052023,0.21213203435596423,1.1667261889578033,0.17272727272727273,0.17272727272727273,20260927T095930443635Z_577f21e5,2,5760.0,40,True,81,"[0.8592549273600911, 0.6058380411445193, 0.4316697215292379, 0.32461244914431125, 0.29898418014229616, 0.3853292566116986, 0.6184818884427356, 0.9112753545916268, 1.124060711596949, 1.0918553682168552, 1.0519012231472415, 1.0604058710082023, 1.1010962834034748, 1.1484706050156464, 1.2414843039249468, 1.286522046207647, 1.3072562312959182, 1.4024657757114494, 1.4690763553789117, 1.4352382086312834, 1.3078676789813133, 1.2336627867197074, 1.2117583717879756, 1.0914323600059634]",PURE,105.2,0.3001426533523538,0.30346051279269637,350.5,350.5,1.0,0.0,0.0,350.5
51,5,0.83,0.3,5,5,6,5.5,5.5,0.19,0.5,42,1,"[0.3, 0.4]",0.2442732516826255,0.2442732516826255,10,7.778174593052023,0.21213203435596423,1.1667261889578033,0.17272727272727273,0.17272727272727273,20260927T095930443635Z_577f21e5,2,5760.0,40,True,81,"[0.8592549273600911, 0.6058380411445193, 0.4316697215292379, 0.32461244914431125, 0.29898418014229616, 0.3853292566116986, 0.6184818884427356, 0.9112753545916268, 1.124060711596949, 1.0918553682168552, 1.0519012231472415, 1.0604058710082023, 1.1010962834034748, 1.1484706050156464, 1.2414843039249468, 1.286522046207647, 1.3072562312959182, 1.4024657757114494, 1.4690763553789117, 1.4352382086312834, 1.3078676789813133, 1.2336627867197074, 1.2117583717879756, 1.0914323600059634]",PURE_OR,105.2,0.34278266536331053,0.34290676637664524,306.9,306.9,1.0,0.0,0.0,306.9
52,5,0.83,0.1,5,5,6,6.0,5.5,0.19,0.5,42,1,[0.1],0.1,0.2442732516826255,10,7.778174593052023,0.07071067811865475,0.38890872965260115,0.07071067811865475,0.17272727272727273,20260927T095930443635Z_577f21e5,2,5760.0,40,True,81,"[0.8592549273600911, 0.6058380411445193, 0.4316697215292379, 0.32461244914431125, 0.29898418014229616, 0.3853292566116986, 0.6184818884427356, 0.9112753545916268, 1.124060711596949, 1.0918553682168552, 1.0519012231472415, 1.0604058710082023, 1.1010962834034748, 1.1484706050156464, 1.2414843039249468, 1.286522046207647, 1.3072562312959182, 1.4024657757114494, 1.4690763553789117, 1.4352382086312834, 1.3078676789813133, 1.2336627867197074, 1.2117583717879756, 1.0914323600059634]",DRL,485.91888427734375,0.5082833517545436,0.5110031485557556,956.0,956.0,1.0,10.0,512.3,443.7
52,5,0.83,0.1,5,5,6,6.0,5.5,0.19,0.5,42,1,[0.1],0.1,0.2442732516826255,10,7.778174593052023,0.07071067811865475,0.38890872965260115,0.07071067811865475,0.17272727272727273,20260927T095930443635Z_577f21e5,2,5760.0,40,True,81,"[0.8592549273600911, 0.6058380411445193, 0.4316697215292379, 0.32461244914431125, 0.29898418014229616, 0.3853292566116986, 0.6184818884427356, 0.9112753545916268, 1.124060711596949, 1.0918553682168552, 1.0519012231472415, 1.0604058710082023, 1.1010962834034748, 1.1484706050156464, 1.2414843039249468, 1.286522046207647, 1.3072562312959182, 1.4024657757114494, 1.4690763553789117, 1.4352382086312834, 1.3078676789813133, 1.2336627867197074, 1.2117583717879756, 1.0914323600059634]",HEUR,283.5458984375,0.48304241641822826,0.4823245704174042,587.0,587.0,1.0,5.6,191.5,395.5
52,5,0.83,0.1,5,5,6,6.0,5.5,0.19,0.5,42,1,[0.1],0.1,0.2442732516826255,10,7.778174593052023,0.07071067811865475,0.38890872965260115,0.07071067811865475,0.17272727272727273,20260927T095930443635Z_577f21e5,2,5760.0,40,True,81,"[0.8592549273600911, 0.6058380411445193, 0.4316697215292379, 0.32461244914431125, 0.29898418014229616, 0.3853292566116986, 0.6184818884427356, 0.9112753545916268, 1.124060711596949, 1.0918553682168552, 1.0519012231472415, 1.0604058710082023, 1.1010962834034748, 1.1484706050156464, 1.2414843039249468, 1.286522046207647, 1.3072562312959182, 1.4024657757114494, 1.4690763553789117, 1.4352382086312834, 1.3078676789813133, 1.2336627867197074, 1.2117583717879756, 1.0914323600059634]",HEUR_VOR,206.06296081542968,0.4388987450807874,0.43669713735580445,469.5,469.5,1.0,2.8,102.2,367.3
52,5,0.83,0.1,5,5,6,6.0,5.5,0.19,0.5,42,1,[0.1],0.1,0.2442732516826255,10,7.778174593052023,0.07071067811865475,0.38890872965260115,0.07071067811865475,0.17272727272727273,20260927T095930443635Z_577f21e5,2,5760.0,40,True,81,"[0.8592549273600911, 0.6058380411445193, 0.4316697215292379, 0.32461244914431125, 0.29898418014229616, 0.3853292566116986, 0.6184818884427356, 0.9112753545916268, 1.124060711596949, 1.0918553682168552, 1.0519012231472415, 1.0604058710082023, 1.1010962834034748, 1.1484706050156464, 1.2414843039249468, 1.286522046207647, 1.3072562312959182, 1.4024657757114494, 1.4690763553789117, 1.4352382086312834, 1.3078676789813133, 1.2336627867197074, 1.2117583717879756, 1.0914323600059634]",FOUR_ZONE,116.81731872558593,0.34007953049661116,0.34046639119048366,343.5,343.5,1.0,0.4,10.9,332.6
52,5,0.83,0.1,5,5,6,6.0,5.5,0.19,0.5,42,1,[0.1],0.1,0.2442732516826255,10,7.778174593052023,0.07071067811865475,0.38890872965260115,0.07071067811865475,0.17272727272727273,20260927T095930443635Z_577f21e5,2,5760.0,40,True,81,"[0.8592549273600911, 0.6058380411445193, 0.4316697215292379, 0.32461244914431125, 0.29898418014229616, 0.3853292566116986, 0.6184818884427356, 0.9112753545916268, 1.124060711596949, 1.0918553682168552, 1.0519012231472415, 1.0604058710082023, 1.1010962834034748, 1.1484706050156464, 1.2414843039249468, 1.286522046207647, 1.3072562312959182, 1.4024657757114494, 1.4690763553789117, 1.4352382086312834, 1.3078676789813133, 1.2336627867197074, 1.2117583717879756, 1.0914323600059634]",PURE,105.2,0.3001426533523538,0.30346051279269637,350.5,350.5,1.0,0.0,0.0,350.5
52,5,0.83,0.1,5,5,6,6.0,5.5,0.19,0.5,42,1,[0.1],0.1,0.2442732516826255,10,7.778174593052023,0.07071067811865475,0.38890872965260115,0.07071067811865475,0.17272727272727273,20260927T095930443635Z_577f21e5,2,5760.0,40,True,81,"[0.8592549273600911, 0.6058380411445193, 0.4316697215292379, 0.32461244914431125, 0.29898418014229616, 0.3853292566116986, 0.6184818884427356, 0.9112753545916268, 1.124060711596949, 1.0918553682168552, 1.0519012231472415, 1.0604058710082023, 1.1010962834034748, 1.1484706050156464, 1.2414843039249468, 1.286522046207647, 1.3072562312959182, 1.4024657757114494, 1.4690763553789117, 1.4352382086312834, 1.3078676789813133, 1.2336627867197074, 1.2117583717879756, 1.0914323600059634]",PURE_OR,105.2,0.34278266536331053,0.34290676637664524,306.9,306.9,1.0,0.0,0.0,306.9
53,5,0.83,0.2,5,5,6,6.0,5.5,0.19,0.5,42,1,[0.2],0.2,0.2442732516826255,10,7.778174593052023,0.1414213562373095,0.7778174593052023,0.1414213562373095,0.17272727272727273,20260927T095930443635Z_577f21e5,2,5760.0,40,True,81,"[0.8592549273600911, 0.6058380411445193, 0.4316697215292379, 0.32461244914431125, 0.29898418014229616, 0.3853292566116986, 0.6184818884427356, 0.9112753545916268, 1.124060711596949, 1.0918553682168552, 1.0519012231472415, 1.0604058710082023, 1.1010962834034748, 1.1484706050156464, 1.2414843039249468, 1.286522046207647, 1.3072562312959182, 1.4024657757114494, 1.4690763553789117, 1.4352382086312834, 1.3078676789813133, 1.2336627867197074, 1.2117583717879756, 1.0914323600059634]",DRL,1926.69189453125,0.6665600742194258,0.6675965428352356,2890.5,2890.5,1.0,52.8,2288.5,602.0
53,5,0.83,0.2,5,5,6,6.0,5.5,0.19,0.5,42,1,[0.2],0.2,0.2442732516826255,10,7.778174593052023,0.1414213562373095,0.7778174593052023,0.1414213562373095,0.17272727272727273,20260927T095930443635Z_577f21e5,2,5760.0,40,True,81,"[0.8592549273600911, 0.6058380411445193, 0.4316697215292379, 0.32461244914431125, 0.29898418014229616, 0.3853292566116986, 0.6184818884427356, 0.9112753545916268, 1.124060711596949, 1.0918553682168552, 1.0519012231472415, 1.0604058710082023, 1.1010962834034748, 1.1484706050156464, 1.2414843039249468, 1.286522046207647, 1.3072562312959182, 1.4024657757114494, 1.4690763553789117, 1.4352382086312834, 1.3078676789813133, 1.2336627867197074, 1.2117583717879756, 1.0914323600059634]",HEUR,855.3058044433594,0.6508681260508024,0.644512951374054,1314.1,1314.1,1.0,24.2,797.1,517.0
53,5,0.83,0.2,5,5,6,6.0,5.5,0.19,0.5,42,1,[0.2],0.2,0.2442732516826255,10,7.778174593052023,0.1414213562373095,0.7778174593052023,0.1414213562373095,0.17272727272727273,20260927T095930443635Z_577f21e5,2,5760.0,40,True,81,"[0.8592549273600911, 0.6058380411445193, 0.4316697215292379, 0.32461244914431125, 0.29898418014229616, 0.3853292566116986, 0.6184818884427356, 0.9112753545916268, 1.124060711596949, 1.0918553682168552, 1.0519012231472415, 1.0604058710082023, 1.1010962834034748, 1.1484706050156464, 1.2414843039249468, 1.286522046207647, 1.3072562312959182, 1.4024657757114494, 1.4690763553789117, 1.4352382086312834, 1.3078676789813133, 1.2336627867197074, 1.2117583717879756, 1.0914323600059634]",HEUR_VOR,362.03282775878904,0.5769447454323332,0.5704747438430786,627.5,627.5,1.0,7.8,264.5,363.0
53,5,0.83,0.2,5,5,6,6.0,5.5,0.19,0.5,42,1,[0.2],0.2,0.2442732516826255,10,7.778174593052023,0.1414213562373095,0.7778174593052023,0.1414213562373095,0.17272727272727273,20260927T095930443635Z_577f21e5,2,5760.0,40,True,81,"[0.8592549273600911, 0.6058380411445193, 0.4316697215292379, 0.32461244914431125, 0.29898418014229616, 0.3853292566116986, 0.6184818884427356, 0.9112753545916268, 1.124060711596949, 1.0918553682168552, 1.0519012231472415, 1.0604058710082023, 1.1010962834034748, 1.1484706050156464, 1.2414843039249468, 1.286522046207647, 1.3072562312959182, 1.4024657757114494, 1.4690763553789117, 1.4352382086312834, 1.3078676789813133, 1.2336627867197074, 1.2117583717879756, 1.0914323600059634]",FOUR_ZONE,135.27471008300782,0.3761810625222687,0.3759627058070608,359.6,359.6,1.0,0.8,29.4,330.2
53,5,0.83,0.2,5,5,6,6.0,5.5,0.19,0.5,42,1,[0.2],0.2,0.2442732516826255,10,7.778174593052023,0.1414213562373095,0.7778174593052023,0.1414213562373095,0.17272727272727273,20260927T095930443635Z_577f21e5,2,5760.0,40,True,81,"[0.8592549273600911, 0.6058380411445193, 0.4316697215292379, 0.32461244914431125, 0.29898418014229616, 0.3853292566116986, 0.6184818884427356, 0.9112753545916268, 1.124060711596949, 1.0918553682168552, 1.0519012231472415, 1.0604058710082023, 1.1010962834034748, 1.1484706050156464, 1.2414843039249468, 1.286522046207647, 1.3072562312959182, 1.4024657757114494, 1.4690763553789117, 1.4352382086312834, 1.3078676789813133, 1.2336627867197074, 1.2117583717879756, 1.0914323600059634]",PURE,105.2,0.3001426533523538,0.30346051279269637,350.5,350.5,1.0,0.0,0.0,350.5
53,5,0.83,0.2,5,5,6,6.0,5.5,0.19,0.5,42,1,[0.2],0.2,0.2442732516826255,10,7.778174593052023,0.1414213562373095,0.7778174593052023,0.1414213562373095,0.17272727272727273,20260927T095930443635Z_577f21e5,2,5760.0,40,True,81,"[0.8592549273600911, 0.6058380411445193, 0.4316697215292379, 0.32461244914431125, 0.29898418014229616, 0.3853292566116986, 0.6184818884427356, 0.9112753545916268, 1.124060711596949, 1.0918553682168552, 1.0519012231472415, 1.0604058710082023, 1.1010962834034748, 1.1484706050156464, 1.2414843039249468, 1.286522046207647, 1.3072562312959182, 1.4024657757114494, 1.4690763553789117, 1.4352382086312834, 1.3078676789813133, 1.2336627867197074, 1.2117583717879756, 1.0914323600059634]",PURE_OR,105.2,0.34278266536331053,0.34290676637664524,306.9,306.9,1.0,0.0,0.0,306.9
54,5,0.83,0.3,5,5,6,6.0,5.5,0.19,0.5,42,1,"[0.3, 0.4]",0.2442732516826255,0.2442732516826255,10,7.778174593052023,0.21213203435596423,1.1667261889578033,0.17272727272727273,0.17272727272727273,20260927T095930443635Z_577f21e5,2,5760.0,40,True,81,"[0.8592549273600911, 0.6058380411445193, 0.4316697215292379, 0.32461244914431125, 0.29898418014229616, 0.3853292566116986, 0.6184818884427356, 0.9112753545916268, 1.124060711596949, 1.0918553682168552, 1.0519012231472415, 1.0604058710082023, 1.1010962834034748, 1.1484706050156464, 1.2414843039249468, 1.286522046207647, 1.3072562312959182, 1.4024657757114494, 1.4690763553789117, 1.4352382086312834, 1.3078676789813133, 1.2336627867197074, 1.2117583717879756, 1.0914323600059634]",DRL,2066.3429931640626,0.7233321640928563,0.7313537240028382,2856.7,2856.7,1.0,59.0,2278.6,578.1
54,5,0.83,0.3,5,5,6,6.0,5.5,0.19,0.5,42,1,"[0.3, 0.4]",0.2442732516826255,0.2442732516826255,10,7.778174593052023,0.21213203435596423,1.1667261889578033,0.17272727272727273,0.17272727272727273,20260927T095930443635Z_577f21e5,2,5760.0,40,True,81,"[0.8592549273600911, 0.6058380411445193, 0.4316697215292379, 0.32461244914431125, 0.29898418014229616, 0.3853292566116986, 0.6184818884427356, 0.9112753545916268, 1.124060711596949, 1.0918553682168552, 1.0519012231472415, 1.0604058710082023, 1.1010962834034748, 1.1484706050156464, 1.2414843039249468, 1.286522046207647, 1.3072562312959182, 1.4024657757114494, 1.4690763553789117, 1.4352382086312834, 1.3078676789813133, 1.2336627867197074, 1.2117583717879756, 1.0914323600059634]",HEUR,972.0924438476562,0.6338217668694375,0.631487762928009,1533.7,1533.7,1.0,28.2,938.6,595.1
54,5,0.83,0.3,5,5,6,6.0,5.5,0.19,0.5,42,1,"[0.3, 0.4]",0.2442732516826255,0.2442732516826255,10,7.778174593052023,0.21213203435596423,1.1667261889578033,0.17272727272727273,0.17272727272727273,20260927T095930443635Z_577f21e5,2,5760.0,40,True,81,"[0.8592549273600911, 0.6058380411445193, 0.4316697215292379, 0.32461244914431125, 0.29898418014229616, 0.3853292566116986, 0.6184818884427356, 0.9112753545916268, 1.124060711596949, 1.0918553682168552, 1.0519012231472415, 1.0604058710082023, 1.1010962834034748, 1.1484706050156464, 1.2414843039249468, 1.286522046207647, 1.3072562312959182, 1.4024657757114494, 1.4690763553789117, 1.4352382086312834, 1.3078676789813133, 1.2336627867197074, 1.2117583717879756, 1.0914323600059634]",HEUR_VOR,403.4569976806641,0.578101443875432,0.5735048294067383,697.9,697.9,1.0,10.0,317.8,380.1
54,5,0.83,0.3,5,5,6,6.0,5.5,0.19,0.5,42,1,"[0.3, 0.4]",0.2442732516826255,0.2442732516826255,10,7.778174593052023,0.21213203435596423,1.1667261889578033,0.17272727272727273,0.17272727272727273,20260927T095930443635Z_577f21e5,2,5760.0,40,True,81,"[0.8592549273600911, 0.6058380411445193, 0.4316697215292379, 0.32461244914431125, 0.29898418014229616, 0.3853292566116986, 0.6184818884427356, 0.9112753545916268, 1.124060711596949, 1.0918553682168552, 1.0519012231472415, 1.0604058710082023, 1.1010962834034748, 1.1484706050156464, 1.2414843039249468, 1.286522046207647, 1.3072562312959182, 1.4024657757114494, 1.4690763553789117, 1.4352382086312834, 1.3078676789813133, 1.2336627867197074, 1.2117583717879756, 1.0914323600059634]",FOUR_ZONE,135.27471008300782,0.3761810625222687,0.3759627058070608,359.6,359.6,1.0,0.8,29.4,330.2
54,5,0.83,0.3,5,5,6,6.0,5.5,0.19,0.5,42,1,"[0.3, 0.4]",0.2442732516826255,0.2442732516826255,10,7.778174593052023,0.21213203435596423,1.1667261889578033,0.17272727272727273,0.17272727272727273,20260927T095930443635Z_577f21e5,2,5760.0,40,True,81,"[0.8592549273600911, 0.6058380411445193, 0.4316697215292379, 0.32461244914431125, 0.29898418014229616, 0.3853292566116986, 0.6184818884427356, 0.9112753545916268, 1.124060711596949, 1.0918553682168552, 1.0519012231472415, 1.0604058710082023, 1.1010962834034748, 1.1484706050156464, 1.2414843039249468, 1.286522046207647, 1.3072562312959182, 1.4024657757114494, 1.4690763553789117, 1.4352382086312834, 1.3078676789813133, 1.2336627867197074, 1.2117583717879756, 1.0914323600059634]",PURE,105.2,0.3001426533523538,0.30346051279269637,350.5,350.5,1.0,0.0,0.0,350.5
54,5,0.83,0.3,5,5,6,6.0,5.5,0.19,0.5,42,1,"[0.3, 0.4]",0.2442732516826255,0.2442732516826255,10,7.778174593052023,0.21213203435596423,1.1667261889578033,0.17272727272727273,0.17272727272727273,20260927T095930443635Z_577f21e5,2,5760.0,40,True,81,"[0.8592549273600911, 0.6058380411445193, 0.4316697215292379, 0.32461244914431125, 0.29898418014229616, 0.3853292566116986, 0.6184818884427356, 0.9112753545916268, 1.124060711596949, 1.0918553682168552, 1.0519012231472415, 1.0604058710082023, 1.1010962834034748, 1.1484706050156464, 1.2414843039249468, 1.286522046207647, 1.3072562312959182, 1.4024657757114494, 1.4690763553789117, 1.4352382086312834, 1.3078676789813133, 1.2336627867197074, 1.2117583717879756, 1.0914323600059634]",PURE_OR,105.2,0.34278266536331053,0.34290676637664524,306.9,306.9,1.0,0.0,0.0,306.9
55,5,1.0,0.1,5,5,6,5.5,5.5,0.19,0.5,42,1,[0.1],0.1,0.2442732516826255,10,7.778174593052023,0.07071067811865475,0.38890872965260115,0.07071067811865475,0.17272727272727273,20260927T095930443635Z_577f21e5,2,5760.0,40,True,81,"[0.8592549273600911, 0.6058380411445193, 0.4316697215292379, 0.32461244914431125, 0.29898418014229616, 0.3853292566116986, 0.6184818884427356, 0.9112753545916268, 1.124060711596949, 1.0918553682168552, 1.0519012231472415, 1.0604058710082023, 1.1010962834034748, 1.1484706050156464, 1.2414843039249468, 1.286522046207647, 1.3072562312959182, 1.4024657757114494, 1.4690763553789117, 1.4352382086312834, 1.3078676789813133, 1.2336627867197074, 1.2117583717879756, 1.0914323600059634]",DRL,545.2044677734375,0.500784851449837,0.49586568474769593,1088.7,1088.7,1.0,13.0,544.4,544.3
55,5,1.0,0.1,5,5,6,5.5,5.5,0.19,0.5,42,1,[0.1],0.1,0.2442732516826255,10,7.778174593052023,0.07071067811865475,0.38890872965260115,0.07071067811865475,0.17272727272727273,20260927T095930443635Z_577f21e5,2,5760.0,40,True,81,"[0.8592549273600911, 0.6058380411445193, 0.4316697215292379, 0.32461244914431125, 0.29898418014229616, 0.3853292566116986, 0.6184818884427356, 0.9112753545916268, 1.124060711596949, 1.0918553682168552, 1.0519012231472415, 1.0604058710082023, 1.1010962834034748, 1.1484706050156464, 1.2414843039249468, 1.286522046207647, 1.3072562312959182, 1.4024657757114494, 1.4690763553789117, 1.4352382086312834, 1.3078676789813133, 1.2336627867197074, 1.2117583717879756, 1.0914323600059634]",HEUR,314.96999206542966,0.44720998447455584,0.44405183792114256,704.3,704.3,1.0,7.0,228.5,475.8
55,5,1.0,0.1,5,5,6,5.5,5.5,0.19,0.5,42,1,[0.1],0.1,0.2442732516826255,10,7.778174593052023,0.07071067811865475,0.38890872965260115,0.07071067811865475,0.17272727272727273,20260927T095930443635Z_577f21e5,2,5760.0,40,True,81,"[0.8592549273600911, 0.6058380411445193, 0.4316697215292379, 0.32461244914431125, 0.29898418014229616, 0.3853292566116986, 0.6184818884427356, 0.9112753545916268, 1.124060711596949, 1.0918553682168552, 1.0519012231472415, 1.0604058710082023, 1.1010962834034748, 1.1484706050156464, 1.2414843039249468, 1.286522046207647, 1.3072562312959182, 1.4024657757114494, 1.4690763553789117, 1.4352382086312834, 1.3078676789813133, 1.2336627867197074, 1.2117583717879756, 1.0914323600059634]",HEUR_VOR,221.5491455078125,0.4306942953106775,0.42355661988258364,514.4,514.4,1.0,3.6,107.7,406.7
55,5,1.0,0.1,5,5,6,5.5,5.5,0.19,0.5,42,1,[0.1],0.1,0.2442732516826255,10,7.778174593052023,0.07071067811865475,0.38890872965260115,0.07071067811865475,0.17272727272727273,20260927T095930443635Z_577f21e5,2,5760.0,40,True,81,"[0.8592549273600911, 0.6058380411445193, 0.4316697215292379, 0.32461244914431125, 0.29898418014229616, 0.3853292566116986, 0.6184818884427356, 0.9112753545916268, 1.124060711596949, 1.0918553682168552, 1.0519012231472415, 1.0604058710082023, 1.1010962834034748, 1.1484706050156464, 1.2414843039249468, 1.286522046207647, 1.3072562312959182, 1.4024657757114494, 1.4690763553789117, 1.4352382086312834, 1.3078676789813133, 1.2336627867197074, 1.2117583717879756, 1.0914323600059634]",FOUR_ZONE,132.02964782714844,0.3475378989922307,0.34806670046642946,379.9,379.9,1.0,0.2,5.7,374.2
55,5,1.0,0.1,5,5,6,5.5,5.5,0.19,0.5,42,1,[0.1],0.1,0.2442732516826255,10,7.778174593052023,0.07071067811865475,0.38890872965260115,0.07071067811865475,0.17272727272727273,20260927T095930443635Z_577f21e5,2,5760.0,40,True,81,"[0.8592549273600911, 0.6058380411445193, 0.4316697215292379, 0.32461244914431125, 0.29898418014229616, 0.3853292566116986, 0.6184818884427356, 0.9112753545916268, 1.124060711596949, 1.0918553682168552, 1.0519012231472415, 1.0604058710082023, 1.1010962834034748, 1.1484706050156464, 1.2414843039249468, 1.286522046207647, 1.3072562312959182, 1.4024657757114494, 1.4690763553789117, 1.4352382086312834, 1.3078676789813133, 1.2336627867197074, 1.2117583717879756, 1.0914323600059634]",PURE,126.4,0.30268199233716475,0.3020488391073032,417.6,417.6,1.0,0.0,0.0,417.6
55,5,1.0,0.1,5,5,6,5.5,5.5,0.19,0.5,42,1,[0.1],0.1,0.2442732516826255,10,7.778174593052023,0.07071067811865475,0.38890872965260115,0.07071067811865475,0.17272727272727273,20260927T095930443635Z_577f21e5,2,5760.0,40,True,81,"[0.8592549273600911, 0.6058380411445193, 0.4316697215292379, 0.32461244914431125, 0.29898418014229616, 0.3853292566116986, 0.6184818884427356, 0.9112753545916268, 1.124060711596949, 1.0918553682168552, 1.0519012231472415, 1.0604058710082023, 1.1010962834034748, 1.1484706050156464, 1.2414843039249468, 1.286522046207647, 1.3072562312959182, 1.4024657757114494, 1.4690763553789117, 1.4352382086312834, 1.3078676789813133, 1.2336627867197074, 1.2117583717879756, 1.0914323600059634]",PURE_OR,126.4,0.3665893271461717,0.36571390797791914,344.8,344.8,1.0,0.0,0.0,344.8
56,5,1.0,0.2,5,5,6,5.5,5.5,0.19,0.5,42,1,[0.2],0.2,0.2442732516826255,10,7.778174593052023,0.1414213562373095,0.7778174593052023,0.1414213562373095,0.17272727272727273,20260927T095930443635Z_577f21e5,2,5760.0,40,True,81,"[0.8592549273600911, 0.6058380411445193, 0.4316697215292379, 0.32461244914431125, 0.29898418014229616, 0.3853292566116986, 0.6184818884427356, 0.9112753545916268, 1.124060711596949, 1.0918553682168552, 1.0519012231472415, 1.0604058710082023, 1.1010962834034748, 1.1484706050156464, 1.2414843039249468, 1.286522046207647, 1.3072562312959182, 1.4024657757114494, 1.4690763553789117, 1.4352382086312834, 1.3078676789813133, 1.2336627867197074, 1.2117583717879756, 1.0914323600059634]",DRL,1734.5127685546875,0.644920159343628,0.6492470860481262,2689.5,2689.5,1.0,53.2,2134.3,555.2
56,5,1.0,0.2,5,5,6,5.5,5.5,0.19,0.5,42,1,[0.2],0.2,0.2442732516826255,10,7.778174593052023,0.1414213562373095,0.7778174593052023,0.1414213562373095,0.17272727272727273,20260927T095930443635Z_577f21e5,2,5760.0,40,True,81,"[0.8592549273600911, 0.6058380411445193, 0.4316697215292379, 0.32461244914431125, 0.29898418014229616, 0.3853292566116986, 0.6184818884427356, 0.9112753545916268, 1.124060711596949, 1.0918553682168552, 1.0519012231472415, 1.0604058710082023, 1.1010962834034748, 1.1484706050156464, 1.2414843039249468, 1.286522046207647, 1.3072562312959182, 1.4024657757114494, 1.4690763553789117, 1.4352382086312834, 1.3078676789813133, 1.2336627867197074, 1.2117583717879756, 1.0914323600059634]",HEUR,793.3964782714844,0.5772255207504433,0.5670851945877076,1374.5,1374.5,1.0,25.0,787.1,587.4
56,5,1.0,0.2,5,5,6,5.5,5.5,0.19,0.5,42,1,[0.2],0.2,0.2442732516826255,10,7.778174593052023,0.1414213562373095,0.7778174593052023,0.1414213562373095,0.17272727272727273,20260927T095930443635Z_577f21e5,2,5760.0,40,True,81,"[0.8592549273600911, 0.6058380411445193, 0.4316697215292379, 0.32461244914431125, 0.29898418014229616, 0.3853292566116986, 0.6184818884427356, 0.9112753545916268, 1.124060711596949, 1.0918553682168552, 1.0519012231472415, 1.0604058710082023, 1.1010962834034748, 1.1484706050156464, 1.2414843039249468, 1.286522046207647, 1.3072562312959182, 1.4024657757114494, 1.4690763553789117, 1.4352382086312834, 1.3078676789813133, 1.2336627867197074, 1.2117583717879756, 1.0914323600059634]",HEUR_VOR,372.60642395019534,0.5180845716771347,0.5129253327846527,719.2,719.2,1.0,9.2,293.5,425.7
56,5,1.0,0.2,5,5,6,5.5,5.5,0.19,0.5,42,1,[0.2],0.2,0.2442732516826255,10,7.778174593052023,0.1414213562373095,0.7778174593052023,0.1414213562373095,0.17272727272727273,20260927T095930443635Z_577f21e5,2,5760.0,40,True,81,"[0.8592549273600911, 0.6058380411445193, 0.4316697215292379, 0.32461244914431125, 0.29898418014229616, 0.3853292566116986, 0.6184818884427356, 0.9112753545916268, 1.124060711596949, 1.0918553682168552, 1.0519012231472415, 1.0604058710082023, 1.1010962834034748, 1.1484706050156464, 1.2414843039249468, 1.286522046207647, 1.3072562312959182, 1.4024657757114494, 1.4690763553789117, 1.4352382086312834, 1.3078676789813133, 1.2336627867197074, 1.2117583717879756, 1.0914323600059634]",FOUR_ZONE,137.78631286621095,0.3576078714409835,0.3569139519860644,385.3,385.3,1.0,0.4,11.9,373.4
56,5,1.0,0.2,5,5,6,5.5,5.5,0.19,0.5,42,1,[0.2],0.2,0.2442732516826255,10,7.778174593052023,0.1414213562373095,0.7778174593052023,0.1414213562373095,0.17272727272727273,20260927T095930443635Z_577f21e5,2,5760.0,40,True,81,"[0.8592549273600911, 0.6058380411445193, 0.4316697215292379, 0.32461244914431125, 0.29898418014229616, 0.3853292566116986, 0.6184818884427356, 0.9112753545916268, 1.124060711596949, 1.0918553682168552, 1.0519012231472415, 1.0604058710082023, 1.1010962834034748, 1.1484706050156464, 1.2414843039249468, 1.286522046207647, 1.3072562312959182, 1.4024657757114494, 1.4690763553789117, 1.4352382086312834, 1.3078676789813133, 1.2336627867197074, 1.2117583717879756, 1.0914323600059634]",PURE,126.4,0.30268199233716475,0.3020488391073032,417.6,417.6,1.0,0.0,0.0,417.6
56,5,1.0,0.2,5,5,6,5.5,5.5,0.19,0.5,42,1,[0.2],0.2,0.2442732516826255,10,7.778174593052023,0.1414213562373095,0.7778174593052023,0.1414213562373095,0.17272727272727273,20260927T095930443635Z_577f21e5,2,5760.0,40,True,81,"[0.8592549273600911, 0.6058380411445193, 0.4316697215292379, 0.32461244914431125, 0.29898418014229616, 0.3853292566116986, 0.6184818884427356, 0.9112753545916268, 1.124060711596949, 1.0918553682168552, 1.0519012231472415, 1.0604058710082023, 1.1010962834034748, 1.1484706050156464, 1.2414843039249468, 1.286522046207647, 1.3072562312959182, 1.4024657757114494, 1.4690763553789117, 1.4352382086312834, 1.3078676789813133, 1.2336627867197074, 1.2117583717879756, 1.0914323600059634]",PURE_OR,126.4,0.3665893271461717,0.36571390797791914,344.8,344.8,1.0,0.0,0.0,344.8
57,5,1.0,0.3,5,5,6,5.5,5.5,0.19,0.5,42,1,"[0.3, 0.4]",0.2442732516826255,0.2442732516826255,10,7.778174593052023,0.21213203435596423,1.1667261889578033,0.17272727272727273,0.17272727272727273,20260927T095930443635Z_577f21e5,2,5760.0,40,True,81,"[0.8592549273600911, 0.6058380411445193, 0.4316697215292379, 0.32461244914431125, 0.29898418014229616, 0.3853292566116986, 0.6184818884427356, 0.9112753545916268, 1.124060711596949, 1.0918553682168552, 1.0519012231472415, 1.0604058710082023, 1.1010962834034748, 1.1484706050156464, 1.2414843039249468, 1.286522046207647, 1.3072562312959182, 1.4024657757114494, 1.4690763553789117, 1.4352382086312834, 1.3078676789813133, 1.2336627867197074, 1.2117583717879756, 1.0914323600059634]",DRL,2735.657861328125,0.6411046990527818,0.6519042015075683,4267.1,3893.875,0.8,78.8,3510.8,756.3
57,5,1.0,0.3,5,5,6,5.5,5.5,0.19,0.5,42,1,"[0.3, 0.4]",0.2442732516826255,0.2442732516826255,10,7.778174593052023,0.21213203435596423,1.1667261889578033,0.17272727272727273,0.17272727272727273,20260927T095930443635Z_577f21e5,2,5760.0,40,True,81,"[0.8592549273600911, 0.6058380411445193, 0.4316697215292379, 0.32461244914431125, 0.29898418014229616, 0.3853292566116986, 0.6184818884427356, 0.9112753545916268, 1.124060711596949, 1.0918553682168552, 1.0519012231472415, 1.0604058710082023, 1.1010962834034748, 1.1484706050156464, 1.2414843039249468, 1.286522046207647, 1.3072562312959182, 1.4024657757114494, 1.4690763553789117, 1.4352382086312834, 1.3078676789813133, 1.2336627867197074, 1.2117583717879756, 1.0914323600059634]",HEUR,770.2979370117188,0.5681920314315252,0.5628312587738037,1355.7,1355.7,1.0,24.6,775.8,579.9
57,5,1.0,0.3,5,5,6,5.5,5.5,0.19,0.5,42,1,"[0.3, 0.4]",0.2442732516826255,0.2442732516826255,10,7.778174593052023,0.21213203435596423,1.1667261889578033,0.17272727272727273,0.17272727272727273,20260927T095930443635Z_577f21e5,2,5760.0,40,True,81,"[0.8592549273600911, 0.6058380411445193, 0.4316697215292379, 0.32461244914431125, 0.29898418014229616, 0.3853292566116986, 0.6184818884427356, 0.9112753545916268, 1.124060711596949, 1.0918553682168552, 1.0519012231472415, 1.0604058710082023, 1.1010962834034748, 1.1484706050156464, 1.2414843039249468, 1.286522046207647, 1.3072562312959182, 1.4024657757114494, 1.4690763553789117, 1.4352382086312834, 1.3078676789813133, 1.2336627867197074, 1.2117583717879756, 1.0914323600059634]",HEUR_VOR,413.5708251953125,0.556548008606261,0.5463584363460541,743.1,743.1,1.0,10.4,328.3,414.8
57,5,1.0,0.3,5,5,6,5.5,5.5,0.19,0.5,42,1,"[0.3, 0.4]",0.2442732516826255,0.2442732516826255,10,7.778174593052023,0.21213203435596423,1.1667261889578033,0.17272727272727273,0.17272727272727273,20260927T095930443635Z_577f21e5,2,5760.0,40,True,81,"[0.8592549273600911, 0.6058380411445193, 0.4316697215292379, 0.32461244914431125, 0.29898418014229616, 0.3853292566116986, 0.6184818884427356, 0.9112753545916268, 1.124060711596949, 1.0918553682168552, 1.0519012231472415, 1.0604058710082023, 1.1010962834034748, 1.1484706050156464, 1.2414843039249468, 1.286522046207647, 1.3072562312959182, 1.4024657757114494, 1.4690763553789117, 1.4352382086312834, 1.3078676789813133, 1.2336627867197074, 1.2117583717879756, 1.0914323600059634]",FOUR_ZONE,145.76241455078124,0.37269857977699117,0.37159192427409626,391.1,391.1,1.0,0.6,20.6,370.5
57,5,1.0,0.3,5,5,6,5.5,5.5,0.19,0.5,42,1,"[0.3, 0.4]",0.2442732516826255,0.2442732516826255,10,7.778174593052023,0.21213203435596423,1.1667261889578033,0.17272727272727273,0.17272727272727273,20260927T095930443635Z_577f21e5,2,5760.0,40,True,81,"[0.8592549273600911, 0.6058380411445193, 0.4316697215292379, 0.32461244914431125, 0.29898418014229616, 0.3853292566116986, 0.6184818884427356, 0.9112753545916268, 1.124060711596949, 1.0918553682168552, 1.0519012231472415, 1.0604058710082023, 1.1010962834034748, 1.1484706050156464, 1.2414843039249468, 1.286522046207647, 1.3072562312959182, 1.4024657757114494, 1.4690763553789117, 1.4352382086312834, 1.3078676789813133, 1.2336627867197074, 1.2117583717879756, 1.0914323600059634]",PURE,126.4,0.30268199233716475,0.3020488391073032,417.6,417.6,1.0,0.0,0.0,417.6
57,5,1.0,0.3,5,5,6,5.5,5.5,0.19,0.5,42,1,"[0.3, 0.4]",0.2442732516826255,0.2442732516826255,10,7.778174593052023,0.21213203435596423,1.1667261889578033,0.17272727272727273,0.17272727272727273,20260927T095930443635Z_577f21e5,2,5760.0,40,True,81,"[0.8592549273600911, 0.6058380411445193, 0.4316697215292379, 0.32461244914431125, 0.29898418014229616, 0.3853292566116986, 0.6184818884427356, 0.9112753545916268, 1.124060711596949, 1.0918553682168552, 1.0519012231472415, 1.0604058710082023, 1.1010962834034748, 1.1484706050156464, 1.2414843039249468, 1.286522046207647, 1.3072562312959182, 1.4024657757114494, 1.4690763553789117, 1.4352382086312834, 1.3078676789813133, 1.2336627867197074, 1.2117583717879756, 1.0914323600059634]",PURE_OR,126.4,0.3665893271461717,0.36571390797791914,344.8,344.8,1.0,0.0,0.0,344.8
58,5,1.0,0.1,5,5,6,6.0,5.5,0.19,0.5,42,1,[0.1],0.1,0.2442732516826255,10,7.778174593052023,0.07071067811865475,0.38890872965260115,0.07071067811865475,0.17272727272727273,20260927T095930443635Z_577f21e5,2,5760.0,40,True,81,"[0.8592549273600911, 0.6058380411445193, 0.4316697215292379, 0.32461244914431125, 0.29898418014229616, 0.3853292566116986, 0.6184818884427356, 0.9112753545916268, 1.124060711596949, 1.0918553682168552, 1.0519012231472415, 1.0604058710082023, 1.1010962834034748, 1.1484706050156464, 1.2414843039249468, 1.286522046207647, 1.3072562312959182, 1.4024657757114494, 1.4690763553789117, 1.4352382086312834, 1.3078676789813133, 1.2336627867197074, 1.2117583717879756, 1.0914323600059634]",DRL,596.3471130371094,0.5352244776854329,0.5350258350372314,1114.2,1114.2,1.0,13.6,590.3,523.9
58,5,1.0,0.1,5,5,6,6.0,5.5,0.19,0.5,42,1,[0.1],0.1,0.2442732516826255,10,7.778174593052023,0.07071067811865475,0.38890872965260115,0.07071067811865475,0.17272727272727273,20260927T095930443635Z_577f21e5,2,5760.0,40,True,81,"[0.8592549273600911, 0.6058380411445193, 0.4316697215292379, 0.32461244914431125, 0.29898418014229616, 0.3853292566116986, 0.6184818884427356, 0.9112753545916268, 1.124060711596949, 1.0918553682168552, 1.0519012231472415, 1.0604058710082023, 1.1010962834034748, 1.1484706050156464, 1.2414843039249468, 1.286522046207647, 1.3072562312959182, 1.4024657757114494, 1.4690763553789117, 1.4352382086312834, 1.3078676789813133, 1.2336627867197074, 1.2117583717879756, 1.0914323600059634]",HEUR,332.1143829345703,0.47155243920853374,0.46787837743759153,704.3,704.3,1.0,7.0,228.5,475.8
58,5,1.0,0.1,5,5,6,6.0,5.5,0.19,0.5,42,1,[0.1],0.1,0.2442732516826255,10,7.778174593052023,0.07071067811865475,0.38890872965260115,0.07071067811865475,0.17272727272727273,20260927T095930443635Z_577f21e5,2,5760.0,40,True,81,"[0.8592549273600911, 0.6058380411445193, 0.4316697215292379, 0.32461244914431125, 0.29898418014229616, 0.3853292566116986, 0.6184818884427356, 0.9112753545916268, 1.124060711596949, 1.0918553682168552, 1.0519012231472415, 1.0604058710082023, 1.1010962834034748, 1.1484706050156464, 1.2414843039249468, 1.286522046207647, 1.3072562312959182, 1.4024657757114494, 1.4690763553789117, 1.4352382086312834, 1.3078676789813133, 1.2336627867197074, 1.2117583717879756, 1.0914323600059634]",HEUR_VOR,230.19920043945314,0.44751010971899907,0.439445698261261,514.4,514.4,1.0,3.6,107.7,406.7
58,5,1.0,0.1,5,5,6,6.0,5.5,0.19,0.5,42,1,[0.1],0.1,0.2442732516826255,10,7.778174593052023,0.07071067811865475,0.38890872965260115,0.07071067811865475,0.17272727272727273,20260927T095930443635Z_577f21e5,2,5760.0,40,True,81,"[0.8592549273600911, 0.6058380411445193, 0.4316697215292379, 0.32461244914431125, 0.29898418014229616, 0.3853292566116986, 0.6184818884427356, 0.9112753545916268, 1.124060711596949, 1.0918553682168552, 1.0519012231472415, 1.0604058710082023, 1.1010962834034748, 1.1484706050156464, 1.2414843039249468, 1.286522046207647, 1.3072562312959182, 1.4024657757114494, 1.4690763553789117, 1.4352382086312834, 1.3078676789813133, 1.2336627867197074, 1.2117583717879756, 1.0914323600059634]",FOUR_ZONE,132.54143371582032,0.348885058478074,0.3495522866328113,379.9,379.9,1.0,0.2,5.7,374.2
58,5,1.0,0.1,5,5,6,6.0,5.5,0.19,0.5,42,1,[0.1],0.1,0.2442732516826255,10,7.778174593052023,0.07071067811865475,0.38890872965260115,0.07071067811865475,0.17272727272727273,20260927T095930443635Z_577f21e5,2,5760.0,40,True,81,"[0.8592549273600911, 0.6058380411445193, 0.4316697215292379, 0.32461244914431125, 0.29898418014229616, 0.3853292566116986, 0.6184818884427356, 0.9112753545916268, 1.124060711596949, 1.0918553682168552, 1.0519012231472415, 1.0604058710082023, 1.1010962834034748, 1.1484706050156464, 1.2414843039249468, 1.286522046207647, 1.3072562312959182, 1.4024657757114494, 1.4690763553789117, 1.4352382086312834, 1.3078676789813133, 1.2336627867197074, 1.2117583717879756, 1.0914323600059634]",PURE,126.4,0.30268199233716475,0.3020488391073032,417.6,417.6,1.0,0.0,0.0,417.6
58,5,1.0,0.1,5,5,6,6.0,5.5,0.19,0.5,42,1,[0.1],0.1,0.2442732516826255,10,7.778174593052023,0.07071067811865475,0.38890872965260115,0.07071067811865475,0.17272727272727273,20260927T095930443635Z_577f21e5,2,5760.0,40,True,81,"[0.8592549273600911, 0.6058380411445193, 0.4316697215292379, 0.32461244914431125, 0.29898418014229616, 0.3853292566116986, 0.6184818884427356, 0.9112753545916268, 1.124060711596949, 1.0918553682168552, 1.0519012231472415, 1.0604058710082023, 1.1010962834034748, 1.1484706050156464, 1.2414843039249468, 1.286522046207647, 1.3072562312959182, 1.4024657757114494, 1.4690763553789117, 1.4352382086312834, 1.3078676789813133, 1.2336627867197074, 1.2117583717879756, 1.0914323600059634]",PURE_OR,126.4,0.3665893271461717,0.36571390797791914,344.8,344.8,1.0,0.0,0.0,344.8
59,5,1.0,0.2,5,5,6,6.0,5.5,0.19,0.5,42,1,[0.2],0.2,0.2442732516826255,10,7.778174593052023,0.1414213562373095,0.7778174593052023,0.1414213562373095,0.17272727272727273,20260927T095930443635Z_577f21e5,2,5760.0,40,True,81,"[0.8592549273600911, 0.6058380411445193, 0.4316697215292379, 0.32461244914431125, 0.29898418014229616, 0.3853292566116986, 0.6184818884427356, 0.9112753545916268, 1.124060711596949, 1.0918553682168552, 1.0519012231472415, 1.0604058710082023, 1.1010962834034748, 1.1484706050156464, 1.2414843039249468, 1.286522046207647, 1.3072562312959182, 1.4024657757114494, 1.4690763553789117, 1.4352382086312834, 1.3078676789813133, 1.2336627867197074, 1.2117583717879756, 1.0914323600059634]",DRL,2349.68623046875,0.6940645803948573,0.6927586913108825,3385.4,3385.4,1.0,67.6,2728.6,656.8
59,5,1.0,0.2,5,5,6,6.0,5.5,0.19,0.5,42,1,[0.2],0.2,0.2442732516826255,10,7.778174593052023,0.1414213562373095,0.7778174593052023,0.1414213562373095,0.17272727272727273,20260927T095930443635Z_577f21e5,2,5760.0,40,True,81,"[0.8592549273600911, 0.6058380411445193, 0.4316697215292379, 0.32461244914431125, 0.29898418014229616, 0.3853292566116986, 0.6184818884427356, 0.9112753545916268, 1.124060711596949, 1.0918553682168552, 1.0519012231472415, 1.0604058710082023, 1.1010962834034748, 1.1484706050156464, 1.2414843039249468, 1.286522046207647, 1.3072562312959182, 1.4024657757114494, 1.4690763553789117, 1.4352382086312834, 1.3078676789813133, 1.2336627867197074, 1.2117583717879756, 1.0914323600059634]",HEUR,854.0294494628906,0.6213382680704915,0.6101273536682129,1374.5,1374.5,1.0,25.0,787.1,587.4
59,5,1.0,0.2,5,5,6,6.0,5.5,0.19,0.5,42,1,[0.2],0.2,0.2442732516826255,10,7.778174593052023,0.1414213562373095,0.7778174593052023,0.1414213562373095,0.17272727272727273,20260927T095930443635Z_577f21e5,2,5760.0,40,True,81,"[0.8592549273600911, 0.6058380411445193, 0.4316697215292379, 0.32461244914431125, 0.29898418014229616, 0.3853292566116986, 0.6184818884427356, 0.9112753545916268, 1.124060711596949, 1.0918553682168552, 1.0519012231472415, 1.0604058710082023, 1.1010962834034748, 1.1484706050156464, 1.2414843039249468, 1.286522046207647, 1.3072562312959182, 1.4024657757114494, 1.4690763553789117, 1.4352382086312834, 1.3078676789813133, 1.2336627867197074, 1.2117583717879756, 1.0914323600059634]",HEUR_VOR,394.99127807617185,0.5492092298055783,0.5434962451457978,719.2,719.2,1.0,9.2,293.5,425.7
59,5,1.0,0.2,5,5,6,6.0,5.5,0.19,0.5,42,1,[0.2],0.2,0.2442732516826255,10,7.778174593052023,0.1414213562373095,0.7778174593052023,0.1414213562373095,0.17272727272727273,20260927T095930443635Z_577f21e5,2,5760.0,40,True,81,"[0.8592549273600911, 0.6058380411445193, 0.4316697215292379, 0.32461244914431125, 0.29898418014229616, 0.3853292566116986, 0.6184818884427356, 0.9112753545916268, 1.124060711596949, 1.0918553682168552, 1.0519012231472415, 1.0604058710082023, 1.1010962834034748, 1.1484706050156464, 1.2414843039249468, 1.286522046207647, 1.3072562312959182, 1.4024657757114494, 1.4690763553789117, 1.4352382086312834, 1.3078676789813133, 1.2336627867197074, 1.2117583717879756, 1.0914323600059634]",FOUR_ZONE,138.8214324951172,0.3602944004544957,0.3596194306542773,385.3,385.3,1.0,0.4,11.9,373.4
59,5,1.0,0.2,5,5,6,6.0,5.5,0.19,0.5,42,1,[0.2],0.2,0.2442732516826255,10,7.778174593052023,0.1414213562373095,0.7778174593052023,0.1414213562373095,0.17272727272727273,20260927T095930443635Z_577f21e5,2,5760.0,40,True,81,"[0.8592549273600911, 0.6058380411445193, 0.4316697215292379, 0.32461244914431125, 0.29898418014229616, 0.3853292566116986, 0.6184818884427356, 0.9112753545916268, 1.124060711596949, 1.0918553682168552, 1.0519012231472415, 1.0604058710082023, 1.1010962834034748, 1.1484706050156464, 1.2414843039249468, 1.286522046207647, 1.3072562312959182, 1.4024657757114494, 1.4690763553789117, 1.4352382086312834, 1.3078676789813133, 1.2336627867197074, 1.2117583717879756, 1.0914323600059634]",PURE,126.4,0.30268199233716475,0.3020488391073032,417.6,417.6,1.0,0.0,0.0,417.6
59,5,1.0,0.2,5,5,6,6.0,5.5,0.19,0.5,42,1,[0.2],0.2,0.2442732516826255,10,7.778174593052023,0.1414213562373095,0.7778174593052023,0.1414213562373095,0.17272727272727273,20260927T095930443635Z_577f21e5,2,5760.0,40,True,81,"[0.8592549273600911, 0.6058380411445193, 0.4316697215292379, 0.32461244914431125, 0.29898418014229616, 0.3853292566116986, 0.6184818884427356, 0.9112753545916268, 1.124060711596949, 1.0918553682168552, 1.0519012231472415, 1.0604058710082023, 1.1010962834034748, 1.1484706050156464, 1.2414843039249468, 1.286522046207647, 1.3072562312959182, 1.4024657757114494, 1.4690763553789117, 1.4352382086312834, 1.3078676789813133, 1.2336627867197074, 1.2117583717879756, 1.0914323600059634]",PURE_OR,126.4,0.3665893271461717,0.36571390797791914,344.8,344.8,1.0,0.0,0.0,344.8
60,5,1.0,0.3,5,5,6,6.0,5.5,0.19,0.5,42,1,"[0.3, 0.4]",0.2442732516826255,0.2442732516826255,10,7.778174593052023,0.21213203435596423,1.1667261889578033,0.17272727272727273,0.17272727272727273,20260927T095930443635Z_577f21e5,2,5760.0,40,True,81,"[0.8592549273600911, 0.6058380411445193, 0.4316697215292379, 0.32461244914431125, 0.29898418014229616, 0.3853292566116986, 0.6184818884427356, 0.9112753545916268, 1.124060711596949, 1.0918553682168552, 1.0519012231472415, 1.0604058710082023, 1.1010962834034748, 1.1484706050156464, 1.2414843039249468, 1.286522046207647, 1.3072562312959182, 1.4024657757114494, 1.4690763553789117, 1.4352382086312834, 1.3078676789813133, 1.2336627867197074, 1.2117583717879756, 1.0914323600059634]",DRL,2473.3168212890623,0.6756773176585337,0.6792856693267822,3660.5,3660.5,1.0,68.4,3037.4,623.1
60,5,1.0,0.3,5,5,6,6.0,5.5,0.19,0.5,42,1,"[0.3, 0.4]",0.2442732516826255,0.2442732516826255,10,7.778174593052023,0.21213203435596423,1.1667261889578033,0.17272727272727273,0.17272727272727273,20260927T095930443635Z_577f21e5,2,5760.0,40,True,81,"[0.8592549273600911, 0.6058380411445193, 0.4316697215292379, 0.32461244914431125, 0.29898418014229616, 0.3853292566116986, 0.6184818884427356, 0.9112753545916268, 1.124060711596949, 1.0918553682168552, 1.0519012231472415, 1.0604058710082023, 1.1010962834034748, 1.1484706050156464, 1.2414843039249468, 1.286522046207647, 1.3072562312959182, 1.4024657757114494, 1.4690763553789117, 1.4352382086312834, 1.3078676789813133, 1.2336627867197074, 1.2117583717879756, 1.0914323600059634]",HEUR,828.8321899414062,0.6113684369266108,0.6051758766174317,1355.7,1355.7,1.0,24.6,775.8,579.9
60,5,1.0,0.3,5,5,6,6.0,5.5,0.19,0.5,42,1,"[0.3, 0.4]",0.2442732516826255,0.2442732516826255,10,7.778174593052023,0.21213203435596423,1.1667261889578033,0.17272727272727273,0.17272727272727273,20260927T095930443635Z_577f21e5,2,5760.0,40,True,81,"[0.8592549273600911, 0.6058380411445193, 0.4316697215292379, 0.32461244914431125, 0.29898418014229616, 0.3853292566116986, 0.6184818884427356, 0.9112753545916268, 1.124060711596949, 1.0918553682168552, 1.0519012231472415, 1.0604058710082023, 1.1010962834034748, 1.1484706050156464, 1.2414843039249468, 1.286522046207647, 1.3072562312959182, 1.4024657757114494, 1.4690763553789117, 1.4352382086312834, 1.3078676789813133, 1.2336627867197074, 1.2117583717879756, 1.0914323600059634]",HEUR_VOR,439.68048095703125,0.5916841353209948,0.5803938865661621,743.1,743.1,1.0,10.4,328.3,414.8
60,5,1.0,0.3,5,5,6,6.0,5.5,0.19,0.5,42,1,"[0.3, 0.4]",0.2442732516826255,0.2442732516826255,10,7.778174593052023,0.21213203435596423,1.1667261889578033,0.17272727272727273,0.17272727272727273,20260927T095930443635Z_577f21e5,2,5760.0,40,True,81,"[0.8592549273600911, 0.6058380411445193, 0.4316697215292379, 0.32461244914431125, 0.29898418014229616, 0.3853292566116986, 0.6184818884427356, 0.9112753545916268, 1.124060711596949, 1.0918553682168552, 1.0519012231472415, 1.0604058710082023, 1.1010962834034748, 1.1484706050156464, 1.2414843039249468, 1.286522046207647, 1.3072562312959182, 1.4024657757114494, 1.4690763553789117, 1.4352382086312834, 1.3078676789813133, 1.2336627867197074, 1.2117583717879756, 1.0914323600059634]",FOUR_ZONE,147.52263488769532,0.3771992709989653,0.37606163486255145,391.1,391.1,1.0,0.6,20.6,370.5
60,5,1.0,0.3,5,5,6,6.0,5.5,0.19,0.5,42,1,"[0.3, 0.4]",0.2442732516826255,0.2442732516826255,10,7.778174593052023,0.21213203435596423,1.1667261889578033,0.17272727272727273,0.17272727272727273,20260927T095930443635Z_577f21e5,2,5760.0,40,True,81,"[0.8592549273600911, 0.6058380411445193, 0.4316697215292379, 0.32461244914431125, 0.29898418014229616, 0.3853292566116986, 0.6184818884427356, 0.9112753545916268, 1.124060711596949, 1.0918553682168552, 1.0519012231472415, 1.0604058710082023, 1.1010962834034748, 1.1484706050156464, 1.2414843039249468, 1.286522046207647, 1.3072562312959182, 1.4024657757114494, 1.4690763553789117, 1.4352382086312834, 1.3078676789813133, 1.2336627867197074, 1.2117583717879756, 1.0914323600059634]",PURE,126.4,0.30268199233716475,0.3020488391073032,417.6,417.6,1.0,0.0,0.0,417.6
60,5,1.0,0.3,5,5,6,6.0,5.5,0.19,0.5,42,1,"[0.3, 0.4]",0.2442732516826255,0.2442732516826255,10,7.778174593052023,0.21213203435596423,1.1667261889578033,0.17272727272727273,0.17272727272727273,20260927T095930443635Z_577f21e5,2,5760.0,40,True,81,"[0.8592549273600911, 0.6058380411445193, 0.4316697215292379, 0.32461244914431125, 0.29898418014229616, 0.3853292566116986, 0.6184818884427356, 0.9112753545916268, 1.124060711596949, 1.0918553682168552, 1.0519012231472415, 1.0604058710082023, 1.1010962834034748, 1.1484706050156464, 1.2414843039249468, 1.286522046207647, 1.3072562312959182, 1.4024657757114494, 1.4690763553789117, 1.4352382086312834, 1.3078676789813133, 1.2336627867197074, 1.2117583717879756, 1.0914323600059634]",PURE_OR,126.4,0.3665893271461717,0.36571390797791914,344.8,344.8,1.0,0.0,0.0,344.8
61,10,0.33,0.1,5,5,6,5.5,5.5,0.19,0.5,42,1,[0.1],0.1,0.2442732516826255,10,7.778174593052023,0.07071067811865475,0.38890872965260115,0.07071067811865475,0.17272727272727273,20260927T095930443635Z_577f21e5,2,5760.0,40,True,81,"[0.8592549273600911, 0.6058380411445193, 0.4316697215292379, 0.32461244914431125, 0.29898418014229616, 0.3853292566116986, 0.6184818884427356, 0.9112753545916268, 1.124060711596949, 1.0918553682168552, 1.0519012231472415, 1.0604058710082023, 1.1010962834034748, 1.1484706050156464, 1.2414843039249468, 1.286522046207647, 1.3072562312959182, 1.4024657757114494, 1.4690763553789117, 1.4352382086312834, 1.3078676789813133, 1.2336627867197074, 1.2117583717879756, 1.0914323600059634]",DRL,282.1415069580078,0.45996333054777927,0.40548136830329895,613.4,613.4,1.0,8.2,341.8,271.6
61,10,0.33,0.1,5,5,6,5.5,5.5,0.19,0.5,42,1,[0.1],0.1,0.2442732516826255,10,7.778174593052023,0.07071067811865475,0.38890872965260115,0.07071067811865475,0.17272727272727273,20260927T095930443635Z_577f21e5,2,5760.0,40,True,81,"[0.8592549273600911, 0.6058380411445193, 0.4316697215292379, 0.32461244914431125, 0.29898418014229616, 0.3853292566116986, 0.6184818884427356, 0.9112753545916268, 1.124060711596949, 1.0918553682168552, 1.0519012231472415, 1.0604058710082023, 1.1010962834034748, 1.1484706050156464, 1.2414843039249468, 1.286522046207647, 1.3072562312959182, 1.4024657757114494, 1.4690763553789117, 1.4352382086312834, 1.3078676789813133, 1.2336627867197074, 1.2117583717879756, 1.0914323600059634]",HEUR,136.0286979675293,0.37065040318127873,0.3428067982196808,367.0,367.0,1.0,3.2,120.0,247.0
61,10,0.33,0.1,5,5,6,5.5,5.5,0.19,0.5,42,1,[0.1],0.1,0.2442732516826255,10,7.778174593052023,0.07071067811865475,0.38890872965260115,0.07071067811865475,0.17272727272727273,20260927T095930443635Z_577f21e5,2,5760.0,40,True,81,"[0.8592549273600911, 0.6058380411445193, 0.4316697215292379, 0.32461244914431125, 0.29898418014229616, 0.3853292566116986, 0.6184818884427356, 0.9112753545916268, 1.124060711596949, 1.0918553682168552, 1.0519012231472415, 1.0604058710082023, 1.1010962834034748, 1.1484706050156464, 1.2414843039249468, 1.286522046207647, 1.3072562312959182, 1.4024657757114494, 1.4690763553789117, 1.4352382086312834, 1.3078676789813133, 1.2336627867197074, 1.2117583717879756, 1.0914323600059634]",HEUR_VOR,128.34284362792968,0.389981293308811,0.37008904814720156,329.1,329.1,1.0,3.0,102.8,226.3
61,10,0.33,0.1,5,5,6,5.5,5.5,0.19,0.5,42,1,[0.1],0.1,0.2442732516826255,10,7.778174593052023,0.07071067811865475,0.38890872965260115,0.07071067811865475,0.17272727272727273,20260927T095930443635Z_577f21e5,2,5760.0,40,True,81,"[0.8592549273600911, 0.6058380411445193, 0.4316697215292379, 0.32461244914431125, 0.29898418014229616, 0.3853292566116986, 0.6184818884427356, 0.9112753545916268, 1.124060711596949, 1.0918553682168552, 1.0519012231472415, 1.0604058710082023, 1.1010962834034748, 1.1484706050156464, 1.2414843039249468, 1.286522046207647, 1.3072562312959182, 1.4024657757114494, 1.4690763553789117, 1.4352382086312834, 1.3078676789813133, 1.2336627867197074, 1.2117583717879756, 1.0914323600059634]",FOUR_ZONE,44.53782348632812,0.20152861306030825,0.20068369917533588,221.0,221.0,1.0,0.2,1.7,219.3
61,10,0.33,0.1,5,5,6,5.5,5.5,0.19,0.5,42,1,[0.1],0.1,0.2442732516826255,10,7.778174593052023,0.07071067811865475,0.38890872965260115,0.07071067811865475,0.17272727272727273,20260927T095930443635Z_577f21e5,2,5760.0,40,True,81,"[0.8592549273600911, 0.6058380411445193, 0.4316697215292379, 0.32461244914431125, 0.29898418014229616, 0.3853292566116986, 0.6184818884427356, 0.9112753545916268, 1.124060711596949, 1.0918553682168552, 1.0519012231472415, 1.0604058710082023, 1.1010962834034748, 1.1484706050156464, 1.2414843039249468, 1.286522046207647, 1.3072562312959182, 1.4024657757114494, 1.4690763553789117, 1.4352382086312834, 1.3078676789813133, 1.2336627867197074, 1.2117583717879756, 1.0914323600059634]",PURE,43.2,0.1847733105218135,0.18373827772345533,233.8,233.8,1.0,0.0,0.0,233.8
61,10,0.33,0.1,5,5,6,5.5,5.5,0.19,0.5,42,1,[0.1],0.1,0.2442732516826255,10,7.778174593052023,0.07071067811865475,0.38890872965260115,0.07071067811865475,0.17272727272727273,20260927T095930443635Z_577f21e5,2,5760.0,40,True,81,"[0.8592549273600911, 0.6058380411445193, 0.4316697215292379, 0.32461244914431125, 0.29898418014229616, 0.3853292566116986, 0.6184818884427356, 0.9112753545916268, 1.124060711596949, 1.0918553682168552, 1.0519012231472415, 1.0604058710082023, 1.1010962834034748, 1.1484706050156464, 1.2414843039249468, 1.286522046207647, 1.3072562312959182, 1.4024657757114494, 1.4690763553789117, 1.4352382086312834, 1.3078676789813133, 1.2336627867197074, 1.2117583717879756, 1.0914323600059634]",PURE_OR,43.2,0.2169763937719739,0.2154468511187857,199.1,199.1,1.0,0.0,0.0,199.1
62,10,0.33,0.2,5,5,6,5.5,5.5,0.19,0.5,42,1,[0.2],0.2,0.2442732516826255,10,7.778174593052023,0.1414213562373095,0.7778174593052023,0.1414213562373095,0.17272727272727273,20260927T095930443635Z_577f21e5,2,5760.0,40,True,81,"[0.8592549273600911, 0.6058380411445193, 0.4316697215292379, 0.32461244914431125, 0.29898418014229616, 0.3853292566116986, 0.6184818884427356, 0.9112753545916268, 1.124060711596949, 1.0918553682168552, 1.0519012231472415, 1.0604058710082023, 1.1010962834034748, 1.1484706050156464, 1.2414843039249468, 1.286522046207647, 1.3072562312959182, 1.4024657757114494, 1.4690763553789117, 1.4352382086312834, 1.3078676789813133, 1.2336627867197074, 1.2117583717879756, 1.0914323600059634]",DRL,1617.1236938476563,0.6294269398441757,0.626361083984375,2569.2,2569.2,1.0,51.6,2192.5,376.7
62,10,0.33,0.2,5,5,6,5.5,5.5,0.19,0.5,42,1,[0.2],0.2,0.2442732516826255,10,7.778174593052023,0.1414213562373095,0.7778174593052023,0.1414213562373095,0.17272727272727273,20260927T095930443635Z_577f21e5,2,5760.0,40,True,81,"[0.8592549273600911, 0.6058380411445193, 0.4316697215292379, 0.32461244914431125, 0.29898418014229616, 0.3853292566116986, 0.6184818884427356, 0.9112753545916268, 1.124060711596949, 1.0918553682168552, 1.0519012231472415, 1.0604058710082023, 1.1010962834034748, 1.1484706050156464, 1.2414843039249468, 1.286522046207647, 1.3072562312959182, 1.4024657757114494, 1.4690763553789117, 1.4352382086312834, 1.3078676789813133, 1.2336627867197074, 1.2117583717879756, 1.0914323600059634]",HEUR,482.12353515625,0.5259338225769062,0.5129780650138855,916.7,916.7,1.0,15.6,541.3,375.4
62,10,0.33,0.2,5,5,6,5.5,5.5,0.19,0.5,42,1,[0.2],0.2,0.2442732516826255,10,7.778174593052023,0.1414213562373095,0.7778174593052023,0.1414213562373095,0.17272727272727273,20260927T095930443635Z_577f21e5,2,5760.0,40,True,81,"[0.8592549273600911, 0.6058380411445193, 0.4316697215292379, 0.32461244914431125, 0.29898418014229616, 0.3853292566116986, 0.6184818884427356, 0.9112753545916268, 1.124060711596949, 1.0918553682168552, 1.0519012231472415, 1.0604058710082023, 1.1010962834034748, 1.1484706050156464, 1.2414843039249468, 1.286522046207647, 1.3072562312959182, 1.4024657757114494, 1.4690763553789117, 1.4352382086312834, 1.3078676789813133, 1.2336627867197074, 1.2117583717879756, 1.0914323600059634]",HEUR_VOR,196.1863983154297,0.44811877184885723,0.4420827984809875,437.8,437.8,1.0,5.8,187.8,250.0
62,10,0.33,0.2,5,5,6,5.5,5.5,0.19,0.5,42,1,[0.2],0.2,0.2442732516826255,10,7.778174593052023,0.1414213562373095,0.7778174593052023,0.1414213562373095,0.17272727272727273,20260927T095930443635Z_577f21e5,2,5760.0,40,True,81,"[0.8592549273600911, 0.6058380411445193, 0.4316697215292379, 0.32461244914431125, 0.29898418014229616, 0.3853292566116986, 0.6184818884427356, 0.9112753545916268, 1.124060711596949, 1.0918553682168552, 1.0519012231472415, 1.0604058710082023, 1.1010962834034748, 1.1484706050156464, 1.2414843039249468, 1.286522046207647, 1.3072562312959182, 1.4024657757114494, 1.4690763553789117, 1.4352382086312834, 1.3078676789813133, 1.2336627867197074, 1.2117583717879756, 1.0914323600059634]",FOUR_ZONE,104.81046905517579,0.37988571603905685,0.3763541281223297,275.9,275.9,1.0,1.6,64.8,211.1
62,10,0.33,0.2,5,5,6,5.5,5.5,0.19,0.5,42,1,[0.2],0.2,0.2442732516826255,10,7.778174593052023,0.1414213562373095,0.7778174593052023,0.1414213562373095,0.17272727272727273,20260927T095930443635Z_577f21e5,2,5760.0,40,True,81,"[0.8592549273600911, 0.6058380411445193, 0.4316697215292379, 0.32461244914431125, 0.29898418014229616, 0.3853292566116986, 0.6184818884427356, 0.9112753545916268, 1.124060711596949, 1.0918553682168552, 1.0519012231472415, 1.0604058710082023, 1.1010962834034748, 1.1484706050156464, 1.2414843039249468, 1.286522046207647, 1.3072562312959182, 1.4024657757114494, 1.4690763553789117, 1.4352382086312834, 1.3078676789813133, 1.2336627867197074, 1.2117583717879756, 1.0914323600059634]",PURE,43.2,0.1847733105218135,0.18373827772345533,233.8,233.8,1.0,0.0,0.0,233.8
62,10,0.33,0.2,5,5,6,5.5,5.5,0.19,0.5,42,1,[0.2],0.2,0.2442732516826255,10,7.778174593052023,0.1414213562373095,0.7778174593052023,0.1414213562373095,0.17272727272727273,20260927T095930443635Z_577f21e5,2,5760.0,40,True,81,"[0.8592549273600911, 0.6058380411445193, 0.4316697215292379, 0.32461244914431125, 0.29898418014229616, 0.3853292566116986, 0.6184818884427356, 0.9112753545916268, 1.124060711596949, 1.0918553682168552, 1.0519012231472415, 1.0604058710082023, 1.1010962834034748, 1.1484706050156464, 1.2414843039249468, 1.286522046207647, 1.3072562312959182, 1.4024657757114494, 1.4690763553789117, 1.4352382086312834, 1.3078676789813133, 1.2336627867197074, 1.2117583717879756, 1.0914323600059634]",PURE_OR,43.2,0.2169763937719739,0.2154468511187857,199.1,199.1,1.0,0.0,0.0,199.1
63,10,0.33,0.3,5,5,6,5.5,5.5,0.19,0.5,42,1,"[0.3, 0.4]",0.2442732516826255,0.2442732516826255,10,7.778174593052023,0.21213203435596423,1.1667261889578033,0.17272727272727273,0.17272727272727273,20260927T095930443635Z_577f21e5,2,5760.0,40,True,81,"[0.8592549273600911, 0.6058380411445193, 0.4316697215292379, 0.32461244914431125, 0.29898418014229616, 0.3853292566116986, 0.6184818884427356, 0.9112753545916268, 1.124060711596949, 1.0918553682168552, 1.0519012231472415, 1.0604058710082023, 1.1010962834034748, 1.1484706050156464, 1.2414843039249468, 1.286522046207647, 1.3072562312959182, 1.4024657757114494, 1.4690763553789117, 1.4352382086312834, 1.3078676789813133, 1.2336627867197074, 1.2117583717879756, 1.0914323600059634]",DRL,3029.433251953125,0.6348750449427091,0.6438480257987976,4771.7,3289.25,0.4,98.4,4277.0,494.7
63,10,0.33,0.3,5,5,6,5.5,5.5,0.19,0.5,42,1,"[0.3, 0.4]",0.2442732516826255,0.2442732516826255,10,7.778174593052023,0.21213203435596423,1.1667261889578033,0.17272727272727273,0.17272727272727273,20260927T095930443635Z_577f21e5,2,5760.0,40,True,81,"[0.8592549273600911, 0.6058380411445193, 0.4316697215292379, 0.32461244914431125, 0.29898418014229616, 0.3853292566116986, 0.6184818884427356, 0.9112753545916268, 1.124060711596949, 1.0918553682168552, 1.0519012231472415, 1.0604058710082023, 1.1010962834034748, 1.1484706050156464, 1.2414843039249468, 1.286522046207647, 1.3072562312959182, 1.4024657757114494, 1.4690763553789117, 1.4352382086312834, 1.3078676789813133, 1.2336627867197074, 1.2117583717879756, 1.0914323600059634]",HEUR,750.5494750976562,0.5738145834079941,0.5666595697402954,1308.0,1308.0,1.0,22.8,833.9,474.1
63,10,0.33,0.3,5,5,6,5.5,5.5,0.19,0.5,42,1,"[0.3, 0.4]",0.2442732516826255,0.2442732516826255,10,7.778174593052023,0.21213203435596423,1.1667261889578033,0.17272727272727273,0.17272727272727273,20260927T095930443635Z_577f21e5,2,5760.0,40,True,81,"[0.8592549273600911, 0.6058380411445193, 0.4316697215292379, 0.32461244914431125, 0.29898418014229616, 0.3853292566116986, 0.6184818884427356, 0.9112753545916268, 1.124060711596949, 1.0918553682168552, 1.0519012231472415, 1.0604058710082023, 1.1010962834034748, 1.1484706050156464, 1.2414843039249468, 1.286522046207647, 1.3072562312959182, 1.4024657757114494, 1.4690763553789117, 1.4352382086312834, 1.3078676789813133, 1.2336627867197074, 1.2117583717879756, 1.0914323600059634]",HEUR_VOR,277.63596801757814,0.5260249488775637,0.5075084090232849,527.8,527.8,1.0,8.0,284.2,243.6
63,10,0.33,0.3,5,5,6,5.5,5.5,0.19,0.5,42,1,"[0.3, 0.4]",0.2442732516826255,0.2442732516826255,10,7.778174593052023,0.21213203435596423,1.1667261889578033,0.17272727272727273,0.17272727272727273,20260927T095930443635Z_577f21e5,2,5760.0,40,True,81,"[0.8592549273600911, 0.6058380411445193, 0.4316697215292379, 0.32461244914431125, 0.29898418014229616, 0.3853292566116986, 0.6184818884427356, 0.9112753545916268, 1.124060711596949, 1.0918553682168552, 1.0519012231472415, 1.0604058710082023, 1.1010962834034748, 1.1484706050156464, 1.2414843039249468, 1.286522046207647, 1.3072562312959182, 1.4024657757114494, 1.4690763553789117, 1.4352382086312834, 1.3078676789813133, 1.2336627867197074, 1.2117583717879756, 1.0914323600059634]",FOUR_ZONE,120.70049591064453,0.4253012540896566,0.4209064245223999,283.8,283.8,1.0,2.0,81.8,202.0
63,10,0.33,0.3,5,5,6,5.5,5.5,0.19,0.5,42,1,"[0.3, 0.4]",0.2442732516826255,0.2442732516826255,10,7.778174593052023,0.21213203435596423,1.1667261889578033,0.17272727272727273,0.17272727272727273,20260927T095930443635Z_577f21e5,2,5760.0,40,True,81,"[0.8592549273600911, 0.6058380411445193, 0.4316697215292379, 0.32461244914431125, 0.29898418014229616, 0.3853292566116986, 0.6184818884427356, 0.9112753545916268, 1.124060711596949, 1.0918553682168552, 1.0519012231472415, 1.0604058710082023, 1.1010962834034748, 1.1484706050156464, 1.2414843039249468, 1.286522046207647, 1.3072562312959182, 1.4024657757114494, 1.4690763553789117, 1.4352382086312834, 1.3078676789813133, 1.2336627867197074, 1.2117583717879756, 1.0914323600059634]",PURE,43.2,0.1847733105218135,0.18373827772345533,233.8,233.8,1.0,0.0,0.0,233.8
63,10,0.33,0.3,5,5,6,5.5,5.5,0.19,0.5,42,1,"[0.3, 0.4]",0.2442732516826255,0.2442732516826255,10,7.778174593052023,0.21213203435596423,1.1667261889578033,0.17272727272727273,0.17272727272727273,20260927T095930443635Z_577f21e5,2,5760.0,40,True,81,"[0.8592549273600911, 0.6058380411445193, 0.4316697215292379, 0.32461244914431125, 0.29898418014229616, 0.3853292566116986, 0.6184818884427356, 0.9112753545916268, 1.124060711596949, 1.0918553682168552, 1.0519012231472415, 1.0604058710082023, 1.1010962834034748, 1.1484706050156464, 1.2414843039249468, 1.286522046207647, 1.3072562312959182, 1.4024657757114494, 1.4690763553789117, 1.4352382086312834, 1.3078676789813133, 1.2336627867197074, 1.2117583717879756, 1.0914323600059634]",PURE_OR,43.2,0.2169763937719739,0.2154468511187857,199.1,199.1,1.0,0.0,0.0,199.1
64,10,0.33,0.1,5,5,6,6.0,5.5,0.19,0.5,42,1,[0.1],0.1,0.2442732516826255,10,7.778174593052023,0.07071067811865475,0.38890872965260115,0.07071067811865475,0.17272727272727273,20260927T095930443635Z_577f21e5,2,5760.0,40,True,81,"[0.8592549273600911, 0.6058380411445193, 0.4316697215292379, 0.32461244914431125, 0.29898418014229616, 0.3853292566116986, 0.6184818884427356, 0.9112753545916268, 1.124060711596949, 1.0918553682168552, 1.0519012231472415, 1.0604058710082023, 1.1010962834034748, 1.1484706050156464, 1.2414843039249468, 1.286522046207647, 1.3072562312959182, 1.4024657757114494, 1.4690763553789117, 1.4352382086312834, 1.3078676789813133, 1.2336627867197074, 1.2117583717879756, 1.0914323600059634]",DRL,397.6427520751953,0.5354015781273668,0.4960912883281708,742.7,742.7,1.0,11.2,461.4,281.3
64,10,0.33,0.1,5,5,6,6.0,5.5,0.19,0.5,42,1,[0.1],0.1,0.2442732516826255,10,7.778174593052023,0.07071067811865475,0.38890872965260115,0.07071067811865475,0.17272727272727273,20260927T095930443635Z_577f21e5,2,5760.0,40,True,81,"[0.8592549273600911, 0.6058380411445193, 0.4316697215292379, 0.32461244914431125, 0.29898418014229616, 0.3853292566116986, 0.6184818884427356, 0.9112753545916268, 1.124060711596949, 1.0918553682168552, 1.0519012231472415, 1.0604058710082023, 1.1010962834034748, 1.1484706050156464, 1.2414843039249468, 1.286522046207647, 1.3072562312959182, 1.4024657757114494, 1.4690763553789117, 1.4352382086312834, 1.3078676789813133, 1.2336627867197074, 1.2117583717879756, 1.0914323600059634]",HEUR,144.46779251098633,0.3936452112015976,0.36271644234657285,367.0,367.0,1.0,3.2,120.0,247.0
64,10,0.33,0.1,5,5,6,6.0,5.5,0.19,0.5,42,1,[0.1],0.1,0.2442732516826255,10,7.778174593052023,0.07071067811865475,0.38890872965260115,0.07071067811865475,0.17272727272727273,20260927T095930443635Z_577f21e5,2,5760.0,40,True,81,"[0.8592549273600911, 0.6058380411445193, 0.4316697215292379, 0.32461244914431125, 0.29898418014229616, 0.3853292566116986, 0.6184818884427356, 0.9112753545916268, 1.124060711596949, 1.0918553682168552, 1.0519012231472415, 1.0604058710082023, 1.1010962834034748, 1.1484706050156464, 1.2414843039249468, 1.286522046207647, 1.3072562312959182, 1.4024657757114494, 1.4690763553789117, 1.4352382086312834, 1.3078676789813133, 1.2336627867197074, 1.2117583717879756, 1.0914323600059634]",HEUR_VOR,136.08319702148438,0.4135010544560449,0.39157250225543977,329.1,329.1,1.0,3.0,102.8,226.3
64,10,0.33,0.1,5,5,6,6.0,5.5,0.19,0.5,42,1,[0.1],0.1,0.2442732516826255,10,7.778174593052023,0.07071067811865475,0.38890872965260115,0.07071067811865475,0.17272727272727273,20260927T095930443635Z_577f21e5,2,5760.0,40,True,81,"[0.8592549273600911, 0.6058380411445193, 0.4316697215292379, 0.32461244914431125, 0.29898418014229616, 0.3853292566116986, 0.6184818884427356, 0.9112753545916268, 1.124060711596949, 1.0918553682168552, 1.0519012231472415, 1.0604058710082023, 1.1010962834034748, 1.1484706050156464, 1.2414843039249468, 1.286522046207647, 1.3072562312959182, 1.4024657757114494, 1.4690763553789117, 1.4352382086312834, 1.3078676789813133, 1.2336627867197074, 1.2117583717879756, 1.0914323600059634]",FOUR_ZONE,44.65944366455078,0.20207893060882706,0.20131222717426014,221.0,221.0,1.0,0.2,1.7,219.3
64,10,0.33,0.1,5,5,6,6.0,5.5,0.19,0.5,42,1,[0.1],0.1,0.2442732516826255,10,7.778174593052023,0.07071067811865475,0.38890872965260115,0.07071067811865475,0.17272727272727273,20260927T095930443635Z_577f21e5,2,5760.0,40,True,81,"[0.8592549273600911, 0.6058380411445193, 0.4316697215292379, 0.32461244914431125, 0.29898418014229616, 0.3853292566116986, 0.6184818884427356, 0.9112753545916268, 1.124060711596949, 1.0918553682168552, 1.0519012231472415, 1.0604058710082023, 1.1010962834034748, 1.1484706050156464, 1.2414843039249468, 1.286522046207647, 1.3072562312959182, 1.4024657757114494, 1.4690763553789117, 1.4352382086312834, 1.3078676789813133, 1.2336627867197074, 1.2117583717879756, 1.0914323600059634]",PURE,43.2,0.1847733105218135,0.18373827772345533,233.8,233.8,1.0,0.0,0.0,233.8
64,10,0.33,0.1,5,5,6,6.0,5.5,0.19,0.5,42,1,[0.1],0.1,0.2442732516826255,10,7.778174593052023,0.07071067811865475,0.38890872965260115,0.07071067811865475,0.17272727272727273,20260927T095930443635Z_577f21e5,2,5760.0,40,True,81,"[0.8592549273600911, 0.6058380411445193, 0.4316697215292379, 0.32461244914431125, 0.29898418014229616, 0.3853292566116986, 0.6184818884427356, 0.9112753545916268, 1.124060711596949, 1.0918553682168552, 1.0519012231472415, 1.0604058710082023, 1.1010962834034748, 1.1484706050156464, 1.2414843039249468, 1.286522046207647, 1.3072562312959182, 1.4024657757114494, 1.4690763553789117, 1.4352382086312834, 1.3078676789813133, 1.2336627867197074, 1.2117583717879756, 1.0914323600059634]",PURE_OR,43.2,0.2169763937719739,0.2154468511187857,199.1,199.1,1.0,0.0,0.0,199.1
65,10,0.33,0.2,5,5,6,6.0,5.5,0.19,0.5,42,1,[0.2],0.2,0.2442732516826255,10,7.778174593052023,0.1414213562373095,0.7778174593052023,0.1414213562373095,0.17272727272727273,20260927T095930443635Z_577f21e5,2,5760.0,40,True,81,"[0.8592549273600911, 0.6058380411445193, 0.4316697215292379, 0.32461244914431125, 0.29898418014229616, 0.3853292566116986, 0.6184818884427356, 0.9112753545916268, 1.124060711596949, 1.0918553682168552, 1.0519012231472415, 1.0604058710082023, 1.1010962834034748, 1.1484706050156464, 1.2414843039249468, 1.286522046207647, 1.3072562312959182, 1.4024657757114494, 1.4690763553789117, 1.4352382086312834, 1.3078676789813133, 1.2336627867197074, 1.2117583717879756, 1.0914323600059634]",DRL,2433.4587646484374,0.6527693244583914,0.647008216381073,3727.9,3727.9,1.0,75.2,3299.5,428.4
65,10,0.33,0.2,5,5,6,6.0,5.5,0.19,0.5,42,1,[0.2],0.2,0.2442732516826255,10,7.778174593052023,0.1414213562373095,0.7778174593052023,0.1414213562373095,0.17272727272727273,20260927T095930443635Z_577f21e5,2,5760.0,40,True,81,"[0.8592549273600911, 0.6058380411445193, 0.4316697215292379, 0.32461244914431125, 0.29898418014229616, 0.3853292566116986, 0.6184818884427356, 0.9112753545916268, 1.124060711596949, 1.0918553682168552, 1.0519012231472415, 1.0604058710082023, 1.1010962834034748, 1.1484706050156464, 1.2414843039249468, 1.286522046207647, 1.3072562312959182, 1.4024657757114494, 1.4690763553789117, 1.4352382086312834, 1.3078676789813133, 1.2336627867197074, 1.2117583717879756, 1.0914323600059634]",HEUR,522.0296875,0.5694662239554925,0.554904580116272,916.7,916.7,1.0,15.6,541.3,375.4
65,10,0.33,0.2,5,5,6,6.0,5.5,0.19,0.5,42,1,[0.2],0.2,0.2442732516826255,10,7.778174593052023,0.1414213562373095,0.7778174593052023,0.1414213562373095,0.17272727272727273,20260927T095930443635Z_577f21e5,2,5760.0,40,True,81,"[0.8592549273600911, 0.6058380411445193, 0.4316697215292379, 0.32461244914431125, 0.29898418014229616, 0.3853292566116986, 0.6184818884427356, 0.9112753545916268, 1.124060711596949, 1.0918553682168552, 1.0519012231472415, 1.0604058710082023, 1.1010962834034748, 1.1484706050156464, 1.2414843039249468, 1.286522046207647, 1.3072562312959182, 1.4024657757114494, 1.4690763553789117, 1.4352382086312834, 1.3078676789813133, 1.2336627867197074, 1.2117583717879756, 1.0914323600059634]",HEUR_VOR,210.0944793701172,0.479886887551661,0.47316684722900393,437.8,437.8,1.0,5.8,187.8,250.0
65,10,0.33,0.2,5,5,6,6.0,5.5,0.19,0.5,42,1,[0.2],0.2,0.2442732516826255,10,7.778174593052023,0.1414213562373095,0.7778174593052023,0.1414213562373095,0.17272727272727273,20260927T095930443635Z_577f21e5,2,5760.0,40,True,81,"[0.8592549273600911, 0.6058380411445193, 0.4316697215292379, 0.32461244914431125, 0.29898418014229616, 0.3853292566116986, 0.6184818884427356, 0.9112753545916268, 1.124060711596949, 1.0918553682168552, 1.0519012231472415, 1.0604058710082023, 1.1010962834034748, 1.1484706050156464, 1.2414843039249468, 1.286522046207647, 1.3072562312959182, 1.4024657757114494, 1.4690763553789117, 1.4352382086312834, 1.3078676789813133, 1.2336627867197074, 1.2117583717879756, 1.0914323600059634]",FOUR_ZONE,110.41145629882813,0.40018650343902906,0.39644169211387636,275.9,275.9,1.0,1.6,64.8,211.1
65,10,0.33,0.2,5,5,6,6.0,5.5,0.19,0.5,42,1,[0.2],0.2,0.2442732516826255,10,7.778174593052023,0.1414213562373095,0.7778174593052023,0.1414213562373095,0.17272727272727273,20260927T095930443635Z_577f21e5,2,5760.0,40,True,81,"[0.8592549273600911, 0.6058380411445193, 0.4316697215292379, 0.32461244914431125, 0.29898418014229616, 0.3853292566116986, 0.6184818884427356, 0.9112753545916268, 1.124060711596949, 1.0918553682168552, 1.0519012231472415, 1.0604058710082023, 1.1010962834034748, 1.1484706050156464, 1.2414843039249468, 1.286522046207647, 1.3072562312959182, 1.4024657757114494, 1.4690763553789117, 1.4352382086312834, 1.3078676789813133, 1.2336627867197074, 1.2117583717879756, 1.0914323600059634]",PURE,43.2,0.1847733105218135,0.18373827772345533,233.8,233.8,1.0,0.0,0.0,233.8
65,10,0.33,0.2,5,5,6,6.0,5.5,0.19,0.5,42,1,[0.2],0.2,0.2442732516826255,10,7.778174593052023,0.1414213562373095,0.7778174593052023,0.1414213562373095,0.17272727272727273,20260927T095930443635Z_577f21e5,2,5760.0,40,True,81,"[0.8592549273600911, 0.6058380411445193, 0.4316697215292379, 0.32461244914431125, 0.29898418014229616, 0.3853292566116986, 0.6184818884427356, 0.9112753545916268, 1.124060711596949, 1.0918553682168552, 1.0519012231472415, 1.0604058710082023, 1.1010962834034748, 1.1484706050156464, 1.2414843039249468, 1.286522046207647, 1.3072562312959182, 1.4024657757114494, 1.4690763553789117, 1.4352382086312834, 1.3078676789813133, 1.2336627867197074, 1.2117583717879756, 1.0914323600059634]",PURE_OR,43.2,0.2169763937719739,0.2154468511187857,199.1,199.1,1.0,0.0,0.0,199.1
66,10,0.33,0.3,5,5,6,6.0,5.5,0.19,0.5,42,1,"[0.3, 0.4]",0.2442732516826255,0.2442732516826255,10,7.778174593052023,0.21213203435596423,1.1667261889578033,0.17272727272727273,0.17272727272727273,20260927T095930443635Z_577f21e5,2,5760.0,40,True,81,"[0.8592549273600911, 0.6058380411445193, 0.4316697215292379, 0.32461244914431125, 0.29898418014229616, 0.3853292566116986, 0.6184818884427356, 0.9112753545916268, 1.124060711596949, 1.0918553682168552, 1.0519012231472415, 1.0604058710082023, 1.1010962834034748, 1.1484706050156464, 1.2414843039249468, 1.286522046207647, 1.3072562312959182, 1.4024657757114494, 1.4690763553789117, 1.4352382086312834, 1.3078676789813133, 1.2336627867197074, 1.2117583717879756, 1.0914323600059634]",DRL,3255.147998046875,0.6818206187522255,0.6828579902648926,4774.2,4117.0,0.6,100.4,4429.2,345.0
66,10,0.33,0.3,5,5,6,6.0,5.5,0.19,0.5,42,1,"[0.3, 0.4]",0.2442732516826255,0.2442732516826255,10,7.778174593052023,0.21213203435596423,1.1667261889578033,0.17272727272727273,0.17272727272727273,20260927T095930443635Z_577f21e5,2,5760.0,40,True,81,"[0.8592549273600911, 0.6058380411445193, 0.4316697215292379, 0.32461244914431125, 0.29898418014229616, 0.3853292566116986, 0.6184818884427356, 0.9112753545916268, 1.124060711596949, 1.0918553682168552, 1.0519012231472415, 1.0604058710082023, 1.1010962834034748, 1.1484706050156464, 1.2414843039249468, 1.286522046207647, 1.3072562312959182, 1.4024657757114494, 1.4690763553789117, 1.4352382086312834, 1.3078676789813133, 1.2336627867197074, 1.2117583717879756, 1.0914323600059634]",HEUR,814.8527160644531,0.6229760826180835,0.6151602506637573,1308.0,1308.0,1.0,22.8,833.9,474.1
66,10,0.33,0.3,5,5,6,6.0,5.5,0.19,0.5,42,1,"[0.3, 0.4]",0.2442732516826255,0.2442732516826255,10,7.778174593052023,0.21213203435596423,1.1667261889578033,0.17272727272727273,0.17272727272727273,20260927T095930443635Z_577f21e5,2,5760.0,40,True,81,"[0.8592549273600911, 0.6058380411445193, 0.4316697215292379, 0.32461244914431125, 0.29898418014229616, 0.3853292566116986, 0.6184818884427356, 0.9112753545916268, 1.124060711596949, 1.0918553682168552, 1.0519012231472415, 1.0604058710082023, 1.1010962834034748, 1.1484706050156464, 1.2414843039249468, 1.286522046207647, 1.3072562312959182, 1.4024657757114494, 1.4690763553789117, 1.4352382086312834, 1.3078676789813133, 1.2336627867197074, 1.2117583717879756, 1.0914323600059634]",HEUR_VOR,298.94996337890626,0.5664076608164196,0.5459294974803924,527.8,527.8,1.0,8.0,284.2,243.6
66,10,0.33,0.3,5,5,6,6.0,5.5,0.19,0.5,42,1,"[0.3, 0.4]",0.2442732516826255,0.2442732516826255,10,7.778174593052023,0.21213203435596423,1.1667261889578033,0.17272727272727273,0.17272727272727273,20260927T095930443635Z_577f21e5,2,5760.0,40,True,81,"[0.8592549273600911, 0.6058380411445193, 0.4316697215292379, 0.32461244914431125, 0.29898418014229616, 0.3853292566116986, 0.6184818884427356, 0.9112753545916268, 1.124060711596949, 1.0918553682168552, 1.0519012231472415, 1.0604058710082023, 1.1010962834034748, 1.1484706050156464, 1.2414843039249468, 1.286522046207647, 1.3072562312959182, 1.4024657757114494, 1.4690763553789117, 1.4352382086312834, 1.3078676789813133, 1.2336627867197074, 1.2117583717879756, 1.0914323600059634]",FOUR_ZONE,127.74606475830078,0.4501270780771698,0.4454615294933319,283.8,283.8,1.0,2.0,81.8,202.0
66,10,0.33,0.3,5,5,6,6.0,5.5,0.19,0.5,42,1,"[0.3, 0.4]",0.2442732516826255,0.2442732516826255,10,7.778174593052023,0.21213203435596423,1.1667261889578033,0.17272727272727273,0.17272727272727273,20260927T095930443635Z_577f21e5,2,5760.0,40,True,81,"[0.8592549273600911, 0.6058380411445193, 0.4316697215292379, 0.32461244914431125, 0.29898418014229616, 0.3853292566116986, 0.6184818884427356, 0.9112753545916268, 1.124060711596949, 1.0918553682168552, 1.0519012231472415, 1.0604058710082023, 1.1010962834034748, 1.1484706050156464, 1.2414843039249468, 1.286522046207647, 1.3072562312959182, 1.4024657757114494, 1.4690763553789117, 1.4352382086312834, 1.3078676789813133, 1.2336627867197074, 1.2117583717879756, 1.0914323600059634]",PURE,43.2,0.1847733105218135,0.18373827772345533,233.8,233.8,1.0,0.0,0.0,233.8
66,10,0.33,0.3,5,5,6,6.0,5.5,0.19,0.5,42,1,"[0.3, 0.4]",0.2442732516826255,0.2442732516826255,10,7.778174593052023,0.21213203435596423,1.1667261889578033,0.17272727272727273,0.17272727272727273,20260927T095930443635Z_577f21e5,2,5760.0,40,True,81,"[0.8592549273600911, 0.6058380411445193, 0.4316697215292379, 0.32461244914431125, 0.29898418014229616, 0.3853292566116986, 0.6184818884427356, 0.9112753545916268, 1.124060711596949, 1.0918553682168552, 1.0519012231472415, 1.0604058710082023, 1.1010962834034748, 1.1484706050156464, 1.2414843039249468, 1.286522046207647, 1.3072562312959182, 1.4024657757114494, 1.4690763553789117, 1.4352382086312834, 1.3078676789813133, 1.2336627867197074, 1.2117583717879756, 1.0914323600059634]",PURE_OR,43.2,0.2169763937719739,0.2154468511187857,199.1,199.1,1.0,0.0,0.0,199.1
67,10,0.5,0.1,5,5,6,5.5,5.5,0.19,0.5,42,1,[0.1],0.1,0.2442732516826255,10,7.778174593052023,0.07071067811865475,0.38890872965260115,0.07071067811865475,0.17272727272727273,20260927T095930443635Z_577f21e5,2,5760.0,40,True,81,"[0.8592549273600911, 0.6058380411445193, 0.4316697215292379, 0.32461244914431125, 0.29898418014229616, 0.3853292566116986, 0.6184818884427356, 0.9112753545916268, 1.124060711596949, 1.0918553682168552, 1.0519012231472415, 1.0604058710082023, 1.1010962834034748, 1.1484706050156464, 1.2414843039249468, 1.286522046207647, 1.3072562312959182, 1.4024657757114494, 1.4690763553789117, 1.4352382086312834, 1.3078676789813133, 1.2336627867197074, 1.2117583717879756, 1.0914323600059634]",DRL,561.0302368164063,0.49482292892609475,0.47406152486801145,1133.8,1133.8,1.0,16.0,732.9,400.9
67,10,0.5,0.1,5,5,6,5.5,5.5,0.19,0.5,42,1,[0.1],0.1,0.2442732516826255,10,7.778174593052023,0.07071067811865475,0.38890872965260115,0.07071067811865475,0.17272727272727273,20260927T095930443635Z_577f21e5,2,5760.0,40,True,81,"[0.8592549273600911, 0.6058380411445193, 0.4316697215292379, 0.32461244914431125, 0.29898418014229616, 0.3853292566116986, 0.6184818884427356, 0.9112753545916268, 1.124060711596949, 1.0918553682168552, 1.0519012231472415, 1.0604058710082023, 1.1010962834034748, 1.1484706050156464, 1.2414843039249468, 1.286522046207647, 1.3072562312959182, 1.4024657757114494, 1.4690763553789117, 1.4352382086312834, 1.3078676789813133, 1.2336627867197074, 1.2117583717879756, 1.0914323600059634]",HEUR,283.63368530273436,0.44589480475197985,0.43196784257888793,636.1,636.1,1.0,7.8,265.1,371.0
67,10,0.5,0.1,5,5,6,5.5,5.5,0.19,0.5,42,1,[0.1],0.1,0.2442732516826255,10,7.778174593052023,0.07071067811865475,0.38890872965260115,0.07071067811865475,0.17272727272727273,20260927T095930443635Z_577f21e5,2,5760.0,40,True,81,"[0.8592549273600911, 0.6058380411445193, 0.4316697215292379, 0.32461244914431125, 0.29898418014229616, 0.3853292566116986, 0.6184818884427356, 0.9112753545916268, 1.124060711596949, 1.0918553682168552, 1.0519012231472415, 1.0604058710082023, 1.1010962834034748, 1.1484706050156464, 1.2414843039249468, 1.286522046207647, 1.3072562312959182, 1.4024657757114494, 1.4690763553789117, 1.4352382086312834, 1.3078676789813133, 1.2336627867197074, 1.2117583717879756, 1.0914323600059634]",HEUR_VOR,147.5813232421875,0.3783166450709754,0.3679309695959091,390.1,390.1,1.0,4.0,98.7,291.4
67,10,0.5,0.1,5,5,6,5.5,5.5,0.19,0.5,42,1,[0.1],0.1,0.2442732516826255,10,7.778174593052023,0.07071067811865475,0.38890872965260115,0.07071067811865475,0.17272727272727273,20260927T095930443635Z_577f21e5,2,5760.0,40,True,81,"[0.8592549273600911, 0.6058380411445193, 0.4316697215292379, 0.32461244914431125, 0.29898418014229616, 0.3853292566116986, 0.6184818884427356, 0.9112753545916268, 1.124060711596949, 1.0918553682168552, 1.0519012231472415, 1.0604058710082023, 1.1010962834034748, 1.1484706050156464, 1.2414843039249468, 1.286522046207647, 1.3072562312959182, 1.4024657757114494, 1.4690763553789117, 1.4352382086312834, 1.3078676789813133, 1.2336627867197074, 1.2117583717879756, 1.0914323600059634]",FOUR_ZONE,80.5193588256836,0.2929041790676013,0.28849196007734196,274.9,274.9,1.0,0.6,16.0,258.9
67,10,0.5,0.1,5,5,6,5.5,5.5,0.19,0.5,42,1,[0.1],0.1,0.2442732516826255,10,7.778174593052023,0.07071067811865475,0.38890872965260115,0.07071067811865475,0.17272727272727273,20260927T095930443635Z_577f21e5,2,5760.0,40,True,81,"[0.8592549273600911, 0.6058380411445193, 0.4316697215292379, 0.32461244914431125, 0.29898418014229616, 0.3853292566116986, 0.6184818884427356, 0.9112753545916268, 1.124060711596949, 1.0918553682168552, 1.0519012231472415, 1.0604058710082023, 1.1010962834034748, 1.1484706050156464, 1.2414843039249468, 1.286522046207647, 1.3072562312959182, 1.4024657757114494, 1.4690763553789117, 1.4352382086312834, 1.3078676789813133, 1.2336627867197074, 1.2117583717879756, 1.0914323600059634]",PURE,64.4,0.22877442273534637,0.2272855885843997,281.5,281.5,1.0,0.0,0.0,281.5
67,10,0.5,0.1,5,5,6,5.5,5.5,0.19,0.5,42,1,[0.1],0.1,0.2442732516826255,10,7.778174593052023,0.07071067811865475,0.38890872965260115,0.07071067811865475,0.17272727272727273,20260927T095930443635Z_577f21e5,2,5760.0,40,True,81,"[0.8592549273600911, 0.6058380411445193, 0.4316697215292379, 0.32461244914431125, 0.29898418014229616, 0.3853292566116986, 0.6184818884427356, 0.9112753545916268, 1.124060711596949, 1.0918553682168552, 1.0519012231472415, 1.0604058710082023, 1.1010962834034748, 1.1484706050156464, 1.2414843039249468, 1.286522046207647, 1.3072562312959182, 1.4024657757114494, 1.4690763553789117, 1.4352382086312834, 1.3078676789813133, 1.2336627867197074, 1.2117583717879756, 1.0914323600059634]",PURE_OR,64.4,0.2765135251180764,0.275331215943522,232.9,232.9,1.0,0.0,0.0,232.9
68,10,0.5,0.2,5,5,6,5.5,5.5,0.19,0.5,42,1,[0.2],0.2,0.2442732516826255,10,7.778174593052023,0.1414213562373095,0.7778174593052023,0.1414213562373095,0.17272727272727273,20260927T095930443635Z_577f21e5,2,5760.0,40,True,81,"[0.8592549273600911, 0.6058380411445193, 0.4316697215292379, 0.32461244914431125, 0.29898418014229616, 0.3853292566116986, 0.6184818884427356, 0.9112753545916268, 1.124060711596949, 1.0918553682168552, 1.0519012231472415, 1.0604058710082023, 1.1010962834034748, 1.1484706050156464, 1.2414843039249468, 1.286522046207647, 1.3072562312959182, 1.4024657757114494, 1.4690763553789117, 1.4352382086312834, 1.3078676789813133, 1.2336627867197074, 1.2117583717879756, 1.0914323600059634]",DRL,3098.846337890625,0.6506354114996693,0.6532176613807679,4762.8,4098.0,0.6,109.8,4267.1,495.7
68,10,0.5,0.2,5,5,6,5.5,5.5,0.19,0.5,42,1,[0.2],0.2,0.2442732516826255,10,7.778174593052023,0.1414213562373095,0.7778174593052023,0.1414213562373095,0.17272727272727273,20260927T095930443635Z_577f21e5,2,5760.0,40,True,81,"[0.8592549273600911, 0.6058380411445193, 0.4316697215292379, 0.32461244914431125, 0.29898418014229616, 0.3853292566116986, 0.6184818884427356, 0.9112753545916268, 1.124060711596949, 1.0918553682168552, 1.0519012231472415, 1.0604058710082023, 1.1010962834034748, 1.1484706050156464, 1.2414843039249468, 1.286522046207647, 1.3072562312959182, 1.4024657757114494, 1.4690763553789117, 1.4352382086312834, 1.3078676789813133, 1.2336627867197074, 1.2117583717879756, 1.0914323600059634]",HEUR,829.1248046875,0.584302187940451,0.5867779493331909,1419.0,1419.0,1.0,27.2,892.1,526.9
68,10,0.5,0.2,5,5,6,5.5,5.5,0.19,0.5,42,1,[0.2],0.2,0.2442732516826255,10,7.778174593052023,0.1414213562373095,0.7778174593052023,0.1414213562373095,0.17272727272727273,20260927T095930443635Z_577f21e5,2,5760.0,40,True,81,"[0.8592549273600911, 0.6058380411445193, 0.4316697215292379, 0.32461244914431125, 0.29898418014229616, 0.3853292566116986, 0.6184818884427356, 0.9112753545916268, 1.124060711596949, 1.0918553682168552, 1.0519012231472415, 1.0604058710082023, 1.1010962834034748, 1.1484706050156464, 1.2414843039249468, 1.286522046207647, 1.3072562312959182, 1.4024657757114494, 1.4690763553789117, 1.4352382086312834, 1.3078676789813133, 1.2336627867197074, 1.2117583717879756, 1.0914323600059634]",HEUR_VOR,240.867529296875,0.4698020856190267,0.4677357733249664,512.7,512.7,1.0,7.6,221.4,291.3
68,10,0.5,0.2,5,5,6,5.5,5.5,0.19,0.5,42,1,[0.2],0.2,0.2442732516826255,10,7.778174593052023,0.1414213562373095,0.7778174593052023,0.1414213562373095,0.17272727272727273,20260927T095930443635Z_577f21e5,2,5760.0,40,True,81,"[0.8592549273600911, 0.6058380411445193, 0.4316697215292379, 0.32461244914431125, 0.29898418014229616, 0.3853292566116986, 0.6184818884427356, 0.9112753545916268, 1.124060711596949, 1.0918553682168552, 1.0519012231472415, 1.0604058710082023, 1.1010962834034748, 1.1484706050156464, 1.2414843039249468, 1.286522046207647, 1.3072562312959182, 1.4024657757114494, 1.4690763553789117, 1.4352382086312834, 1.3078676789813133, 1.2336627867197074, 1.2117583717879756, 1.0914323600059634]",FOUR_ZONE,101.92685241699219,0.3435350603875706,0.34135736227035524,296.7,296.7,1.0,1.2,39.5,257.2
68,10,0.5,0.2,5,5,6,5.5,5.5,0.19,0.5,42,1,[0.2],0.2,0.2442732516826255,10,7.778174593052023,0.1414213562373095,0.7778174593052023,0.1414213562373095,0.17272727272727273,20260927T095930443635Z_577f21e5,2,5760.0,40,True,81,"[0.8592549273600911, 0.6058380411445193, 0.4316697215292379, 0.32461244914431125, 0.29898418014229616, 0.3853292566116986, 0.6184818884427356, 0.9112753545916268, 1.124060711596949, 1.0918553682168552, 1.0519012231472415, 1.0604058710082023, 1.1010962834034748, 1.1484706050156464, 1.2414843039249468, 1.286522046207647, 1.3072562312959182, 1.4024657757114494, 1.4690763553789117, 1.4352382086312834, 1.3078676789813133, 1.2336627867197074, 1.2117583717879756, 1.0914323600059634]",PURE,64.4,0.22877442273534637,0.2272855885843997,281.5,281.5,1.0,0.0,0.0,281.5
68,10,0.5,0.2,5,5,6,5.5,5.5,0.19,0.5,42,1,[0.2],0.2,0.2442732516826255,10,7.778174593052023,0.1414213562373095,0.7778174593052023,0.1414213562373095,0.17272727272727273,20260927T095930443635Z_577f21e5,2,5760.0,40,True,81,"[0.8592549273600911, 0.6058380411445193, 0.4316697215292379, 0.32461244914431125, 0.29898418014229616, 0.3853292566116986, 0.6184818884427356, 0.9112753545916268, 1.124060711596949, 1.0918553682168552, 1.0519012231472415, 1.0604058710082023, 1.1010962834034748, 1.1484706050156464, 1.2414843039249468, 1.286522046207647, 1.3072562312959182, 1.4024657757114494, 1.4690763553789117, 1.4352382086312834, 1.3078676789813133, 1.2336627867197074, 1.2117583717879756, 1.0914323600059634]",PURE_OR,64.4,0.2765135251180764,0.275331215943522,232.9,232.9,1.0,0.0,0.0,232.9
69,10,0.5,0.3,5,5,6,5.5,5.5,0.19,0.5,42,1,"[0.3, 0.4]",0.2442732516826255,0.2442732516826255,10,7.778174593052023,0.21213203435596423,1.1667261889578033,0.17272727272727273,0.17272727272727273,20260927T095930443635Z_577f21e5,2,5760.0,40,True,81,"[0.8592549273600911, 0.6058380411445193, 0.4316697215292379, 0.32461244914431125, 0.29898418014229616, 0.3853292566116986, 0.6184818884427356, 0.9112753545916268, 1.124060711596949, 1.0918553682168552, 1.0519012231472415, 1.0604058710082023, 1.1010962834034748, 1.1484706050156464, 1.2414843039249468, 1.286522046207647, 1.3072562312959182, 1.4024657757114494, 1.4690763553789117, 1.4352382086312834, 1.3078676789813133, 1.2336627867197074, 1.2117583717879756, 1.0914323600059634]",DRL,4009.262353515625,0.696052491929796,0.6960524916648865,5760.0,,0.0,137.6,5199.7,560.3
69,10,0.5,0.3,5,5,6,5.5,5.5,0.19,0.5,42,1,"[0.3, 0.4]",0.2442732516826255,0.2442732516826255,10,7.778174593052023,0.21213203435596423,1.1667261889578033,0.17272727272727273,0.17272727272727273,20260927T095930443635Z_577f21e5,2,5760.0,40,True,81,"[0.8592549273600911, 0.6058380411445193, 0.4316697215292379, 0.32461244914431125, 0.29898418014229616, 0.3853292566116986, 0.6184818884427356, 0.9112753545916268, 1.124060711596949, 1.0918553682168552, 1.0519012231472415, 1.0604058710082023, 1.1010962834034748, 1.1484706050156464, 1.2414843039249468, 1.286522046207647, 1.3072562312959182, 1.4024657757114494, 1.4690763553789117, 1.4352382086312834, 1.3078676789813133, 1.2336627867197074, 1.2117583717879756, 1.0914323600059634]",HEUR,1125.996875,0.6380670227234091,0.6372092962265015,1764.7,1764.7,1.0,35.8,1232.7,532.0
69,10,0.5,0.3,5,5,6,5.5,5.5,0.19,0.5,42,1,"[0.3, 0.4]",0.2442732516826255,0.2442732516826255,10,7.778174593052023,0.21213203435596423,1.1667261889578033,0.17272727272727273,0.17272727272727273,20260927T095930443635Z_577f21e5,2,5760.0,40,True,81,"[0.8592549273600911, 0.6058380411445193, 0.4316697215292379, 0.32461244914431125, 0.29898418014229616, 0.3853292566116986, 0.6184818884427356, 0.9112753545916268, 1.124060711596949, 1.0918553682168552, 1.0519012231472415, 1.0604058710082023, 1.1010962834034748, 1.1484706050156464, 1.2414843039249468, 1.286522046207647, 1.3072562312959182, 1.4024657757114494, 1.4690763553789117, 1.4352382086312834, 1.3078676789813133, 1.2336627867197074, 1.2117583717879756, 1.0914323600059634]",HEUR_VOR,390.63246459960936,0.5692691119201536,0.5535662710666657,686.2,686.2,1.0,12.0,378.4,307.8
69,10,0.5,0.3,5,5,6,5.5,5.5,0.19,0.5,42,1,"[0.3, 0.4]",0.2442732516826255,0.2442732516826255,10,7.778174593052023,0.21213203435596423,1.1667261889578033,0.17272727272727273,0.17272727272727273,20260927T095930443635Z_577f21e5,2,5760.0,40,True,81,"[0.8592549273600911, 0.6058380411445193, 0.4316697215292379, 0.32461244914431125, 0.29898418014229616, 0.3853292566116986, 0.6184818884427356, 0.9112753545916268, 1.124060711596949, 1.0918553682168552, 1.0519012231472415, 1.0604058710082023, 1.1010962834034748, 1.1484706050156464, 1.2414843039249468, 1.286522046207647, 1.3072562312959182, 1.4024657757114494, 1.4690763553789117, 1.4352382086312834, 1.3078676789813133, 1.2336627867197074, 1.2117583717879756, 1.0914323600059634]",FOUR_ZONE,95.13377990722657,0.3182796249823572,0.3172907650470734,298.9,298.9,1.0,1.0,33.3,265.6
69,10,0.5,0.3,5,5,6,5.5,5.5,0.19,0.5,42,1,"[0.3, 0.4]",0.2442732516826255,0.2442732516826255,10,7.778174593052023,0.21213203435596423,1.1667261889578033,0.17272727272727273,0.17272727272727273,20260927T095930443635Z_577f21e5,2,5760.0,40,True,81,"[0.8592549273600911, 0.6058380411445193, 0.4316697215292379, 0.32461244914431125, 0.29898418014229616, 0.3853292566116986, 0.6184818884427356, 0.9112753545916268, 1.124060711596949, 1.0918553682168552, 1.0519012231472415, 1.0604058710082023, 1.1010962834034748, 1.1484706050156464, 1.2414843039249468, 1.286522046207647, 1.3072562312959182, 1.4024657757114494, 1.4690763553789117, 1.4352382086312834, 1.3078676789813133, 1.2336627867197074, 1.2117583717879756, 1.0914323600059634]",PURE,64.4,0.22877442273534637,0.2272855885843997,281.5,281.5,1.0,0.0,0.0,281.5
69,10,0.5,0.3,5,5,6,5.5,5.5,0.19,0.5,42,1,"[0.3, 0.4]",0.2442732516826255,0.2442732516826255,10,7.778174593052023,0.21213203435596423,1.1667261889578033,0.17272727272727273,0.17272727272727273,20260927T095930443635Z_577f21e5,2,5760.0,40,True,81,"[0.8592549273600911, 0.6058380411445193, 0.4316697215292379, 0.32461244914431125, 0.29898418014229616, 0.3853292566116986, 0.6184818884427356, 0.9112753545916268, 1.124060711596949, 1.0918553682168552, 1.0519012231472415, 1.0604058710082023, 1.1010962834034748, 1.1484706050156464, 1.2414843039249468, 1.286522046207647, 1.3072562312959182, 1.4024657757114494, 1.4690763553789117, 1.4352382086312834, 1.3078676789813133, 1.2336627867197074, 1.2117583717879756, 1.0914323600059634]",PURE_OR,64.4,0.2765135251180764,0.275331215943522,232.9,232.9,1.0,0.0,0.0,232.9
70,10,0.5,0.1,5,5,6,6.0,5.5,0.19,0.5,42,1,[0.1],0.1,0.2442732516826255,10,7.778174593052023,0.07071067811865475,0.38890872965260115,0.07071067811865475,0.17272727272727273,20260927T095930443635Z_577f21e5,2,5760.0,40,True,81,"[0.8592549273600911, 0.6058380411445193, 0.4316697215292379, 0.32461244914431125, 0.29898418014229616, 0.3853292566116986, 0.6184818884427356, 0.9112753545916268, 1.124060711596949, 1.0918553682168552, 1.0519012231472415, 1.0604058710082023, 1.1010962834034748, 1.1484706050156464, 1.2414843039249468, 1.286522046207647, 1.3072562312959182, 1.4024657757114494, 1.4690763553789117, 1.4352382086312834, 1.3078676789813133, 1.2336627867197074, 1.2117583717879756, 1.0914323600059634]",DRL,659.678564453125,0.534369027503544,0.5106876850128174,1234.5,1234.5,1.0,17.2,810.0,424.5
70,10,0.5,0.1,5,5,6,6.0,5.5,0.19,0.5,42,1,[0.1],0.1,0.2442732516826255,10,7.778174593052023,0.07071067811865475,0.38890872965260115,0.07071067811865475,0.17272727272727273,20260927T095930443635Z_577f21e5,2,5760.0,40,True,81,"[0.8592549273600911, 0.6058380411445193, 0.4316697215292379, 0.32461244914431125, 0.29898418014229616, 0.3853292566116986, 0.6184818884427356, 0.9112753545916268, 1.124060711596949, 1.0918553682168552, 1.0519012231472415, 1.0604058710082023, 1.1010962834034748, 1.1484706050156464, 1.2414843039249468, 1.286522046207647, 1.3072562312959182, 1.4024657757114494, 1.4690763553789117, 1.4352382086312834, 1.3078676789813133, 1.2336627867197074, 1.2117583717879756, 1.0914323600059634]",HEUR,303.5659973144531,0.47722999106186625,0.4616640329360962,636.1,636.1,1.0,7.8,265.1,371.0
70,10,0.5,0.1,5,5,6,6.0,5.5,0.19,0.5,42,1,[0.1],0.1,0.2442732516826255,10,7.778174593052023,0.07071067811865475,0.38890872965260115,0.07071067811865475,0.17272727272727273,20260927T095930443635Z_577f21e5,2,5760.0,40,True,81,"[0.8592549273600911, 0.6058380411445193, 0.4316697215292379, 0.32461244914431125, 0.29898418014229616, 0.3853292566116986, 0.6184818884427356, 0.9112753545916268, 1.124060711596949, 1.0918553682168552, 1.0519012231472415, 1.0604058710082023, 1.1010962834034748, 1.1484706050156464, 1.2414843039249468, 1.286522046207647, 1.3072562312959182, 1.4024657757114494, 1.4690763553789117, 1.4352382086312834, 1.3078676789813133, 1.2336627867197074, 1.2117583717879756, 1.0914323600059634]",HEUR_VOR,155.14337921142578,0.39770156168014814,0.3863087981939316,390.1,390.1,1.0,4.0,98.7,291.4
70,10,0.5,0.1,5,5,6,6.0,5.5,0.19,0.5,42,1,[0.1],0.1,0.2442732516826255,10,7.778174593052023,0.07071067811865475,0.38890872965260115,0.07071067811865475,0.17272727272727273,20260927T095930443635Z_577f21e5,2,5760.0,40,True,81,"[0.8592549273600911, 0.6058380411445193, 0.4316697215292379, 0.32461244914431125, 0.29898418014229616, 0.3853292566116986, 0.6184818884427356, 0.9112753545916268, 1.124060711596949, 1.0918553682168552, 1.0519012231472415, 1.0604058710082023, 1.1010962834034748, 1.1484706050156464, 1.2414843039249468, 1.286522046207647, 1.3072562312959182, 1.4024657757114494, 1.4690763553789117, 1.4352382086312834, 1.3078676789813133, 1.2336627867197074, 1.2117583717879756, 1.0914323600059634]",FOUR_ZONE,81.98475341796875,0.2982348250926473,0.2933765905190076,274.9,274.9,1.0,0.6,16.0,258.9
70,10,0.5,0.1,5,5,6,6.0,5.5,0.19,0.5,42,1,[0.1],0.1,0.2442732516826255,10,7.778174593052023,0.07071067811865475,0.38890872965260115,0.07071067811865475,0.17272727272727273,20260927T095930443635Z_577f21e5,2,5760.0,40,True,81,"[0.8592549273600911, 0.6058380411445193, 0.4316697215292379, 0.32461244914431125, 0.29898418014229616, 0.3853292566116986, 0.6184818884427356, 0.9112753545916268, 1.124060711596949, 1.0918553682168552, 1.0519012231472415, 1.0604058710082023, 1.1010962834034748, 1.1484706050156464, 1.2414843039249468, 1.286522046207647, 1.3072562312959182, 1.4024657757114494, 1.4690763553789117, 1.4352382086312834, 1.3078676789813133, 1.2336627867197074, 1.2117583717879756, 1.0914323600059634]",PURE,64.4,0.22877442273534637,0.2272855885843997,281.5,281.5,1.0,0.0,0.0,281.5
70,10,0.5,0.1,5,5,6,6.0,5.5,0.19,0.5,42,1,[0.1],0.1,0.2442732516826255,10,7.778174593052023,0.07071067811865475,0.38890872965260115,0.07071067811865475,0.17272727272727273,20260927T095930443635Z_577f21e5,2,5760.0,40,True,81,"[0.8592549273600911, 0.6058380411445193, 0.4316697215292379, 0.32461244914431125, 0.29898418014229616, 0.3853292566116986, 0.6184818884427356, 0.9112753545916268, 1.124060711596949, 1.0918553682168552, 1.0519012231472415, 1.0604058710082023, 1.1010962834034748, 1.1484706050156464, 1.2414843039249468, 1.286522046207647, 1.3072562312959182, 1.4024657757114494, 1.4690763553789117, 1.4352382086312834, 1.3078676789813133, 1.2336627867197074, 1.2117583717879756, 1.0914323600059634]",PURE_OR,64.4,0.2765135251180764,0.275331215943522,232.9,232.9,1.0,0.0,0.0,232.9
71,10,0.5,0.2,5,5,6,6.0,5.5,0.19,0.5,42,1,[0.2],0.2,0.2442732516826255,10,7.778174593052023,0.1414213562373095,0.7778174593052023,0.1414213562373095,0.17272727272727273,20260927T095930443635Z_577f21e5,2,5760.0,40,True,81,"[0.8592549273600911, 0.6058380411445193, 0.4316697215292379, 0.32461244914431125, 0.29898418014229616, 0.3853292566116986, 0.6184818884427356, 0.9112753545916268, 1.124060711596949, 1.0918553682168552, 1.0519012231472415, 1.0604058710082023, 1.1010962834034748, 1.1484706050156464, 1.2414843039249468, 1.286522046207647, 1.3072562312959182, 1.4024657757114494, 1.4690763553789117, 1.4352382086312834, 1.3078676789813133, 1.2336627867197074, 1.2117583717879756, 1.0914323600059634]",DRL,3237.970166015625,0.7251892869015958,0.7188352465629577,4465.0,3601.6666666666665,0.6,101.0,3988.6,476.4
71,10,0.5,0.2,5,5,6,6.0,5.5,0.19,0.5,42,1,[0.2],0.2,0.2442732516826255,10,7.778174593052023,0.1414213562373095,0.7778174593052023,0.1414213562373095,0.17272727272727273,20260927T095930443635Z_577f21e5,2,5760.0,40,True,81,"[0.8592549273600911, 0.6058380411445193, 0.4316697215292379, 0.32461244914431125, 0.29898418014229616, 0.3853292566116986, 0.6184818884427356, 0.9112753545916268, 1.124060711596949, 1.0918553682168552, 1.0519012231472415, 1.0604058710082023, 1.1010962834034748, 1.1484706050156464, 1.2414843039249468, 1.286522046207647, 1.3072562312959182, 1.4024657757114494, 1.4690763553789117, 1.4352382086312834, 1.3078676789813133, 1.2336627867197074, 1.2117583717879756, 1.0914323600059634]",HEUR,898.64306640625,0.633293210998062,0.6358543157577514,1419.0,1419.0,1.0,27.2,892.1,526.9
71,10,0.5,0.2,5,5,6,6.0,5.5,0.19,0.5,42,1,[0.2],0.2,0.2442732516826255,10,7.778174593052023,0.1414213562373095,0.7778174593052023,0.1414213562373095,0.17272727272727273,20260927T095930443635Z_577f21e5,2,5760.0,40,True,81,"[0.8592549273600911, 0.6058380411445193, 0.4316697215292379, 0.32461244914431125, 0.29898418014229616, 0.3853292566116986, 0.6184818884427356, 0.9112753545916268, 1.124060711596949, 1.0918553682168552, 1.0519012231472415, 1.0604058710082023, 1.1010962834034748, 1.1484706050156464, 1.2414843039249468, 1.286522046207647, 1.3072562312959182, 1.4024657757114494, 1.4690763553789117, 1.4352382086312834, 1.3078676789813133, 1.2336627867197074, 1.2117583717879756, 1.0914323600059634]",HEUR_VOR,256.9103057861328,0.5010928531034383,0.49868300557136536,512.7,512.7,1.0,7.6,221.4,291.3
71,10,0.5,0.2,5,5,6,6.0,5.5,0.19,0.5,42,1,[0.2],0.2,0.2442732516826255,10,7.778174593052023,0.1414213562373095,0.7778174593052023,0.1414213562373095,0.17272727272727273,20260927T095930443635Z_577f21e5,2,5760.0,40,True,81,"[0.8592549273600911, 0.6058380411445193, 0.4316697215292379, 0.32461244914431125, 0.29898418014229616, 0.3853292566116986, 0.6184818884427356, 0.9112753545916268, 1.124060711596949, 1.0918553682168552, 1.0519012231472415, 1.0604058710082023, 1.1010962834034748, 1.1484706050156464, 1.2414843039249468, 1.286522046207647, 1.3072562312959182, 1.4024657757114494, 1.4690763553789117, 1.4352382086312834, 1.3078676789813133, 1.2336627867197074, 1.2117583717879756, 1.0914323600059634]",FOUR_ZONE,105.33839874267578,0.35503336279971615,0.35270006358623507,296.7,296.7,1.0,1.2,39.5,257.2
71,10,0.5,0.2,5,5,6,6.0,5.5,0.19,0.5,42,1,[0.2],0.2,0.2442732516826255,10,7.778174593052023,0.1414213562373095,0.7778174593052023,0.1414213562373095,0.17272727272727273,20260927T095930443635Z_577f21e5,2,5760.0,40,True,81,"[0.8592549273600911, 0.6058380411445193, 0.4316697215292379, 0.32461244914431125, 0.29898418014229616, 0.3853292566116986, 0.6184818884427356, 0.9112753545916268, 1.124060711596949, 1.0918553682168552, 1.0519012231472415, 1.0604058710082023, 1.1010962834034748, 1.1484706050156464, 1.2414843039249468, 1.286522046207647, 1.3072562312959182, 1.4024657757114494, 1.4690763553789117, 1.4352382086312834, 1.3078676789813133, 1.2336627867197074, 1.2117583717879756, 1.0914323600059634]",PURE,64.4,0.22877442273534637,0.2272855885843997,281.5,281.5,1.0,0.0,0.0,281.5
71,10,0.5,0.2,5,5,6,6.0,5.5,0.19,0.5,42,1,[0.2],0.2,0.2442732516826255,10,7.778174593052023,0.1414213562373095,0.7778174593052023,0.1414213562373095,0.17272727272727273,20260927T095930443635Z_577f21e5,2,5760.0,40,True,81,"[0.8592549273600911, 0.6058380411445193, 0.4316697215292379, 0.32461244914431125, 0.29898418014229616, 0.3853292566116986, 0.6184818884427356, 0.9112753545916268, 1.124060711596949, 1.0918553682168552, 1.0519012231472415, 1.0604058710082023, 1.1010962834034748, 1.1484706050156464, 1.2414843039249468, 1.286522046207647, 1.3072562312959182, 1.4024657757114494, 1.4690763553789117, 1.4352382086312834, 1.3078676789813133, 1.2336627867197074, 1.2117583717879756, 1.0914323600059634]",PURE_OR,64.4,0.2765135251180764,0.275331215943522,232.9,232.9,1.0,0.0,0.0,232.9
72,10,0.5,0.3,5,5,6,6.0,5.5,0.19,0.5,42,1,"[0.3, 0.4]",0.2442732516826255,0.2442732516826255,10,7.778174593052023,0.21213203435596423,1.1667261889578033,0.17272727272727273,0.17272727272727273,20260927T095930443635Z_577f21e5,2,5760.0,40,True,81,"[0.8592549273600911, 0.6058380411445193, 0.4316697215292379, 0.32461244914431125, 0.29898418014229616, 0.3853292566116986, 0.6184818884427356, 0.9112753545916268, 1.124060711596949, 1.0918553682168552, 1.0519012231472415, 1.0604058710082023, 1.1010962834034748, 1.1484706050156464, 1.2414843039249468, 1.286522046207647, 1.3072562312959182, 1.4024657757114494, 1.4690763553789117, 1.4352382086312834, 1.3078676789813133, 1.2336627867197074, 1.2117583717879756, 1.0914323600059634]",DRL,4073.490283203125,0.7386603592585499,0.7371411919593811,5514.7,4533.5,0.2,121.2,4910.5,604.2
72,10,0.5,0.3,5,5,6,6.0,5.5,0.19,0.5,42,1,"[0.3, 0.4]",0.2442732516826255,0.2442732516826255,10,7.778174593052023,0.21213203435596423,1.1667261889578033,0.17272727272727273,0.17272727272727273,20260927T095930443635Z_577f21e5,2,5760.0,40,True,81,"[0.8592549273600911, 0.6058380411445193, 0.4316697215292379, 0.32461244914431125, 0.29898418014229616, 0.3853292566116986, 0.6184818884427356, 0.9112753545916268, 1.124060711596949, 1.0918553682168552, 1.0519012231472415, 1.0604058710082023, 1.1010962834034748, 1.1484706050156464, 1.2414843039249468, 1.286522046207647, 1.3072562312959182, 1.4024657757114494, 1.4690763553789117, 1.4352382086312834, 1.3078676789813133, 1.2336627867197074, 1.2117583717879756, 1.0914323600059634]",HEUR,1222.4897583007812,0.6927465055254611,0.6918041348457337,1764.7,1764.7,1.0,35.8,1232.7,532.0
72,10,0.5,0.3,5,5,6,6.0,5.5,0.19,0.5,42,1,"[0.3, 0.4]",0.2442732516826255,0.2442732516826255,10,7.778174593052023,0.21213203435596423,1.1667261889578033,0.17272727272727273,0.17272727272727273,20260927T095930443635Z_577f21e5,2,5760.0,40,True,81,"[0.8592549273600911, 0.6058380411445193, 0.4316697215292379, 0.32461244914431125, 0.29898418014229616, 0.3853292566116986, 0.6184818884427356, 0.9112753545916268, 1.124060711596949, 1.0918553682168552, 1.0519012231472415, 1.0604058710082023, 1.1010962834034748, 1.1484706050156464, 1.2414843039249468, 1.286522046207647, 1.3072562312959182, 1.4024657757114494, 1.4690763553789117, 1.4352382086312834, 1.3078676789813133, 1.2336627867197074, 1.2117583717879756, 1.0914323600059634]",HEUR_VOR,420.29392700195314,0.6124947930660931,0.5951126337051391,686.2,686.2,1.0,12.0,378.4,307.8
72,10,0.5,0.3,5,5,6,6.0,5.5,0.19,0.5,42,1,"[0.3, 0.4]",0.2442732516826255,0.2442732516826255,10,7.778174593052023,0.21213203435596423,1.1667261889578033,0.17272727272727273,0.17272727272727273,20260927T095930443635Z_577f21e5,2,5760.0,40,True,81,"[0.8592549273600911, 0.6058380411445193, 0.4316697215292379, 0.32461244914431125, 0.29898418014229616, 0.3853292566116986, 0.6184818884427356, 0.9112753545916268, 1.124060711596949, 1.0918553682168552, 1.0519012231472415, 1.0604058710082023, 1.1010962834034748, 1.1484706050156464, 1.2414843039249468, 1.286522046207647, 1.3072562312959182, 1.4024657757114494, 1.4690763553789117, 1.4352382086312834, 1.3078676789813133, 1.2336627867197074, 1.2117583717879756, 1.0914323600059634]",FOUR_ZONE,97.9277572631836,0.3276271571200522,0.3266108393669128,298.9,298.9,1.0,1.0,33.3,265.6
72,10,0.5,0.3,5,5,6,6.0,5.5,0.19,0.5,42,1,"[0.3, 0.4]",0.2442732516826255,0.2442732516826255,10,7.778174593052023,0.21213203435596423,1.1667261889578033,0.17272727272727273,0.17272727272727273,20260927T095930443635Z_577f21e5,2,5760.0,40,True,81,"[0.8592549273600911, 0.6058380411445193, 0.4316697215292379, 0.32461244914431125, 0.29898418014229616, 0.3853292566116986, 0.6184818884427356, 0.9112753545916268, 1.124060711596949, 1.0918553682168552, 1.0519012231472415, 1.0604058710082023, 1.1010962834034748, 1.1484706050156464, 1.2414843039249468, 1.286522046207647, 1.3072562312959182, 1.4024657757114494, 1.4690763553789117, 1.4352382086312834, 1.3078676789813133, 1.2336627867197074, 1.2117583717879756, 1.0914323600059634]",PURE,64.4,0.22877442273534637,0.2272855885843997,281.5,281.5,1.0,0.0,0.0,281.5
72,10,0.5,0.3,5,5,6,6.0,5.5,0.19,0.5,42,1,"[0.3, 0.4]",0.2442732516826255,0.2442732516826255,10,7.778174593052023,0.21213203435596423,1.1667261889578033,0.17272727272727273,0.17272727272727273,20260927T095930443635Z_577f21e5,2,5760.0,40,True,81,"[0.8592549273600911, 0.6058380411445193, 0.4316697215292379, 0.32461244914431125, 0.29898418014229616, 0.3853292566116986, 0.6184818884427356, 0.9112753545916268, 1.124060711596949, 1.0918553682168552, 1.0519012231472415, 1.0604058710082023, 1.1010962834034748, 1.1484706050156464, 1.2414843039249468, 1.286522046207647, 1.3072562312959182, 1.4024657757114494, 1.4690763553789117, 1.4352382086312834, 1.3078676789813133, 1.2336627867197074, 1.2117583717879756, 1.0914323600059634]",PURE_OR,64.4,0.2765135251180764,0.275331215943522,232.9,232.9,1.0,0.0,0.0,232.9
73,10,0.67,0.1,5,5,6,5.5,5.5,0.19,0.5,42,1,[0.1],0.1,0.2442732516826255,10,7.778174593052023,0.07071067811865475,0.38890872965260115,0.07071067811865475,0.17272727272727273,20260927T095930443635Z_577f21e5,2,5760.0,40,True,81,"[0.8592549273600911, 0.6058380411445193, 0.4316697215292379, 0.32461244914431125, 0.29898418014229616, 0.3853292566116986, 0.6184818884427356, 0.9112753545916268, 1.124060711596949, 1.0918553682168552, 1.0519012231472415, 1.0604058710082023, 1.1010962834034748, 1.1484706050156464, 1.2414843039249468, 1.286522046207647, 1.3072562312959182, 1.4024657757114494, 1.4690763553789117, 1.4352382086312834, 1.3078676789813133, 1.2336627867197074, 1.2117583717879756, 1.0914323600059634]",DRL,1001.4077880859375,0.5495899171757519,0.5509148359298706,1822.1,1822.1,1.0,29.6,1333.0,489.1
73,10,0.67,0.1,5,5,6,5.5,5.5,0.19,0.5,42,1,[0.1],0.1,0.2442732516826255,10,7.778174593052023,0.07071067811865475,0.38890872965260115,0.07071067811865475,0.17272727272727273,20260927T095930443635Z_577f21e5,2,5760.0,40,True,81,"[0.8592549273600911, 0.6058380411445193, 0.4316697215292379, 0.32461244914431125, 0.29898418014229616, 0.3853292566116986, 0.6184818884427356, 0.9112753545916268, 1.124060711596949, 1.0918553682168552, 1.0519012231472415, 1.0604058710082023, 1.1010962834034748, 1.1484706050156464, 1.2414843039249468, 1.286522046207647, 1.3072562312959182, 1.4024657757114494, 1.4690763553789117, 1.4352382086312834, 1.3078676789813133, 1.2336627867197074, 1.2117583717879756, 1.0914323600059634]",HEUR,470.93212890625,0.5139497205132053,0.5137019276618957,916.3,916.3,1.0,13.2,453.9,462.4
73,10,0.67,0.1,5,5,6,5.5,5.5,0.19,0.5,42,1,[0.1],0.1,0.2442732516826255,10,7.778174593052023,0.07071067811865475,0.38890872965260115,0.07071067811865475,0.17272727272727273,20260927T095930443635Z_577f21e5,2,5760.0,40,True,81,"[0.8592549273600911, 0.6058380411445193, 0.4316697215292379, 0.32461244914431125, 0.29898418014229616, 0.3853292566116986, 0.6184818884427356, 0.9112753545916268, 1.124060711596949, 1.0918553682168552, 1.0519012231472415, 1.0604058710082023, 1.1010962834034748, 1.1484706050156464, 1.2414843039249468, 1.286522046207647, 1.3072562312959182, 1.4024657757114494, 1.4690763553789117, 1.4352382086312834, 1.3078676789813133, 1.2336627867197074, 1.2117583717879756, 1.0914323600059634]",HEUR_VOR,190.68828125,0.41634995906113537,0.41645474433898927,458.0,458.0,1.0,4.4,127.6,330.4
73,10,0.67,0.1,5,5,6,5.5,5.5,0.19,0.5,42,1,[0.1],0.1,0.2442732516826255,10,7.778174593052023,0.07071067811865475,0.38890872965260115,0.07071067811865475,0.17272727272727273,20260927T095930443635Z_577f21e5,2,5760.0,40,True,81,"[0.8592549273600911, 0.6058380411445193, 0.4316697215292379, 0.32461244914431125, 0.29898418014229616, 0.3853292566116986, 0.6184818884427356, 0.9112753545916268, 1.124060711596949, 1.0918553682168552, 1.0519012231472415, 1.0604058710082023, 1.1010962834034748, 1.1484706050156464, 1.2414843039249468, 1.286522046207647, 1.3072562312959182, 1.4024657757114494, 1.4690763553789117, 1.4352382086312834, 1.3078676789813133, 1.2336627867197074, 1.2117583717879756, 1.0914323600059634]",FOUR_ZONE,89.98443298339843,0.28630109126121045,0.28572168827392164,314.3,314.3,1.0,0.2,4.4,309.9
73,10,0.67,0.1,5,5,6,5.5,5.5,0.19,0.5,42,1,[0.1],0.1,0.2442732516826255,10,7.778174593052023,0.07071067811865475,0.38890872965260115,0.07071067811865475,0.17272727272727273,20260927T095930443635Z_577f21e5,2,5760.0,40,True,81,"[0.8592549273600911, 0.6058380411445193, 0.4316697215292379, 0.32461244914431125, 0.29898418014229616, 0.3853292566116986, 0.6184818884427356, 0.9112753545916268, 1.124060711596949, 1.0918553682168552, 1.0519012231472415, 1.0604058710082023, 1.1010962834034748, 1.1484706050156464, 1.2414843039249468, 1.286522046207647, 1.3072562312959182, 1.4024657757114494, 1.4690763553789117, 1.4352382086312834, 1.3078676789813133, 1.2336627867197074, 1.2117583717879756, 1.0914323600059634]",PURE,85.6,0.2575210589651023,0.2594351070775064,332.4,332.4,1.0,0.0,0.0,332.4
73,10,0.67,0.1,5,5,6,5.5,5.5,0.19,0.5,42,1,[0.1],0.1,0.2442732516826255,10,7.778174593052023,0.07071067811865475,0.38890872965260115,0.07071067811865475,0.17272727272727273,20260927T095930443635Z_577f21e5,2,5760.0,40,True,81,"[0.8592549273600911, 0.6058380411445193, 0.4316697215292379, 0.32461244914431125, 0.29898418014229616, 0.3853292566116986, 0.6184818884427356, 0.9112753545916268, 1.124060711596949, 1.0918553682168552, 1.0519012231472415, 1.0604058710082023, 1.1010962834034748, 1.1484706050156464, 1.2414843039249468, 1.286522046207647, 1.3072562312959182, 1.4024657757114494, 1.4690763553789117, 1.4352382086312834, 1.3078676789813133, 1.2336627867197074, 1.2117583717879756, 1.0914323600059634]",PURE_OR,85.6,0.31082062454611475,0.310014222554246,275.4,275.4,1.0,0.0,0.0,275.4
74,10,0.67,0.2,5,5,6,5.5,5.5,0.19,0.5,42,1,[0.2],0.2,0.2442732516826255,10,7.778174593052023,0.1414213562373095,0.7778174593052023,0.1414213562373095,0.17272727272727273,20260927T095930443635Z_577f21e5,2,5760.0,40,True,81,"[0.8592549273600911, 0.6058380411445193, 0.4316697215292379, 0.32461244914431125, 0.29898418014229616, 0.3853292566116986, 0.6184818884427356, 0.9112753545916268, 1.124060711596949, 1.0918553682168552, 1.0519012231472415, 1.0604058710082023, 1.1010962834034748, 1.1484706050156464, 1.2414843039249468, 1.286522046207647, 1.3072562312959182, 1.4024657757114494, 1.4690763553789117, 1.4352382086312834, 1.3078676789813133, 1.2336627867197074, 1.2117583717879756, 1.0914323600059634]",DRL,2412.361279296875,0.6578569073621148,0.6666242003440856,3667.0,3143.75,0.8,78.2,3177.1,489.9
74,10,0.67,0.2,5,5,6,5.5,5.5,0.19,0.5,42,1,[0.2],0.2,0.2442732516826255,10,7.778174593052023,0.1414213562373095,0.7778174593052023,0.1414213562373095,0.17272727272727273,20260927T095930443635Z_577f21e5,2,5760.0,40,True,81,"[0.8592549273600911, 0.6058380411445193, 0.4316697215292379, 0.32461244914431125, 0.29898418014229616, 0.3853292566116986, 0.6184818884427356, 0.9112753545916268, 1.124060711596949, 1.0918553682168552, 1.0519012231472415, 1.0604058710082023, 1.1010962834034748, 1.1484706050156464, 1.2414843039249468, 1.286522046207647, 1.3072562312959182, 1.4024657757114494, 1.4690763553789117, 1.4352382086312834, 1.3078676789813133, 1.2336627867197074, 1.2117583717879756, 1.0914323600059634]",HEUR,1030.71240234375,0.6246741832386363,0.6149564266204834,1650.0,1650.0,1.0,33.2,1084.3,565.7
74,10,0.67,0.2,5,5,6,5.5,5.5,0.19,0.5,42,1,[0.2],0.2,0.2442732516826255,10,7.778174593052023,0.1414213562373095,0.7778174593052023,0.1414213562373095,0.17272727272727273,20260927T095930443635Z_577f21e5,2,5760.0,40,True,81,"[0.8592549273600911, 0.6058380411445193, 0.4316697215292379, 0.32461244914431125, 0.29898418014229616, 0.3853292566116986, 0.6184818884427356, 0.9112753545916268, 1.124060711596949, 1.0918553682168552, 1.0519012231472415, 1.0604058710082023, 1.1010962834034748, 1.1484706050156464, 1.2414843039249468, 1.286522046207647, 1.3072562312959182, 1.4024657757114494, 1.4690763553789117, 1.4352382086312834, 1.3078676789813133, 1.2336627867197074, 1.2117583717879756, 1.0914323600059634]",HEUR_VOR,512.869760131836,0.6112141105134501,0.5886659264564514,839.1,839.1,1.0,14.8,491.7,347.4
74,10,0.67,0.2,5,5,6,5.5,5.5,0.19,0.5,42,1,[0.2],0.2,0.2442732516826255,10,7.778174593052023,0.1414213562373095,0.7778174593052023,0.1414213562373095,0.17272727272727273,20260927T095930443635Z_577f21e5,2,5760.0,40,True,81,"[0.8592549273600911, 0.6058380411445193, 0.4316697215292379, 0.32461244914431125, 0.29898418014229616, 0.3853292566116986, 0.6184818884427356, 0.9112753545916268, 1.124060711596949, 1.0918553682168552, 1.0519012231472415, 1.0604058710082023, 1.1010962834034748, 1.1484706050156464, 1.2414843039249468, 1.286522046207647, 1.3072562312959182, 1.4024657757114494, 1.4690763553789117, 1.4352382086312834, 1.3078676789813133, 1.2336627867197074, 1.2117583717879756, 1.0914323600059634]",FOUR_ZONE,129.56956787109374,0.37963541714355037,0.3778973162174225,341.3,341.3,1.0,1.0,45.5,295.8
74,10,0.67,0.2,5,5,6,5.5,5.5,0.19,0.5,42,1,[0.2],0.2,0.2442732516826255,10,7.778174593052023,0.1414213562373095,0.7778174593052023,0.1414213562373095,0.17272727272727273,20260927T095930443635Z_577f21e5,2,5760.0,40,True,81,"[0.8592549273600911, 0.6058380411445193, 0.4316697215292379, 0.32461244914431125, 0.29898418014229616, 0.3853292566116986, 0.6184818884427356, 0.9112753545916268, 1.124060711596949, 1.0918553682168552, 1.0519012231472415, 1.0604058710082023, 1.1010962834034748, 1.1484706050156464, 1.2414843039249468, 1.286522046207647, 1.3072562312959182, 1.4024657757114494, 1.4690763553789117, 1.4352382086312834, 1.3078676789813133, 1.2336627867197074, 1.2117583717879756, 1.0914323600059634]",PURE,85.6,0.2575210589651023,0.2594351070775064,332.4,332.4,1.0,0.0,0.0,332.4
74,10,0.67,0.2,5,5,6,5.5,5.5,0.19,0.5,42,1,[0.2],0.2,0.2442732516826255,10,7.778174593052023,0.1414213562373095,0.7778174593052023,0.1414213562373095,0.17272727272727273,20260927T095930443635Z_577f21e5,2,5760.0,40,True,81,"[0.8592549273600911, 0.6058380411445193, 0.4316697215292379, 0.32461244914431125, 0.29898418014229616, 0.3853292566116986, 0.6184818884427356, 0.9112753545916268, 1.124060711596949, 1.0918553682168552, 1.0519012231472415, 1.0604058710082023, 1.1010962834034748, 1.1484706050156464, 1.2414843039249468, 1.286522046207647, 1.3072562312959182, 1.4024657757114494, 1.4690763553789117, 1.4352382086312834, 1.3078676789813133, 1.2336627867197074, 1.2117583717879756, 1.0914323600059634]",PURE_OR,85.6,0.31082062454611475,0.310014222554246,275.4,275.4,1.0,0.0,0.0,275.4
75,10,0.67,0.3,5,5,6,5.5,5.5,0.19,0.5,42,1,"[0.3, 0.4]",0.2442732516826255,0.2442732516826255,10,7.778174593052023,0.21213203435596423,1.1667261889578033,0.17272727272727273,0.17272727272727273,20260927T095930443635Z_577f21e5,2,5760.0,40,True,81,"[0.8592549273600911, 0.6058380411445193, 0.4316697215292379, 0.32461244914431125, 0.29898418014229616, 0.3853292566116986, 0.6184818884427356, 0.9112753545916268, 1.124060711596949, 1.0918553682168552, 1.0519012231472415, 1.0604058710082023, 1.1010962834034748, 1.1484706050156464, 1.2414843039249468, 1.286522046207647, 1.3072562312959182, 1.4024657757114494, 1.4690763553789117, 1.4352382086312834, 1.3078676789813133, 1.2336627867197074, 1.2117583717879756, 1.0914323600059634]",DRL,4106.656640625,0.7129612223307291,0.712961220741272,5760.0,,0.0,135.8,5332.9,427.1
75,10,0.67,0.3,5,5,6,5.5,5.5,0.19,0.5,42,1,"[0.3, 0.4]",0.2442732516826255,0.2442732516826255,10,7.778174593052023,0.21213203435596423,1.1667261889578033,0.17272727272727273,0.17272727272727273,20260927T095930443635Z_577f21e5,2,5760.0,40,True,81,"[0.8592549273600911, 0.6058380411445193, 0.4316697215292379, 0.32461244914431125, 0.29898418014229616, 0.3853292566116986, 0.6184818884427356, 0.9112753545916268, 1.124060711596949, 1.0918553682168552, 1.0519012231472415, 1.0604058710082023, 1.1010962834034748, 1.1484706050156464, 1.2414843039249468, 1.286522046207647, 1.3072562312959182, 1.4024657757114494, 1.4690763553789117, 1.4352382086312834, 1.3078676789813133, 1.2336627867197074, 1.2117583717879756, 1.0914323600059634]",HEUR,994.5587951660157,0.6386840451875261,0.6306677341461182,1557.2,1557.2,1.0,35.0,1061.8,495.4
75,10,0.67,0.3,5,5,6,5.5,5.5,0.19,0.5,42,1,"[0.3, 0.4]",0.2442732516826255,0.2442732516826255,10,7.778174593052023,0.21213203435596423,1.1667261889578033,0.17272727272727273,0.17272727272727273,20260927T095930443635Z_577f21e5,2,5760.0,40,True,81,"[0.8592549273600911, 0.6058380411445193, 0.4316697215292379, 0.32461244914431125, 0.29898418014229616, 0.3853292566116986, 0.6184818884427356, 0.9112753545916268, 1.124060711596949, 1.0918553682168552, 1.0519012231472415, 1.0604058710082023, 1.1010962834034748, 1.1484706050156464, 1.2414843039249468, 1.286522046207647, 1.3072562312959182, 1.4024657757114494, 1.4690763553789117, 1.4352382086312834, 1.3078676789813133, 1.2336627867197074, 1.2117583717879756, 1.0914323600059634]",HEUR_VOR,482.9519805908203,0.5959427203736677,0.5825536489486695,810.4,810.4,1.0,14.4,452.5,357.9
75,10,0.67,0.3,5,5,6,5.5,5.5,0.19,0.5,42,1,"[0.3, 0.4]",0.2442732516826255,0.2442732516826255,10,7.778174593052023,0.21213203435596423,1.1667261889578033,0.17272727272727273,0.17272727272727273,20260927T095930443635Z_577f21e5,2,5760.0,40,True,81,"[0.8592549273600911, 0.6058380411445193, 0.4316697215292379, 0.32461244914431125, 0.29898418014229616, 0.3853292566116986, 0.6184818884427356, 0.9112753545916268, 1.124060711596949, 1.0918553682168552, 1.0519012231472415, 1.0604058710082023, 1.1010962834034748, 1.1484706050156464, 1.2414843039249468, 1.286522046207647, 1.3072562312959182, 1.4024657757114494, 1.4690763553789117, 1.4352382086312834, 1.3078676789813133, 1.2336627867197074, 1.2117583717879756, 1.0914323600059634]",FOUR_ZONE,130.8151428222656,0.36797508529469936,0.3678081393241882,355.5,355.5,1.0,1.2,48.1,307.4
75,10,0.67,0.3,5,5,6,5.5,5.5,0.19,0.5,42,1,"[0.3, 0.4]",0.2442732516826255,0.2442732516826255,10,7.778174593052023,0.21213203435596423,1.1667261889578033,0.17272727272727273,0.17272727272727273,20260927T095930443635Z_577f21e5,2,5760.0,40,True,81,"[0.8592549273600911, 0.6058380411445193, 0.4316697215292379, 0.32461244914431125, 0.29898418014229616, 0.3853292566116986, 0.6184818884427356, 0.9112753545916268, 1.124060711596949, 1.0918553682168552, 1.0519012231472415, 1.0604058710082023, 1.1010962834034748, 1.1484706050156464, 1.2414843039249468, 1.286522046207647, 1.3072562312959182, 1.4024657757114494, 1.4690763553789117, 1.4352382086312834, 1.3078676789813133, 1.2336627867197074, 1.2117583717879756, 1.0914323600059634]",PURE,85.6,0.2575210589651023,0.2594351070775064,332.4,332.4,1.0,0.0,0.0,332.4
75,10,0.67,0.3,5,5,6,5.5,5.5,0.19,0.5,42,1,"[0.3, 0.4]",0.2442732516826255,0.2442732516826255,10,7.778174593052023,0.21213203435596423,1.1667261889578033,0.17272727272727273,0.17272727272727273,20260927T095930443635Z_577f21e5,2,5760.0,40,True,81,"[0.8592549273600911, 0.6058380411445193, 0.4316697215292379, 0.32461244914431125, 0.29898418014229616, 0.3853292566116986, 0.6184818884427356, 0.9112753545916268, 1.124060711596949, 1.0918553682168552, 1.0519012231472415, 1.0604058710082023, 1.1010962834034748, 1.1484706050156464, 1.2414843039249468, 1.286522046207647, 1.3072562312959182, 1.4024657757114494, 1.4690763553789117, 1.4352382086312834, 1.3078676789813133, 1.2336627867197074, 1.2117583717879756, 1.0914323600059634]",PURE_OR,85.6,0.31082062454611475,0.310014222554246,275.4,275.4,1.0,0.0,0.0,275.4
76,10,0.67,0.1,5,5,6,6.0,5.5,0.19,0.5,42,1,[0.1],0.1,0.2442732516826255,10,7.778174593052023,0.07071067811865475,0.38890872965260115,0.07071067811865475,0.17272727272727273,20260927T095930443635Z_577f21e5,2,5760.0,40,True,81,"[0.8592549273600911, 0.6058380411445193, 0.4316697215292379, 0.32461244914431125, 0.29898418014229616, 0.3853292566116986, 0.6184818884427356, 0.9112753545916268, 1.124060711596949, 1.0918553682168552, 1.0519012231472415, 1.0604058710082023, 1.1010962834034748, 1.1484706050156464, 1.2414843039249468, 1.286522046207647, 1.3072562312959182, 1.4024657757114494, 1.4690763553789117, 1.4352382086312834, 1.3078676789813133, 1.2336627867197074, 1.2117583717879756, 1.0914323600059634]",DRL,1040.8063720703126,0.6137915740227119,0.6230797290802002,1695.7,1695.7,1.0,27.0,1212.1,483.6
76,10,0.67,0.1,5,5,6,6.0,5.5,0.19,0.5,42,1,[0.1],0.1,0.2442732516826255,10,7.778174593052023,0.07071067811865475,0.38890872965260115,0.07071067811865475,0.17272727272727273,20260927T095930443635Z_577f21e5,2,5760.0,40,True,81,"[0.8592549273600911, 0.6058380411445193, 0.4316697215292379, 0.32461244914431125, 0.29898418014229616, 0.3853292566116986, 0.6184818884427356, 0.9112753545916268, 1.124060711596949, 1.0918553682168552, 1.0519012231472415, 1.0604058710082023, 1.1010962834034748, 1.1484706050156464, 1.2414843039249468, 1.286522046207647, 1.3072562312959182, 1.4024657757114494, 1.4690763553789117, 1.4352382086312834, 1.3078676789813133, 1.2336627867197074, 1.2117583717879756, 1.0914323600059634]",HEUR,505.96605224609374,0.5521838396224967,0.5512741208076477,916.3,916.3,1.0,13.2,453.9,462.4
76,10,0.67,0.1,5,5,6,6.0,5.5,0.19,0.5,42,1,[0.1],0.1,0.2442732516826255,10,7.778174593052023,0.07071067811865475,0.38890872965260115,0.07071067811865475,0.17272727272727273,20260927T095930443635Z_577f21e5,2,5760.0,40,True,81,"[0.8592549273600911, 0.6058380411445193, 0.4316697215292379, 0.32461244914431125, 0.29898418014229616, 0.3853292566116986, 0.6184818884427356, 0.9112753545916268, 1.124060711596949, 1.0918553682168552, 1.0519012231472415, 1.0604058710082023, 1.1010962834034748, 1.1484706050156464, 1.2414843039249468, 1.286522046207647, 1.3072562312959182, 1.4024657757114494, 1.4690763553789117, 1.4352382086312834, 1.3078676789813133, 1.2336627867197074, 1.2117583717879756, 1.0914323600059634]",HEUR_VOR,200.2418701171875,0.4372093233999727,0.43725825548172,458.0,458.0,1.0,4.4,127.6,330.4
76,10,0.67,0.1,5,5,6,6.0,5.5,0.19,0.5,42,1,[0.1],0.1,0.2442732516826255,10,7.778174593052023,0.07071067811865475,0.38890872965260115,0.07071067811865475,0.17272727272727273,20260927T095930443635Z_577f21e5,2,5760.0,40,True,81,"[0.8592549273600911, 0.6058380411445193, 0.4316697215292379, 0.32461244914431125, 0.29898418014229616, 0.3853292566116986, 0.6184818884427356, 0.9112753545916268, 1.124060711596949, 1.0918553682168552, 1.0519012231472415, 1.0604058710082023, 1.1010962834034748, 1.1484706050156464, 1.2414843039249468, 1.286522046207647, 1.3072562312959182, 1.4024657757114494, 1.4690763553789117, 1.4352382086312834, 1.3078676789813133, 1.2336627867197074, 1.2117583717879756, 1.0914323600059634]",FOUR_ZONE,90.38301696777344,0.2875692553858525,0.2869830298457295,314.3,314.3,1.0,0.2,4.4,309.9
76,10,0.67,0.1,5,5,6,6.0,5.5,0.19,0.5,42,1,[0.1],0.1,0.2442732516826255,10,7.778174593052023,0.07071067811865475,0.38890872965260115,0.07071067811865475,0.17272727272727273,20260927T095930443635Z_577f21e5,2,5760.0,40,True,81,"[0.8592549273600911, 0.6058380411445193, 0.4316697215292379, 0.32461244914431125, 0.29898418014229616, 0.3853292566116986, 0.6184818884427356, 0.9112753545916268, 1.124060711596949, 1.0918553682168552, 1.0519012231472415, 1.0604058710082023, 1.1010962834034748, 1.1484706050156464, 1.2414843039249468, 1.286522046207647, 1.3072562312959182, 1.4024657757114494, 1.4690763553789117, 1.4352382086312834, 1.3078676789813133, 1.2336627867197074, 1.2117583717879756, 1.0914323600059634]",PURE,85.6,0.2575210589651023,0.2594351070775064,332.4,332.4,1.0,0.0,0.0,332.4
76,10,0.67,0.1,5,5,6,6.0,5.5,0.19,0.5,42,1,[0.1],0.1,0.2442732516826255,10,7.778174593052023,0.07071067811865475,0.38890872965260115,0.07071067811865475,0.17272727272727273,20260927T095930443635Z_577f21e5,2,5760.0,40,True,81,"[0.8592549273600911, 0.6058380411445193, 0.4316697215292379, 0.32461244914431125, 0.29898418014229616, 0.3853292566116986, 0.6184818884427356, 0.9112753545916268, 1.124060711596949, 1.0918553682168552, 1.0519012231472415, 1.0604058710082023, 1.1010962834034748, 1.1484706050156464, 1.2414843039249468, 1.286522046207647, 1.3072562312959182, 1.4024657757114494, 1.4690763553789117, 1.4352382086312834, 1.3078676789813133, 1.2336627867197074, 1.2117583717879756, 1.0914323600059634]",PURE_OR,85.6,0.31082062454611475,0.310014222554246,275.4,275.4,1.0,0.0,0.0,275.4
77,10,0.67,0.2,5,5,6,6.0,5.5,0.19,0.5,42,1,[0.2],0.2,0.2442732516826255,10,7.778174593052023,0.1414213562373095,0.7778174593052023,0.1414213562373095,0.17272727272727273,20260927T095930443635Z_577f21e5,2,5760.0,40,True,81,"[0.8592549273600911, 0.6058380411445193, 0.4316697215292379, 0.32461244914431125, 0.29898418014229616, 0.3853292566116986, 0.6184818884427356, 0.9112753545916268, 1.124060711596949, 1.0918553682168552, 1.0519012231472415, 1.0604058710082023, 1.1010962834034748, 1.1484706050156464, 1.2414843039249468, 1.286522046207647, 1.3072562312959182, 1.4024657757114494, 1.4690763553789117, 1.4352382086312834, 1.3078676789813133, 1.2336627867197074, 1.2117583717879756, 1.0914323600059634]",DRL,3289.285205078125,0.6721606189876829,0.6690162539482116,4893.6,3594.0,0.4,97.4,4063.1,830.5
77,10,0.67,0.2,5,5,6,6.0,5.5,0.19,0.5,42,1,[0.2],0.2,0.2442732516826255,10,7.778174593052023,0.1414213562373095,0.7778174593052023,0.1414213562373095,0.17272727272727273,20260927T095930443635Z_577f21e5,2,5760.0,40,True,81,"[0.8592549273600911, 0.6058380411445193, 0.4316697215292379, 0.32461244914431125, 0.29898418014229616, 0.3853292566116986, 0.6184818884427356, 0.9112753545916268, 1.124060711596949, 1.0918553682168552, 1.0519012231472415, 1.0604058710082023, 1.1010962834034748, 1.1484706050156464, 1.2414843039249468, 1.286522046207647, 1.3072562312959182, 1.4024657757114494, 1.4690763553789117, 1.4352382086312834, 1.3078676789813133, 1.2336627867197074, 1.2117583717879756, 1.0914323600059634]",HEUR,1116.6198486328126,0.6767393022017045,0.6660649538040161,1650.0,1650.0,1.0,33.2,1084.3,565.7
77,10,0.67,0.2,5,5,6,6.0,5.5,0.19,0.5,42,1,[0.2],0.2,0.2442732516826255,10,7.778174593052023,0.1414213562373095,0.7778174593052023,0.1414213562373095,0.17272727272727273,20260927T095930443635Z_577f21e5,2,5760.0,40,True,81,"[0.8592549273600911, 0.6058380411445193, 0.4316697215292379, 0.32461244914431125, 0.29898418014229616, 0.3853292566116986, 0.6184818884427356, 0.9112753545916268, 1.124060711596949, 1.0918553682168552, 1.0519012231472415, 1.0604058710082023, 1.1010962834034748, 1.1484706050156464, 1.2414843039249468, 1.286522046207647, 1.3072562312959182, 1.4024657757114494, 1.4690763553789117, 1.4352382086312834, 1.3078676789813133, 1.2336627867197074, 1.2117583717879756, 1.0914323600059634]",HEUR_VOR,551.7154876708985,0.6575086255165039,0.6321499109268188,839.1,839.1,1.0,14.8,491.7,347.4
77,10,0.67,0.2,5,5,6,6.0,5.5,0.19,0.5,42,1,[0.2],0.2,0.2442732516826255,10,7.778174593052023,0.1414213562373095,0.7778174593052023,0.1414213562373095,0.17272727272727273,20260927T095930443635Z_577f21e5,2,5760.0,40,True,81,"[0.8592549273600911, 0.6058380411445193, 0.4316697215292379, 0.32461244914431125, 0.29898418014229616, 0.3853292566116986, 0.6184818884427356, 0.9112753545916268, 1.124060711596949, 1.0918553682168552, 1.0519012231472415, 1.0604058710082023, 1.1010962834034748, 1.1484706050156464, 1.2414843039249468, 1.286522046207647, 1.3072562312959182, 1.4024657757114494, 1.4690763553789117, 1.4352382086312834, 1.3078676789813133, 1.2336627867197074, 1.2117583717879756, 1.0914323600059634]",FOUR_ZONE,133.56680145263672,0.3913472061313704,0.3893526315689087,341.3,341.3,1.0,1.0,45.5,295.8
77,10,0.67,0.2,5,5,6,6.0,5.5,0.19,0.5,42,1,[0.2],0.2,0.2442732516826255,10,7.778174593052023,0.1414213562373095,0.7778174593052023,0.1414213562373095,0.17272727272727273,20260927T095930443635Z_577f21e5,2,5760.0,40,True,81,"[0.8592549273600911, 0.6058380411445193, 0.4316697215292379, 0.32461244914431125, 0.29898418014229616, 0.3853292566116986, 0.6184818884427356, 0.9112753545916268, 1.124060711596949, 1.0918553682168552, 1.0519012231472415, 1.0604058710082023, 1.1010962834034748, 1.1484706050156464, 1.2414843039249468, 1.286522046207647, 1.3072562312959182, 1.4024657757114494, 1.4690763553789117, 1.4352382086312834, 1.3078676789813133, 1.2336627867197074, 1.2117583717879756, 1.0914323600059634]",PURE,85.6,0.2575210589651023,0.2594351070775064,332.4,332.4,1.0,0.0,0.0,332.4
77,10,0.67,0.2,5,5,6,6.0,5.5,0.19,0.5,42,1,[0.2],0.2,0.2442732516826255,10,7.778174593052023,0.1414213562373095,0.7778174593052023,0.1414213562373095,0.17272727272727273,20260927T095930443635Z_577f21e5,2,5760.0,40,True,81,"[0.8592549273600911, 0.6058380411445193, 0.4316697215292379, 0.32461244914431125, 0.29898418014229616, 0.3853292566116986, 0.6184818884427356, 0.9112753545916268, 1.124060711596949, 1.0918553682168552, 1.0519012231472415, 1.0604058710082023, 1.1010962834034748, 1.1484706050156464, 1.2414843039249468, 1.286522046207647, 1.3072562312959182, 1.4024657757114494, 1.4690763553789117, 1.4352382086312834, 1.3078676789813133, 1.2336627867197074, 1.2117583717879756, 1.0914323600059634]",PURE_OR,85.6,0.31082062454611475,0.310014222554246,275.4,275.4,1.0,0.0,0.0,275.4
78,10,0.67,0.3,5,5,6,6.0,5.5,0.19,0.5,42,1,"[0.3, 0.4]",0.2442732516826255,0.2442732516826255,10,7.778174593052023,0.21213203435596423,1.1667261889578033,0.17272727272727273,0.17272727272727273,20260927T095930443635Z_577f21e5,2,5760.0,40,True,81,"[0.8592549273600911, 0.6058380411445193, 0.4316697215292379, 0.32461244914431125, 0.29898418014229616, 0.3853292566116986, 0.6184818884427356, 0.9112753545916268, 1.124060711596949, 1.0918553682168552, 1.0519012231472415, 1.0604058710082023, 1.1010962834034748, 1.1484706050156464, 1.2414843039249468, 1.286522046207647, 1.3072562312959182, 1.4024657757114494, 1.4690763553789117, 1.4352382086312834, 1.3078676789813133, 1.2336627867197074, 1.2117583717879756, 1.0914323600059634]",DRL,4074.504931640625,0.7642610492076276,0.762372350692749,5331.3,4688.25,0.4,127.6,4883.4,447.9
78,10,0.67,0.3,5,5,6,6.0,5.5,0.19,0.5,42,1,"[0.3, 0.4]",0.2442732516826255,0.2442732516826255,10,7.778174593052023,0.21213203435596423,1.1667261889578033,0.17272727272727273,0.17272727272727273,20260927T095930443635Z_577f21e5,2,5760.0,40,True,81,"[0.8592549273600911, 0.6058380411445193, 0.4316697215292379, 0.32461244914431125, 0.29898418014229616, 0.3853292566116986, 0.6184818884427356, 0.9112753545916268, 1.124060711596949, 1.0918553682168552, 1.0519012231472415, 1.0604058710082023, 1.1010962834034748, 1.1484706050156464, 1.2414843039249468, 1.286522046207647, 1.3072562312959182, 1.4024657757114494, 1.4690763553789117, 1.4352382086312834, 1.3078676789813133, 1.2336627867197074, 1.2117583717879756, 1.0914323600059634]",HEUR,1077.178466796875,0.6917406028749519,0.6828189492225647,1557.2,1557.2,1.0,35.0,1061.8,495.4
78,10,0.67,0.3,5,5,6,6.0,5.5,0.19,0.5,42,1,"[0.3, 0.4]",0.2442732516826255,0.2442732516826255,10,7.778174593052023,0.21213203435596423,1.1667261889578033,0.17272727272727273,0.17272727272727273,20260927T095930443635Z_577f21e5,2,5760.0,40,True,81,"[0.8592549273600911, 0.6058380411445193, 0.4316697215292379, 0.32461244914431125, 0.29898418014229616, 0.3853292566116986, 0.6184818884427356, 0.9112753545916268, 1.124060711596949, 1.0918553682168552, 1.0519012231472415, 1.0604058710082023, 1.1010962834034748, 1.1484706050156464, 1.2414843039249468, 1.286522046207647, 1.3072562312959182, 1.4024657757114494, 1.4690763553789117, 1.4352382086312834, 1.3078676789813133, 1.2336627867197074, 1.2117583717879756, 1.0914323600059634]",HEUR_VOR,519.0797088623046,0.6405228391686879,0.6253785848617553,810.4,810.4,1.0,14.4,452.5,357.9
78,10,0.67,0.3,5,5,6,6.0,5.5,0.19,0.5,42,1,"[0.3, 0.4]",0.2442732516826255,0.2442732516826255,10,7.778174593052023,0.21213203435596423,1.1667261889578033,0.17272727272727273,0.17272727272727273,20260927T095930443635Z_577f21e5,2,5760.0,40,True,81,"[0.8592549273600911, 0.6058380411445193, 0.4316697215292379, 0.32461244914431125, 0.29898418014229616, 0.3853292566116986, 0.6184818884427356, 0.9112753545916268, 1.124060711596949, 1.0918553682168552, 1.0519012231472415, 1.0604058710082023, 1.1010962834034748, 1.1484706050156464, 1.2414843039249468, 1.286522046207647, 1.3072562312959182, 1.4024657757114494, 1.4690763553789117, 1.4352382086312834, 1.3078676789813133, 1.2336627867197074, 1.2117583717879756, 1.0914323600059634]",FOUR_ZONE,134.9256149291992,0.37953759473755055,0.3792829692363739,355.5,355.5,1.0,1.2,48.1,307.4
78,10,0.67,0.3,5,5,6,6.0,5.5,0.19,0.5,42,1,"[0.3, 0.4]",0.2442732516826255,0.2442732516826255,10,7.778174593052023,0.21213203435596423,1.1667261889578033,0.17272727272727273,0.17272727272727273,20260927T095930443635Z_577f21e5,2,5760.0,40,True,81,"[0.8592549273600911, 0.6058380411445193, 0.4316697215292379, 0.32461244914431125, 0.29898418014229616, 0.3853292566116986, 0.6184818884427356, 0.9112753545916268, 1.124060711596949, 1.0918553682168552, 1.0519012231472415, 1.0604058710082023, 1.1010962834034748, 1.1484706050156464, 1.2414843039249468, 1.286522046207647, 1.3072562312959182, 1.4024657757114494, 1.4690763553789117, 1.4352382086312834, 1.3078676789813133, 1.2336627867197074, 1.2117583717879756, 1.0914323600059634]",PURE,85.6,0.2575210589651023,0.2594351070775064,332.4,332.4,1.0,0.0,0.0,332.4
78,10,0.67,0.3,5,5,6,6.0,5.5,0.19,0.5,42,1,"[0.3, 0.4]",0.2442732516826255,0.2442732516826255,10,7.778174593052023,0.21213203435596423,1.1667261889578033,0.17272727272727273,0.17272727272727273,20260927T095930443635Z_577f21e5,2,5760.0,40,True,81,"[0.8592549273600911, 0.6058380411445193, 0.4316697215292379, 0.32461244914431125, 0.29898418014229616, 0.3853292566116986, 0.6184818884427356, 0.9112753545916268, 1.124060711596949, 1.0918553682168552, 1.0519012231472415, 1.0604058710082023, 1.1010962834034748, 1.1484706050156464, 1.2414843039249468, 1.286522046207647, 1.3072562312959182, 1.4024657757114494, 1.4690763553789117, 1.4352382086312834, 1.3078676789813133, 1.2336627867197074, 1.2117583717879756, 1.0914323600059634]",PURE_OR,85.6,0.31082062454611475,0.310014222554246,275.4,275.4,1.0,0.0,0.0,275.4
79,10,0.83,0.1,5,5,6,5.5,5.5,0.19,0.5,42,1,[0.1],0.1,0.2442732516826255,10,7.778174593052023,0.07071067811865475,0.38890872965260115,0.07071067811865475,0.17272727272727273,20260927T095930443635Z_577f21e5,2,5760.0,40,True,81,"[0.8592549273600911, 0.6058380411445193, 0.4316697215292379, 0.32461244914431125, 0.29898418014229616, 0.3853292566116986, 0.6184818884427356, 0.9112753545916268, 1.124060711596949, 1.0918553682168552, 1.0519012231472415, 1.0604058710082023, 1.1010962834034748, 1.1484706050156464, 1.2414843039249468, 1.286522046207647, 1.3072562312959182, 1.4024657757114494, 1.4690763553789117, 1.4352382086312834, 1.3078676789813133, 1.2336627867197074, 1.2117583717879756, 1.0914323600059634]",DRL,923.7946533203125,0.5699269870567663,0.5715995907783509,1620.9,1620.9,1.0,28.2,1102.5,518.4
79,10,0.83,0.1,5,5,6,5.5,5.5,0.19,0.5,42,1,[0.1],0.1,0.2442732516826255,10,7.778174593052023,0.07071067811865475,0.38890872965260115,0.07071067811865475,0.17272727272727273,20260927T095930443635Z_577f21e5,2,5760.0,40,True,81,"[0.8592549273600911, 0.6058380411445193, 0.4316697215292379, 0.32461244914431125, 0.29898418014229616, 0.3853292566116986, 0.6184818884427356, 0.9112753545916268, 1.124060711596949, 1.0918553682168552, 1.0519012231472415, 1.0604058710082023, 1.1010962834034748, 1.1484706050156464, 1.2414843039249468, 1.286522046207647, 1.3072562312959182, 1.4024657757114494, 1.4690763553789117, 1.4352382086312834, 1.3078676789813133, 1.2336627867197074, 1.2117583717879756, 1.0914323600059634]",HEUR,558.5636596679688,0.5624445269036036,0.5611403286457062,993.1,993.1,1.0,15.0,519.0,474.1
79,10,0.83,0.1,5,5,6,5.5,5.5,0.19,0.5,42,1,[0.1],0.1,0.2442732516826255,10,7.778174593052023,0.07071067811865475,0.38890872965260115,0.07071067811865475,0.17272727272727273,20260927T095930443635Z_577f21e5,2,5760.0,40,True,81,"[0.8592549273600911, 0.6058380411445193, 0.4316697215292379, 0.32461244914431125, 0.29898418014229616, 0.3853292566116986, 0.6184818884427356, 0.9112753545916268, 1.124060711596949, 1.0918553682168552, 1.0519012231472415, 1.0604058710082023, 1.1010962834034748, 1.1484706050156464, 1.2414843039249468, 1.286522046207647, 1.3072562312959182, 1.4024657757114494, 1.4690763553789117, 1.4352382086312834, 1.3078676789813133, 1.2336627867197074, 1.2117583717879756, 1.0914323600059634]",HEUR_VOR,288.6612579345703,0.5216141270953566,0.5148991286754608,553.4,553.4,1.0,6.2,203.3,350.1
79,10,0.83,0.1,5,5,6,5.5,5.5,0.19,0.5,42,1,[0.1],0.1,0.2442732516826255,10,7.778174593052023,0.07071067811865475,0.38890872965260115,0.07071067811865475,0.17272727272727273,20260927T095930443635Z_577f21e5,2,5760.0,40,True,81,"[0.8592549273600911, 0.6058380411445193, 0.4316697215292379, 0.32461244914431125, 0.29898418014229616, 0.3853292566116986, 0.6184818884427356, 0.9112753545916268, 1.124060711596949, 1.0918553682168552, 1.0519012231472415, 1.0604058710082023, 1.1010962834034748, 1.1484706050156464, 1.2414843039249468, 1.286522046207647, 1.3072562312959182, 1.4024657757114494, 1.4690763553789117, 1.4352382086312834, 1.3078676789813133, 1.2336627867197074, 1.2117583717879756, 1.0914323600059634]",FOUR_ZONE,114.61582946777344,0.3271933470390335,0.326622192501636,350.3,350.3,1.0,0.4,9.8,340.5
79,10,0.83,0.1,5,5,6,5.5,5.5,0.19,0.5,42,1,[0.1],0.1,0.2442732516826255,10,7.778174593052023,0.07071067811865475,0.38890872965260115,0.07071067811865475,0.17272727272727273,20260927T095930443635Z_577f21e5,2,5760.0,40,True,81,"[0.8592549273600911, 0.6058380411445193, 0.4316697215292379, 0.32461244914431125, 0.29898418014229616, 0.3853292566116986, 0.6184818884427356, 0.9112753545916268, 1.124060711596949, 1.0918553682168552, 1.0519012231472415, 1.0604058710082023, 1.1010962834034748, 1.1484706050156464, 1.2414843039249468, 1.286522046207647, 1.3072562312959182, 1.4024657757114494, 1.4690763553789117, 1.4352382086312834, 1.3078676789813133, 1.2336627867197074, 1.2117583717879756, 1.0914323600059634]",PURE,105.2,0.3001426533523538,0.30346051279269637,350.5,350.5,1.0,0.0,0.0,350.5
79,10,0.83,0.1,5,5,6,5.5,5.5,0.19,0.5,42,1,[0.1],0.1,0.2442732516826255,10,7.778174593052023,0.07071067811865475,0.38890872965260115,0.07071067811865475,0.17272727272727273,20260927T095930443635Z_577f21e5,2,5760.0,40,True,81,"[0.8592549273600911, 0.6058380411445193, 0.4316697215292379, 0.32461244914431125, 0.29898418014229616, 0.3853292566116986, 0.6184818884427356, 0.9112753545916268, 1.124060711596949, 1.0918553682168552, 1.0519012231472415, 1.0604058710082023, 1.1010962834034748, 1.1484706050156464, 1.2414843039249468, 1.286522046207647, 1.3072562312959182, 1.4024657757114494, 1.4690763553789117, 1.4352382086312834, 1.3078676789813133, 1.2336627867197074, 1.2117583717879756, 1.0914323600059634]",PURE_OR,105.2,0.3373957665169981,0.33751659185869975,311.8,311.8,1.0,0.0,0.0,311.8
80,10,0.83,0.2,5,5,6,5.5,5.5,0.19,0.5,42,1,[0.2],0.2,0.2442732516826255,10,7.778174593052023,0.1414213562373095,0.7778174593052023,0.1414213562373095,0.17272727272727273,20260927T095930443635Z_577f21e5,2,5760.0,40,True,81,"[0.8592549273600911, 0.6058380411445193, 0.4316697215292379, 0.32461244914431125, 0.29898418014229616, 0.3853292566116986, 0.6184818884427356, 0.9112753545916268, 1.124060711596949, 1.0918553682168552, 1.0519012231472415, 1.0604058710082023, 1.1010962834034748, 1.1484706050156464, 1.2414843039249468, 1.286522046207647, 1.3072562312959182, 1.4024657757114494, 1.4690763553789117, 1.4352382086312834, 1.3078676789813133, 1.2336627867197074, 1.2117583717879756, 1.0914323600059634]",DRL,3286.834912109375,0.654135552791087,0.6619475841522217,5024.7,3921.75,0.4,95.2,4321.4,703.3
80,10,0.83,0.2,5,5,6,5.5,5.5,0.19,0.5,42,1,[0.2],0.2,0.2442732516826255,10,7.778174593052023,0.1414213562373095,0.7778174593052023,0.1414213562373095,0.17272727272727273,20260927T095930443635Z_577f21e5,2,5760.0,40,True,81,"[0.8592549273600911, 0.6058380411445193, 0.4316697215292379, 0.32461244914431125, 0.29898418014229616, 0.3853292566116986, 0.6184818884427356, 0.9112753545916268, 1.124060711596949, 1.0918553682168552, 1.0519012231472415, 1.0604058710082023, 1.1010962834034748, 1.1484706050156464, 1.2414843039249468, 1.286522046207647, 1.3072562312959182, 1.4024657757114494, 1.4690763553789117, 1.4352382086312834, 1.3078676789813133, 1.2336627867197074, 1.2117583717879756, 1.0914323600059634]",HEUR,1263.1042846679688,0.6457258241746172,0.6433579564094544,1956.1,1956.1,1.0,41.0,1339.3,616.8
80,10,0.83,0.2,5,5,6,5.5,5.5,0.19,0.5,42,1,[0.2],0.2,0.2442732516826255,10,7.778174593052023,0.1414213562373095,0.7778174593052023,0.1414213562373095,0.17272727272727273,20260927T095930443635Z_577f21e5,2,5760.0,40,True,81,"[0.8592549273600911, 0.6058380411445193, 0.4316697215292379, 0.32461244914431125, 0.29898418014229616, 0.3853292566116986, 0.6184818884427356, 0.9112753545916268, 1.124060711596949, 1.0918553682168552, 1.0519012231472415, 1.0604058710082023, 1.1010962834034748, 1.1484706050156464, 1.2414843039249468, 1.286522046207647, 1.3072562312959182, 1.4024657757114494, 1.4690763553789117, 1.4352382086312834, 1.3078676789813133, 1.2336627867197074, 1.2117583717879756, 1.0914323600059634]",HEUR_VOR,702.9953308105469,0.6621412176797088,0.6241455912590027,1061.7,1061.7,1.0,21.2,683.3,378.4
80,10,0.83,0.2,5,5,6,5.5,5.5,0.19,0.5,42,1,[0.2],0.2,0.2442732516826255,10,7.778174593052023,0.1414213562373095,0.7778174593052023,0.1414213562373095,0.17272727272727273,20260927T095930443635Z_577f21e5,2,5760.0,40,True,81,"[0.8592549273600911, 0.6058380411445193, 0.4316697215292379, 0.32461244914431125, 0.29898418014229616, 0.3853292566116986, 0.6184818884427356, 0.9112753545916268, 1.124060711596949, 1.0918553682168552, 1.0519012231472415, 1.0604058710082023, 1.1010962834034748, 1.1484706050156464, 1.2414843039249468, 1.286522046207647, 1.3072562312959182, 1.4024657757114494, 1.4690763553789117, 1.4352382086312834, 1.3078676789813133, 1.2336627867197074, 1.2117583717879756, 1.0914323600059634]",FOUR_ZONE,169.18043518066406,0.43191328869201956,0.4266545116901398,391.7,391.7,1.0,1.8,66.8,324.9
80,10,0.83,0.2,5,5,6,5.5,5.5,0.19,0.5,42,1,[0.2],0.2,0.2442732516826255,10,7.778174593052023,0.1414213562373095,0.7778174593052023,0.1414213562373095,0.17272727272727273,20260927T095930443635Z_577f21e5,2,5760.0,40,True,81,"[0.8592549273600911, 0.6058380411445193, 0.4316697215292379, 0.32461244914431125, 0.29898418014229616, 0.3853292566116986, 0.6184818884427356, 0.9112753545916268, 1.124060711596949, 1.0918553682168552, 1.0519012231472415, 1.0604058710082023, 1.1010962834034748, 1.1484706050156464, 1.2414843039249468, 1.286522046207647, 1.3072562312959182, 1.4024657757114494, 1.4690763553789117, 1.4352382086312834, 1.3078676789813133, 1.2336627867197074, 1.2117583717879756, 1.0914323600059634]",PURE,105.2,0.3001426533523538,0.30346051279269637,350.5,350.5,1.0,0.0,0.0,350.5
80,10,0.83,0.2,5,5,6,5.5,5.5,0.19,0.5,42,1,[0.2],0.2,0.2442732516826255,10,7.778174593052023,0.1414213562373095,0.7778174593052023,0.1414213562373095,0.17272727272727273,20260927T095930443635Z_577f21e5,2,5760.0,40,True,81,"[0.8592549273600911, 0.6058380411445193, 0.4316697215292379, 0.32461244914431125, 0.29898418014229616, 0.3853292566116986, 0.6184818884427356, 0.9112753545916268, 1.124060711596949, 1.0918553682168552, 1.0519012231472415, 1.0604058710082023, 1.1010962834034748, 1.1484706050156464, 1.2414843039249468, 1.286522046207647, 1.3072562312959182, 1.4024657757114494, 1.4690763553789117, 1.4352382086312834, 1.3078676789813133, 1.2336627867197074, 1.2117583717879756, 1.0914323600059634]",PURE_OR,105.2,0.3373957665169981,0.33751659185869975,311.8,311.8,1.0,0.0,0.0,311.8
81,10,0.83,0.3,5,5,6,5.5,5.5,0.19,0.5,42,1,"[0.3, 0.4]",0.2442732516826255,0.2442732516826255,10,7.778174593052023,0.21213203435596423,1.1667261889578033,0.17272727272727273,0.17272727272727273,20260927T095930443635Z_577f21e5,2,5760.0,40,True,81,"[0.8592549273600911, 0.6058380411445193, 0.4316697215292379, 0.32461244914431125, 0.29898418014229616, 0.3853292566116986, 0.6184818884427356, 0.9112753545916268, 1.124060711596949, 1.0918553682168552, 1.0519012231472415, 1.0604058710082023, 1.1010962834034748, 1.1484706050156464, 1.2414843039249468, 1.286522046207647, 1.3072562312959182, 1.4024657757114494, 1.4690763553789117, 1.4352382086312834, 1.3078676789813133, 1.2336627867197074, 1.2117583717879756, 1.0914323600059634]",DRL,4117.25146484375,0.7466228062097652,0.7439022779464721,5514.5,4532.5,0.2,141.6,5117.9,396.6
81,10,0.83,0.3,5,5,6,5.5,5.5,0.19,0.5,42,1,"[0.3, 0.4]",0.2442732516826255,0.2442732516826255,10,7.778174593052023,0.21213203435596423,1.1667261889578033,0.17272727272727273,0.17272727272727273,20260927T095930443635Z_577f21e5,2,5760.0,40,True,81,"[0.8592549273600911, 0.6058380411445193, 0.4316697215292379, 0.32461244914431125, 0.29898418014229616, 0.3853292566116986, 0.6184818884427356, 0.9112753545916268, 1.124060711596949, 1.0918553682168552, 1.0519012231472415, 1.0604058710082023, 1.1010962834034748, 1.1484706050156464, 1.2414843039249468, 1.286522046207647, 1.3072562312959182, 1.4024657757114494, 1.4690763553789117, 1.4352382086312834, 1.3078676789813133, 1.2336627867197074, 1.2117583717879756, 1.0914323600059634]",HEUR,1398.5543701171875,0.6542026242479125,0.6553178429603577,2137.8,2137.8,1.0,45.8,1496.5,641.3
81,10,0.83,0.3,5,5,6,5.5,5.5,0.19,0.5,42,1,"[0.3, 0.4]",0.2442732516826255,0.2442732516826255,10,7.778174593052023,0.21213203435596423,1.1667261889578033,0.17272727272727273,0.17272727272727273,20260927T095930443635Z_577f21e5,2,5760.0,40,True,81,"[0.8592549273600911, 0.6058380411445193, 0.4316697215292379, 0.32461244914431125, 0.29898418014229616, 0.3853292566116986, 0.6184818884427356, 0.9112753545916268, 1.124060711596949, 1.0918553682168552, 1.0519012231472415, 1.0604058710082023, 1.1010962834034748, 1.1484706050156464, 1.2414843039249468, 1.286522046207647, 1.3072562312959182, 1.4024657757114494, 1.4690763553789117, 1.4352382086312834, 1.3078676789813133, 1.2336627867197074, 1.2117583717879756, 1.0914323600059634]",HEUR_VOR,807.0562927246094,0.6709812875994424,0.661520802974701,1202.8,1202.8,1.0,26.6,835.7,367.1
81,10,0.83,0.3,5,5,6,5.5,5.5,0.19,0.5,42,1,"[0.3, 0.4]",0.2442732516826255,0.2442732516826255,10,7.778174593052023,0.21213203435596423,1.1667261889578033,0.17272727272727273,0.17272727272727273,20260927T095930443635Z_577f21e5,2,5760.0,40,True,81,"[0.8592549273600911, 0.6058380411445193, 0.4316697215292379, 0.32461244914431125, 0.29898418014229616, 0.3853292566116986, 0.6184818884427356, 0.9112753545916268, 1.124060711596949, 1.0918553682168552, 1.0519012231472415, 1.0604058710082023, 1.1010962834034748, 1.1484706050156464, 1.2414843039249468, 1.286522046207647, 1.3072562312959182, 1.4024657757114494, 1.4690763553789117, 1.4352382086312834, 1.3078676789813133, 1.2336627867197074, 1.2117583717879756, 1.0914323600059634]",FOUR_ZONE,169.18043518066406,0.43191328869201956,0.4266545116901398,391.7,391.7,1.0,1.8,66.8,324.9
81,10,0.83,0.3,5,5,6,5.5,5.5,0.19,0.5,42,1,"[0.3, 0.4]",0.2442732516826255,0.2442732516826255,10,7.778174593052023,0.21213203435596423,1.1667261889578033,0.17272727272727273,0.17272727272727273,20260927T095930443635Z_577f21e5,2,5760.0,40,True,81,"[0.8592549273600911, 0.6058380411445193, 0.4316697215292379, 0.32461244914431125, 0.29898418014229616, 0.3853292566116986, 0.6184818884427356, 0.9112753545916268, 1.124060711596949, 1.0918553682168552, 1.0519012231472415, 1.0604058710082023, 1.1010962834034748, 1.1484706050156464, 1.2414843039249468, 1.286522046207647, 1.3072562312959182, 1.4024657757114494, 1.4690763553789117, 1.4352382086312834, 1.3078676789813133, 1.2336627867197074, 1.2117583717879756, 1.0914323600059634]",PURE,105.2,0.3001426533523538,0.30346051279269637,350.5,350.5,1.0,0.0,0.0,350.5
81,10,0.83,0.3,5,5,6,5.5,5.5,0.19,0.5,42,1,"[0.3, 0.4]",0.2442732516826255,0.2442732516826255,10,7.778174593052023,0.21213203435596423,1.1667261889578033,0.17272727272727273,0.17272727272727273,20260927T095930443635Z_577f21e5,2,5760.0,40,True,81,"[0.8592549273600911, 0.6058380411445193, 0.4316697215292379, 0.32461244914431125, 0.29898418014229616, 0.3853292566116986, 0.6184818884427356, 0.9112753545916268, 1.124060711596949, 1.0918553682168552, 1.0519012231472415, 1.0604058710082023, 1.1010962834034748, 1.1484706050156464, 1.2414843039249468, 1.286522046207647, 1.3072562312959182, 1.4024657757114494, 1.4690763553789117, 1.4352382086312834, 1.3078676789813133, 1.2336627867197074, 1.2117583717879756, 1.0914323600059634]",PURE_OR,105.2,0.3373957665169981,0.33751659185869975,311.8,311.8,1.0,0.0,0.0,311.8
82,10,0.83,0.1,5,5,6,6.0,5.5,0.19,0.5,42,1,[0.1],0.1,0.2442732516826255,10,7.778174593052023,0.07071067811865475,0.38890872965260115,0.07071067811865475,0.17272727272727273,20260927T095930443635Z_577f21e5,2,5760.0,40,True,81,"[0.8592549273600911, 0.6058380411445193, 0.4316697215292379, 0.32461244914431125, 0.29898418014229616, 0.3853292566116986, 0.6184818884427356, 0.9112753545916268, 1.124060711596949, 1.0918553682168552, 1.0519012231472415, 1.0604058710082023, 1.1010962834034748, 1.1484706050156464, 1.2414843039249468, 1.286522046207647, 1.3072562312959182, 1.4024657757114494, 1.4690763553789117, 1.4352382086312834, 1.3078676789813133, 1.2336627867197074, 1.2117583717879756, 1.0914323600059634]",DRL,825.9951049804688,0.5883156018379407,0.590885603427887,1404.0,1404.0,1.0,21.8,920.6,483.4
82,10,0.83,0.1,5,5,6,6.0,5.5,0.19,0.5,42,1,[0.1],0.1,0.2442732516826255,10,7.778174593052023,0.07071067811865475,0.38890872965260115,0.07071067811865475,0.17272727272727273,20260927T095930443635Z_577f21e5,2,5760.0,40,True,81,"[0.8592549273600911, 0.6058380411445193, 0.4316697215292379, 0.32461244914431125, 0.29898418014229616, 0.3853292566116986, 0.6184818884427356, 0.9112753545916268, 1.124060711596949, 1.0918553682168552, 1.0519012231472415, 1.0604058710082023, 1.1010962834034748, 1.1484706050156464, 1.2414843039249468, 1.286522046207647, 1.3072562312959182, 1.4024657757114494, 1.4690763553789117, 1.4352382086312834, 1.3078676789813133, 1.2336627867197074, 1.2117583717879756, 1.0914323600059634]",HEUR,599.783056640625,0.6039503138058856,0.6024065017700195,993.1,993.1,1.0,15.0,519.0,474.1
82,10,0.83,0.1,5,5,6,6.0,5.5,0.19,0.5,42,1,[0.1],0.1,0.2442732516826255,10,7.778174593052023,0.07071067811865475,0.38890872965260115,0.07071067811865475,0.17272727272727273,20260927T095930443635Z_577f21e5,2,5760.0,40,True,81,"[0.8592549273600911, 0.6058380411445193, 0.4316697215292379, 0.32461244914431125, 0.29898418014229616, 0.3853292566116986, 0.6184818884427356, 0.9112753545916268, 1.124060711596949, 1.0918553682168552, 1.0519012231472415, 1.0604058710082023, 1.1010962834034748, 1.1484706050156464, 1.2414843039249468, 1.286522046207647, 1.3072562312959182, 1.4024657757114494, 1.4690763553789117, 1.4352382086312834, 1.3078676789813133, 1.2336627867197074, 1.2117583717879756, 1.0914323600059634]",HEUR_VOR,305.34091796875,0.5517544596471811,0.5439801931381225,553.4,553.4,1.0,6.2,203.3,350.1
82,10,0.83,0.1,5,5,6,6.0,5.5,0.19,0.5,42,1,[0.1],0.1,0.2442732516826255,10,7.778174593052023,0.07071067811865475,0.38890872965260115,0.07071067811865475,0.17272727272727273,20260927T095930443635Z_577f21e5,2,5760.0,40,True,81,"[0.8592549273600911, 0.6058380411445193, 0.4316697215292379, 0.32461244914431125, 0.29898418014229616, 0.3853292566116986, 0.6184818884427356, 0.9112753545916268, 1.124060711596949, 1.0918553682168552, 1.0519012231472415, 1.0604058710082023, 1.1010962834034748, 1.1484706050156464, 1.2414843039249468, 1.286522046207647, 1.3072562312959182, 1.4024657757114494, 1.4690763553789117, 1.4352382086312834, 1.3078676789813133, 1.2336627867197074, 1.2117583717879756, 1.0914323600059634]",FOUR_ZONE,115.47181091308593,0.32963691382553795,0.32901165330371424,350.3,350.3,1.0,0.4,9.8,340.5
82,10,0.83,0.1,5,5,6,6.0,5.5,0.19,0.5,42,1,[0.1],0.1,0.2442732516826255,10,7.778174593052023,0.07071067811865475,0.38890872965260115,0.07071067811865475,0.17272727272727273,20260927T095930443635Z_577f21e5,2,5760.0,40,True,81,"[0.8592549273600911, 0.6058380411445193, 0.4316697215292379, 0.32461244914431125, 0.29898418014229616, 0.3853292566116986, 0.6184818884427356, 0.9112753545916268, 1.124060711596949, 1.0918553682168552, 1.0519012231472415, 1.0604058710082023, 1.1010962834034748, 1.1484706050156464, 1.2414843039249468, 1.286522046207647, 1.3072562312959182, 1.4024657757114494, 1.4690763553789117, 1.4352382086312834, 1.3078676789813133, 1.2336627867197074, 1.2117583717879756, 1.0914323600059634]",PURE,105.2,0.3001426533523538,0.30346051279269637,350.5,350.5,1.0,0.0,0.0,350.5
82,10,0.83,0.1,5,5,6,6.0,5.5,0.19,0.5,42,1,[0.1],0.1,0.2442732516826255,10,7.778174593052023,0.07071067811865475,0.38890872965260115,0.07071067811865475,0.17272727272727273,20260927T095930443635Z_577f21e5,2,5760.0,40,True,81,"[0.8592549273600911, 0.6058380411445193, 0.4316697215292379, 0.32461244914431125, 0.29898418014229616, 0.3853292566116986, 0.6184818884427356, 0.9112753545916268, 1.124060711596949, 1.0918553682168552, 1.0519012231472415, 1.0604058710082023, 1.1010962834034748, 1.1484706050156464, 1.2414843039249468, 1.286522046207647, 1.3072562312959182, 1.4024657757114494, 1.4690763553789117, 1.4352382086312834, 1.3078676789813133, 1.2336627867197074, 1.2117583717879756, 1.0914323600059634]",PURE_OR,105.2,0.3373957665169981,0.33751659185869975,311.8,311.8,1.0,0.0,0.0,311.8
83,10,0.83,0.2,5,5,6,6.0,5.5,0.19,0.5,42,1,[0.2],0.2,0.2442732516826255,10,7.778174593052023,0.1414213562373095,0.7778174593052023,0.1414213562373095,0.17272727272727273,20260927T095930443635Z_577f21e5,2,5760.0,40,True,81,"[0.8592549273600911, 0.6058380411445193, 0.4316697215292379, 0.32461244914431125, 0.29898418014229616, 0.3853292566116986, 0.6184818884427356, 0.9112753545916268, 1.124060711596949, 1.0918553682168552, 1.0519012231472415, 1.0604058710082023, 1.1010962834034748, 1.1484706050156464, 1.2414843039249468, 1.286522046207647, 1.3072562312959182, 1.4024657757114494, 1.4690763553789117, 1.4352382086312834, 1.3078676789813133, 1.2336627867197074, 1.2117583717879756, 1.0914323600059634]",DRL,3505.76201171875,0.705370518041639,0.7110763788223267,4970.1,3785.25,0.4,103.8,4393.3,576.8
83,10,0.83,0.2,5,5,6,6.0,5.5,0.19,0.5,42,1,[0.2],0.2,0.2442732516826255,10,7.778174593052023,0.1414213562373095,0.7778174593052023,0.1414213562373095,0.17272727272727273,20260927T095930443635Z_577f21e5,2,5760.0,40,True,81,"[0.8592549273600911, 0.6058380411445193, 0.4316697215292379, 0.32461244914431125, 0.29898418014229616, 0.3853292566116986, 0.6184818884427356, 0.9112753545916268, 1.124060711596949, 1.0918553682168552, 1.0519012231472415, 1.0604058710082023, 1.1010962834034748, 1.1484706050156464, 1.2414843039249468, 1.286522046207647, 1.3072562312959182, 1.4024657757114494, 1.4690763553789117, 1.4352382086312834, 1.3078676789813133, 1.2336627867197074, 1.2117583717879756, 1.0914323600059634]",HEUR,1368.3501342773438,0.6995297450423514,0.696861469745636,1956.1,1956.1,1.0,41.0,1339.3,616.8
83,10,0.83,0.2,5,5,6,6.0,5.5,0.19,0.5,42,1,[0.2],0.2,0.2442732516826255,10,7.778174593052023,0.1414213562373095,0.7778174593052023,0.1414213562373095,0.17272727272727273,20260927T095930443635Z_577f21e5,2,5760.0,40,True,81,"[0.8592549273600911, 0.6058380411445193, 0.4316697215292379, 0.32461244914431125, 0.29898418014229616, 0.3853292566116986, 0.6184818884427356, 0.9112753545916268, 1.124060711596949, 1.0918553682168552, 1.0519012231472415, 1.0604058710082023, 1.1010962834034748, 1.1484706050156464, 1.2414843039249468, 1.286522046207647, 1.3072562312959182, 1.4024657757114494, 1.4690763553789117, 1.4352382086312834, 1.3078676789813133, 1.2336627867197074, 1.2117583717879756, 1.0914323600059634]",HEUR_VOR,757.3382873535156,0.713326068902247,0.6707288444042205,1061.7,1061.7,1.0,21.2,683.3,378.4
83,10,0.83,0.2,5,5,6,6.0,5.5,0.19,0.5,42,1,[0.2],0.2,0.2442732516826255,10,7.778174593052023,0.1414213562373095,0.7778174593052023,0.1414213562373095,0.17272727272727273,20260927T095930443635Z_577f21e5,2,5760.0,40,True,81,"[0.8592549273600911, 0.6058380411445193, 0.4316697215292379, 0.32461244914431125, 0.29898418014229616, 0.3853292566116986, 0.6184818884427356, 0.9112753545916268, 1.124060711596949, 1.0918553682168552, 1.0519012231472415, 1.0604058710082023, 1.1010962834034748, 1.1484706050156464, 1.2414843039249468, 1.286522046207647, 1.3072562312959182, 1.4024657757114494, 1.4690763553789117, 1.4352382086312834, 1.3078676789813133, 1.2336627867197074, 1.2117583717879756, 1.0914323600059634]",FOUR_ZONE,174.9968734741211,0.4467625056781238,0.44099423885345457,391.7,391.7,1.0,1.8,66.8,324.9
83,10,0.83,0.2,5,5,6,6.0,5.5,0.19,0.5,42,1,[0.2],0.2,0.2442732516826255,10,7.778174593052023,0.1414213562373095,0.7778174593052023,0.1414213562373095,0.17272727272727273,20260927T095930443635Z_577f21e5,2,5760.0,40,True,81,"[0.8592549273600911, 0.6058380411445193, 0.4316697215292379, 0.32461244914431125, 0.29898418014229616, 0.3853292566116986, 0.6184818884427356, 0.9112753545916268, 1.124060711596949, 1.0918553682168552, 1.0519012231472415, 1.0604058710082023, 1.1010962834034748, 1.1484706050156464, 1.2414843039249468, 1.286522046207647, 1.3072562312959182, 1.4024657757114494, 1.4690763553789117, 1.4352382086312834, 1.3078676789813133, 1.2336627867197074, 1.2117583717879756, 1.0914323600059634]",PURE,105.2,0.3001426533523538,0.30346051279269637,350.5,350.5,1.0,0.0,0.0,350.5
83,10,0.83,0.2,5,5,6,6.0,5.5,0.19,0.5,42,1,[0.2],0.2,0.2442732516826255,10,7.778174593052023,0.1414213562373095,0.7778174593052023,0.1414213562373095,0.17272727272727273,20260927T095930443635Z_577f21e5,2,5760.0,40,True,81,"[0.8592549273600911, 0.6058380411445193, 0.4316697215292379, 0.32461244914431125, 0.29898418014229616, 0.3853292566116986, 0.6184818884427356, 0.9112753545916268, 1.124060711596949, 1.0918553682168552, 1.0519012231472415, 1.0604058710082023, 1.1010962834034748, 1.1484706050156464, 1.2414843039249468, 1.286522046207647, 1.3072562312959182, 1.4024657757114494, 1.4690763553789117, 1.4352382086312834, 1.3078676789813133, 1.2336627867197074, 1.2117583717879756, 1.0914323600059634]",PURE_OR,105.2,0.3373957665169981,0.33751659185869975,311.8,311.8,1.0,0.0,0.0,311.8
84,10,0.83,0.3,5,5,6,6.0,5.5,0.19,0.5,42,1,"[0.3, 0.4]",0.2442732516826255,0.2442732516826255,10,7.778174593052023,0.21213203435596423,1.1667261889578033,0.17272727272727273,0.17272727272727273,20260927T095930443635Z_577f21e5,2,5760.0,40,True,81,"[0.8592549273600911, 0.6058380411445193, 0.4316697215292379, 0.32461244914431125, 0.29898418014229616, 0.3853292566116986, 0.6184818884427356, 0.9112753545916268, 1.124060711596949, 1.0918553682168552, 1.0519012231472415, 1.0604058710082023, 1.1010962834034748, 1.1484706050156464, 1.2414843039249468, 1.286522046207647, 1.3072562312959182, 1.4024657757114494, 1.4690763553789117, 1.4352382086312834, 1.3078676789813133, 1.2336627867197074, 1.2117583717879756, 1.0914323600059634]",DRL,4266.205224609375,0.7406606292724609,0.7406606316566468,5760.0,,0.0,130.6,5144.6,615.4
84,10,0.83,0.3,5,5,6,6.0,5.5,0.19,0.5,42,1,"[0.3, 0.4]",0.2442732516826255,0.2442732516826255,10,7.778174593052023,0.21213203435596423,1.1667261889578033,0.17272727272727273,0.17272727272727273,20260927T095930443635Z_577f21e5,2,5760.0,40,True,81,"[0.8592549273600911, 0.6058380411445193, 0.4316697215292379, 0.32461244914431125, 0.29898418014229616, 0.3853292566116986, 0.6184818884427356, 0.9112753545916268, 1.124060711596949, 1.0918553682168552, 1.0519012231472415, 1.0604058710082023, 1.1010962834034748, 1.1484706050156464, 1.2414843039249468, 1.286522046207647, 1.3072562312959182, 1.4024657757114494, 1.4690763553789117, 1.4352382086312834, 1.3078676789813133, 1.2336627867197074, 1.2117583717879756, 1.0914323600059634]",HEUR,1516.1084716796875,0.7091909774907323,0.7103702425956726,2137.8,2137.8,1.0,45.8,1496.5,641.3
84,10,0.83,0.3,5,5,6,6.0,5.5,0.19,0.5,42,1,"[0.3, 0.4]",0.2442732516826255,0.2442732516826255,10,7.778174593052023,0.21213203435596423,1.1667261889578033,0.17272727272727273,0.17272727272727273,20260927T095930443635Z_577f21e5,2,5760.0,40,True,81,"[0.8592549273600911, 0.6058380411445193, 0.4316697215292379, 0.32461244914431125, 0.29898418014229616, 0.3853292566116986, 0.6184818884427356, 0.9112753545916268, 1.124060711596949, 1.0918553682168552, 1.0519012231472415, 1.0604058710082023, 1.1010962834034748, 1.1484706050156464, 1.2414843039249468, 1.286522046207647, 1.3072562312959182, 1.4024657757114494, 1.4690763553789117, 1.4352382086312834, 1.3078676789813133, 1.2336627867197074, 1.2117583717879756, 1.0914323600059634]",HEUR_VOR,870.859033203125,0.724026465915468,0.7135588169097901,1202.8,1202.8,1.0,26.6,835.7,367.1
84,10,0.83,0.3,5,5,6,6.0,5.5,0.19,0.5,42,1,"[0.3, 0.4]",0.2442732516826255,0.2442732516826255,10,7.778174593052023,0.21213203435596423,1.1667261889578033,0.17272727272727273,0.17272727272727273,20260927T095930443635Z_577f21e5,2,5760.0,40,True,81,"[0.8592549273600911, 0.6058380411445193, 0.4316697215292379, 0.32461244914431125, 0.29898418014229616, 0.3853292566116986, 0.6184818884427356, 0.9112753545916268, 1.124060711596949, 1.0918553682168552, 1.0519012231472415, 1.0604058710082023, 1.1010962834034748, 1.1484706050156464, 1.2414843039249468, 1.286522046207647, 1.3072562312959182, 1.4024657757114494, 1.4690763553789117, 1.4352382086312834, 1.3078676789813133, 1.2336627867197074, 1.2117583717879756, 1.0914323600059634]",FOUR_ZONE,174.9968734741211,0.4467625056781238,0.44099423885345457,391.7,391.7,1.0,1.8,66.8,324.9
84,10,0.83,0.3,5,5,6,6.0,5.5,0.19,0.5,42,1,"[0.3, 0.4]",0.2442732516826255,0.2442732516826255,10,7.778174593052023,0.21213203435596423,1.1667261889578033,0.17272727272727273,0.17272727272727273,20260927T095930443635Z_577f21e5,2,5760.0,40,True,81,"[0.8592549273600911, 0.6058380411445193, 0.4316697215292379, 0.32461244914431125, 0.29898418014229616, 0.3853292566116986, 0.6184818884427356, 0.9112753545916268, 1.124060711596949, 1.0918553682168552, 1.0519012231472415, 1.0604058710082023, 1.1010962834034748, 1.1484706050156464, 1.2414843039249468, 1.286522046207647, 1.3072562312959182, 1.4024657757114494, 1.4690763553789117, 1.4352382086312834, 1.3078676789813133, 1.2336627867197074, 1.2117583717879756, 1.0914323600059634]",PURE,105.2,0.3001426533523538,0.30346051279269637,350.5,350.5,1.0,0.0,0.0,350.5
84,10,0.83,0.3,5,5,6,6.0,5.5,0.19,0.5,42,1,"[0.3, 0.4]",0.2442732516826255,0.2442732516826255,10,7.778174593052023,0.21213203435596423,1.1667261889578033,0.17272727272727273,0.17272727272727273,20260927T095930443635Z_577f21e5,2,5760.0,40,True,81,"[0.8592549273600911, 0.6058380411445193, 0.4316697215292379, 0.32461244914431125, 0.29898418014229616, 0.3853292566116986, 0.6184818884427356, 0.9112753545916268, 1.124060711596949, 1.0918553682168552, 1.0519012231472415, 1.0604058710082023, 1.1010962834034748, 1.1484706050156464, 1.2414843039249468, 1.286522046207647, 1.3072562312959182, 1.4024657757114494, 1.4690763553789117, 1.4352382086312834, 1.3078676789813133, 1.2336627867197074, 1.2117583717879756, 1.0914323600059634]",PURE_OR,105.2,0.3373957665169981,0.33751659185869975,311.8,311.8,1.0,0.0,0.0,311.8
85,10,1.0,0.1,5,5,6,5.5,5.5,0.19,0.5,42,1,[0.1],0.1,0.2442732516826255,10,7.778174593052023,0.07071067811865475,0.38890872965260115,0.07071067811865475,0.17272727272727273,20260927T095930443635Z_577f21e5,2,5760.0,40,True,81,"[0.8592549273600911, 0.6058380411445193, 0.4316697215292379, 0.32461244914431125, 0.29898418014229616, 0.3853292566116986, 0.6184818884427356, 0.9112753545916268, 1.124060711596949, 1.0918553682168552, 1.0519012231472415, 1.0604058710082023, 1.1010962834034748, 1.1484706050156464, 1.2414843039249468, 1.286522046207647, 1.3072562312959182, 1.4024657757114494, 1.4690763553789117, 1.4352382086312834, 1.3078676789813133, 1.2336627867197074, 1.2117583717879756, 1.0914323600059634]",DRL,1114.463232421875,0.6100964758427082,0.6062576293945312,1826.7,1826.7,1.0,32.2,1303.8,522.9
85,10,1.0,0.1,5,5,6,5.5,5.5,0.19,0.5,42,1,[0.1],0.1,0.2442732516826255,10,7.778174593052023,0.07071067811865475,0.38890872965260115,0.07071067811865475,0.17272727272727273,20260927T095930443635Z_577f21e5,2,5760.0,40,True,81,"[0.8592549273600911, 0.6058380411445193, 0.4316697215292379, 0.32461244914431125, 0.29898418014229616, 0.3853292566116986, 0.6184818884427356, 0.9112753545916268, 1.124060711596949, 1.0918553682168552, 1.0519012231472415, 1.0604058710082023, 1.1010962834034748, 1.1484706050156464, 1.2414843039249468, 1.286522046207647, 1.3072562312959182, 1.4024657757114494, 1.4690763553789117, 1.4352382086312834, 1.3078676789813133, 1.2336627867197074, 1.2117583717879756, 1.0914323600059634]",HEUR,639.6834716796875,0.5497451630110756,0.5492713570594787,1163.6,1163.6,1.0,18.2,576.8,586.8
85,10,1.0,0.1,5,5,6,5.5,5.5,0.19,0.5,42,1,[0.1],0.1,0.2442732516826255,10,7.778174593052023,0.07071067811865475,0.38890872965260115,0.07071067811865475,0.17272727272727273,20260927T095930443635Z_577f21e5,2,5760.0,40,True,81,"[0.8592549273600911, 0.6058380411445193, 0.4316697215292379, 0.32461244914431125, 0.29898418014229616, 0.3853292566116986, 0.6184818884427356, 0.9112753545916268, 1.124060711596949, 1.0918553682168552, 1.0519012231472415, 1.0604058710082023, 1.1010962834034748, 1.1484706050156464, 1.2414843039249468, 1.286522046207647, 1.3072562312959182, 1.4024657757114494, 1.4690763553789117, 1.4352382086312834, 1.3078676789813133, 1.2336627867197074, 1.2117583717879756, 1.0914323600059634]",HEUR_VOR,310.02720031738284,0.4997214705309201,0.49451944828033445,620.4,620.4,1.0,6.2,199.0,421.4
85,10,1.0,0.1,5,5,6,5.5,5.5,0.19,0.5,42,1,[0.1],0.1,0.2442732516826255,10,7.778174593052023,0.07071067811865475,0.38890872965260115,0.07071067811865475,0.17272727272727273,20260927T095930443635Z_577f21e5,2,5760.0,40,True,81,"[0.8592549273600911, 0.6058380411445193, 0.4316697215292379, 0.32461244914431125, 0.29898418014229616, 0.3853292566116986, 0.6184818884427356, 0.9112753545916268, 1.124060711596949, 1.0918553682168552, 1.0519012231472415, 1.0604058710082023, 1.1010962834034748, 1.1484706050156464, 1.2414843039249468, 1.286522046207647, 1.3072562312959182, 1.4024657757114494, 1.4690763553789117, 1.4352382086312834, 1.3078676789813133, 1.2336627867197074, 1.2117583717879756, 1.0914323600059634]",FOUR_ZONE,126.4,0.3371565750866898,0.3362678515993862,374.9,374.9,1.0,0.0,0.0,374.9
85,10,1.0,0.1,5,5,6,5.5,5.5,0.19,0.5,42,1,[0.1],0.1,0.2442732516826255,10,7.778174593052023,0.07071067811865475,0.38890872965260115,0.07071067811865475,0.17272727272727273,20260927T095930443635Z_577f21e5,2,5760.0,40,True,81,"[0.8592549273600911, 0.6058380411445193, 0.4316697215292379, 0.32461244914431125, 0.29898418014229616, 0.3853292566116986, 0.6184818884427356, 0.9112753545916268, 1.124060711596949, 1.0918553682168552, 1.0519012231472415, 1.0604058710082023, 1.1010962834034748, 1.1484706050156464, 1.2414843039249468, 1.286522046207647, 1.3072562312959182, 1.4024657757114494, 1.4690763553789117, 1.4352382086312834, 1.3078676789813133, 1.2336627867197074, 1.2117583717879756, 1.0914323600059634]",PURE,126.4,0.30268199233716475,0.3020488391073032,417.6,417.6,1.0,0.0,0.0,417.6
85,10,1.0,0.1,5,5,6,5.5,5.5,0.19,0.5,42,1,[0.1],0.1,0.2442732516826255,10,7.778174593052023,0.07071067811865475,0.38890872965260115,0.07071067811865475,0.17272727272727273,20260927T095930443635Z_577f21e5,2,5760.0,40,True,81,"[0.8592549273600911, 0.6058380411445193, 0.4316697215292379, 0.32461244914431125, 0.29898418014229616, 0.3853292566116986, 0.6184818884427356, 0.9112753545916268, 1.124060711596949, 1.0918553682168552, 1.0519012231472415, 1.0604058710082023, 1.1010962834034748, 1.1484706050156464, 1.2414843039249468, 1.286522046207647, 1.3072562312959182, 1.4024657757114494, 1.4690763553789117, 1.4352382086312834, 1.3078676789813133, 1.2336627867197074, 1.2117583717879756, 1.0914323600059634]",PURE_OR,126.4,0.36574074074074076,0.36483605402721103,345.6,345.6,1.0,0.0,0.0,345.6
86,10,1.0,0.2,5,5,6,5.5,5.5,0.19,0.5,42,1,[0.2],0.2,0.2442732516826255,10,7.778174593052023,0.1414213562373095,0.7778174593052023,0.1414213562373095,0.17272727272727273,20260927T095930443635Z_577f21e5,2,5760.0,40,True,81,"[0.8592549273600911, 0.6058380411445193, 0.4316697215292379, 0.32461244914431125, 0.29898418014229616, 0.3853292566116986, 0.6184818884427356, 0.9112753545916268, 1.124060711596949, 1.0918553682168552, 1.0519012231472415, 1.0604058710082023, 1.1010962834034748, 1.1484706050156464, 1.2414843039249468, 1.286522046207647, 1.3072562312959182, 1.4024657757114494, 1.4690763553789117, 1.4352382086312834, 1.3078676789813133, 1.2336627867197074, 1.2117583717879756, 1.0914323600059634]",DRL,3483.81669921875,0.6699905187158641,0.6679146885871887,5199.8,4826.333333333333,0.6,112.6,4447.7,752.1
86,10,1.0,0.2,5,5,6,5.5,5.5,0.19,0.5,42,1,[0.2],0.2,0.2442732516826255,10,7.778174593052023,0.1414213562373095,0.7778174593052023,0.1414213562373095,0.17272727272727273,20260927T095930443635Z_577f21e5,2,5760.0,40,True,81,"[0.8592549273600911, 0.6058380411445193, 0.4316697215292379, 0.32461244914431125, 0.29898418014229616, 0.3853292566116986, 0.6184818884427356, 0.9112753545916268, 1.124060711596949, 1.0918553682168552, 1.0519012231472415, 1.0604058710082023, 1.1010962834034748, 1.1484706050156464, 1.2414843039249468, 1.286522046207647, 1.3072562312959182, 1.4024657757114494, 1.4690763553789117, 1.4352382086312834, 1.3078676789813133, 1.2336627867197074, 1.2117583717879756, 1.0914323600059634]",HEUR,1634.3352416992188,0.65454573338909,0.651639747619629,2496.9,2496.9,1.0,50.6,1688.8,808.1
86,10,1.0,0.2,5,5,6,5.5,5.5,0.19,0.5,42,1,[0.2],0.2,0.2442732516826255,10,7.778174593052023,0.1414213562373095,0.7778174593052023,0.1414213562373095,0.17272727272727273,20260927T095930443635Z_577f21e5,2,5760.0,40,True,81,"[0.8592549273600911, 0.6058380411445193, 0.4316697215292379, 0.32461244914431125, 0.29898418014229616, 0.3853292566116986, 0.6184818884427356, 0.9112753545916268, 1.124060711596949, 1.0918553682168552, 1.0519012231472415, 1.0604058710082023, 1.1010962834034748, 1.1484706050156464, 1.2414843039249468, 1.286522046207647, 1.3072562312959182, 1.4024657757114494, 1.4690763553789117, 1.4352382086312834, 1.3078676789813133, 1.2336627867197074, 1.2117583717879756, 1.0914323600059634]",HEUR_VOR,672.9927856445313,0.6516196607712348,0.6305571258068084,1032.8,1032.8,1.0,20.4,638.5,394.3
86,10,1.0,0.2,5,5,6,5.5,5.5,0.19,0.5,42,1,[0.2],0.2,0.2442732516826255,10,7.778174593052023,0.1414213562373095,0.7778174593052023,0.1414213562373095,0.17272727272727273,20260927T095930443635Z_577f21e5,2,5760.0,40,True,81,"[0.8592549273600911, 0.6058380411445193, 0.4316697215292379, 0.32461244914431125, 0.29898418014229616, 0.3853292566116986, 0.6184818884427356, 0.9112753545916268, 1.124060711596949, 1.0918553682168552, 1.0519012231472415, 1.0604058710082023, 1.1010962834034748, 1.1484706050156464, 1.2414843039249468, 1.286522046207647, 1.3072562312959182, 1.4024657757114494, 1.4690763553789117, 1.4352382086312834, 1.3078676789813133, 1.2336627867197074, 1.2117583717879756, 1.0914323600059634]",FOUR_ZONE,137.6604431152344,0.35607978043257726,0.3543689097681217,386.6,386.6,1.0,0.4,12.3,374.3
86,10,1.0,0.2,5,5,6,5.5,5.5,0.19,0.5,42,1,[0.2],0.2,0.2442732516826255,10,7.778174593052023,0.1414213562373095,0.7778174593052023,0.1414213562373095,0.17272727272727273,20260927T095930443635Z_577f21e5,2,5760.0,40,True,81,"[0.8592549273600911, 0.6058380411445193, 0.4316697215292379, 0.32461244914431125, 0.29898418014229616, 0.3853292566116986, 0.6184818884427356, 0.9112753545916268, 1.124060711596949, 1.0918553682168552, 1.0519012231472415, 1.0604058710082023, 1.1010962834034748, 1.1484706050156464, 1.2414843039249468, 1.286522046207647, 1.3072562312959182, 1.4024657757114494, 1.4690763553789117, 1.4352382086312834, 1.3078676789813133, 1.2336627867197074, 1.2117583717879756, 1.0914323600059634]",PURE,126.4,0.30268199233716475,0.3020488391073032,417.6,417.6,1.0,0.0,0.0,417.6
86,10,1.0,0.2,5,5,6,5.5,5.5,0.19,0.5,42,1,[0.2],0.2,0.2442732516826255,10,7.778174593052023,0.1414213562373095,0.7778174593052023,0.1414213562373095,0.17272727272727273,20260927T095930443635Z_577f21e5,2,5760.0,40,True,81,"[0.8592549273600911, 0.6058380411445193, 0.4316697215292379, 0.32461244914431125, 0.29898418014229616, 0.3853292566116986, 0.6184818884427356, 0.9112753545916268, 1.124060711596949, 1.0918553682168552, 1.0519012231472415, 1.0604058710082023, 1.1010962834034748, 1.1484706050156464, 1.2414843039249468, 1.286522046207647, 1.3072562312959182, 1.4024657757114494, 1.4690763553789117, 1.4352382086312834, 1.3078676789813133, 1.2336627867197074, 1.2117583717879756, 1.0914323600059634]",PURE_OR,126.4,0.36574074074074076,0.36483605402721103,345.6,345.6,1.0,0.0,0.0,345.6
87,10,1.0,0.3,5,5,6,5.5,5.5,0.19,0.5,42,1,"[0.3, 0.4]",0.2442732516826255,0.2442732516826255,10,7.778174593052023,0.21213203435596423,1.1667261889578033,0.17272727272727273,0.17272727272727273,20260927T095930443635Z_577f21e5,2,5760.0,40,True,81,"[0.8592549273600911, 0.6058380411445193, 0.4316697215292379, 0.32461244914431125, 0.29898418014229616, 0.3853292566116986, 0.6184818884427356, 0.9112753545916268, 1.124060711596949, 1.0918553682168552, 1.0519012231472415, 1.0604058710082023, 1.1010962834034748, 1.1484706050156464, 1.2414843039249468, 1.286522046207647, 1.3072562312959182, 1.4024657757114494, 1.4690763553789117, 1.4352382086312834, 1.3078676789813133, 1.2336627867197074, 1.2117583717879756, 1.0914323600059634]",DRL,4359.79814453125,0.756909400092231,0.7569093942642212,5760.0,,0.0,146.6,5317.2,442.8
87,10,1.0,0.3,5,5,6,5.5,5.5,0.19,0.5,42,1,"[0.3, 0.4]",0.2442732516826255,0.2442732516826255,10,7.778174593052023,0.21213203435596423,1.1667261889578033,0.17272727272727273,0.17272727272727273,20260927T095930443635Z_577f21e5,2,5760.0,40,True,81,"[0.8592549273600911, 0.6058380411445193, 0.4316697215292379, 0.32461244914431125, 0.29898418014229616, 0.3853292566116986, 0.6184818884427356, 0.9112753545916268, 1.124060711596949, 1.0918553682168552, 1.0519012231472415, 1.0604058710082023, 1.1010962834034748, 1.1484706050156464, 1.2414843039249468, 1.286522046207647, 1.3072562312959182, 1.4024657757114494, 1.4690763553789117, 1.4352382086312834, 1.3078676789813133, 1.2336627867197074, 1.2117583717879756, 1.0914323600059634]",HEUR,1791.3426513671875,0.6783076418520911,0.6763190269470215,2640.9,2640.9,1.0,57.0,1909.4,731.5
87,10,1.0,0.3,5,5,6,5.5,5.5,0.19,0.5,42,1,"[0.3, 0.4]",0.2442732516826255,0.2442732516826255,10,7.778174593052023,0.21213203435596423,1.1667261889578033,0.17272727272727273,0.17272727272727273,20260927T095930443635Z_577f21e5,2,5760.0,40,True,81,"[0.8592549273600911, 0.6058380411445193, 0.4316697215292379, 0.32461244914431125, 0.29898418014229616, 0.3853292566116986, 0.6184818884427356, 0.9112753545916268, 1.124060711596949, 1.0918553682168552, 1.0519012231472415, 1.0604058710082023, 1.1010962834034748, 1.1484706050156464, 1.2414843039249468, 1.286522046207647, 1.3072562312959182, 1.4024657757114494, 1.4690763553789117, 1.4352382086312834, 1.3078676789813133, 1.2336627867197074, 1.2117583717879756, 1.0914323600059634]",HEUR_VOR,807.236962890625,0.6645566501116531,0.6582531452178955,1214.7,1214.7,1.0,24.8,796.7,418.0
87,10,1.0,0.3,5,5,6,5.5,5.5,0.19,0.5,42,1,"[0.3, 0.4]",0.2442732516826255,0.2442732516826255,10,7.778174593052023,0.21213203435596423,1.1667261889578033,0.17272727272727273,0.17272727272727273,20260927T095930443635Z_577f21e5,2,5760.0,40,True,81,"[0.8592549273600911, 0.6058380411445193, 0.4316697215292379, 0.32461244914431125, 0.29898418014229616, 0.3853292566116986, 0.6184818884427356, 0.9112753545916268, 1.124060711596949, 1.0918553682168552, 1.0519012231472415, 1.0604058710082023, 1.1010962834034748, 1.1484706050156464, 1.2414843039249468, 1.286522046207647, 1.3072562312959182, 1.4024657757114494, 1.4690763553789117, 1.4352382086312834, 1.3078676789813133, 1.2336627867197074, 1.2117583717879756, 1.0914323600059634]",FOUR_ZONE,137.6604431152344,0.35607978043257726,0.3543689097681217,386.6,386.6,1.0,0.4,12.3,374.3
87,10,1.0,0.3,5,5,6,5.5,5.5,0.19,0.5,42,1,"[0.3, 0.4]",0.2442732516826255,0.2442732516826255,10,7.778174593052023,0.21213203435596423,1.1667261889578033,0.17272727272727273,0.17272727272727273,20260927T095930443635Z_577f21e5,2,5760.0,40,True,81,"[0.8592549273600911, 0.6058380411445193, 0.4316697215292379, 0.32461244914431125, 0.29898418014229616, 0.3853292566116986, 0.6184818884427356, 0.9112753545916268, 1.124060711596949, 1.0918553682168552, 1.0519012231472415, 1.0604058710082023, 1.1010962834034748, 1.1484706050156464, 1.2414843039249468, 1.286522046207647, 1.3072562312959182, 1.4024657757114494, 1.4690763553789117, 1.4352382086312834, 1.3078676789813133, 1.2336627867197074, 1.2117583717879756, 1.0914323600059634]",PURE,126.4,0.30268199233716475,0.3020488391073032,417.6,417.6,1.0,0.0,0.0,417.6
87,10,1.0,0.3,5,5,6,5.5,5.5,0.19,0.5,42,1,"[0.3, 0.4]",0.2442732516826255,0.2442732516826255,10,7.778174593052023,0.21213203435596423,1.1667261889578033,0.17272727272727273,0.17272727272727273,20260927T095930443635Z_577f21e5,2,5760.0,40,True,81,"[0.8592549273600911, 0.6058380411445193, 0.4316697215292379, 0.32461244914431125, 0.29898418014229616, 0.3853292566116986, 0.6184818884427356, 0.9112753545916268, 1.124060711596949, 1.0918553682168552, 1.0519012231472415, 1.0604058710082023, 1.1010962834034748, 1.1484706050156464, 1.2414843039249468, 1.286522046207647, 1.3072562312959182, 1.4024657757114494, 1.4690763553789117, 1.4352382086312834, 1.3078676789813133, 1.2336627867197074, 1.2117583717879756, 1.0914323600059634]",PURE_OR,126.4,0.36574074074074076,0.36483605402721103,345.6,345.6,1.0,0.0,0.0,345.6
88,10,1.0,0.1,5,5,6,6.0,5.5,0.19,0.5,42,1,[0.1],0.1,0.2442732516826255,10,7.778174593052023,0.07071067811865475,0.38890872965260115,0.07071067811865475,0.17272727272727273,20260927T095930443635Z_577f21e5,2,5760.0,40,True,81,"[0.8592549273600911, 0.6058380411445193, 0.4316697215292379, 0.32461244914431125, 0.29898418014229616, 0.3853292566116986, 0.6184818884427356, 0.9112753545916268, 1.124060711596949, 1.0918553682168552, 1.0519012231472415, 1.0604058710082023, 1.1010962834034748, 1.1484706050156464, 1.2414843039249468, 1.286522046207647, 1.3072562312959182, 1.4024657757114494, 1.4690763553789117, 1.4352382086312834, 1.3078676789813133, 1.2336627867197074, 1.2117583717879756, 1.0914323600059634]",DRL,1050.8107055664063,0.6685822393372821,0.6586174964904785,1571.7,1571.7,1.0,28.6,1069.9,501.8
88,10,1.0,0.1,5,5,6,6.0,5.5,0.19,0.5,42,1,[0.1],0.1,0.2442732516826255,10,7.778174593052023,0.07071067811865475,0.38890872965260115,0.07071067811865475,0.17272727272727273,20260927T095930443635Z_577f21e5,2,5760.0,40,True,81,"[0.8592549273600911, 0.6058380411445193, 0.4316697215292379, 0.32461244914431125, 0.29898418014229616, 0.3853292566116986, 0.6184818884427356, 0.9112753545916268, 1.124060711596949, 1.0918553682168552, 1.0519012231472415, 1.0604058710082023, 1.1010962834034748, 1.1484706050156464, 1.2414843039249468, 1.286522046207647, 1.3072562312959182, 1.4024657757114494, 1.4690763553789117, 1.4352382086312834, 1.3078676789813133, 1.2336627867197074, 1.2117583717879756, 1.0914323600059634]",HEUR,686.3485290527344,0.5898491999421918,0.5889119505882263,1163.6,1163.6,1.0,18.2,576.8,586.8
88,10,1.0,0.1,5,5,6,6.0,5.5,0.19,0.5,42,1,[0.1],0.1,0.2442732516826255,10,7.778174593052023,0.07071067811865475,0.38890872965260115,0.07071067811865475,0.17272727272727273,20260927T095930443635Z_577f21e5,2,5760.0,40,True,81,"[0.8592549273600911, 0.6058380411445193, 0.4316697215292379, 0.32461244914431125, 0.29898418014229616, 0.3853292566116986, 0.6184818884427356, 0.9112753545916268, 1.124060711596949, 1.0918553682168552, 1.0519012231472415, 1.0604058710082023, 1.1010962834034748, 1.1484706050156464, 1.2414843039249468, 1.286522046207647, 1.3072562312959182, 1.4024657757114494, 1.4690763553789117, 1.4352382086312834, 1.3078676789813133, 1.2336627867197074, 1.2117583717879756, 1.0914323600059634]",HEUR_VOR,326.72193603515626,0.5266311025711738,0.5205840468406677,620.4,620.4,1.0,6.2,199.0,421.4
88,10,1.0,0.1,5,5,6,6.0,5.5,0.19,0.5,42,1,[0.1],0.1,0.2442732516826255,10,7.778174593052023,0.07071067811865475,0.38890872965260115,0.07071067811865475,0.17272727272727273,20260927T095930443635Z_577f21e5,2,5760.0,40,True,81,"[0.8592549273600911, 0.6058380411445193, 0.4316697215292379, 0.32461244914431125, 0.29898418014229616, 0.3853292566116986, 0.6184818884427356, 0.9112753545916268, 1.124060711596949, 1.0918553682168552, 1.0519012231472415, 1.0604058710082023, 1.1010962834034748, 1.1484706050156464, 1.2414843039249468, 1.286522046207647, 1.3072562312959182, 1.4024657757114494, 1.4690763553789117, 1.4352382086312834, 1.3078676789813133, 1.2336627867197074, 1.2117583717879756, 1.0914323600059634]",FOUR_ZONE,126.4,0.3371565750866898,0.3362678515993862,374.9,374.9,1.0,0.0,0.0,374.9
88,10,1.0,0.1,5,5,6,6.0,5.5,0.19,0.5,42,1,[0.1],0.1,0.2442732516826255,10,7.778174593052023,0.07071067811865475,0.38890872965260115,0.07071067811865475,0.17272727272727273,20260927T095930443635Z_577f21e5,2,5760.0,40,True,81,"[0.8592549273600911, 0.6058380411445193, 0.4316697215292379, 0.32461244914431125, 0.29898418014229616, 0.3853292566116986, 0.6184818884427356, 0.9112753545916268, 1.124060711596949, 1.0918553682168552, 1.0519012231472415, 1.0604058710082023, 1.1010962834034748, 1.1484706050156464, 1.2414843039249468, 1.286522046207647, 1.3072562312959182, 1.4024657757114494, 1.4690763553789117, 1.4352382086312834, 1.3078676789813133, 1.2336627867197074, 1.2117583717879756, 1.0914323600059634]",PURE,126.4,0.30268199233716475,0.3020488391073032,417.6,417.6,1.0,0.0,0.0,417.6
88,10,1.0,0.1,5,5,6,6.0,5.5,0.19,0.5,42,1,[0.1],0.1,0.2442732516826255,10,7.778174593052023,0.07071067811865475,0.38890872965260115,0.07071067811865475,0.17272727272727273,20260927T095930443635Z_577f21e5,2,5760.0,40,True,81,"[0.8592549273600911, 0.6058380411445193, 0.4316697215292379, 0.32461244914431125, 0.29898418014229616, 0.3853292566116986, 0.6184818884427356, 0.9112753545916268, 1.124060711596949, 1.0918553682168552, 1.0519012231472415, 1.0604058710082023, 1.1010962834034748, 1.1484706050156464, 1.2414843039249468, 1.286522046207647, 1.3072562312959182, 1.4024657757114494, 1.4690763553789117, 1.4352382086312834, 1.3078676789813133, 1.2336627867197074, 1.2117583717879756, 1.0914323600059634]",PURE_OR,126.4,0.36574074074074076,0.36483605402721103,345.6,345.6,1.0,0.0,0.0,345.6
89,10,1.0,0.2,5,5,6,6.0,5.5,0.19,0.5,42,1,[0.2],0.2,0.2442732516826255,10,7.778174593052023,0.1414213562373095,0.7778174593052023,0.1414213562373095,0.17272727272727273,20260927T095930443635Z_577f21e5,2,5760.0,40,True,81,"[0.8592549273600911, 0.6058380411445193, 0.4316697215292379, 0.32461244914431125, 0.29898418014229616, 0.3853292566116986, 0.6184818884427356, 0.9112753545916268, 1.124060711596949, 1.0918553682168552, 1.0519012231472415, 1.0604058710082023, 1.1010962834034748, 1.1484706050156464, 1.2414843039249468, 1.286522046207647, 1.3072562312959182, 1.4024657757114494, 1.4690763553789117, 1.4352382086312834, 1.3078676789813133, 1.2336627867197074, 1.2117583717879756, 1.0914323600059634]",DRL,4274.314990234375,0.7453163943982241,0.7451920866966247,5734.9,5634.5,0.2,130.0,5129.3,605.6
89,10,1.0,0.2,5,5,6,6.0,5.5,0.19,0.5,42,1,[0.2],0.2,0.2442732516826255,10,7.778174593052023,0.1414213562373095,0.7778174593052023,0.1414213562373095,0.17272727272727273,20260927T095930443635Z_577f21e5,2,5760.0,40,True,81,"[0.8592549273600911, 0.6058380411445193, 0.4316697215292379, 0.32461244914431125, 0.29898418014229616, 0.3853292566116986, 0.6184818884427356, 0.9112753545916268, 1.124060711596949, 1.0918553682168552, 1.0519012231472415, 1.0604058710082023, 1.1010962834034748, 1.1484706050156464, 1.2414843039249468, 1.286522046207647, 1.3072562312959182, 1.4024657757114494, 1.4690763553789117, 1.4352382086312834, 1.3078676789813133, 1.2336627867197074, 1.2117583717879756, 1.0914323600059634]",HEUR,1771.40537109375,0.7094418563393609,0.7060983896255493,2496.9,2496.9,1.0,50.6,1688.8,808.1
89,10,1.0,0.2,5,5,6,6.0,5.5,0.19,0.5,42,1,[0.2],0.2,0.2442732516826255,10,7.778174593052023,0.1414213562373095,0.7778174593052023,0.1414213562373095,0.17272727272727273,20260927T095930443635Z_577f21e5,2,5760.0,40,True,81,"[0.8592549273600911, 0.6058380411445193, 0.4316697215292379, 0.32461244914431125, 0.29898418014229616, 0.3853292566116986, 0.6184818884427356, 0.9112753545916268, 1.124060711596949, 1.0918553682168552, 1.0519012231472415, 1.0604058710082023, 1.1010962834034748, 1.1484706050156464, 1.2414843039249468, 1.286522046207647, 1.3072562312959182, 1.4024657757114494, 1.4690763553789117, 1.4352382086312834, 1.3078676789813133, 1.2336627867197074, 1.2117583717879756, 1.0914323600059634]",HEUR_VOR,722.6836486816406,0.6997324251371424,0.6761212170124054,1032.8,1032.8,1.0,20.4,638.5,394.3
89,10,1.0,0.2,5,5,6,6.0,5.5,0.19,0.5,42,1,[0.2],0.2,0.2442732516826255,10,7.778174593052023,0.1414213562373095,0.7778174593052023,0.1414213562373095,0.17272727272727273,20260927T095930443635Z_577f21e5,2,5760.0,40,True,81,"[0.8592549273600911, 0.6058380411445193, 0.4316697215292379, 0.32461244914431125, 0.29898418014229616, 0.3853292566116986, 0.6184818884427356, 0.9112753545916268, 1.124060711596949, 1.0918553682168552, 1.0519012231472415, 1.0604058710082023, 1.1010962834034748, 1.1484706050156464, 1.2414843039249468, 1.286522046207647, 1.3072562312959182, 1.4024657757114494, 1.4690763553789117, 1.4352382086312834, 1.3078676789813133, 1.2336627867197074, 1.2117583717879756, 1.0914323600059634]",FOUR_ZONE,138.68411254882812,0.3587276579121266,0.3568134631433658,386.6,386.6,1.0,0.4,12.3,374.3
89,10,1.0,0.2,5,5,6,6.0,5.5,0.19,0.5,42,1,[0.2],0.2,0.2442732516826255,10,7.778174593052023,0.1414213562373095,0.7778174593052023,0.1414213562373095,0.17272727272727273,20260927T095930443635Z_577f21e5,2,5760.0,40,True,81,"[0.8592549273600911, 0.6058380411445193, 0.4316697215292379, 0.32461244914431125, 0.29898418014229616, 0.3853292566116986, 0.6184818884427356, 0.9112753545916268, 1.124060711596949, 1.0918553682168552, 1.0519012231472415, 1.0604058710082023, 1.1010962834034748, 1.1484706050156464, 1.2414843039249468, 1.286522046207647, 1.3072562312959182, 1.4024657757114494, 1.4690763553789117, 1.4352382086312834, 1.3078676789813133, 1.2336627867197074, 1.2117583717879756, 1.0914323600059634]",PURE,126.4,0.30268199233716475,0.3020488391073032,417.6,417.6,1.0,0.0,0.0,417.6
89,10,1.0,0.2,5,5,6,6.0,5.5,0.19,0.5,42,1,[0.2],0.2,0.2442732516826255,10,7.778174593052023,0.1414213562373095,0.7778174593052023,0.1414213562373095,0.17272727272727273,20260927T095930443635Z_577f21e5,2,5760.0,40,True,81,"[0.8592549273600911, 0.6058380411445193, 0.4316697215292379, 0.32461244914431125, 0.29898418014229616, 0.3853292566116986, 0.6184818884427356, 0.9112753545916268, 1.124060711596949, 1.0918553682168552, 1.0519012231472415, 1.0604058710082023, 1.1010962834034748, 1.1484706050156464, 1.2414843039249468, 1.286522046207647, 1.3072562312959182, 1.4024657757114494, 1.4690763553789117, 1.4352382086312834, 1.3078676789813133, 1.2336627867197074, 1.2117583717879756, 1.0914323600059634]",PURE_OR,126.4,0.36574074074074076,0.36483605402721103,345.6,345.6,1.0,0.0,0.0,345.6
90,10,1.0,0.3,5,5,6,6.0,5.5,0.19,0.5,42,1,"[0.3, 0.4]",0.2442732516826255,0.2442732516826255,10,7.778174593052023,0.21213203435596423,1.1667261889578033,0.17272727272727273,0.17272727272727273,20260927T095930443635Z_577f21e5,2,5760.0,40,True,81,"[0.8592549273600911, 0.6058380411445193, 0.4316697215292379, 0.32461244914431125, 0.29898418014229616, 0.3853292566116986, 0.6184818884427356, 0.9112753545916268, 1.124060711596949, 1.0918553682168552, 1.0519012231472415, 1.0604058710082023, 1.1010962834034748, 1.1484706050156464, 1.2414843039249468, 1.286522046207647, 1.3072562312959182, 1.4024657757114494, 1.4690763553789117, 1.4352382086312834, 1.3078676789813133, 1.2336627867197074, 1.2117583717879756, 1.0914323600059634]",DRL,4554.1353515625,0.8238156602743257,0.8231546640396118,5528.1,4600.5,0.2,134.0,4916.0,612.1
90,10,1.0,0.3,5,5,6,6.0,5.5,0.19,0.5,42,1,"[0.3, 0.4]",0.2442732516826255,0.2442732516826255,10,7.778174593052023,0.21213203435596423,1.1667261889578033,0.17272727272727273,0.17272727272727273,20260927T095930443635Z_577f21e5,2,5760.0,40,True,81,"[0.8592549273600911, 0.6058380411445193, 0.4316697215292379, 0.32461244914431125, 0.29898418014229616, 0.3853292566116986, 0.6184818884427356, 0.9112753545916268, 1.124060711596949, 1.0918553682168552, 1.0519012231472415, 1.0604058710082023, 1.1010962834034748, 1.1484706050156464, 1.2414843039249468, 1.286522046207647, 1.3072562312959182, 1.4024657757114494, 1.4690763553789117, 1.4352382086312834, 1.3078676789813133, 1.2336627867197074, 1.2117583717879756, 1.0914323600059634]",HEUR,1942.6949951171875,0.7356185372854661,0.7333717942237854,2640.9,2640.9,1.0,57.0,1909.4,731.5
90,10,1.0,0.3,5,5,6,6.0,5.5,0.19,0.5,42,1,"[0.3, 0.4]",0.2442732516826255,0.2442732516826255,10,7.778174593052023,0.21213203435596423,1.1667261889578033,0.17272727272727273,0.17272727272727273,20260927T095930443635Z_577f21e5,2,5760.0,40,True,81,"[0.8592549273600911, 0.6058380411445193, 0.4316697215292379, 0.32461244914431125, 0.29898418014229616, 0.3853292566116986, 0.6184818884427356, 0.9112753545916268, 1.124060711596949, 1.0918553682168552, 1.0519012231472415, 1.0604058710082023, 1.1010962834034748, 1.1484706050156464, 1.2414843039249468, 1.286522046207647, 1.3072562312959182, 1.4024657757114494, 1.4690763553789117, 1.4352382086312834, 1.3078676789813133, 1.2336627867197074, 1.2117583717879756, 1.0914323600059634]",HEUR_VOR,869.1296875,0.7155097452045772,0.7083784699440002,1214.7,1214.7,1.0,24.8,796.7,418.0
90,10,1.0,0.3,5,5,6,6.0,5.5,0.19,0.5,42,1,"[0.3, 0.4]",0.2442732516826255,0.2442732516826255,10,7.778174593052023,0.21213203435596423,1.1667261889578033,0.17272727272727273,0.17272727272727273,20260927T095930443635Z_577f21e5,2,5760.0,40,True,81,"[0.8592549273600911, 0.6058380411445193, 0.4316697215292379, 0.32461244914431125, 0.29898418014229616, 0.3853292566116986, 0.6184818884427356, 0.9112753545916268, 1.124060711596949, 1.0918553682168552, 1.0519012231472415, 1.0604058710082023, 1.1010962834034748, 1.1484706050156464, 1.2414843039249468, 1.286522046207647, 1.3072562312959182, 1.4024657757114494, 1.4690763553789117, 1.4352382086312834, 1.3078676789813133, 1.2336627867197074, 1.2117583717879756, 1.0914323600059634]",FOUR_ZONE,138.68411254882812,0.3587276579121266,0.3568134631433658,386.6,386.6,1.0,0.4,12.3,374.3
90,10,1.0,0.3,5,5,6,6.0,5.5,0.19,0.5,42,1,"[0.3, 0.4]",0.2442732516826255,0.2442732516826255,10,7.778174593052023,0.21213203435596423,1.1667261889578033,0.17272727272727273,0.17272727272727273,20260927T095930443635Z_577f21e5,2,5760.0,40,True,81,"[0.8592549273600911, 0.6058380411445193, 0.4316697215292379, 0.32461244914431125, 0.29898418014229616, 0.3853292566116986, 0.6184818884427356, 0.9112753545916268, 1.124060711596949, 1.0918553682168552, 1.0519012231472415, 1.0604058710082023, 1.1010962834034748, 1.1484706050156464, 1.2414843039249468, 1.286522046207647, 1.3072562312959182, 1.4024657757114494, 1.4690763553789117, 1.4352382086312834, 1.3078676789813133, 1.2336627867197074, 1.2117583717879756, 1.0914323600059634]",PURE,126.4,0.30268199233716475,0.3020488391073032,417.6,417.6,1.0,0.0,0.0,417.6
90,10,1.0,0.3,5,5,6,6.0,5.5,0.19,0.5,42,1,"[0.3, 0.4]",0.2442732516826255,0.2442732516826255,10,7.778174593052023,0.21213203435596423,1.1667261889578033,0.17272727272727273,0.17272727272727273,20260927T095930443635Z_577f21e5,2,5760.0,40,True,81,"[0.8592549273600911, 0.6058380411445193, 0.4316697215292379, 0.32461244914431125, 0.29898418014229616, 0.3853292566116986, 0.6184818884427356, 0.9112753545916268, 1.124060711596949, 1.0918553682168552, 1.0519012231472415, 1.0604058710082023, 1.1010962834034748, 1.1484706050156464, 1.2414843039249468, 1.286522046207647, 1.3072562312959182, 1.4024657757114494, 1.4690763553789117, 1.4352382086312834, 1.3078676789813133, 1.2336627867197074, 1.2117583717879756, 1.0914323600059634]",PURE_OR,126.4,0.36574074074074076,0.36483605402721103,345.6,345.6,1.0,0.0,0.0,345.6
91,20,0.33,0.1,5,5,6,5.5,5.5,0.19,0.5,42,1,[0.1],0.1,0.2442732516826255,10,7.778174593052023,0.07071067811865475,0.38890872965260115,0.07071067811865475,0.17272727272727273,20260927T095930443635Z_577f21e5,2,5760.0,40,True,81,"[0.8592549273600911, 0.6058380411445193, 0.4316697215292379, 0.32461244914431125, 0.29898418014229616, 0.3853292566116986, 0.6184818884427356, 0.9112753545916268, 1.124060711596949, 1.0918553682168552, 1.0519012231472415, 1.0604058710082023, 1.1010962834034748, 1.1484706050156464, 1.2414843039249468, 1.286522046207647, 1.3072562312959182, 1.4024657757114494, 1.4690763553789117, 1.4352382086312834, 1.3078676789813133, 1.2336627867197074, 1.2117583717879756, 1.0914323600059634]",DRL,1138.3880493164063,0.5878585330836077,0.584398376941681,1936.5,1936.5,1.0,39.2,1597.2,339.3
91,20,0.33,0.1,5,5,6,5.5,5.5,0.19,0.5,42,1,[0.1],0.1,0.2442732516826255,10,7.778174593052023,0.07071067811865475,0.38890872965260115,0.07071067811865475,0.17272727272727273,20260927T095930443635Z_577f21e5,2,5760.0,40,True,81,"[0.8592549273600911, 0.6058380411445193, 0.4316697215292379, 0.32461244914431125, 0.29898418014229616, 0.3853292566116986, 0.6184818884427356, 0.9112753545916268, 1.124060711596949, 1.0918553682168552, 1.0519012231472415, 1.0604058710082023, 1.1010962834034748, 1.1484706050156464, 1.2414843039249468, 1.286522046207647, 1.3072562312959182, 1.4024657757114494, 1.4690763553789117, 1.4352382086312834, 1.3078676789813133, 1.2336627867197074, 1.2117583717879756, 1.0914323600059634]",HEUR,372.3873794555664,0.4857649092819807,0.47325463891029357,766.6,766.6,1.0,12.2,410.1,356.5
91,20,0.33,0.1,5,5,6,5.5,5.5,0.19,0.5,42,1,[0.1],0.1,0.2442732516826255,10,7.778174593052023,0.07071067811865475,0.38890872965260115,0.07071067811865475,0.17272727272727273,20260927T095930443635Z_577f21e5,2,5760.0,40,True,81,"[0.8592549273600911, 0.6058380411445193, 0.4316697215292379, 0.32461244914431125, 0.29898418014229616, 0.3853292566116986, 0.6184818884427356, 0.9112753545916268, 1.124060711596949, 1.0918553682168552, 1.0519012231472415, 1.0604058710082023, 1.1010962834034748, 1.1484706050156464, 1.2414843039249468, 1.286522046207647, 1.3072562312959182, 1.4024657757114494, 1.4690763553789117, 1.4352382086312834, 1.3078676789813133, 1.2336627867197074, 1.2117583717879756, 1.0914323600059634]",HEUR_VOR,196.4158462524414,0.4654403939631313,0.4564019739627838,422.0,422.0,1.0,5.8,182.2,239.8
91,20,0.33,0.1,5,5,6,5.5,5.5,0.19,0.5,42,1,[0.1],0.1,0.2442732516826255,10,7.778174593052023,0.07071067811865475,0.38890872965260115,0.07071067811865475,0.17272727272727273,20260927T095930443635Z_577f21e5,2,5760.0,40,True,81,"[0.8592549273600911, 0.6058380411445193, 0.4316697215292379, 0.32461244914431125, 0.29898418014229616, 0.3853292566116986, 0.6184818884427356, 0.9112753545916268, 1.124060711596949, 1.0918553682168552, 1.0519012231472415, 1.0604058710082023, 1.1010962834034748, 1.1484706050156464, 1.2414843039249468, 1.286522046207647, 1.3072562312959182, 1.4024657757114494, 1.4690763553789117, 1.4352382086312834, 1.3078676789813133, 1.2336627867197074, 1.2117583717879756, 1.0914323600059634]",FOUR_ZONE,61.34831085205078,0.26039181176592013,0.25387675044442326,235.6,235.6,1.0,0.6,18.3,217.3
91,20,0.33,0.1,5,5,6,5.5,5.5,0.19,0.5,42,1,[0.1],0.1,0.2442732516826255,10,7.778174593052023,0.07071067811865475,0.38890872965260115,0.07071067811865475,0.17272727272727273,20260927T095930443635Z_577f21e5,2,5760.0,40,True,81,"[0.8592549273600911, 0.6058380411445193, 0.4316697215292379, 0.32461244914431125, 0.29898418014229616, 0.3853292566116986, 0.6184818884427356, 0.9112753545916268, 1.124060711596949, 1.0918553682168552, 1.0519012231472415, 1.0604058710082023, 1.1010962834034748, 1.1484706050156464, 1.2414843039249468, 1.286522046207647, 1.3072562312959182, 1.4024657757114494, 1.4690763553789117, 1.4352382086312834, 1.3078676789813133, 1.2336627867197074, 1.2117583717879756, 1.0914323600059634]",PURE,43.2,0.1847733105218135,0.18373827772345533,233.8,233.8,1.0,0.0,0.0,233.8
91,20,0.33,0.1,5,5,6,5.5,5.5,0.19,0.5,42,1,[0.1],0.1,0.2442732516826255,10,7.778174593052023,0.07071067811865475,0.38890872965260115,0.07071067811865475,0.17272727272727273,20260927T095930443635Z_577f21e5,2,5760.0,40,True,81,"[0.8592549273600911, 0.6058380411445193, 0.4316697215292379, 0.32461244914431125, 0.29898418014229616, 0.3853292566116986, 0.6184818884427356, 0.9112753545916268, 1.124060711596949, 1.0918553682168552, 1.0519012231472415, 1.0604058710082023, 1.1010962834034748, 1.1484706050156464, 1.2414843039249468, 1.286522046207647, 1.3072562312959182, 1.4024657757114494, 1.4690763553789117, 1.4352382086312834, 1.3078676789813133, 1.2336627867197074, 1.2117583717879756, 1.0914323600059634]",PURE_OR,43.2,0.2169763937719739,0.2154468511187857,199.1,199.1,1.0,0.0,0.0,199.1
92,20,0.33,0.2,5,5,6,5.5,5.5,0.19,0.5,42,1,[0.2],0.2,0.2442732516826255,10,7.778174593052023,0.1414213562373095,0.7778174593052023,0.1414213562373095,0.17272727272727273,20260927T095930443635Z_577f21e5,2,5760.0,40,True,81,"[0.8592549273600911, 0.6058380411445193, 0.4316697215292379, 0.32461244914431125, 0.29898418014229616, 0.3853292566116986, 0.6184818884427356, 0.9112753545916268, 1.124060711596949, 1.0918553682168552, 1.0519012231472415, 1.0604058710082023, 1.1010962834034748, 1.1484706050156464, 1.2414843039249468, 1.286522046207647, 1.3072562312959182, 1.4024657757114494, 1.4690763553789117, 1.4352382086312834, 1.3078676789813133, 1.2336627867197074, 1.2117583717879756, 1.0914323600059634]",DRL,4457.75419921875,0.7739156595865886,0.7739156603813171,5760.0,,0.0,145.6,5491.8,268.2
92,20,0.33,0.2,5,5,6,5.5,5.5,0.19,0.5,42,1,[0.2],0.2,0.2442732516826255,10,7.778174593052023,0.1414213562373095,0.7778174593052023,0.1414213562373095,0.17272727272727273,20260927T095930443635Z_577f21e5,2,5760.0,40,True,81,"[0.8592549273600911, 0.6058380411445193, 0.4316697215292379, 0.32461244914431125, 0.29898418014229616, 0.3853292566116986, 0.6184818884427356, 0.9112753545916268, 1.124060711596949, 1.0918553682168552, 1.0519012231472415, 1.0604058710082023, 1.1010962834034748, 1.1484706050156464, 1.2414843039249468, 1.286522046207647, 1.3072562312959182, 1.4024657757114494, 1.4690763553789117, 1.4352382086312834, 1.3078676789813133, 1.2336627867197074, 1.2117583717879756, 1.0914323600059634]",HEUR,916.1021850585937,0.5860053636912901,0.5766220808029174,1563.3,1563.3,1.0,30.6,1030.7,532.6
92,20,0.33,0.2,5,5,6,5.5,5.5,0.19,0.5,42,1,[0.2],0.2,0.2442732516826255,10,7.778174593052023,0.1414213562373095,0.7778174593052023,0.1414213562373095,0.17272727272727273,20260927T095930443635Z_577f21e5,2,5760.0,40,True,81,"[0.8592549273600911, 0.6058380411445193, 0.4316697215292379, 0.32461244914431125, 0.29898418014229616, 0.3853292566116986, 0.6184818884427356, 0.9112753545916268, 1.124060711596949, 1.0918553682168552, 1.0519012231472415, 1.0604058710082023, 1.1010962834034748, 1.1484706050156464, 1.2414843039249468, 1.286522046207647, 1.3072562312959182, 1.4024657757114494, 1.4690763553789117, 1.4352382086312834, 1.3078676789813133, 1.2336627867197074, 1.2117583717879756, 1.0914323600059634]",HEUR_VOR,430.3659423828125,0.603344935346716,0.5729486107826233,713.3,713.3,1.0,13.6,446.2,267.1
92,20,0.33,0.2,5,5,6,5.5,5.5,0.19,0.5,42,1,[0.2],0.2,0.2442732516826255,10,7.778174593052023,0.1414213562373095,0.7778174593052023,0.1414213562373095,0.17272727272727273,20260927T095930443635Z_577f21e5,2,5760.0,40,True,81,"[0.8592549273600911, 0.6058380411445193, 0.4316697215292379, 0.32461244914431125, 0.29898418014229616, 0.3853292566116986, 0.6184818884427356, 0.9112753545916268, 1.124060711596949, 1.0918553682168552, 1.0519012231472415, 1.0604058710082023, 1.1010962834034748, 1.1484706050156464, 1.2414843039249468, 1.286522046207647, 1.3072562312959182, 1.4024657757114494, 1.4690763553789117, 1.4352382086312834, 1.3078676789813133, 1.2336627867197074, 1.2117583717879756, 1.0914323600059634]",FOUR_ZONE,99.27066116333008,0.37235806887970774,0.3615080088376999,266.6,266.6,1.0,1.8,59.0,207.6
92,20,0.33,0.2,5,5,6,5.5,5.5,0.19,0.5,42,1,[0.2],0.2,0.2442732516826255,10,7.778174593052023,0.1414213562373095,0.7778174593052023,0.1414213562373095,0.17272727272727273,20260927T095930443635Z_577f21e5,2,5760.0,40,True,81,"[0.8592549273600911, 0.6058380411445193, 0.4316697215292379, 0.32461244914431125, 0.29898418014229616, 0.3853292566116986, 0.6184818884427356, 0.9112753545916268, 1.124060711596949, 1.0918553682168552, 1.0519012231472415, 1.0604058710082023, 1.1010962834034748, 1.1484706050156464, 1.2414843039249468, 1.286522046207647, 1.3072562312959182, 1.4024657757114494, 1.4690763553789117, 1.4352382086312834, 1.3078676789813133, 1.2336627867197074, 1.2117583717879756, 1.0914323600059634]",PURE,43.2,0.1847733105218135,0.18373827772345533,233.8,233.8,1.0,0.0,0.0,233.8
92,20,0.33,0.2,5,5,6,5.5,5.5,0.19,0.5,42,1,[0.2],0.2,0.2442732516826255,10,7.778174593052023,0.1414213562373095,0.7778174593052023,0.1414213562373095,0.17272727272727273,20260927T095930443635Z_577f21e5,2,5760.0,40,True,81,"[0.8592549273600911, 0.6058380411445193, 0.4316697215292379, 0.32461244914431125, 0.29898418014229616, 0.3853292566116986, 0.6184818884427356, 0.9112753545916268, 1.124060711596949, 1.0918553682168552, 1.0519012231472415, 1.0604058710082023, 1.1010962834034748, 1.1484706050156464, 1.2414843039249468, 1.286522046207647, 1.3072562312959182, 1.4024657757114494, 1.4690763553789117, 1.4352382086312834, 1.3078676789813133, 1.2336627867197074, 1.2117583717879756, 1.0914323600059634]",PURE_OR,43.2,0.2169763937719739,0.2154468511187857,199.1,199.1,1.0,0.0,0.0,199.1
93,20,0.33,0.3,5,5,6,5.5,5.5,0.19,0.5,42,1,"[0.3, 0.4]",0.2442732516826255,0.2442732516826255,10,7.778174593052023,0.21213203435596423,1.1667261889578033,0.17272727272727273,0.17272727272727273,20260927T095930443635Z_577f21e5,2,5760.0,40,True,81,"[0.8592549273600911, 0.6058380411445193, 0.4316697215292379, 0.32461244914431125, 0.29898418014229616, 0.3853292566116986, 0.6184818884427356, 0.9112753545916268, 1.124060711596949, 1.0918553682168552, 1.0519012231472415, 1.0604058710082023, 1.1010962834034748, 1.1484706050156464, 1.2414843039249468, 1.286522046207647, 1.3072562312959182, 1.4024657757114494, 1.4690763553789117, 1.4352382086312834, 1.3078676789813133, 1.2336627867197074, 1.2117583717879756, 1.0914323600059634]",DRL,4580.03505859375,0.7951449754503038,0.7951449751853943,5760.0,,0.0,142.4,5522.7,237.3
93,20,0.33,0.3,5,5,6,5.5,5.5,0.19,0.5,42,1,"[0.3, 0.4]",0.2442732516826255,0.2442732516826255,10,7.778174593052023,0.21213203435596423,1.1667261889578033,0.17272727272727273,0.17272727272727273,20260927T095930443635Z_577f21e5,2,5760.0,40,True,81,"[0.8592549273600911, 0.6058380411445193, 0.4316697215292379, 0.32461244914431125, 0.29898418014229616, 0.3853292566116986, 0.6184818884427356, 0.9112753545916268, 1.124060711596949, 1.0918553682168552, 1.0519012231472415, 1.0604058710082023, 1.1010962834034748, 1.1484706050156464, 1.2414843039249468, 1.286522046207647, 1.3072562312959182, 1.4024657757114494, 1.4690763553789117, 1.4352382086312834, 1.3078676789813133, 1.2336627867197074, 1.2117583717879756, 1.0914323600059634]",HEUR,1429.5481689453125,0.6125409927780069,0.6073108196258545,2333.8,2333.8,1.0,47.4,1578.5,755.3
93,20,0.33,0.3,5,5,6,5.5,5.5,0.19,0.5,42,1,"[0.3, 0.4]",0.2442732516826255,0.2442732516826255,10,7.778174593052023,0.21213203435596423,1.1667261889578033,0.17272727272727273,0.17272727272727273,20260927T095930443635Z_577f21e5,2,5760.0,40,True,81,"[0.8592549273600911, 0.6058380411445193, 0.4316697215292379, 0.32461244914431125, 0.29898418014229616, 0.3853292566116986, 0.6184818884427356, 0.9112753545916268, 1.124060711596949, 1.0918553682168552, 1.0519012231472415, 1.0604058710082023, 1.1010962834034748, 1.1484706050156464, 1.2414843039249468, 1.286522046207647, 1.3072562312959182, 1.4024657757114494, 1.4690763553789117, 1.4352382086312834, 1.3078676789813133, 1.2336627867197074, 1.2117583717879756, 1.0914323600059634]",HEUR_VOR,514.4176422119141,0.639107519209733,0.5991252422332763,804.9,804.9,1.0,16.8,546.2,258.7
93,20,0.33,0.3,5,5,6,5.5,5.5,0.19,0.5,42,1,"[0.3, 0.4]",0.2442732516826255,0.2442732516826255,10,7.778174593052023,0.21213203435596423,1.1667261889578033,0.17272727272727273,0.17272727272727273,20260927T095930443635Z_577f21e5,2,5760.0,40,True,81,"[0.8592549273600911, 0.6058380411445193, 0.4316697215292379, 0.32461244914431125, 0.29898418014229616, 0.3853292566116986, 0.6184818884427356, 0.9112753545916268, 1.124060711596949, 1.0918553682168552, 1.0519012231472415, 1.0604058710082023, 1.1010962834034748, 1.1484706050156464, 1.2414843039249468, 1.286522046207647, 1.3072562312959182, 1.4024657757114494, 1.4690763553789117, 1.4352382086312834, 1.3078676789813133, 1.2336627867197074, 1.2117583717879756, 1.0914323600059634]",FOUR_ZONE,116.46016540527344,0.4219571210335994,0.4175987958908081,276.0,276.0,1.0,2.2,78.4,197.6
93,20,0.33,0.3,5,5,6,5.5,5.5,0.19,0.5,42,1,"[0.3, 0.4]",0.2442732516826255,0.2442732516826255,10,7.778174593052023,0.21213203435596423,1.1667261889578033,0.17272727272727273,0.17272727272727273,20260927T095930443635Z_577f21e5,2,5760.0,40,True,81,"[0.8592549273600911, 0.6058380411445193, 0.4316697215292379, 0.32461244914431125, 0.29898418014229616, 0.3853292566116986, 0.6184818884427356, 0.9112753545916268, 1.124060711596949, 1.0918553682168552, 1.0519012231472415, 1.0604058710082023, 1.1010962834034748, 1.1484706050156464, 1.2414843039249468, 1.286522046207647, 1.3072562312959182, 1.4024657757114494, 1.4690763553789117, 1.4352382086312834, 1.3078676789813133, 1.2336627867197074, 1.2117583717879756, 1.0914323600059634]",PURE,43.2,0.1847733105218135,0.18373827772345533,233.8,233.8,1.0,0.0,0.0,233.8
93,20,0.33,0.3,5,5,6,5.5,5.5,0.19,0.5,42,1,"[0.3, 0.4]",0.2442732516826255,0.2442732516826255,10,7.778174593052023,0.21213203435596423,1.1667261889578033,0.17272727272727273,0.17272727272727273,20260927T095930443635Z_577f21e5,2,5760.0,40,True,81,"[0.8592549273600911, 0.6058380411445193, 0.4316697215292379, 0.32461244914431125, 0.29898418014229616, 0.3853292566116986, 0.6184818884427356, 0.9112753545916268, 1.124060711596949, 1.0918553682168552, 1.0519012231472415, 1.0604058710082023, 1.1010962834034748, 1.1484706050156464, 1.2414843039249468, 1.286522046207647, 1.3072562312959182, 1.4024657757114494, 1.4690763553789117, 1.4352382086312834, 1.3078676789813133, 1.2336627867197074, 1.2117583717879756, 1.0914323600059634]",PURE_OR,43.2,0.2169763937719739,0.2154468511187857,199.1,199.1,1.0,0.0,0.0,199.1
94,20,0.33,0.1,5,5,6,6.0,5.5,0.19,0.5,42,1,[0.1],0.1,0.2442732516826255,10,7.778174593052023,0.07071067811865475,0.38890872965260115,0.07071067811865475,0.17272727272727273,20260927T095930443635Z_577f21e5,2,5760.0,40,True,81,"[0.8592549273600911, 0.6058380411445193, 0.4316697215292379, 0.32461244914431125, 0.29898418014229616, 0.3853292566116986, 0.6184818884427356, 0.9112753545916268, 1.124060711596949, 1.0918553682168552, 1.0519012231472415, 1.0604058710082023, 1.1010962834034748, 1.1484706050156464, 1.2414843039249468, 1.286522046207647, 1.3072562312959182, 1.4024657757114494, 1.4690763553789117, 1.4352382086312834, 1.3078676789813133, 1.2336627867197074, 1.2117583717879756, 1.0914323600059634]",DRL,1432.8107788085938,0.6227987389414039,0.6259381175041199,2300.6,2300.6,1.0,39.4,1885.1,415.5
94,20,0.33,0.1,5,5,6,6.0,5.5,0.19,0.5,42,1,[0.1],0.1,0.2442732516826255,10,7.778174593052023,0.07071067811865475,0.38890872965260115,0.07071067811865475,0.17272727272727273,20260927T095930443635Z_577f21e5,2,5760.0,40,True,81,"[0.8592549273600911, 0.6058380411445193, 0.4316697215292379, 0.32461244914431125, 0.29898418014229616, 0.3853292566116986, 0.6184818884427356, 0.9112753545916268, 1.124060711596949, 1.0918553682168552, 1.0519012231472415, 1.0604058710082023, 1.1010962834034748, 1.1484706050156464, 1.2414843039249468, 1.286522046207647, 1.3072562312959182, 1.4024657757114494, 1.4690763553789117, 1.4352382086312834, 1.3078676789813133, 1.2336627867197074, 1.2117583717879756, 1.0914323600059634]",HEUR,402.3178314208984,0.5248080242902405,0.510819011926651,766.6,766.6,1.0,12.2,410.1,356.5
94,20,0.33,0.1,5,5,6,6.0,5.5,0.19,0.5,42,1,[0.1],0.1,0.2442732516826255,10,7.778174593052023,0.07071067811865475,0.38890872965260115,0.07071067811865475,0.17272727272727273,20260927T095930443635Z_577f21e5,2,5760.0,40,True,81,"[0.8592549273600911, 0.6058380411445193, 0.4316697215292379, 0.32461244914431125, 0.29898418014229616, 0.3853292566116986, 0.6184818884427356, 0.9112753545916268, 1.124060711596949, 1.0918553682168552, 1.0519012231472415, 1.0604058710082023, 1.1010962834034748, 1.1484706050156464, 1.2414843039249468, 1.286522046207647, 1.3072562312959182, 1.4024657757114494, 1.4690763553789117, 1.4352382086312834, 1.3078676789813133, 1.2336627867197074, 1.2117583717879756, 1.0914323600059634]",HEUR_VOR,210.3447479248047,0.49844726996399213,0.4885802984237671,422.0,422.0,1.0,5.8,182.2,239.8
94,20,0.33,0.1,5,5,6,6.0,5.5,0.19,0.5,42,1,[0.1],0.1,0.2442732516826255,10,7.778174593052023,0.07071067811865475,0.38890872965260115,0.07071067811865475,0.17272727272727273,20260927T095930443635Z_577f21e5,2,5760.0,40,True,81,"[0.8592549273600911, 0.6058380411445193, 0.4316697215292379, 0.32461244914431125, 0.29898418014229616, 0.3853292566116986, 0.6184818884427356, 0.9112753545916268, 1.124060711596949, 1.0918553682168552, 1.0519012231472415, 1.0604058710082023, 1.1010962834034748, 1.1484706050156464, 1.2414843039249468, 1.286522046207647, 1.3072562312959182, 1.4024657757114494, 1.4690763553789117, 1.4352382086312834, 1.3078676789813133, 1.2336627867197074, 1.2117583717879756, 1.0914323600059634]",FOUR_ZONE,62.99815979003906,0.26739456617164287,0.2602878886213413,235.6,235.6,1.0,0.6,18.3,217.3
94,20,0.33,0.1,5,5,6,6.0,5.5,0.19,0.5,42,1,[0.1],0.1,0.2442732516826255,10,7.778174593052023,0.07071067811865475,0.38890872965260115,0.07071067811865475,0.17272727272727273,20260927T095930443635Z_577f21e5,2,5760.0,40,True,81,"[0.8592549273600911, 0.6058380411445193, 0.4316697215292379, 0.32461244914431125, 0.29898418014229616, 0.3853292566116986, 0.6184818884427356, 0.9112753545916268, 1.124060711596949, 1.0918553682168552, 1.0519012231472415, 1.0604058710082023, 1.1010962834034748, 1.1484706050156464, 1.2414843039249468, 1.286522046207647, 1.3072562312959182, 1.4024657757114494, 1.4690763553789117, 1.4352382086312834, 1.3078676789813133, 1.2336627867197074, 1.2117583717879756, 1.0914323600059634]",PURE,43.2,0.1847733105218135,0.18373827772345533,233.8,233.8,1.0,0.0,0.0,233.8
94,20,0.33,0.1,5,5,6,6.0,5.5,0.19,0.5,42,1,[0.1],0.1,0.2442732516826255,10,7.778174593052023,0.07071067811865475,0.38890872965260115,0.07071067811865475,0.17272727272727273,20260927T095930443635Z_577f21e5,2,5760.0,40,True,81,"[0.8592549273600911, 0.6058380411445193, 0.4316697215292379, 0.32461244914431125, 0.29898418014229616, 0.3853292566116986, 0.6184818884427356, 0.9112753545916268, 1.124060711596949, 1.0918553682168552, 1.0519012231472415, 1.0604058710082023, 1.1010962834034748, 1.1484706050156464, 1.2414843039249468, 1.286522046207647, 1.3072562312959182, 1.4024657757114494, 1.4690763553789117, 1.4352382086312834, 1.3078676789813133, 1.2336627867197074, 1.2117583717879756, 1.0914323600059634]",PURE_OR,43.2,0.2169763937719739,0.2154468511187857,199.1,199.1,1.0,0.0,0.0,199.1
95,20,0.33,0.2,5,5,6,6.0,5.5,0.19,0.5,42,1,[0.2],0.2,0.2442732516826255,10,7.778174593052023,0.1414213562373095,0.7778174593052023,0.1414213562373095,0.17272727272727273,20260927T095930443635Z_577f21e5,2,5760.0,40,True,81,"[0.8592549273600911, 0.6058380411445193, 0.4316697215292379, 0.32461244914431125, 0.29898418014229616, 0.3853292566116986, 0.6184818884427356, 0.9112753545916268, 1.124060711596949, 1.0918553682168552, 1.0519012231472415, 1.0604058710082023, 1.1010962834034748, 1.1484706050156464, 1.2414843039249468, 1.286522046207647, 1.3072562312959182, 1.4024657757114494, 1.4690763553789117, 1.4352382086312834, 1.3078676789813133, 1.2336627867197074, 1.2117583717879756, 1.0914323600059634]",DRL,4765.65390625,0.8273704698350695,0.8273704767227172,5760.0,,0.0,144.0,5483.9,276.1
95,20,0.33,0.2,5,5,6,6.0,5.5,0.19,0.5,42,1,[0.2],0.2,0.2442732516826255,10,7.778174593052023,0.1414213562373095,0.7778174593052023,0.1414213562373095,0.17272727272727273,20260927T095930443635Z_577f21e5,2,5760.0,40,True,81,"[0.8592549273600911, 0.6058380411445193, 0.4316697215292379, 0.32461244914431125, 0.29898418014229616, 0.3853292566116986, 0.6184818884427356, 0.9112753545916268, 1.124060711596949, 1.0918553682168552, 1.0519012231472415, 1.0604058710082023, 1.1010962834034748, 1.1484706050156464, 1.2414843039249468, 1.286522046207647, 1.3072562312959182, 1.4024657757114494, 1.4690763553789117, 1.4352382086312834, 1.3078676789813133, 1.2336627867197074, 1.2117583717879756, 1.0914323600059634]",HEUR,995.44755859375,0.6367604161669226,0.6264698266983032,1563.3,1563.3,1.0,30.6,1030.7,532.6
95,20,0.33,0.2,5,5,6,6.0,5.5,0.19,0.5,42,1,[0.2],0.2,0.2442732516826255,10,7.778174593052023,0.1414213562373095,0.7778174593052023,0.1414213562373095,0.17272727272727273,20260927T095930443635Z_577f21e5,2,5760.0,40,True,81,"[0.8592549273600911, 0.6058380411445193, 0.4316697215292379, 0.32461244914431125, 0.29898418014229616, 0.3853292566116986, 0.6184818884427356, 0.9112753545916268, 1.124060711596949, 1.0918553682168552, 1.0519012231472415, 1.0604058710082023, 1.1010962834034748, 1.1484706050156464, 1.2414843039249468, 1.286522046207647, 1.3072562312959182, 1.4024657757114494, 1.4690763553789117, 1.4352382086312834, 1.3078676789813133, 1.2336627867197074, 1.2117583717879756, 1.0914323600059634]",HEUR_VOR,465.5654571533203,0.6526923554651904,0.6191175818443299,713.3,713.3,1.0,13.6,446.2,267.1
95,20,0.33,0.2,5,5,6,6.0,5.5,0.19,0.5,42,1,[0.2],0.2,0.2442732516826255,10,7.778174593052023,0.1414213562373095,0.7778174593052023,0.1414213562373095,0.17272727272727273,20260927T095930443635Z_577f21e5,2,5760.0,40,True,81,"[0.8592549273600911, 0.6058380411445193, 0.4316697215292379, 0.32461244914431125, 0.29898418014229616, 0.3853292566116986, 0.6184818884427356, 0.9112753545916268, 1.124060711596949, 1.0918553682168552, 1.0519012231472415, 1.0604058710082023, 1.1010962834034748, 1.1484706050156464, 1.2414843039249468, 1.286522046207647, 1.3072562312959182, 1.4024657757114494, 1.4690763553789117, 1.4352382086312834, 1.3078676789813133, 1.2336627867197074, 1.2117583717879756, 1.0914323600059634]",FOUR_ZONE,104.36803741455078,0.3914780098070172,0.37975938320159913,266.6,266.6,1.0,1.8,59.0,207.6
95,20,0.33,0.2,5,5,6,6.0,5.5,0.19,0.5,42,1,[0.2],0.2,0.2442732516826255,10,7.778174593052023,0.1414213562373095,0.7778174593052023,0.1414213562373095,0.17272727272727273,20260927T095930443635Z_577f21e5,2,5760.0,40,True,81,"[0.8592549273600911, 0.6058380411445193, 0.4316697215292379, 0.32461244914431125, 0.29898418014229616, 0.3853292566116986, 0.6184818884427356, 0.9112753545916268, 1.124060711596949, 1.0918553682168552, 1.0519012231472415, 1.0604058710082023, 1.1010962834034748, 1.1484706050156464, 1.2414843039249468, 1.286522046207647, 1.3072562312959182, 1.4024657757114494, 1.4690763553789117, 1.4352382086312834, 1.3078676789813133, 1.2336627867197074, 1.2117583717879756, 1.0914323600059634]",PURE,43.2,0.1847733105218135,0.18373827772345533,233.8,233.8,1.0,0.0,0.0,233.8
95,20,0.33,0.2,5,5,6,6.0,5.5,0.19,0.5,42,1,[0.2],0.2,0.2442732516826255,10,7.778174593052023,0.1414213562373095,0.7778174593052023,0.1414213562373095,0.17272727272727273,20260927T095930443635Z_577f21e5,2,5760.0,40,True,81,"[0.8592549273600911, 0.6058380411445193, 0.4316697215292379, 0.32461244914431125, 0.29898418014229616, 0.3853292566116986, 0.6184818884427356, 0.9112753545916268, 1.124060711596949, 1.0918553682168552, 1.0519012231472415, 1.0604058710082023, 1.1010962834034748, 1.1484706050156464, 1.2414843039249468, 1.286522046207647, 1.3072562312959182, 1.4024657757114494, 1.4690763553789117, 1.4352382086312834, 1.3078676789813133, 1.2336627867197074, 1.2117583717879756, 1.0914323600059634]",PURE_OR,43.2,0.2169763937719739,0.2154468511187857,199.1,199.1,1.0,0.0,0.0,199.1
96,20,0.33,0.3,5,5,6,6.0,5.5,0.19,0.5,42,1,"[0.3, 0.4]",0.2442732516826255,0.2442732516826255,10,7.778174593052023,0.21213203435596423,1.1667261889578033,0.17272727272727273,0.17272727272727273,20260927T095930443635Z_577f21e5,2,5760.0,40,True,81,"[0.8592549273600911, 0.6058380411445193, 0.4316697215292379, 0.32461244914431125, 0.29898418014229616, 0.3853292566116986, 0.6184818884427356, 0.9112753545916268, 1.124060711596949, 1.0918553682168552, 1.0519012231472415, 1.0604058710082023, 1.1010962834034748, 1.1484706050156464, 1.2414843039249468, 1.286522046207647, 1.3072562312959182, 1.4024657757114494, 1.4690763553789117, 1.4352382086312834, 1.3078676789813133, 1.2336627867197074, 1.2117583717879756, 1.0914323600059634]",DRL,4962.61318359375,0.8615647888183594,0.8615647792816162,5760.0,,0.0,146.4,5587.0,173.0
96,20,0.33,0.3,5,5,6,6.0,5.5,0.19,0.5,42,1,"[0.3, 0.4]",0.2442732516826255,0.2442732516826255,10,7.778174593052023,0.21213203435596423,1.1667261889578033,0.17272727272727273,0.17272727272727273,20260927T095930443635Z_577f21e5,2,5760.0,40,True,81,"[0.8592549273600911, 0.6058380411445193, 0.4316697215292379, 0.32461244914431125, 0.29898418014229616, 0.3853292566116986, 0.6184818884427356, 0.9112753545916268, 1.124060711596949, 1.0918553682168552, 1.0519012231472415, 1.0604058710082023, 1.1010962834034748, 1.1484706050156464, 1.2414843039249468, 1.286522046207647, 1.3072562312959182, 1.4024657757114494, 1.4690763553789117, 1.4352382086312834, 1.3078676789813133, 1.2336627867197074, 1.2117583717879756, 1.0914323600059634]",HEUR,1555.5569213867188,0.6665339452338327,0.6608081340789795,2333.8,2333.8,1.0,47.4,1578.5,755.3
96,20,0.33,0.3,5,5,6,6.0,5.5,0.19,0.5,42,1,"[0.3, 0.4]",0.2442732516826255,0.2442732516826255,10,7.778174593052023,0.21213203435596423,1.1667261889578033,0.17272727272727273,0.17272727272727273,20260927T095930443635Z_577f21e5,2,5760.0,40,True,81,"[0.8592549273600911, 0.6058380411445193, 0.4316697215292379, 0.32461244914431125, 0.29898418014229616, 0.3853292566116986, 0.6184818884427356, 0.9112753545916268, 1.124060711596949, 1.0918553682168552, 1.0519012231472415, 1.0604058710082023, 1.1010962834034748, 1.1484706050156464, 1.2414843039249468, 1.286522046207647, 1.3072562312959182, 1.4024657757114494, 1.4690763553789117, 1.4352382086312834, 1.3078676789813133, 1.2336627867197074, 1.2117583717879756, 1.0914323600059634]",HEUR_VOR,557.2594116210937,0.6923337204883759,0.6481484115123749,804.9,804.9,1.0,16.8,546.2,258.7
96,20,0.33,0.3,5,5,6,6.0,5.5,0.19,0.5,42,1,"[0.3, 0.4]",0.2442732516826255,0.2442732516826255,10,7.778174593052023,0.21213203435596423,1.1667261889578033,0.17272727272727273,0.17272727272727273,20260927T095930443635Z_577f21e5,2,5760.0,40,True,81,"[0.8592549273600911, 0.6058380411445193, 0.4316697215292379, 0.32461244914431125, 0.29898418014229616, 0.3853292566116986, 0.6184818884427356, 0.9112753545916268, 1.124060711596949, 1.0918553682168552, 1.0519012231472415, 1.0604058710082023, 1.1010962834034748, 1.1484706050156464, 1.2414843039249468, 1.286522046207647, 1.3072562312959182, 1.4024657757114494, 1.4690763553789117, 1.4352382086312834, 1.3078676789813133, 1.2336627867197074, 1.2117583717879756, 1.0914323600059634]",FOUR_ZONE,123.1202392578125,0.4460878233978714,0.44146262407302855,276.0,276.0,1.0,2.2,78.4,197.6
96,20,0.33,0.3,5,5,6,6.0,5.5,0.19,0.5,42,1,"[0.3, 0.4]",0.2442732516826255,0.2442732516826255,10,7.778174593052023,0.21213203435596423,1.1667261889578033,0.17272727272727273,0.17272727272727273,20260927T095930443635Z_577f21e5,2,5760.0,40,True,81,"[0.8592549273600911, 0.6058380411445193, 0.4316697215292379, 0.32461244914431125, 0.29898418014229616, 0.3853292566116986, 0.6184818884427356, 0.9112753545916268, 1.124060711596949, 1.0918553682168552, 1.0519012231472415, 1.0604058710082023, 1.1010962834034748, 1.1484706050156464, 1.2414843039249468, 1.286522046207647, 1.3072562312959182, 1.4024657757114494, 1.4690763553789117, 1.4352382086312834, 1.3078676789813133, 1.2336627867197074, 1.2117583717879756, 1.0914323600059634]",PURE,43.2,0.1847733105218135,0.18373827772345533,233.8,233.8,1.0,0.0,0.0,233.8
96,20,0.33,0.3,5,5,6,6.0,5.5,0.19,0.5,42,1,"[0.3, 0.4]",0.2442732516826255,0.2442732516826255,10,7.778174593052023,0.21213203435596423,1.1667261889578033,0.17272727272727273,0.17272727272727273,20260927T095930443635Z_577f21e5,2,5760.0,40,True,81,"[0.8592549273600911, 0.6058380411445193, 0.4316697215292379, 0.32461244914431125, 0.29898418014229616, 0.3853292566116986, 0.6184818884427356, 0.9112753545916268, 1.124060711596949, 1.0918553682168552, 1.0519012231472415, 1.0604058710082023, 1.1010962834034748, 1.1484706050156464, 1.2414843039249468, 1.286522046207647, 1.3072562312959182, 1.4024657757114494, 1.4690763553789117, 1.4352382086312834, 1.3078676789813133, 1.2336627867197074, 1.2117583717879756, 1.0914323600059634]",PURE_OR,43.2,0.2169763937719739,0.2154468511187857,199.1,199.1,1.0,0.0,0.0,199.1
97,20,0.5,0.1,5,5,6,5.5,5.5,0.19,0.5,42,1,[0.1],0.1,0.2442732516826255,10,7.778174593052023,0.07071067811865475,0.38890872965260115,0.07071067811865475,0.17272727272727273,20260927T095930443635Z_577f21e5,2,5760.0,40,True,81,"[0.8592549273600911, 0.6058380411445193, 0.4316697215292379, 0.32461244914431125, 0.29898418014229616, 0.3853292566116986, 0.6184818884427356, 0.9112753545916268, 1.124060711596949, 1.0918553682168552, 1.0519012231472415, 1.0604058710082023, 1.1010962834034748, 1.1484706050156464, 1.2414843039249468, 1.286522046207647, 1.3072562312959182, 1.4024657757114494, 1.4690763553789117, 1.4352382086312834, 1.3078676789813133, 1.2336627867197074, 1.2117583717879756, 1.0914323600059634]",DRL,1710.3332763671874,0.582260937007962,0.5918927788734436,2937.4,2937.4,1.0,52.8,2467.5,469.9
97,20,0.5,0.1,5,5,6,5.5,5.5,0.19,0.5,42,1,[0.1],0.1,0.2442732516826255,10,7.778174593052023,0.07071067811865475,0.38890872965260115,0.07071067811865475,0.17272727272727273,20260927T095930443635Z_577f21e5,2,5760.0,40,True,81,"[0.8592549273600911, 0.6058380411445193, 0.4316697215292379, 0.32461244914431125, 0.29898418014229616, 0.3853292566116986, 0.6184818884427356, 0.9112753545916268, 1.124060711596949, 1.0918553682168552, 1.0519012231472415, 1.0604058710082023, 1.1010962834034748, 1.1484706050156464, 1.2414843039249468, 1.286522046207647, 1.3072562312959182, 1.4024657757114494, 1.4690763553789117, 1.4352382086312834, 1.3078676789813133, 1.2336627867197074, 1.2117583717879756, 1.0914323600059634]",HEUR,447.5463928222656,0.5267110660495065,0.5015752255916596,849.7,849.7,1.0,14.0,468.3,381.4
97,20,0.5,0.1,5,5,6,5.5,5.5,0.19,0.5,42,1,[0.1],0.1,0.2442732516826255,10,7.778174593052023,0.07071067811865475,0.38890872965260115,0.07071067811865475,0.17272727272727273,20260927T095930443635Z_577f21e5,2,5760.0,40,True,81,"[0.8592549273600911, 0.6058380411445193, 0.4316697215292379, 0.32461244914431125, 0.29898418014229616, 0.3853292566116986, 0.6184818884427356, 0.9112753545916268, 1.124060711596949, 1.0918553682168552, 1.0519012231472415, 1.0604058710082023, 1.1010962834034748, 1.1484706050156464, 1.2414843039249468, 1.286522046207647, 1.3072562312959182, 1.4024657757114494, 1.4690763553789117, 1.4352382086312834, 1.3078676789813133, 1.2336627867197074, 1.2117583717879756, 1.0914323600059634]",HEUR_VOR,314.4761962890625,0.5377499936543476,0.49625027775764463,584.8,584.8,1.0,8.6,278.1,306.7
97,20,0.5,0.1,5,5,6,5.5,5.5,0.19,0.5,42,1,[0.1],0.1,0.2442732516826255,10,7.778174593052023,0.07071067811865475,0.38890872965260115,0.07071067811865475,0.17272727272727273,20260927T095930443635Z_577f21e5,2,5760.0,40,True,81,"[0.8592549273600911, 0.6058380411445193, 0.4316697215292379, 0.32461244914431125, 0.29898418014229616, 0.3853292566116986, 0.6184818884427356, 0.9112753545916268, 1.124060711596949, 1.0918553682168552, 1.0519012231472415, 1.0604058710082023, 1.1010962834034748, 1.1484706050156464, 1.2414843039249468, 1.286522046207647, 1.3072562312959182, 1.4024657757114494, 1.4690763553789117, 1.4352382086312834, 1.3078676789813133, 1.2336627867197074, 1.2117583717879756, 1.0914323600059634]",FOUR_ZONE,92.27803497314453,0.3272270743728529,0.3264885771450929,282.0,282.0,1.0,0.8,28.2,253.8
97,20,0.5,0.1,5,5,6,5.5,5.5,0.19,0.5,42,1,[0.1],0.1,0.2442732516826255,10,7.778174593052023,0.07071067811865475,0.38890872965260115,0.07071067811865475,0.17272727272727273,20260927T095930443635Z_577f21e5,2,5760.0,40,True,81,"[0.8592549273600911, 0.6058380411445193, 0.4316697215292379, 0.32461244914431125, 0.29898418014229616, 0.3853292566116986, 0.6184818884427356, 0.9112753545916268, 1.124060711596949, 1.0918553682168552, 1.0519012231472415, 1.0604058710082023, 1.1010962834034748, 1.1484706050156464, 1.2414843039249468, 1.286522046207647, 1.3072562312959182, 1.4024657757114494, 1.4690763553789117, 1.4352382086312834, 1.3078676789813133, 1.2336627867197074, 1.2117583717879756, 1.0914323600059634]",PURE,64.4,0.22877442273534637,0.2272855885843997,281.5,281.5,1.0,0.0,0.0,281.5
97,20,0.5,0.1,5,5,6,5.5,5.5,0.19,0.5,42,1,[0.1],0.1,0.2442732516826255,10,7.778174593052023,0.07071067811865475,0.38890872965260115,0.07071067811865475,0.17272727272727273,20260927T095930443635Z_577f21e5,2,5760.0,40,True,81,"[0.8592549273600911, 0.6058380411445193, 0.4316697215292379, 0.32461244914431125, 0.29898418014229616, 0.3853292566116986, 0.6184818884427356, 0.9112753545916268, 1.124060711596949, 1.0918553682168552, 1.0519012231472415, 1.0604058710082023, 1.1010962834034748, 1.1484706050156464, 1.2414843039249468, 1.286522046207647, 1.3072562312959182, 1.4024657757114494, 1.4690763553789117, 1.4352382086312834, 1.3078676789813133, 1.2336627867197074, 1.2117583717879756, 1.0914323600059634]",PURE_OR,64.4,0.2765135251180764,0.275331215943522,232.9,232.9,1.0,0.0,0.0,232.9
98,20,0.5,0.2,5,5,6,5.5,5.5,0.19,0.5,42,1,[0.2],0.2,0.2442732516826255,10,7.778174593052023,0.1414213562373095,0.7778174593052023,0.1414213562373095,0.17272727272727273,20260927T095930443635Z_577f21e5,2,5760.0,40,True,81,"[0.8592549273600911, 0.6058380411445193, 0.4316697215292379, 0.32461244914431125, 0.29898418014229616, 0.3853292566116986, 0.6184818884427356, 0.9112753545916268, 1.124060711596949, 1.0918553682168552, 1.0519012231472415, 1.0604058710082023, 1.1010962834034748, 1.1484706050156464, 1.2414843039249468, 1.286522046207647, 1.3072562312959182, 1.4024657757114494, 1.4690763553789117, 1.4352382086312834, 1.3078676789813133, 1.2336627867197074, 1.2117583717879756, 1.0914323600059634]",DRL,4388.4306640625,0.7618803236219618,0.7618803381919861,5760.0,,0.0,139.2,5397.1,362.9
98,20,0.5,0.2,5,5,6,5.5,5.5,0.19,0.5,42,1,[0.2],0.2,0.2442732516826255,10,7.778174593052023,0.1414213562373095,0.7778174593052023,0.1414213562373095,0.17272727272727273,20260927T095930443635Z_577f21e5,2,5760.0,40,True,81,"[0.8592549273600911, 0.6058380411445193, 0.4316697215292379, 0.32461244914431125, 0.29898418014229616, 0.3853292566116986, 0.6184818884427356, 0.9112753545916268, 1.124060711596949, 1.0918553682168552, 1.0519012231472415, 1.0604058710082023, 1.1010962834034748, 1.1484706050156464, 1.2414843039249468, 1.286522046207647, 1.3072562312959182, 1.4024657757114494, 1.4690763553789117, 1.4352382086312834, 1.3078676789813133, 1.2336627867197074, 1.2117583717879756, 1.0914323600059634]",HEUR,1523.3881713867188,0.6558130661615733,0.6556511044502258,2322.9,2322.9,1.0,51.4,1664.2,658.7
98,20,0.5,0.2,5,5,6,5.5,5.5,0.19,0.5,42,1,[0.2],0.2,0.2442732516826255,10,7.778174593052023,0.1414213562373095,0.7778174593052023,0.1414213562373095,0.17272727272727273,20260927T095930443635Z_577f21e5,2,5760.0,40,True,81,"[0.8592549273600911, 0.6058380411445193, 0.4316697215292379, 0.32461244914431125, 0.29898418014229616, 0.3853292566116986, 0.6184818884427356, 0.9112753545916268, 1.124060711596949, 1.0918553682168552, 1.0519012231472415, 1.0604058710082023, 1.1010962834034748, 1.1484706050156464, 1.2414843039249468, 1.286522046207647, 1.3072562312959182, 1.4024657757114494, 1.4690763553789117, 1.4352382086312834, 1.3078676789813133, 1.2336627867197074, 1.2117583717879756, 1.0914323600059634]",HEUR_VOR,687.8213928222656,0.6776565446524785,0.6516615509986877,1015.0,1015.0,1.0,22.2,724.8,290.2
98,20,0.5,0.2,5,5,6,5.5,5.5,0.19,0.5,42,1,[0.2],0.2,0.2442732516826255,10,7.778174593052023,0.1414213562373095,0.7778174593052023,0.1414213562373095,0.17272727272727273,20260927T095930443635Z_577f21e5,2,5760.0,40,True,81,"[0.8592549273600911, 0.6058380411445193, 0.4316697215292379, 0.32461244914431125, 0.29898418014229616, 0.3853292566116986, 0.6184818884427356, 0.9112753545916268, 1.124060711596949, 1.0918553682168552, 1.0519012231472415, 1.0604058710082023, 1.1010962834034748, 1.1484706050156464, 1.2414843039249468, 1.286522046207647, 1.3072562312959182, 1.4024657757114494, 1.4690763553789117, 1.4352382086312834, 1.3078676789813133, 1.2336627867197074, 1.2117583717879756, 1.0914323600059634]",FOUR_ZONE,121.41252746582032,0.38506986192775233,0.3857563078403473,315.3,315.3,1.0,1.8,59.4,255.9
98,20,0.5,0.2,5,5,6,5.5,5.5,0.19,0.5,42,1,[0.2],0.2,0.2442732516826255,10,7.778174593052023,0.1414213562373095,0.7778174593052023,0.1414213562373095,0.17272727272727273,20260927T095930443635Z_577f21e5,2,5760.0,40,True,81,"[0.8592549273600911, 0.6058380411445193, 0.4316697215292379, 0.32461244914431125, 0.29898418014229616, 0.3853292566116986, 0.6184818884427356, 0.9112753545916268, 1.124060711596949, 1.0918553682168552, 1.0519012231472415, 1.0604058710082023, 1.1010962834034748, 1.1484706050156464, 1.2414843039249468, 1.286522046207647, 1.3072562312959182, 1.4024657757114494, 1.4690763553789117, 1.4352382086312834, 1.3078676789813133, 1.2336627867197074, 1.2117583717879756, 1.0914323600059634]",PURE,64.4,0.22877442273534637,0.2272855885843997,281.5,281.5,1.0,0.0,0.0,281.5
98,20,0.5,0.2,5,5,6,5.5,5.5,0.19,0.5,42,1,[0.2],0.2,0.2442732516826255,10,7.778174593052023,0.1414213562373095,0.7778174593052023,0.1414213562373095,0.17272727272727273,20260927T095930443635Z_577f21e5,2,5760.0,40,True,81,"[0.8592549273600911, 0.6058380411445193, 0.4316697215292379, 0.32461244914431125, 0.29898418014229616, 0.3853292566116986, 0.6184818884427356, 0.9112753545916268, 1.124060711596949, 1.0918553682168552, 1.0519012231472415, 1.0604058710082023, 1.1010962834034748, 1.1484706050156464, 1.2414843039249468, 1.286522046207647, 1.3072562312959182, 1.4024657757114494, 1.4690763553789117, 1.4352382086312834, 1.3078676789813133, 1.2336627867197074, 1.2117583717879756, 1.0914323600059634]",PURE_OR,64.4,0.27639484978540774,0.27522707886125375,233.0,233.0,1.0,0.0,0.0,233.0
99,20,0.5,0.3,5,5,6,5.5,5.5,0.19,0.5,42,1,"[0.3, 0.4]",0.2442732516826255,0.2442732516826255,10,7.778174593052023,0.21213203435596423,1.1667261889578033,0.17272727272727273,0.17272727272727273,20260927T095930443635Z_577f21e5,2,5760.0,40,True,81,"[0.8592549273600911, 0.6058380411445193, 0.4316697215292379, 0.32461244914431125, 0.29898418014229616, 0.3853292566116986, 0.6184818884427356, 0.9112753545916268, 1.124060711596949, 1.0918553682168552, 1.0519012231472415, 1.0604058710082023, 1.1010962834034748, 1.1484706050156464, 1.2414843039249468, 1.286522046207647, 1.3072562312959182, 1.4024657757114494, 1.4690763553789117, 1.4352382086312834, 1.3078676789813133, 1.2336627867197074, 1.2117583717879756, 1.0914323600059634]",DRL,4524.184765625,0.7854487440321181,0.7854487419128418,5760.0,,0.0,135.2,5444.6,315.4
99,20,0.5,0.3,5,5,6,5.5,5.5,0.19,0.5,42,1,"[0.3, 0.4]",0.2442732516826255,0.2442732516826255,10,7.778174593052023,0.21213203435596423,1.1667261889578033,0.17272727272727273,0.17272727272727273,20260927T095930443635Z_577f21e5,2,5760.0,40,True,81,"[0.8592549273600911, 0.6058380411445193, 0.4316697215292379, 0.32461244914431125, 0.29898418014229616, 0.3853292566116986, 0.6184818884427356, 0.9112753545916268, 1.124060711596949, 1.0918553682168552, 1.0519012231472415, 1.0604058710082023, 1.1010962834034748, 1.1484706050156464, 1.2414843039249468, 1.286522046207647, 1.3072562312959182, 1.4024657757114494, 1.4690763553789117, 1.4352382086312834, 1.3078676789813133, 1.2336627867197074, 1.2117583717879756, 1.0914323600059634]",HEUR,1748.042138671875,0.6531562749586649,0.6537594795227051,2676.3,2676.3,1.0,58.4,1926.1,750.2
99,20,0.5,0.3,5,5,6,5.5,5.5,0.19,0.5,42,1,"[0.3, 0.4]",0.2442732516826255,0.2442732516826255,10,7.778174593052023,0.21213203435596423,1.1667261889578033,0.17272727272727273,0.17272727272727273,20260927T095930443635Z_577f21e5,2,5760.0,40,True,81,"[0.8592549273600911, 0.6058380411445193, 0.4316697215292379, 0.32461244914431125, 0.29898418014229616, 0.3853292566116986, 0.6184818884427356, 0.9112753545916268, 1.124060711596949, 1.0918553682168552, 1.0519012231472415, 1.0604058710082023, 1.1010962834034748, 1.1484706050156464, 1.2414843039249468, 1.286522046207647, 1.3072562312959182, 1.4024657757114494, 1.4690763553789117, 1.4352382086312834, 1.3078676789813133, 1.2336627867197074, 1.2117583717879756, 1.0914323600059634]",HEUR_VOR,893.0713012695312,0.7011629907117306,0.6914576053619385,1273.7,1273.7,1.0,29.2,955.7,318.0
99,20,0.5,0.3,5,5,6,5.5,5.5,0.19,0.5,42,1,"[0.3, 0.4]",0.2442732516826255,0.2442732516826255,10,7.778174593052023,0.21213203435596423,1.1667261889578033,0.17272727272727273,0.17272727272727273,20260927T095930443635Z_577f21e5,2,5760.0,40,True,81,"[0.8592549273600911, 0.6058380411445193, 0.4316697215292379, 0.32461244914431125, 0.29898418014229616, 0.3853292566116986, 0.6184818884427356, 0.9112753545916268, 1.124060711596949, 1.0918553682168552, 1.0519012231472415, 1.0604058710082023, 1.1010962834034748, 1.1484706050156464, 1.2414843039249468, 1.286522046207647, 1.3072562312959182, 1.4024657757114494, 1.4690763553789117, 1.4352382086312834, 1.3078676789813133, 1.2336627867197074, 1.2117583717879756, 1.0914323600059634]",FOUR_ZONE,112.91814270019532,0.3711970502965,0.37277514934539796,304.2,304.2,1.0,1.6,50.9,253.3
99,20,0.5,0.3,5,5,6,5.5,5.5,0.19,0.5,42,1,"[0.3, 0.4]",0.2442732516826255,0.2442732516826255,10,7.778174593052023,0.21213203435596423,1.1667261889578033,0.17272727272727273,0.17272727272727273,20260927T095930443635Z_577f21e5,2,5760.0,40,True,81,"[0.8592549273600911, 0.6058380411445193, 0.4316697215292379, 0.32461244914431125, 0.29898418014229616, 0.3853292566116986, 0.6184818884427356, 0.9112753545916268, 1.124060711596949, 1.0918553682168552, 1.0519012231472415, 1.0604058710082023, 1.1010962834034748, 1.1484706050156464, 1.2414843039249468, 1.286522046207647, 1.3072562312959182, 1.4024657757114494, 1.4690763553789117, 1.4352382086312834, 1.3078676789813133, 1.2336627867197074, 1.2117583717879756, 1.0914323600059634]",PURE,64.4,0.22877442273534637,0.2272855885843997,281.5,281.5,1.0,0.0,0.0,281.5
99,20,0.5,0.3,5,5,6,5.5,5.5,0.19,0.5,42,1,"[0.3, 0.4]",0.2442732516826255,0.2442732516826255,10,7.778174593052023,0.21213203435596423,1.1667261889578033,0.17272727272727273,0.17272727272727273,20260927T095930443635Z_577f21e5,2,5760.0,40,True,81,"[0.8592549273600911, 0.6058380411445193, 0.4316697215292379, 0.32461244914431125, 0.29898418014229616, 0.3853292566116986, 0.6184818884427356, 0.9112753545916268, 1.124060711596949, 1.0918553682168552, 1.0519012231472415, 1.0604058710082023, 1.1010962834034748, 1.1484706050156464, 1.2414843039249468, 1.286522046207647, 1.3072562312959182, 1.4024657757114494, 1.4690763553789117, 1.4352382086312834, 1.3078676789813133, 1.2336627867197074, 1.2117583717879756, 1.0914323600059634]",PURE_OR,64.4,0.2765135251180764,0.275331215943522,232.9,232.9,1.0,0.0,0.0,232.9
100,20,0.5,0.1,5,5,6,6.0,5.5,0.19,0.5,42,1,[0.1],0.1,0.2442732516826255,10,7.778174593052023,0.07071067811865475,0.38890872965260115,0.07071067811865475,0.17272727272727273,20260927T095930443635Z_577f21e5,2,5760.0,40,True,81,"[0.8592549273600911, 0.6058380411445193, 0.4316697215292379, 0.32461244914431125, 0.29898418014229616, 0.3853292566116986, 0.6184818884427356, 0.9112753545916268, 1.124060711596949, 1.0918553682168552, 1.0519012231472415, 1.0604058710082023, 1.1010962834034748, 1.1484706050156464, 1.2414843039249468, 1.286522046207647, 1.3072562312959182, 1.4024657757114494, 1.4690763553789117, 1.4352382086312834, 1.3078676789813133, 1.2336627867197074, 1.2117583717879756, 1.0914323600059634]",DRL,1758.5082275390625,0.6683547670324437,0.6580739617347717,2631.1,2631.1,1.0,50.2,2165.9,465.2
100,20,0.5,0.1,5,5,6,6.0,5.5,0.19,0.5,42,1,[0.1],0.1,0.2442732516826255,10,7.778174593052023,0.07071067811865475,0.38890872965260115,0.07071067811865475,0.17272727272727273,20260927T095930443635Z_577f21e5,2,5760.0,40,True,81,"[0.8592549273600911, 0.6058380411445193, 0.4316697215292379, 0.32461244914431125, 0.29898418014229616, 0.3853292566116986, 0.6184818884427356, 0.9112753545916268, 1.124060711596949, 1.0918553682168552, 1.0519012231472415, 1.0604058710082023, 1.1010962834034748, 1.1484706050156464, 1.2414843039249468, 1.286522046207647, 1.3072562312959182, 1.4024657757114494, 1.4690763553789117, 1.4352382086312834, 1.3078676789813133, 1.2336627867197074, 1.2117583717879756, 1.0914323600059634]",HEUR,482.3824890136719,0.5677091785496904,0.5399440884590149,849.7,849.7,1.0,14.0,468.3,381.4
100,20,0.5,0.1,5,5,6,6.0,5.5,0.19,0.5,42,1,[0.1],0.1,0.2442732516826255,10,7.778174593052023,0.07071067811865475,0.38890872965260115,0.07071067811865475,0.17272727272727273,20260927T095930443635Z_577f21e5,2,5760.0,40,True,81,"[0.8592549273600911, 0.6058380411445193, 0.4316697215292379, 0.32461244914431125, 0.29898418014229616, 0.3853292566116986, 0.6184818884427356, 0.9112753545916268, 1.124060711596949, 1.0918553682168552, 1.0519012231472415, 1.0604058710082023, 1.1010962834034748, 1.1484706050156464, 1.2414843039249468, 1.286522046207647, 1.3072562312959182, 1.4024657757114494, 1.4690763553789117, 1.4352382086312834, 1.3078676789813133, 1.2336627867197074, 1.2117583717879756, 1.0914323600059634]",HEUR_VOR,337.21179046630857,0.5766275486769983,0.5308435320854187,584.8,584.8,1.0,8.6,278.1,306.7
100,20,0.5,0.1,5,5,6,6.0,5.5,0.19,0.5,42,1,[0.1],0.1,0.2442732516826255,10,7.778174593052023,0.07071067811865475,0.38890872965260115,0.07071067811865475,0.17272727272727273,20260927T095930443635Z_577f21e5,2,5760.0,40,True,81,"[0.8592549273600911, 0.6058380411445193, 0.4316697215292379, 0.32461244914431125, 0.29898418014229616, 0.3853292566116986, 0.6184818884427356, 0.9112753545916268, 1.124060711596949, 1.0918553682168552, 1.0519012231472415, 1.0604058710082023, 1.1010962834034748, 1.1484706050156464, 1.2414843039249468, 1.286522046207647, 1.3072562312959182, 1.4024657757114494, 1.4690763553789117, 1.4352382086312834, 1.3078676789813133, 1.2336627867197074, 1.2117583717879756, 1.0914323600059634]",FOUR_ZONE,94.81240844726562,0.33621421435200577,0.33539943577622694,282.0,282.0,1.0,0.8,28.2,253.8
100,20,0.5,0.1,5,5,6,6.0,5.5,0.19,0.5,42,1,[0.1],0.1,0.2442732516826255,10,7.778174593052023,0.07071067811865475,0.38890872965260115,0.07071067811865475,0.17272727272727273,20260927T095930443635Z_577f21e5,2,5760.0,40,True,81,"[0.8592549273600911, 0.6058380411445193, 0.4316697215292379, 0.32461244914431125, 0.29898418014229616, 0.3853292566116986, 0.6184818884427356, 0.9112753545916268, 1.124060711596949, 1.0918553682168552, 1.0519012231472415, 1.0604058710082023, 1.1010962834034748, 1.1484706050156464, 1.2414843039249468, 1.286522046207647, 1.3072562312959182, 1.4024657757114494, 1.4690763553789117, 1.4352382086312834, 1.3078676789813133, 1.2336627867197074, 1.2117583717879756, 1.0914323600059634]",PURE,64.4,0.22877442273534637,0.2272855885843997,281.5,281.5,1.0,0.0,0.0,281.5
100,20,0.5,0.1,5,5,6,6.0,5.5,0.19,0.5,42,1,[0.1],0.1,0.2442732516826255,10,7.778174593052023,0.07071067811865475,0.38890872965260115,0.07071067811865475,0.17272727272727273,20260927T095930443635Z_577f21e5,2,5760.0,40,True,81,"[0.8592549273600911, 0.6058380411445193, 0.4316697215292379, 0.32461244914431125, 0.29898418014229616, 0.3853292566116986, 0.6184818884427356, 0.9112753545916268, 1.124060711596949, 1.0918553682168552, 1.0519012231472415, 1.0604058710082023, 1.1010962834034748, 1.1484706050156464, 1.2414843039249468, 1.286522046207647, 1.3072562312959182, 1.4024657757114494, 1.4690763553789117, 1.4352382086312834, 1.3078676789813133, 1.2336627867197074, 1.2117583717879756, 1.0914323600059634]",PURE_OR,64.4,0.27639484978540774,0.27522707886125375,233.0,233.0,1.0,0.0,0.0,233.0
101,20,0.5,0.2,5,5,6,6.0,5.5,0.19,0.5,42,1,[0.2],0.2,0.2442732516826255,10,7.778174593052023,0.1414213562373095,0.7778174593052023,0.1414213562373095,0.17272727272727273,20260927T095930443635Z_577f21e5,2,5760.0,40,True,81,"[0.8592549273600911, 0.6058380411445193, 0.4316697215292379, 0.32461244914431125, 0.29898418014229616, 0.3853292566116986, 0.6184818884427356, 0.9112753545916268, 1.124060711596949, 1.0918553682168552, 1.0519012231472415, 1.0604058710082023, 1.1010962834034748, 1.1484706050156464, 1.2414843039249468, 1.286522046207647, 1.3072562312959182, 1.4024657757114494, 1.4690763553789117, 1.4352382086312834, 1.3078676789813133, 1.2336627867197074, 1.2117583717879756, 1.0914323600059634]",DRL,4831.49375,0.8388009982638889,0.8388010025024414,5760.0,,0.0,147.0,5473.8,286.2
101,20,0.5,0.2,5,5,6,6.0,5.5,0.19,0.5,42,1,[0.2],0.2,0.2442732516826255,10,7.778174593052023,0.1414213562373095,0.7778174593052023,0.1414213562373095,0.17272727272727273,20260927T095930443635Z_577f21e5,2,5760.0,40,True,81,"[0.8592549273600911, 0.6058380411445193, 0.4316697215292379, 0.32461244914431125, 0.29898418014229616, 0.3853292566116986, 0.6184818884427356, 0.9112753545916268, 1.124060711596949, 1.0918553682168552, 1.0519012231472415, 1.0604058710082023, 1.1010962834034748, 1.1484706050156464, 1.2414843039249468, 1.286522046207647, 1.3072562312959182, 1.4024657757114494, 1.4690763553789117, 1.4352382086312834, 1.3078676789813133, 1.2336627867197074, 1.2117583717879756, 1.0914323600059634]",HEUR,1656.0052978515625,0.7129042566841287,0.712623679637909,2322.9,2322.9,1.0,51.4,1664.2,658.7
101,20,0.5,0.2,5,5,6,6.0,5.5,0.19,0.5,42,1,[0.2],0.2,0.2442732516826255,10,7.778174593052023,0.1414213562373095,0.7778174593052023,0.1414213562373095,0.17272727272727273,20260927T095930443635Z_577f21e5,2,5760.0,40,True,81,"[0.8592549273600911, 0.6058380411445193, 0.4316697215292379, 0.32461244914431125, 0.29898418014229616, 0.3853292566116986, 0.6184818884427356, 0.9112753545916268, 1.124060711596949, 1.0918553682168552, 1.0519012231472415, 1.0604058710082023, 1.1010962834034748, 1.1484706050156464, 1.2414843039249468, 1.286522046207647, 1.3072562312959182, 1.4024657757114494, 1.4690763553789117, 1.4352382086312834, 1.3078676789813133, 1.2336627867197074, 1.2117583717879756, 1.0914323600059634]",HEUR_VOR,744.4937561035156,0.7334913853236608,0.7045221447944641,1015.0,1015.0,1.0,22.2,724.8,290.2
101,20,0.5,0.2,5,5,6,6.0,5.5,0.19,0.5,42,1,[0.2],0.2,0.2442732516826255,10,7.778174593052023,0.1414213562373095,0.7778174593052023,0.1414213562373095,0.17272727272727273,20260927T095930443635Z_577f21e5,2,5760.0,40,True,81,"[0.8592549273600911, 0.6058380411445193, 0.4316697215292379, 0.32461244914431125, 0.29898418014229616, 0.3853292566116986, 0.6184818884427356, 0.9112753545916268, 1.124060711596949, 1.0918553682168552, 1.0519012231472415, 1.0604058710082023, 1.1010962834034748, 1.1484706050156464, 1.2414843039249468, 1.286522046207647, 1.3072562312959182, 1.4024657757114494, 1.4690763553789117, 1.4352382086312834, 1.3078676789813133, 1.2336627867197074, 1.2117583717879756, 1.0914323600059634]",FOUR_ZONE,126.59551391601562,0.4015081316714736,0.4023318886756897,315.3,315.3,1.0,1.8,59.4,255.9
101,20,0.5,0.2,5,5,6,6.0,5.5,0.19,0.5,42,1,[0.2],0.2,0.2442732516826255,10,7.778174593052023,0.1414213562373095,0.7778174593052023,0.1414213562373095,0.17272727272727273,20260927T095930443635Z_577f21e5,2,5760.0,40,True,81,"[0.8592549273600911, 0.6058380411445193, 0.4316697215292379, 0.32461244914431125, 0.29898418014229616, 0.3853292566116986, 0.6184818884427356, 0.9112753545916268, 1.124060711596949, 1.0918553682168552, 1.0519012231472415, 1.0604058710082023, 1.1010962834034748, 1.1484706050156464, 1.2414843039249468, 1.286522046207647, 1.3072562312959182, 1.4024657757114494, 1.4690763553789117, 1.4352382086312834, 1.3078676789813133, 1.2336627867197074, 1.2117583717879756, 1.0914323600059634]",PURE,64.4,0.22877442273534637,0.2272855885843997,281.5,281.5,1.0,0.0,0.0,281.5
101,20,0.5,0.2,5,5,6,6.0,5.5,0.19,0.5,42,1,[0.2],0.2,0.2442732516826255,10,7.778174593052023,0.1414213562373095,0.7778174593052023,0.1414213562373095,0.17272727272727273,20260927T095930443635Z_577f21e5,2,5760.0,40,True,81,"[0.8592549273600911, 0.6058380411445193, 0.4316697215292379, 0.32461244914431125, 0.29898418014229616, 0.3853292566116986, 0.6184818884427356, 0.9112753545916268, 1.124060711596949, 1.0918553682168552, 1.0519012231472415, 1.0604058710082023, 1.1010962834034748, 1.1484706050156464, 1.2414843039249468, 1.286522046207647, 1.3072562312959182, 1.4024657757114494, 1.4690763553789117, 1.4352382086312834, 1.3078676789813133, 1.2336627867197074, 1.2117583717879756, 1.0914323600059634]",PURE_OR,64.4,0.27639484978540774,0.27522707886125375,233.0,233.0,1.0,0.0,0.0,233.0
102,20,0.5,0.3,5,5,6,6.0,5.5,0.19,0.5,42,1,"[0.3, 0.4]",0.2442732516826255,0.2442732516826255,10,7.778174593052023,0.21213203435596423,1.1667261889578033,0.17272727272727273,0.17272727272727273,20260927T095930443635Z_577f21e5,2,5760.0,40,True,81,"[0.8592549273600911, 0.6058380411445193, 0.4316697215292379, 0.32461244914431125, 0.29898418014229616, 0.3853292566116986, 0.6184818884427356, 0.9112753545916268, 1.124060711596949, 1.0918553682168552, 1.0519012231472415, 1.0604058710082023, 1.1010962834034748, 1.1484706050156464, 1.2414843039249468, 1.286522046207647, 1.3072562312959182, 1.4024657757114494, 1.4690763553789117, 1.4352382086312834, 1.3078676789813133, 1.2336627867197074, 1.2117583717879756, 1.0914323600059634]",DRL,5132.14658203125,0.8909976704915364,0.8909976720809937,5760.0,,0.0,148.0,5580.6,179.4
102,20,0.5,0.3,5,5,6,6.0,5.5,0.19,0.5,42,1,"[0.3, 0.4]",0.2442732516826255,0.2442732516826255,10,7.778174593052023,0.21213203435596423,1.1667261889578033,0.17272727272727273,0.17272727272727273,20260927T095930443635Z_577f21e5,2,5760.0,40,True,81,"[0.8592549273600911, 0.6058380411445193, 0.4316697215292379, 0.32461244914431125, 0.29898418014229616, 0.3853292566116986, 0.6184818884427356, 0.9112753545916268, 1.124060711596949, 1.0918553682168552, 1.0519012231472415, 1.0604058710082023, 1.1010962834034748, 1.1484706050156464, 1.2414843039249468, 1.286522046207647, 1.3072562312959182, 1.4024657757114494, 1.4690763553789117, 1.4352382086312834, 1.3078676789813133, 1.2336627867197074, 1.2117583717879756, 1.0914323600059634]",HEUR,1901.0846923828126,0.7103406540308682,0.7109830141067505,2676.3,2676.3,1.0,58.4,1926.1,750.2
102,20,0.5,0.3,5,5,6,6.0,5.5,0.19,0.5,42,1,"[0.3, 0.4]",0.2442732516826255,0.2442732516826255,10,7.778174593052023,0.21213203435596423,1.1667261889578033,0.17272727272727273,0.17272727272727273,20260927T095930443635Z_577f21e5,2,5760.0,40,True,81,"[0.8592549273600911, 0.6058380411445193, 0.4316697215292379, 0.32461244914431125, 0.29898418014229616, 0.3853292566116986, 0.6184818884427356, 0.9112753545916268, 1.124060711596949, 1.0918553682168552, 1.0519012231472415, 1.0604058710082023, 1.1010962834034748, 1.1484706050156464, 1.2414843039249468, 1.286522046207647, 1.3072562312959182, 1.4024657757114494, 1.4690763553789117, 1.4352382086312834, 1.3078676789813133, 1.2336627867197074, 1.2117583717879756, 1.0914323600059634]",HEUR_VOR,968.398828125,0.7603037042670958,0.7495352387428283,1273.7,1273.7,1.0,29.2,955.7,318.0
102,20,0.5,0.3,5,5,6,6.0,5.5,0.19,0.5,42,1,"[0.3, 0.4]",0.2442732516826255,0.2442732516826255,10,7.778174593052023,0.21213203435596423,1.1667261889578033,0.17272727272727273,0.17272727272727273,20260927T095930443635Z_577f21e5,2,5760.0,40,True,81,"[0.8592549273600911, 0.6058380411445193, 0.4316697215292379, 0.32461244914431125, 0.29898418014229616, 0.3853292566116986, 0.6184818884427356, 0.9112753545916268, 1.124060711596949, 1.0918553682168552, 1.0519012231472415, 1.0604058710082023, 1.1010962834034748, 1.1484706050156464, 1.2414843039249468, 1.286522046207647, 1.3072562312959182, 1.4024657757114494, 1.4690763553789117, 1.4352382086312834, 1.3078676789813133, 1.2336627867197074, 1.2117583717879756, 1.0914323600059634]",FOUR_ZONE,117.32890625,0.3856966017422748,0.387380313873291,304.2,304.2,1.0,1.6,50.9,253.3
102,20,0.5,0.3,5,5,6,6.0,5.5,0.19,0.5,42,1,"[0.3, 0.4]",0.2442732516826255,0.2442732516826255,10,7.778174593052023,0.21213203435596423,1.1667261889578033,0.17272727272727273,0.17272727272727273,20260927T095930443635Z_577f21e5,2,5760.0,40,True,81,"[0.8592549273600911, 0.6058380411445193, 0.4316697215292379, 0.32461244914431125, 0.29898418014229616, 0.3853292566116986, 0.6184818884427356, 0.9112753545916268, 1.124060711596949, 1.0918553682168552, 1.0519012231472415, 1.0604058710082023, 1.1010962834034748, 1.1484706050156464, 1.2414843039249468, 1.286522046207647, 1.3072562312959182, 1.4024657757114494, 1.4690763553789117, 1.4352382086312834, 1.3078676789813133, 1.2336627867197074, 1.2117583717879756, 1.0914323600059634]",PURE,64.4,0.22877442273534637,0.2272855885843997,281.5,281.5,1.0,0.0,0.0,281.5
102,20,0.5,0.3,5,5,6,6.0,5.5,0.19,0.5,42,1,"[0.3, 0.4]",0.2442732516826255,0.2442732516826255,10,7.778174593052023,0.21213203435596423,1.1667261889578033,0.17272727272727273,0.17272727272727273,20260927T095930443635Z_577f21e5,2,5760.0,40,True,81,"[0.8592549273600911, 0.6058380411445193, 0.4316697215292379, 0.32461244914431125, 0.29898418014229616, 0.3853292566116986, 0.6184818884427356, 0.9112753545916268, 1.124060711596949, 1.0918553682168552, 1.0519012231472415, 1.0604058710082023, 1.1010962834034748, 1.1484706050156464, 1.2414843039249468, 1.286522046207647, 1.3072562312959182, 1.4024657757114494, 1.4690763553789117, 1.4352382086312834, 1.3078676789813133, 1.2336627867197074, 1.2117583717879756, 1.0914323600059634]",PURE_OR,64.4,0.2765135251180764,0.275331215943522,232.9,232.9,1.0,0.0,0.0,232.9
103,20,0.67,0.1,5,5,6,5.5,5.5,0.19,0.5,42,1,[0.1],0.1,0.2442732516826255,10,7.778174593052023,0.07071067811865475,0.38890872965260115,0.07071067811865475,0.17272727272727273,20260927T095930443635Z_577f21e5,2,5760.0,40,True,81,"[0.8592549273600911, 0.6058380411445193, 0.4316697215292379, 0.32461244914431125, 0.29898418014229616, 0.3853292566116986, 0.6184818884427356, 0.9112753545916268, 1.124060711596949, 1.0918553682168552, 1.0519012231472415, 1.0604058710082023, 1.1010962834034748, 1.1484706050156464, 1.2414843039249468, 1.286522046207647, 1.3072562312959182, 1.4024657757114494, 1.4690763553789117, 1.4352382086312834, 1.3078676789813133, 1.2336627867197074, 1.2117583717879756, 1.0914323600059634]",DRL,1651.621240234375,0.6278734994238263,0.6258195161819458,2630.5,2630.5,1.0,54.8,2171.3,459.2
103,20,0.67,0.1,5,5,6,5.5,5.5,0.19,0.5,42,1,[0.1],0.1,0.2442732516826255,10,7.778174593052023,0.07071067811865475,0.38890872965260115,0.07071067811865475,0.17272727272727273,20260927T095930443635Z_577f21e5,2,5760.0,40,True,81,"[0.8592549273600911, 0.6058380411445193, 0.4316697215292379, 0.32461244914431125, 0.29898418014229616, 0.3853292566116986, 0.6184818884427356, 0.9112753545916268, 1.124060711596949, 1.0918553682168552, 1.0519012231472415, 1.0604058710082023, 1.1010962834034748, 1.1484706050156464, 1.2414843039249468, 1.286522046207647, 1.3072562312959182, 1.4024657757114494, 1.4690763553789117, 1.4352382086312834, 1.3078676789813133, 1.2336627867197074, 1.2117583717879756, 1.0914323600059634]",HEUR,749.0551696777344,0.5849251676383995,0.5722506284713745,1280.6,1280.6,1.0,22.2,754.3,526.3
103,20,0.67,0.1,5,5,6,5.5,5.5,0.19,0.5,42,1,[0.1],0.1,0.2442732516826255,10,7.778174593052023,0.07071067811865475,0.38890872965260115,0.07071067811865475,0.17272727272727273,20260927T095930443635Z_577f21e5,2,5760.0,40,True,81,"[0.8592549273600911, 0.6058380411445193, 0.4316697215292379, 0.32461244914431125, 0.29898418014229616, 0.3853292566116986, 0.6184818884427356, 0.9112753545916268, 1.124060711596949, 1.0918553682168552, 1.0519012231472415, 1.0604058710082023, 1.1010962834034748, 1.1484706050156464, 1.2414843039249468, 1.286522046207647, 1.3072562312959182, 1.4024657757114494, 1.4690763553789117, 1.4352382086312834, 1.3078676789813133, 1.2336627867197074, 1.2117583717879756, 1.0914323600059634]",HEUR_VOR,341.6477569580078,0.5348274216625044,0.5267092108726501,638.8,638.8,1.0,9.8,305.3,333.5
103,20,0.67,0.1,5,5,6,5.5,5.5,0.19,0.5,42,1,[0.1],0.1,0.2442732516826255,10,7.778174593052023,0.07071067811865475,0.38890872965260115,0.07071067811865475,0.17272727272727273,20260927T095930443635Z_577f21e5,2,5760.0,40,True,81,"[0.8592549273600911, 0.6058380411445193, 0.4316697215292379, 0.32461244914431125, 0.29898418014229616, 0.3853292566116986, 0.6184818884427356, 0.9112753545916268, 1.124060711596949, 1.0918553682168552, 1.0519012231472415, 1.0604058710082023, 1.1010962834034748, 1.1484706050156464, 1.2414843039249468, 1.286522046207647, 1.3072562312959182, 1.4024657757114494, 1.4690763553789117, 1.4352382086312834, 1.3078676789813133, 1.2336627867197074, 1.2117583717879756, 1.0914323600059634]",FOUR_ZONE,109.57819213867188,0.3265142793166623,0.32836607138762314,335.6,335.6,1.0,1.0,25.1,310.5
103,20,0.67,0.1,5,5,6,5.5,5.5,0.19,0.5,42,1,[0.1],0.1,0.2442732516826255,10,7.778174593052023,0.07071067811865475,0.38890872965260115,0.07071067811865475,0.17272727272727273,20260927T095930443635Z_577f21e5,2,5760.0,40,True,81,"[0.8592549273600911, 0.6058380411445193, 0.4316697215292379, 0.32461244914431125, 0.29898418014229616, 0.3853292566116986, 0.6184818884427356, 0.9112753545916268, 1.124060711596949, 1.0918553682168552, 1.0519012231472415, 1.0604058710082023, 1.1010962834034748, 1.1484706050156464, 1.2414843039249468, 1.286522046207647, 1.3072562312959182, 1.4024657757114494, 1.4690763553789117, 1.4352382086312834, 1.3078676789813133, 1.2336627867197074, 1.2117583717879756, 1.0914323600059634]",PURE,85.6,0.2575210589651023,0.2594351070775064,332.4,332.4,1.0,0.0,0.0,332.4
103,20,0.67,0.1,5,5,6,5.5,5.5,0.19,0.5,42,1,[0.1],0.1,0.2442732516826255,10,7.778174593052023,0.07071067811865475,0.38890872965260115,0.07071067811865475,0.17272727272727273,20260927T095930443635Z_577f21e5,2,5760.0,40,True,81,"[0.8592549273600911, 0.6058380411445193, 0.4316697215292379, 0.32461244914431125, 0.29898418014229616, 0.3853292566116986, 0.6184818884427356, 0.9112753545916268, 1.124060711596949, 1.0918553682168552, 1.0519012231472415, 1.0604058710082023, 1.1010962834034748, 1.1484706050156464, 1.2414843039249468, 1.286522046207647, 1.3072562312959182, 1.4024657757114494, 1.4690763553789117, 1.4352382086312834, 1.3078676789813133, 1.2336627867197074, 1.2117583717879756, 1.0914323600059634]",PURE_OR,85.6,0.31082062454611475,0.310014222554246,275.4,275.4,1.0,0.0,0.0,275.4
104,20,0.67,0.2,5,5,6,5.5,5.5,0.19,0.5,42,1,[0.2],0.2,0.2442732516826255,10,7.778174593052023,0.1414213562373095,0.7778174593052023,0.1414213562373095,0.17272727272727273,20260927T095930443635Z_577f21e5,2,5760.0,40,True,81,"[0.8592549273600911, 0.6058380411445193, 0.4316697215292379, 0.32461244914431125, 0.29898418014229616, 0.3853292566116986, 0.6184818884427356, 0.9112753545916268, 1.124060711596949, 1.0918553682168552, 1.0519012231472415, 1.0604058710082023, 1.1010962834034748, 1.1484706050156464, 1.2414843039249468, 1.286522046207647, 1.3072562312959182, 1.4024657757114494, 1.4690763553789117, 1.4352382086312834, 1.3078676789813133, 1.2336627867197074, 1.2117583717879756, 1.0914323600059634]",DRL,4458.08095703125,0.7739723883734809,0.7739723920822144,5760.0,,0.0,150.4,5362.8,397.2
104,20,0.67,0.2,5,5,6,5.5,5.5,0.19,0.5,42,1,[0.2],0.2,0.2442732516826255,10,7.778174593052023,0.1414213562373095,0.7778174593052023,0.1414213562373095,0.17272727272727273,20260927T095930443635Z_577f21e5,2,5760.0,40,True,81,"[0.8592549273600911, 0.6058380411445193, 0.4316697215292379, 0.32461244914431125, 0.29898418014229616, 0.3853292566116986, 0.6184818884427356, 0.9112753545916268, 1.124060711596949, 1.0918553682168552, 1.0519012231472415, 1.0604058710082023, 1.1010962834034748, 1.1484706050156464, 1.2414843039249468, 1.286522046207647, 1.3072562312959182, 1.4024657757114494, 1.4690763553789117, 1.4352382086312834, 1.3078676789813133, 1.2336627867197074, 1.2117583717879756, 1.0914323600059634]",HEUR,2310.176953125,0.6793039735135851,0.6793085813522339,3400.8,3400.8,1.0,76.4,2498.9,901.9
104,20,0.67,0.2,5,5,6,5.5,5.5,0.19,0.5,42,1,[0.2],0.2,0.2442732516826255,10,7.778174593052023,0.1414213562373095,0.7778174593052023,0.1414213562373095,0.17272727272727273,20260927T095930443635Z_577f21e5,2,5760.0,40,True,81,"[0.8592549273600911, 0.6058380411445193, 0.4316697215292379, 0.32461244914431125, 0.29898418014229616, 0.3853292566116986, 0.6184818884427356, 0.9112753545916268, 1.124060711596949, 1.0918553682168552, 1.0519012231472415, 1.0604058710082023, 1.1010962834034748, 1.1484706050156464, 1.2414843039249468, 1.286522046207647, 1.3072562312959182, 1.4024657757114494, 1.4690763553789117, 1.4352382086312834, 1.3078676789813133, 1.2336627867197074, 1.2117583717879756, 1.0914323600059634]",HEUR_VOR,822.16982421875,0.6951046873678982,0.687874698638916,1182.8,1182.8,1.0,27.0,860.8,322.0
104,20,0.67,0.2,5,5,6,5.5,5.5,0.19,0.5,42,1,[0.2],0.2,0.2442732516826255,10,7.778174593052023,0.1414213562373095,0.7778174593052023,0.1414213562373095,0.17272727272727273,20260927T095930443635Z_577f21e5,2,5760.0,40,True,81,"[0.8592549273600911, 0.6058380411445193, 0.4316697215292379, 0.32461244914431125, 0.29898418014229616, 0.3853292566116986, 0.6184818884427356, 0.9112753545916268, 1.124060711596949, 1.0918553682168552, 1.0519012231472415, 1.0604058710082023, 1.1010962834034748, 1.1484706050156464, 1.2414843039249468, 1.286522046207647, 1.3072562312959182, 1.4024657757114494, 1.4690763553789117, 1.4352382086312834, 1.3078676789813133, 1.2336627867197074, 1.2117583717879756, 1.0914323600059634]",FOUR_ZONE,124.84369201660157,0.35107899892182665,0.35273576378822324,355.6,355.6,1.0,1.2,41.0,314.6
104,20,0.67,0.2,5,5,6,5.5,5.5,0.19,0.5,42,1,[0.2],0.2,0.2442732516826255,10,7.778174593052023,0.1414213562373095,0.7778174593052023,0.1414213562373095,0.17272727272727273,20260927T095930443635Z_577f21e5,2,5760.0,40,True,81,"[0.8592549273600911, 0.6058380411445193, 0.4316697215292379, 0.32461244914431125, 0.29898418014229616, 0.3853292566116986, 0.6184818884427356, 0.9112753545916268, 1.124060711596949, 1.0918553682168552, 1.0519012231472415, 1.0604058710082023, 1.1010962834034748, 1.1484706050156464, 1.2414843039249468, 1.286522046207647, 1.3072562312959182, 1.4024657757114494, 1.4690763553789117, 1.4352382086312834, 1.3078676789813133, 1.2336627867197074, 1.2117583717879756, 1.0914323600059634]",PURE,85.6,0.2575210589651023,0.2594351070775064,332.4,332.4,1.0,0.0,0.0,332.4
104,20,0.67,0.2,5,5,6,5.5,5.5,0.19,0.5,42,1,[0.2],0.2,0.2442732516826255,10,7.778174593052023,0.1414213562373095,0.7778174593052023,0.1414213562373095,0.17272727272727273,20260927T095930443635Z_577f21e5,2,5760.0,40,True,81,"[0.8592549273600911, 0.6058380411445193, 0.4316697215292379, 0.32461244914431125, 0.29898418014229616, 0.3853292566116986, 0.6184818884427356, 0.9112753545916268, 1.124060711596949, 1.0918553682168552, 1.0519012231472415, 1.0604058710082023, 1.1010962834034748, 1.1484706050156464, 1.2414843039249468, 1.286522046207647, 1.3072562312959182, 1.4024657757114494, 1.4690763553789117, 1.4352382086312834, 1.3078676789813133, 1.2336627867197074, 1.2117583717879756, 1.0914323600059634]",PURE_OR,85.6,0.31082062454611475,0.310014222554246,275.4,275.4,1.0,0.0,0.0,275.4
105,20,0.67,0.3,5,5,6,5.5,5.5,0.19,0.5,42,1,"[0.3, 0.4]",0.2442732516826255,0.2442732516826255,10,7.778174593052023,0.21213203435596423,1.1667261889578033,0.17272727272727273,0.17272727272727273,20260927T095930443635Z_577f21e5,2,5760.0,40,True,81,"[0.8592549273600911, 0.6058380411445193, 0.4316697215292379, 0.32461244914431125, 0.29898418014229616, 0.3853292566116986, 0.6184818884427356, 0.9112753545916268, 1.124060711596949, 1.0918553682168552, 1.0519012231472415, 1.0604058710082023, 1.1010962834034748, 1.1484706050156464, 1.2414843039249468, 1.286522046207647, 1.3072562312959182, 1.4024657757114494, 1.4690763553789117, 1.4352382086312834, 1.3078676789813133, 1.2336627867197074, 1.2117583717879756, 1.0914323600059634]",DRL,4760.45224609375,0.8264674038357205,0.8264674067497253,5760.0,,0.0,140.8,5471.2,288.8
105,20,0.67,0.3,5,5,6,5.5,5.5,0.19,0.5,42,1,"[0.3, 0.4]",0.2442732516826255,0.2442732516826255,10,7.778174593052023,0.21213203435596423,1.1667261889578033,0.17272727272727273,0.17272727272727273,20260927T095930443635Z_577f21e5,2,5760.0,40,True,81,"[0.8592549273600911, 0.6058380411445193, 0.4316697215292379, 0.32461244914431125, 0.29898418014229616, 0.3853292566116986, 0.6184818884427356, 0.9112753545916268, 1.124060711596949, 1.0918553682168552, 1.0519012231472415, 1.0604058710082023, 1.1010962834034748, 1.1484706050156464, 1.2414843039249468, 1.286522046207647, 1.3072562312959182, 1.4024657757114494, 1.4690763553789117, 1.4352382086312834, 1.3078676789813133, 1.2336627867197074, 1.2117583717879756, 1.0914323600059634]",HEUR,2709.7978271484376,0.6710410150929715,0.6700007438659668,4038.2,4038.2,1.0,92.4,2945.6,1092.6
105,20,0.67,0.3,5,5,6,5.5,5.5,0.19,0.5,42,1,"[0.3, 0.4]",0.2442732516826255,0.2442732516826255,10,7.778174593052023,0.21213203435596423,1.1667261889578033,0.17272727272727273,0.17272727272727273,20260927T095930443635Z_577f21e5,2,5760.0,40,True,81,"[0.8592549273600911, 0.6058380411445193, 0.4316697215292379, 0.32461244914431125, 0.29898418014229616, 0.3853292566116986, 0.6184818884427356, 0.9112753545916268, 1.124060711596949, 1.0918553682168552, 1.0519012231472415, 1.0604058710082023, 1.1010962834034748, 1.1484706050156464, 1.2414843039249468, 1.286522046207647, 1.3072562312959182, 1.4024657757114494, 1.4690763553789117, 1.4352382086312834, 1.3078676789813133, 1.2336627867197074, 1.2117583717879756, 1.0914323600059634]",HEUR_VOR,1106.1432495117188,0.7190218730575395,0.7176986455917358,1538.4,1538.4,1.0,36.8,1184.6,353.8
105,20,0.67,0.3,5,5,6,5.5,5.5,0.19,0.5,42,1,"[0.3, 0.4]",0.2442732516826255,0.2442732516826255,10,7.778174593052023,0.21213203435596423,1.1667261889578033,0.17272727272727273,0.17272727272727273,20260927T095930443635Z_577f21e5,2,5760.0,40,True,81,"[0.8592549273600911, 0.6058380411445193, 0.4316697215292379, 0.32461244914431125, 0.29898418014229616, 0.3853292566116986, 0.6184818884427356, 0.9112753545916268, 1.124060711596949, 1.0918553682168552, 1.0519012231472415, 1.0604058710082023, 1.1010962834034748, 1.1484706050156464, 1.2414843039249468, 1.286522046207647, 1.3072562312959182, 1.4024657757114494, 1.4690763553789117, 1.4352382086312834, 1.3078676789813133, 1.2336627867197074, 1.2117583717879756, 1.0914323600059634]",FOUR_ZONE,124.84369201660157,0.35107899892182665,0.35273576378822324,355.6,355.6,1.0,1.2,41.0,314.6
105,20,0.67,0.3,5,5,6,5.5,5.5,0.19,0.5,42,1,"[0.3, 0.4]",0.2442732516826255,0.2442732516826255,10,7.778174593052023,0.21213203435596423,1.1667261889578033,0.17272727272727273,0.17272727272727273,20260927T095930443635Z_577f21e5,2,5760.0,40,True,81,"[0.8592549273600911, 0.6058380411445193, 0.4316697215292379, 0.32461244914431125, 0.29898418014229616, 0.3853292566116986, 0.6184818884427356, 0.9112753545916268, 1.124060711596949, 1.0918553682168552, 1.0519012231472415, 1.0604058710082023, 1.1010962834034748, 1.1484706050156464, 1.2414843039249468, 1.286522046207647, 1.3072562312959182, 1.4024657757114494, 1.4690763553789117, 1.4352382086312834, 1.3078676789813133, 1.2336627867197074, 1.2117583717879756, 1.0914323600059634]",PURE,85.6,0.2575210589651023,0.2594351070775064,332.4,332.4,1.0,0.0,0.0,332.4
105,20,0.67,0.3,5,5,6,5.5,5.5,0.19,0.5,42,1,"[0.3, 0.4]",0.2442732516826255,0.2442732516826255,10,7.778174593052023,0.21213203435596423,1.1667261889578033,0.17272727272727273,0.17272727272727273,20260927T095930443635Z_577f21e5,2,5760.0,40,True,81,"[0.8592549273600911, 0.6058380411445193, 0.4316697215292379, 0.32461244914431125, 0.29898418014229616, 0.3853292566116986, 0.6184818884427356, 0.9112753545916268, 1.124060711596949, 1.0918553682168552, 1.0519012231472415, 1.0604058710082023, 1.1010962834034748, 1.1484706050156464, 1.2414843039249468, 1.286522046207647, 1.3072562312959182, 1.4024657757114494, 1.4690763553789117, 1.4352382086312834, 1.3078676789813133, 1.2336627867197074, 1.2117583717879756, 1.0914323600059634]",PURE_OR,85.6,0.31082062454611475,0.310014222554246,275.4,275.4,1.0,0.0,0.0,275.4
106,20,0.67,0.1,5,5,6,6.0,5.5,0.19,0.5,42,1,[0.1],0.1,0.2442732516826255,10,7.778174593052023,0.07071067811865475,0.38890872965260115,0.07071067811865475,0.17272727272727273,20260927T095930443635Z_577f21e5,2,5760.0,40,True,81,"[0.8592549273600911, 0.6058380411445193, 0.4316697215292379, 0.32461244914431125, 0.29898418014229616, 0.3853292566116986, 0.6184818884427356, 0.9112753545916268, 1.124060711596949, 1.0918553682168552, 1.0519012231472415, 1.0604058710082023, 1.1010962834034748, 1.1484706050156464, 1.2414843039249468, 1.286522046207647, 1.3072562312959182, 1.4024657757114494, 1.4690763553789117, 1.4352382086312834, 1.3078676789813133, 1.2336627867197074, 1.2117583717879756, 1.0914323600059634]",DRL,1873.965673828125,0.6755220337508111,0.671260142326355,2774.1,2774.1,1.0,50.4,2231.3,542.8
106,20,0.67,0.1,5,5,6,6.0,5.5,0.19,0.5,42,1,[0.1],0.1,0.2442732516826255,10,7.778174593052023,0.07071067811865475,0.38890872965260115,0.07071067811865475,0.17272727272727273,20260927T095930443635Z_577f21e5,2,5760.0,40,True,81,"[0.8592549273600911, 0.6058380411445193, 0.4316697215292379, 0.32461244914431125, 0.29898418014229616, 0.3853292566116986, 0.6184818884427356, 0.9112753545916268, 1.124060711596949, 1.0918553682168552, 1.0519012231472415, 1.0604058710082023, 1.1010962834034748, 1.1484706050156464, 1.2414843039249468, 1.286522046207647, 1.3072562312959182, 1.4024657757114494, 1.4690763553789117, 1.4352382086312834, 1.3078676789813133, 1.2336627867197074, 1.2117583717879756, 1.0914323600059634]",HEUR,809.3682495117188,0.6320226842977656,0.6178985714912415,1280.6,1280.6,1.0,22.2,754.3,526.3
106,20,0.67,0.1,5,5,6,6.0,5.5,0.19,0.5,42,1,[0.1],0.1,0.2442732516826255,10,7.778174593052023,0.07071067811865475,0.38890872965260115,0.07071067811865475,0.17272727272727273,20260927T095930443635Z_577f21e5,2,5760.0,40,True,81,"[0.8592549273600911, 0.6058380411445193, 0.4316697215292379, 0.32461244914431125, 0.29898418014229616, 0.3853292566116986, 0.6184818884427356, 0.9112753545916268, 1.124060711596949, 1.0918553682168552, 1.0519012231472415, 1.0604058710082023, 1.1010962834034748, 1.1484706050156464, 1.2414843039249468, 1.286522046207647, 1.3072562312959182, 1.4024657757114494, 1.4690763553789117, 1.4352382086312834, 1.3078676789813133, 1.2336627867197074, 1.2117583717879756, 1.0914323600059634]",HEUR_VOR,364.92705078125,0.571269647434643,0.5623416066169739,638.8,638.8,1.0,9.8,305.3,333.5
106,20,0.67,0.1,5,5,6,6.0,5.5,0.19,0.5,42,1,[0.1],0.1,0.2442732516826255,10,7.778174593052023,0.07071067811865475,0.38890872965260115,0.07071067811865475,0.17272727272727273,20260927T095930443635Z_577f21e5,2,5760.0,40,True,81,"[0.8592549273600911, 0.6058380411445193, 0.4316697215292379, 0.32461244914431125, 0.29898418014229616, 0.3853292566116986, 0.6184818884427356, 0.9112753545916268, 1.124060711596949, 1.0918553682168552, 1.0519012231472415, 1.0604058710082023, 1.1010962834034748, 1.1484706050156464, 1.2414843039249468, 1.286522046207647, 1.3072562312959182, 1.4024657757114494, 1.4690763553789117, 1.4352382086312834, 1.3078676789813133, 1.2336627867197074, 1.2117583717879756, 1.0914323600059634]",FOUR_ZONE,111.7580337524414,0.3330096357343308,0.3351159278596385,335.6,335.6,1.0,1.0,25.1,310.5
106,20,0.67,0.1,5,5,6,6.0,5.5,0.19,0.5,42,1,[0.1],0.1,0.2442732516826255,10,7.778174593052023,0.07071067811865475,0.38890872965260115,0.07071067811865475,0.17272727272727273,20260927T095930443635Z_577f21e5,2,5760.0,40,True,81,"[0.8592549273600911, 0.6058380411445193, 0.4316697215292379, 0.32461244914431125, 0.29898418014229616, 0.3853292566116986, 0.6184818884427356, 0.9112753545916268, 1.124060711596949, 1.0918553682168552, 1.0519012231472415, 1.0604058710082023, 1.1010962834034748, 1.1484706050156464, 1.2414843039249468, 1.286522046207647, 1.3072562312959182, 1.4024657757114494, 1.4690763553789117, 1.4352382086312834, 1.3078676789813133, 1.2336627867197074, 1.2117583717879756, 1.0914323600059634]",PURE,85.6,0.2575210589651023,0.2594351070775064,332.4,332.4,1.0,0.0,0.0,332.4
106,20,0.67,0.1,5,5,6,6.0,5.5,0.19,0.5,42,1,[0.1],0.1,0.2442732516826255,10,7.778174593052023,0.07071067811865475,0.38890872965260115,0.07071067811865475,0.17272727272727273,20260927T095930443635Z_577f21e5,2,5760.0,40,True,81,"[0.8592549273600911, 0.6058380411445193, 0.4316697215292379, 0.32461244914431125, 0.29898418014229616, 0.3853292566116986, 0.6184818884427356, 0.9112753545916268, 1.124060711596949, 1.0918553682168552, 1.0519012231472415, 1.0604058710082023, 1.1010962834034748, 1.1484706050156464, 1.2414843039249468, 1.286522046207647, 1.3072562312959182, 1.4024657757114494, 1.4690763553789117, 1.4352382086312834, 1.3078676789813133, 1.2336627867197074, 1.2117583717879756, 1.0914323600059634]",PURE_OR,85.6,0.31082062454611475,0.310014222554246,275.4,275.4,1.0,0.0,0.0,275.4
107,20,0.67,0.2,5,5,6,6.0,5.5,0.19,0.5,42,1,[0.2],0.2,0.2442732516826255,10,7.778174593052023,0.1414213562373095,0.7778174593052023,0.1414213562373095,0.17272727272727273,20260927T095930443635Z_577f21e5,2,5760.0,40,True,81,"[0.8592549273600911, 0.6058380411445193, 0.4316697215292379, 0.32461244914431125, 0.29898418014229616, 0.3853292566116986, 0.6184818884427356, 0.9112753545916268, 1.124060711596949, 1.0918553682168552, 1.0519012231472415, 1.0604058710082023, 1.1010962834034748, 1.1484706050156464, 1.2414843039249468, 1.286522046207647, 1.3072562312959182, 1.4024657757114494, 1.4690763553789117, 1.4352382086312834, 1.3078676789813133, 1.2336627867197074, 1.2117583717879756, 1.0914323600059634]",DRL,4934.24921875,0.8566404893663194,0.8566404938697815,5760.0,,0.0,145.8,5479.2,280.8
107,20,0.67,0.2,5,5,6,6.0,5.5,0.19,0.5,42,1,[0.2],0.2,0.2442732516826255,10,7.778174593052023,0.1414213562373095,0.7778174593052023,0.1414213562373095,0.17272727272727273,20260927T095930443635Z_577f21e5,2,5760.0,40,True,81,"[0.8592549273600911, 0.6058380411445193, 0.4316697215292379, 0.32461244914431125, 0.29898418014229616, 0.3853292566116986, 0.6184818884427356, 0.9112753545916268, 1.124060711596949, 1.0918553682168552, 1.0519012231472415, 1.0604058710082023, 1.1010962834034748, 1.1484706050156464, 1.2414843039249468, 1.286522046207647, 1.3072562312959182, 1.4024657757114494, 1.4690763553789117, 1.4352382086312834, 1.3078676789813133, 1.2336627867197074, 1.2117583717879756, 1.0914323600059634]",HEUR,2512.46259765625,0.7387857556034609,0.7387905240058898,3400.8,3400.8,1.0,76.4,2498.9,901.9
107,20,0.67,0.2,5,5,6,6.0,5.5,0.19,0.5,42,1,[0.2],0.2,0.2442732516826255,10,7.778174593052023,0.1414213562373095,0.7778174593052023,0.1414213562373095,0.17272727272727273,20260927T095930443635Z_577f21e5,2,5760.0,40,True,81,"[0.8592549273600911, 0.6058380411445193, 0.4316697215292379, 0.32461244914431125, 0.29898418014229616, 0.3853292566116986, 0.6184818884427356, 0.9112753545916268, 1.124060711596949, 1.0918553682168552, 1.0519012231472415, 1.0604058710082023, 1.1010962834034748, 1.1484706050156464, 1.2414843039249468, 1.286522046207647, 1.3072562312959182, 1.4024657757114494, 1.4690763553789117, 1.4352382086312834, 1.3078676789813133, 1.2336627867197074, 1.2117583717879756, 1.0914323600059634]",HEUR_VOR,889.1267700195312,0.7517135356945648,0.7437065482139588,1182.8,1182.8,1.0,27.0,860.8,322.0
107,20,0.67,0.2,5,5,6,6.0,5.5,0.19,0.5,42,1,[0.2],0.2,0.2442732516826255,10,7.778174593052023,0.1414213562373095,0.7778174593052023,0.1414213562373095,0.17272727272727273,20260927T095930443635Z_577f21e5,2,5760.0,40,True,81,"[0.8592549273600911, 0.6058380411445193, 0.4316697215292379, 0.32461244914431125, 0.29898418014229616, 0.3853292566116986, 0.6184818884427356, 0.9112753545916268, 1.124060711596949, 1.0918553682168552, 1.0519012231472415, 1.0604058710082023, 1.1010962834034748, 1.1484706050156464, 1.2414843039249468, 1.286522046207647, 1.3072562312959182, 1.4024657757114494, 1.4690763553789117, 1.4352382086312834, 1.3078676789813133, 1.2336627867197074, 1.2117583717879756, 1.0914323600059634]",FOUR_ZONE,128.41130828857422,0.36111166560341457,0.3629796922206879,355.6,355.6,1.0,1.2,41.0,314.6
107,20,0.67,0.2,5,5,6,6.0,5.5,0.19,0.5,42,1,[0.2],0.2,0.2442732516826255,10,7.778174593052023,0.1414213562373095,0.7778174593052023,0.1414213562373095,0.17272727272727273,20260927T095930443635Z_577f21e5,2,5760.0,40,True,81,"[0.8592549273600911, 0.6058380411445193, 0.4316697215292379, 0.32461244914431125, 0.29898418014229616, 0.3853292566116986, 0.6184818884427356, 0.9112753545916268, 1.124060711596949, 1.0918553682168552, 1.0519012231472415, 1.0604058710082023, 1.1010962834034748, 1.1484706050156464, 1.2414843039249468, 1.286522046207647, 1.3072562312959182, 1.4024657757114494, 1.4690763553789117, 1.4352382086312834, 1.3078676789813133, 1.2336627867197074, 1.2117583717879756, 1.0914323600059634]",PURE,85.6,0.2575210589651023,0.2594351070775064,332.4,332.4,1.0,0.0,0.0,332.4
107,20,0.67,0.2,5,5,6,6.0,5.5,0.19,0.5,42,1,[0.2],0.2,0.2442732516826255,10,7.778174593052023,0.1414213562373095,0.7778174593052023,0.1414213562373095,0.17272727272727273,20260927T095930443635Z_577f21e5,2,5760.0,40,True,81,"[0.8592549273600911, 0.6058380411445193, 0.4316697215292379, 0.32461244914431125, 0.29898418014229616, 0.3853292566116986, 0.6184818884427356, 0.9112753545916268, 1.124060711596949, 1.0918553682168552, 1.0519012231472415, 1.0604058710082023, 1.1010962834034748, 1.1484706050156464, 1.2414843039249468, 1.286522046207647, 1.3072562312959182, 1.4024657757114494, 1.4690763553789117, 1.4352382086312834, 1.3078676789813133, 1.2336627867197074, 1.2117583717879756, 1.0914323600059634]",PURE_OR,85.6,0.31082062454611475,0.310014222554246,275.4,275.4,1.0,0.0,0.0,275.4
108,20,0.67,0.3,5,5,6,6.0,5.5,0.19,0.5,42,1,"[0.3, 0.4]",0.2442732516826255,0.2442732516826255,10,7.778174593052023,0.21213203435596423,1.1667261889578033,0.17272727272727273,0.17272727272727273,20260927T095930443635Z_577f21e5,2,5760.0,40,True,81,"[0.8592549273600911, 0.6058380411445193, 0.4316697215292379, 0.32461244914431125, 0.29898418014229616, 0.3853292566116986, 0.6184818884427356, 0.9112753545916268, 1.124060711596949, 1.0918553682168552, 1.0519012231472415, 1.0604058710082023, 1.1010962834034748, 1.1484706050156464, 1.2414843039249468, 1.286522046207647, 1.3072562312959182, 1.4024657757114494, 1.4690763553789117, 1.4352382086312834, 1.3078676789813133, 1.2336627867197074, 1.2117583717879756, 1.0914323600059634]",DRL,5176.21787109375,0.898648935953776,0.8986489176750183,5760.0,,0.0,157.4,5572.1,187.9
108,20,0.67,0.3,5,5,6,6.0,5.5,0.19,0.5,42,1,"[0.3, 0.4]",0.2442732516826255,0.2442732516826255,10,7.778174593052023,0.21213203435596423,1.1667261889578033,0.17272727272727273,0.17272727272727273,20260927T095930443635Z_577f21e5,2,5760.0,40,True,81,"[0.8592549273600911, 0.6058380411445193, 0.4316697215292379, 0.32461244914431125, 0.29898418014229616, 0.3853292566116986, 0.6184818884427356, 0.9112753545916268, 1.124060711596949, 1.0918553682168552, 1.0519012231472415, 1.0604058710082023, 1.1010962834034748, 1.1484706050156464, 1.2414843039249468, 1.286522046207647, 1.3072562312959182, 1.4024657757114494, 1.4690763553789117, 1.4352382086312834, 1.3078676789813133, 1.2336627867197074, 1.2117583717879756, 1.0914323600059634]",HEUR,2948.4953125,0.7301508871526918,0.7289807319641113,4038.2,4038.2,1.0,92.4,2945.6,1092.6
108,20,0.67,0.3,5,5,6,6.0,5.5,0.19,0.5,42,1,"[0.3, 0.4]",0.2442732516826255,0.2442732516826255,10,7.778174593052023,0.21213203435596423,1.1667261889578033,0.17272727272727273,0.17272727272727273,20260927T095930443635Z_577f21e5,2,5760.0,40,True,81,"[0.8592549273600911, 0.6058380411445193, 0.4316697215292379, 0.32461244914431125, 0.29898418014229616, 0.3853292566116986, 0.6184818884427356, 0.9112753545916268, 1.124060711596949, 1.0918553682168552, 1.0519012231472415, 1.0604058710082023, 1.1010962834034748, 1.1484706050156464, 1.2414843039249468, 1.286522046207647, 1.3072562312959182, 1.4024657757114494, 1.4690763553789117, 1.4352382086312834, 1.3078676789813133, 1.2336627867197074, 1.2117583717879756, 1.0914323600059634]",HEUR_VOR,1198.9046875,0.7793192196437857,0.777824068069458,1538.4,1538.4,1.0,36.8,1184.6,353.8
108,20,0.67,0.3,5,5,6,6.0,5.5,0.19,0.5,42,1,"[0.3, 0.4]",0.2442732516826255,0.2442732516826255,10,7.778174593052023,0.21213203435596423,1.1667261889578033,0.17272727272727273,0.17272727272727273,20260927T095930443635Z_577f21e5,2,5760.0,40,True,81,"[0.8592549273600911, 0.6058380411445193, 0.4316697215292379, 0.32461244914431125, 0.29898418014229616, 0.3853292566116986, 0.6184818884427356, 0.9112753545916268, 1.124060711596949, 1.0918553682168552, 1.0519012231472415, 1.0604058710082023, 1.1010962834034748, 1.1484706050156464, 1.2414843039249468, 1.286522046207647, 1.3072562312959182, 1.4024657757114494, 1.4690763553789117, 1.4352382086312834, 1.3078676789813133, 1.2336627867197074, 1.2117583717879756, 1.0914323600059634]",FOUR_ZONE,128.41130828857422,0.36111166560341457,0.3629796922206879,355.6,355.6,1.0,1.2,41.0,314.6
108,20,0.67,0.3,5,5,6,6.0,5.5,0.19,0.5,42,1,"[0.3, 0.4]",0.2442732516826255,0.2442732516826255,10,7.778174593052023,0.21213203435596423,1.1667261889578033,0.17272727272727273,0.17272727272727273,20260927T095930443635Z_577f21e5,2,5760.0,40,True,81,"[0.8592549273600911, 0.6058380411445193, 0.4316697215292379, 0.32461244914431125, 0.29898418014229616, 0.3853292566116986, 0.6184818884427356, 0.9112753545916268, 1.124060711596949, 1.0918553682168552, 1.0519012231472415, 1.0604058710082023, 1.1010962834034748, 1.1484706050156464, 1.2414843039249468, 1.286522046207647, 1.3072562312959182, 1.4024657757114494, 1.4690763553789117, 1.4352382086312834, 1.3078676789813133, 1.2336627867197074, 1.2117583717879756, 1.0914323600059634]",PURE,85.6,0.2575210589651023,0.2594351070775064,332.4,332.4,1.0,0.0,0.0,332.4
108,20,0.67,0.3,5,5,6,6.0,5.5,0.19,0.5,42,1,"[0.3, 0.4]",0.2442732516826255,0.2442732516826255,10,7.778174593052023,0.21213203435596423,1.1667261889578033,0.17272727272727273,0.17272727272727273,20260927T095930443635Z_577f21e5,2,5760.0,40,True,81,"[0.8592549273600911, 0.6058380411445193, 0.4316697215292379, 0.32461244914431125, 0.29898418014229616, 0.3853292566116986, 0.6184818884427356, 0.9112753545916268, 1.124060711596949, 1.0918553682168552, 1.0519012231472415, 1.0604058710082023, 1.1010962834034748, 1.1484706050156464, 1.2414843039249468, 1.286522046207647, 1.3072562312959182, 1.4024657757114494, 1.4690763553789117, 1.4352382086312834, 1.3078676789813133, 1.2336627867197074, 1.2117583717879756, 1.0914323600059634]",PURE_OR,85.6,0.31082062454611475,0.310014222554246,275.4,275.4,1.0,0.0,0.0,275.4
109,20,0.83,0.1,5,5,6,5.5,5.5,0.19,0.5,42,1,[0.1],0.1,0.2442732516826255,10,7.778174593052023,0.07071067811865475,0.38890872965260115,0.07071067811865475,0.17272727272727273,20260927T095930443635Z_577f21e5,2,5760.0,40,True,81,"[0.8592549273600911, 0.6058380411445193, 0.4316697215292379, 0.32461244914431125, 0.29898418014229616, 0.3853292566116986, 0.6184818884427356, 0.9112753545916268, 1.124060711596949, 1.0918553682168552, 1.0519012231472415, 1.0604058710082023, 1.1010962834034748, 1.1484706050156464, 1.2414843039249468, 1.286522046207647, 1.3072562312959182, 1.4024657757114494, 1.4690763553789117, 1.4352382086312834, 1.3078676789813133, 1.2336627867197074, 1.2117583717879756, 1.0914323600059634]",DRL,1353.0242309570312,0.6637677742136142,0.6643579602241516,2038.4,2038.4,1.0,38.6,1517.2,521.2
109,20,0.83,0.1,5,5,6,5.5,5.5,0.19,0.5,42,1,[0.1],0.1,0.2442732516826255,10,7.778174593052023,0.07071067811865475,0.38890872965260115,0.07071067811865475,0.17272727272727273,20260927T095930443635Z_577f21e5,2,5760.0,40,True,81,"[0.8592549273600911, 0.6058380411445193, 0.4316697215292379, 0.32461244914431125, 0.29898418014229616, 0.3853292566116986, 0.6184818884427356, 0.9112753545916268, 1.124060711596949, 1.0918553682168552, 1.0519012231472415, 1.0604058710082023, 1.1010962834034748, 1.1484706050156464, 1.2414843039249468, 1.286522046207647, 1.3072562312959182, 1.4024657757114494, 1.4690763553789117, 1.4352382086312834, 1.3078676789813133, 1.2336627867197074, 1.2117583717879756, 1.0914323600059634]",HEUR,929.96142578125,0.574546784740671,0.5758352041244507,1618.6,1618.6,1.0,29.2,966.3,652.3
109,20,0.83,0.1,5,5,6,5.5,5.5,0.19,0.5,42,1,[0.1],0.1,0.2442732516826255,10,7.778174593052023,0.07071067811865475,0.38890872965260115,0.07071067811865475,0.17272727272727273,20260927T095930443635Z_577f21e5,2,5760.0,40,True,81,"[0.8592549273600911, 0.6058380411445193, 0.4316697215292379, 0.32461244914431125, 0.29898418014229616, 0.3853292566116986, 0.6184818884427356, 0.9112753545916268, 1.124060711596949, 1.0918553682168552, 1.0519012231472415, 1.0604058710082023, 1.1010962834034748, 1.1484706050156464, 1.2414843039249468, 1.286522046207647, 1.3072562312959182, 1.4024657757114494, 1.4690763553789117, 1.4352382086312834, 1.3078676789813133, 1.2336627867197074, 1.2117583717879756, 1.0914323600059634]",HEUR_VOR,372.6661804199219,0.556633577923707,0.5544768214225769,669.5,669.5,1.0,10.6,315.9,353.6
109,20,0.83,0.1,5,5,6,5.5,5.5,0.19,0.5,42,1,[0.1],0.1,0.2442732516826255,10,7.778174593052023,0.07071067811865475,0.38890872965260115,0.07071067811865475,0.17272727272727273,20260927T095930443635Z_577f21e5,2,5760.0,40,True,81,"[0.8592549273600911, 0.6058380411445193, 0.4316697215292379, 0.32461244914431125, 0.29898418014229616, 0.3853292566116986, 0.6184818884427356, 0.9112753545916268, 1.124060711596949, 1.0918553682168552, 1.0519012231472415, 1.0604058710082023, 1.1010962834034748, 1.1484706050156464, 1.2414843039249468, 1.286522046207647, 1.3072562312959182, 1.4024657757114494, 1.4690763553789117, 1.4352382086312834, 1.3078676789813133, 1.2336627867197074, 1.2117583717879756, 1.0914323600059634]",FOUR_ZONE,130.22535705566406,0.3622402143412074,0.36407623631613595,359.5,359.5,1.0,1.0,25.9,333.6
109,20,0.83,0.1,5,5,6,5.5,5.5,0.19,0.5,42,1,[0.1],0.1,0.2442732516826255,10,7.778174593052023,0.07071067811865475,0.38890872965260115,0.07071067811865475,0.17272727272727273,20260927T095930443635Z_577f21e5,2,5760.0,40,True,81,"[0.8592549273600911, 0.6058380411445193, 0.4316697215292379, 0.32461244914431125, 0.29898418014229616, 0.3853292566116986, 0.6184818884427356, 0.9112753545916268, 1.124060711596949, 1.0918553682168552, 1.0519012231472415, 1.0604058710082023, 1.1010962834034748, 1.1484706050156464, 1.2414843039249468, 1.286522046207647, 1.3072562312959182, 1.4024657757114494, 1.4690763553789117, 1.4352382086312834, 1.3078676789813133, 1.2336627867197074, 1.2117583717879756, 1.0914323600059634]",PURE,105.2,0.3001426533523538,0.30346051279269637,350.5,350.5,1.0,0.0,0.0,350.5
109,20,0.83,0.1,5,5,6,5.5,5.5,0.19,0.5,42,1,[0.1],0.1,0.2442732516826255,10,7.778174593052023,0.07071067811865475,0.38890872965260115,0.07071067811865475,0.17272727272727273,20260927T095930443635Z_577f21e5,2,5760.0,40,True,81,"[0.8592549273600911, 0.6058380411445193, 0.4316697215292379, 0.32461244914431125, 0.29898418014229616, 0.3853292566116986, 0.6184818884427356, 0.9112753545916268, 1.124060711596949, 1.0918553682168552, 1.0519012231472415, 1.0604058710082023, 1.1010962834034748, 1.1484706050156464, 1.2414843039249468, 1.286522046207647, 1.3072562312959182, 1.4024657757114494, 1.4690763553789117, 1.4352382086312834, 1.3078676789813133, 1.2336627867197074, 1.2117583717879756, 1.0914323600059634]",PURE_OR,105.2,0.3373957665169981,0.33751659185869975,311.8,311.8,1.0,0.0,0.0,311.8
110,20,0.83,0.2,5,5,6,5.5,5.5,0.19,0.5,42,1,[0.2],0.2,0.2442732516826255,10,7.778174593052023,0.1414213562373095,0.7778174593052023,0.1414213562373095,0.17272727272727273,20260927T095930443635Z_577f21e5,2,5760.0,40,True,81,"[0.8592549273600911, 0.6058380411445193, 0.4316697215292379, 0.32461244914431125, 0.29898418014229616, 0.3853292566116986, 0.6184818884427356, 0.9112753545916268, 1.124060711596949, 1.0918553682168552, 1.0519012231472415, 1.0604058710082023, 1.1010962834034748, 1.1484706050156464, 1.2414843039249468, 1.286522046207647, 1.3072562312959182, 1.4024657757114494, 1.4690763553789117, 1.4352382086312834, 1.3078676789813133, 1.2336627867197074, 1.2117583717879756, 1.0914323600059634]",DRL,4306.94619140625,0.7477337137858073,0.7477337121963501,5760.0,,0.0,129.0,5201.9,558.1
110,20,0.83,0.2,5,5,6,5.5,5.5,0.19,0.5,42,1,[0.2],0.2,0.2442732516826255,10,7.778174593052023,0.1414213562373095,0.7778174593052023,0.1414213562373095,0.17272727272727273,20260927T095930443635Z_577f21e5,2,5760.0,40,True,81,"[0.8592549273600911, 0.6058380411445193, 0.4316697215292379, 0.32461244914431125, 0.29898418014229616, 0.3853292566116986, 0.6184818884427356, 0.9112753545916268, 1.124060711596949, 1.0918553682168552, 1.0519012231472415, 1.0604058710082023, 1.1010962834034748, 1.1484706050156464, 1.2414843039249468, 1.286522046207647, 1.3072562312959182, 1.4024657757114494, 1.4690763553789117, 1.4352382086312834, 1.3078676789813133, 1.2336627867197074, 1.2117583717879756, 1.0914323600059634]",HEUR,2863.1171875,0.675390919866956,0.6767184019088746,4239.2,4239.2,1.0,97.0,3086.4,1152.8
110,20,0.83,0.2,5,5,6,5.5,5.5,0.19,0.5,42,1,[0.2],0.2,0.2442732516826255,10,7.778174593052023,0.1414213562373095,0.7778174593052023,0.1414213562373095,0.17272727272727273,20260927T095930443635Z_577f21e5,2,5760.0,40,True,81,"[0.8592549273600911, 0.6058380411445193, 0.4316697215292379, 0.32461244914431125, 0.29898418014229616, 0.3853292566116986, 0.6184818884427356, 0.9112753545916268, 1.124060711596949, 1.0918553682168552, 1.0519012231472415, 1.0604058710082023, 1.1010962834034748, 1.1484706050156464, 1.2414843039249468, 1.286522046207647, 1.3072562312959182, 1.4024657757114494, 1.4690763553789117, 1.4352382086312834, 1.3078676789813133, 1.2336627867197074, 1.2117583717879756, 1.0914323600059634]",HEUR_VOR,1165.5493408203124,0.7183663117536595,0.7178720712661744,1622.5,1622.5,1.0,40.6,1240.0,382.5
110,20,0.83,0.2,5,5,6,5.5,5.5,0.19,0.5,42,1,[0.2],0.2,0.2442732516826255,10,7.778174593052023,0.1414213562373095,0.7778174593052023,0.1414213562373095,0.17272727272727273,20260927T095930443635Z_577f21e5,2,5760.0,40,True,81,"[0.8592549273600911, 0.6058380411445193, 0.4316697215292379, 0.32461244914431125, 0.29898418014229616, 0.3853292566116986, 0.6184818884427356, 0.9112753545916268, 1.124060711596949, 1.0918553682168552, 1.0519012231472415, 1.0604058710082023, 1.1010962834034748, 1.1484706050156464, 1.2414843039249468, 1.286522046207647, 1.3072562312959182, 1.4024657757114494, 1.4690763553789117, 1.4352382086312834, 1.3078676789813133, 1.2336627867197074, 1.2117583717879756, 1.0914323600059634]",FOUR_ZONE,150.7087890625,0.4030724500200588,0.40307159423828126,373.9,373.9,1.0,1.6,49.1,324.8
110,20,0.83,0.2,5,5,6,5.5,5.5,0.19,0.5,42,1,[0.2],0.2,0.2442732516826255,10,7.778174593052023,0.1414213562373095,0.7778174593052023,0.1414213562373095,0.17272727272727273,20260927T095930443635Z_577f21e5,2,5760.0,40,True,81,"[0.8592549273600911, 0.6058380411445193, 0.4316697215292379, 0.32461244914431125, 0.29898418014229616, 0.3853292566116986, 0.6184818884427356, 0.9112753545916268, 1.124060711596949, 1.0918553682168552, 1.0519012231472415, 1.0604058710082023, 1.1010962834034748, 1.1484706050156464, 1.2414843039249468, 1.286522046207647, 1.3072562312959182, 1.4024657757114494, 1.4690763553789117, 1.4352382086312834, 1.3078676789813133, 1.2336627867197074, 1.2117583717879756, 1.0914323600059634]",PURE,105.2,0.3001426533523538,0.30346051279269637,350.5,350.5,1.0,0.0,0.0,350.5
110,20,0.83,0.2,5,5,6,5.5,5.5,0.19,0.5,42,1,[0.2],0.2,0.2442732516826255,10,7.778174593052023,0.1414213562373095,0.7778174593052023,0.1414213562373095,0.17272727272727273,20260927T095930443635Z_577f21e5,2,5760.0,40,True,81,"[0.8592549273600911, 0.6058380411445193, 0.4316697215292379, 0.32461244914431125, 0.29898418014229616, 0.3853292566116986, 0.6184818884427356, 0.9112753545916268, 1.124060711596949, 1.0918553682168552, 1.0519012231472415, 1.0604058710082023, 1.1010962834034748, 1.1484706050156464, 1.2414843039249468, 1.286522046207647, 1.3072562312959182, 1.4024657757114494, 1.4690763553789117, 1.4352382086312834, 1.3078676789813133, 1.2336627867197074, 1.2117583717879756, 1.0914323600059634]",PURE_OR,105.2,0.34278266536331053,0.34290676637664524,306.9,306.9,1.0,0.0,0.0,306.9
111,20,0.83,0.3,5,5,6,5.5,5.5,0.19,0.5,42,1,"[0.3, 0.4]",0.2442732516826255,0.2442732516826255,10,7.778174593052023,0.21213203435596423,1.1667261889578033,0.17272727272727273,0.17272727272727273,20260927T095930443635Z_577f21e5,2,5760.0,40,True,81,"[0.8592549273600911, 0.6058380411445193, 0.4316697215292379, 0.32461244914431125, 0.29898418014229616, 0.3853292566116986, 0.6184818884427356, 0.9112753545916268, 1.124060711596949, 1.0918553682168552, 1.0519012231472415, 1.0604058710082023, 1.1010962834034748, 1.1484706050156464, 1.2414843039249468, 1.286522046207647, 1.3072562312959182, 1.4024657757114494, 1.4690763553789117, 1.4352382086312834, 1.3078676789813133, 1.2336627867197074, 1.2117583717879756, 1.0914323600059634]",DRL,4870.50498046875,0.8455737813313802,0.8455737829208374,5760.0,,0.0,154.2,5540.9,219.1
111,20,0.83,0.3,5,5,6,5.5,5.5,0.19,0.5,42,1,"[0.3, 0.4]",0.2442732516826255,0.2442732516826255,10,7.778174593052023,0.21213203435596423,1.1667261889578033,0.17272727272727273,0.17272727272727273,20260927T095930443635Z_577f21e5,2,5760.0,40,True,81,"[0.8592549273600911, 0.6058380411445193, 0.4316697215292379, 0.32461244914431125, 0.29898418014229616, 0.3853292566116986, 0.6184818884427356, 0.9112753545916268, 1.124060711596949, 1.0918553682168552, 1.0519012231472415, 1.0604058710082023, 1.1010962834034748, 1.1484706050156464, 1.2414843039249468, 1.286522046207647, 1.3072562312959182, 1.4024657757114494, 1.4690763553789117, 1.4352382086312834, 1.3078676789813133, 1.2336627867197074, 1.2117583717879756, 1.0914323600059634]",HEUR,3213.453564453125,0.675819378841432,0.6797945737838745,4754.9,4503.625,0.8,109.0,3481.8,1273.1
111,20,0.83,0.3,5,5,6,5.5,5.5,0.19,0.5,42,1,"[0.3, 0.4]",0.2442732516826255,0.2442732516826255,10,7.778174593052023,0.21213203435596423,1.1667261889578033,0.17272727272727273,0.17272727272727273,20260927T095930443635Z_577f21e5,2,5760.0,40,True,81,"[0.8592549273600911, 0.6058380411445193, 0.4316697215292379, 0.32461244914431125, 0.29898418014229616, 0.3853292566116986, 0.6184818884427356, 0.9112753545916268, 1.124060711596949, 1.0918553682168552, 1.0519012231472415, 1.0604058710082023, 1.1010962834034748, 1.1484706050156464, 1.2414843039249468, 1.286522046207647, 1.3072562312959182, 1.4024657757114494, 1.4690763553789117, 1.4352382086312834, 1.3078676789813133, 1.2336627867197074, 1.2117583717879756, 1.0914323600059634]",HEUR_VOR,1441.53056640625,0.755083843908779,0.7547111272811889,1909.1,1909.1,1.0,46.6,1505.9,403.2
111,20,0.83,0.3,5,5,6,5.5,5.5,0.19,0.5,42,1,"[0.3, 0.4]",0.2442732516826255,0.2442732516826255,10,7.778174593052023,0.21213203435596423,1.1667261889578033,0.17272727272727273,0.17272727272727273,20260927T095930443635Z_577f21e5,2,5760.0,40,True,81,"[0.8592549273600911, 0.6058380411445193, 0.4316697215292379, 0.32461244914431125, 0.29898418014229616, 0.3853292566116986, 0.6184818884427356, 0.9112753545916268, 1.124060711596949, 1.0918553682168552, 1.0519012231472415, 1.0604058710082023, 1.1010962834034748, 1.1484706050156464, 1.2414843039249468, 1.286522046207647, 1.3072562312959182, 1.4024657757114494, 1.4690763553789117, 1.4352382086312834, 1.3078676789813133, 1.2336627867197074, 1.2117583717879756, 1.0914323600059634]",FOUR_ZONE,173.45319519042968,0.44704431750110746,0.44180513024330137,388.0,388.0,1.0,2.2,73.7,314.3
111,20,0.83,0.3,5,5,6,5.5,5.5,0.19,0.5,42,1,"[0.3, 0.4]",0.2442732516826255,0.2442732516826255,10,7.778174593052023,0.21213203435596423,1.1667261889578033,0.17272727272727273,0.17272727272727273,20260927T095930443635Z_577f21e5,2,5760.0,40,True,81,"[0.8592549273600911, 0.6058380411445193, 0.4316697215292379, 0.32461244914431125, 0.29898418014229616, 0.3853292566116986, 0.6184818884427356, 0.9112753545916268, 1.124060711596949, 1.0918553682168552, 1.0519012231472415, 1.0604058710082023, 1.1010962834034748, 1.1484706050156464, 1.2414843039249468, 1.286522046207647, 1.3072562312959182, 1.4024657757114494, 1.4690763553789117, 1.4352382086312834, 1.3078676789813133, 1.2336627867197074, 1.2117583717879756, 1.0914323600059634]",PURE,105.2,0.3001426533523538,0.30346051279269637,350.5,350.5,1.0,0.0,0.0,350.5
111,20,0.83,0.3,5,5,6,5.5,5.5,0.19,0.5,42,1,"[0.3, 0.4]",0.2442732516826255,0.2442732516826255,10,7.778174593052023,0.21213203435596423,1.1667261889578033,0.17272727272727273,0.17272727272727273,20260927T095930443635Z_577f21e5,2,5760.0,40,True,81,"[0.8592549273600911, 0.6058380411445193, 0.4316697215292379, 0.32461244914431125, 0.29898418014229616, 0.3853292566116986, 0.6184818884427356, 0.9112753545916268, 1.124060711596949, 1.0918553682168552, 1.0519012231472415, 1.0604058710082023, 1.1010962834034748, 1.1484706050156464, 1.2414843039249468, 1.286522046207647, 1.3072562312959182, 1.4024657757114494, 1.4690763553789117, 1.4352382086312834, 1.3078676789813133, 1.2336627867197074, 1.2117583717879756, 1.0914323600059634]",PURE_OR,105.2,0.34278266536331053,0.34290676637664524,306.9,306.9,1.0,0.0,0.0,306.9
112,20,0.83,0.1,5,5,6,6.0,5.5,0.19,0.5,42,1,[0.1],0.1,0.2442732516826255,10,7.778174593052023,0.07071067811865475,0.38890872965260115,0.07071067811865475,0.17272727272727273,20260927T095930443635Z_577f21e5,2,5760.0,40,True,81,"[0.8592549273600911, 0.6058380411445193, 0.4316697215292379, 0.32461244914431125, 0.29898418014229616, 0.3853292566116986, 0.6184818884427356, 0.9112753545916268, 1.124060711596949, 1.0918553682168552, 1.0519012231472415, 1.0604058710082023, 1.1010962834034748, 1.1484706050156464, 1.2414843039249468, 1.286522046207647, 1.3072562312959182, 1.4024657757114494, 1.4690763553789117, 1.4352382086312834, 1.3078676789813133, 1.2336627867197074, 1.2117583717879756, 1.0914323600059634]",DRL,1982.69375,0.6946583105598767,0.692213237285614,2854.2,2854.2,1.0,59.6,2299.3,554.9
112,20,0.83,0.1,5,5,6,6.0,5.5,0.19,0.5,42,1,[0.1],0.1,0.2442732516826255,10,7.778174593052023,0.07071067811865475,0.38890872965260115,0.07071067811865475,0.17272727272727273,20260927T095930443635Z_577f21e5,2,5760.0,40,True,81,"[0.8592549273600911, 0.6058380411445193, 0.4316697215292379, 0.32461244914431125, 0.29898418014229616, 0.3853292566116986, 0.6184818884427356, 0.9112753545916268, 1.124060711596949, 1.0918553682168552, 1.0519012231472415, 1.0604058710082023, 1.1010962834034748, 1.1484706050156464, 1.2414843039249468, 1.286522046207647, 1.3072562312959182, 1.4024657757114494, 1.4690763553789117, 1.4352382086312834, 1.3078676789813133, 1.2336627867197074, 1.2117583717879756, 1.0914323600059634]",HEUR,1004.9339111328125,0.6208661257462081,0.62220858335495,1618.6,1618.6,1.0,29.2,966.3,652.3
112,20,0.83,0.1,5,5,6,6.0,5.5,0.19,0.5,42,1,[0.1],0.1,0.2442732516826255,10,7.778174593052023,0.07071067811865475,0.38890872965260115,0.07071067811865475,0.17272727272727273,20260927T095930443635Z_577f21e5,2,5760.0,40,True,81,"[0.8592549273600911, 0.6058380411445193, 0.4316697215292379, 0.32461244914431125, 0.29898418014229616, 0.3853292566116986, 0.6184818884427356, 0.9112753545916268, 1.124060711596949, 1.0918553682168552, 1.0519012231472415, 1.0604058710082023, 1.1010962834034748, 1.1484706050156464, 1.2414843039249468, 1.286522046207647, 1.3072562312959182, 1.4024657757114494, 1.4690763553789117, 1.4352382086312834, 1.3078676789813133, 1.2336627867197074, 1.2117583717879756, 1.0914323600059634]",HEUR_VOR,396.984130859375,0.5929561327249814,0.590609335899353,669.5,669.5,1.0,10.6,315.9,353.6
112,20,0.83,0.1,5,5,6,6.0,5.5,0.19,0.5,42,1,[0.1],0.1,0.2442732516826255,10,7.778174593052023,0.07071067811865475,0.38890872965260115,0.07071067811865475,0.17272727272727273,20260927T095930443635Z_577f21e5,2,5760.0,40,True,81,"[0.8592549273600911, 0.6058380411445193, 0.4316697215292379, 0.32461244914431125, 0.29898418014229616, 0.3853292566116986, 0.6184818884427356, 0.9112753545916268, 1.124060711596949, 1.0918553682168552, 1.0519012231472415, 1.0604058710082023, 1.1010962834034748, 1.1484706050156464, 1.2414843039249468, 1.286522046207647, 1.3072562312959182, 1.4024657757114494, 1.4690763553789117, 1.4352382086312834, 1.3078676789813133, 1.2336627867197074, 1.2117583717879756, 1.0914323600059634]",FOUR_ZONE,132.50039672851562,0.3685685583547027,0.37061742288725713,359.5,359.5,1.0,1.0,25.9,333.6
112,20,0.83,0.1,5,5,6,6.0,5.5,0.19,0.5,42,1,[0.1],0.1,0.2442732516826255,10,7.778174593052023,0.07071067811865475,0.38890872965260115,0.07071067811865475,0.17272727272727273,20260927T095930443635Z_577f21e5,2,5760.0,40,True,81,"[0.8592549273600911, 0.6058380411445193, 0.4316697215292379, 0.32461244914431125, 0.29898418014229616, 0.3853292566116986, 0.6184818884427356, 0.9112753545916268, 1.124060711596949, 1.0918553682168552, 1.0519012231472415, 1.0604058710082023, 1.1010962834034748, 1.1484706050156464, 1.2414843039249468, 1.286522046207647, 1.3072562312959182, 1.4024657757114494, 1.4690763553789117, 1.4352382086312834, 1.3078676789813133, 1.2336627867197074, 1.2117583717879756, 1.0914323600059634]",PURE,105.2,0.3001426533523538,0.30346051279269637,350.5,350.5,1.0,0.0,0.0,350.5
112,20,0.83,0.1,5,5,6,6.0,5.5,0.19,0.5,42,1,[0.1],0.1,0.2442732516826255,10,7.778174593052023,0.07071067811865475,0.38890872965260115,0.07071067811865475,0.17272727272727273,20260927T095930443635Z_577f21e5,2,5760.0,40,True,81,"[0.8592549273600911, 0.6058380411445193, 0.4316697215292379, 0.32461244914431125, 0.29898418014229616, 0.3853292566116986, 0.6184818884427356, 0.9112753545916268, 1.124060711596949, 1.0918553682168552, 1.0519012231472415, 1.0604058710082023, 1.1010962834034748, 1.1484706050156464, 1.2414843039249468, 1.286522046207647, 1.3072562312959182, 1.4024657757114494, 1.4690763553789117, 1.4352382086312834, 1.3078676789813133, 1.2336627867197074, 1.2117583717879756, 1.0914323600059634]",PURE_OR,105.2,0.34278266536331053,0.34290676637664524,306.9,306.9,1.0,0.0,0.0,306.9
113,20,0.83,0.2,5,5,6,6.0,5.5,0.19,0.5,42,1,[0.2],0.2,0.2442732516826255,10,7.778174593052023,0.1414213562373095,0.7778174593052023,0.1414213562373095,0.17272727272727273,20260927T095930443635Z_577f21e5,2,5760.0,40,True,81,"[0.8592549273600911, 0.6058380411445193, 0.4316697215292379, 0.32461244914431125, 0.29898418014229616, 0.3853292566116986, 0.6184818884427356, 0.9112753545916268, 1.124060711596949, 1.0918553682168552, 1.0519012231472415, 1.0604058710082023, 1.1010962834034748, 1.1484706050156464, 1.2414843039249468, 1.286522046207647, 1.3072562312959182, 1.4024657757114494, 1.4690763553789117, 1.4352382086312834, 1.3078676789813133, 1.2336627867197074, 1.2117583717879756, 1.0914323600059634]",DRL,5211.75634765625,0.9048188103569879,0.9048187971115113,5760.0,,0.0,160.6,5505.6,254.4
113,20,0.83,0.2,5,5,6,6.0,5.5,0.19,0.5,42,1,[0.2],0.2,0.2442732516826255,10,7.778174593052023,0.1414213562373095,0.7778174593052023,0.1414213562373095,0.17272727272727273,20260927T095930443635Z_577f21e5,2,5760.0,40,True,81,"[0.8592549273600911, 0.6058380411445193, 0.4316697215292379, 0.32461244914431125, 0.29898418014229616, 0.3853292566116986, 0.6184818884427356, 0.9112753545916268, 1.124060711596949, 1.0918553682168552, 1.0519012231472415, 1.0604058710082023, 1.1010962834034748, 1.1484706050156464, 1.2414843039249468, 1.286522046207647, 1.3072562312959182, 1.4024657757114494, 1.4690763553789117, 1.4352382086312834, 1.3078676789813133, 1.2336627867197074, 1.2117583717879756, 1.0914323600059634]",HEUR,3114.0005859375,0.7345726990794254,0.736009132862091,4239.2,4239.2,1.0,97.0,3086.4,1152.8
113,20,0.83,0.2,5,5,6,6.0,5.5,0.19,0.5,42,1,[0.2],0.2,0.2442732516826255,10,7.778174593052023,0.1414213562373095,0.7778174593052023,0.1414213562373095,0.17272727272727273,20260927T095930443635Z_577f21e5,2,5760.0,40,True,81,"[0.8592549273600911, 0.6058380411445193, 0.4316697215292379, 0.32461244914431125, 0.29898418014229616, 0.3853292566116986, 0.6184818884427356, 0.9112753545916268, 1.124060711596949, 1.0918553682168552, 1.0519012231472415, 1.0604058710082023, 1.1010962834034748, 1.1484706050156464, 1.2414843039249468, 1.286522046207647, 1.3072562312959182, 1.4024657757114494, 1.4690763553789117, 1.4352382086312834, 1.3078676789813133, 1.2336627867197074, 1.2117583717879756, 1.0914323600059634]",HEUR_VOR,1261.9278564453125,0.7777675540494993,0.7771946787834167,1622.5,1622.5,1.0,40.6,1240.0,382.5
113,20,0.83,0.2,5,5,6,6.0,5.5,0.19,0.5,42,1,[0.2],0.2,0.2442732516826255,10,7.778174593052023,0.1414213562373095,0.7778174593052023,0.1414213562373095,0.17272727272727273,20260927T095930443635Z_577f21e5,2,5760.0,40,True,81,"[0.8592549273600911, 0.6058380411445193, 0.4316697215292379, 0.32461244914431125, 0.29898418014229616, 0.3853292566116986, 0.6184818884427356, 0.9112753545916268, 1.124060711596949, 1.0918553682168552, 1.0519012231472415, 1.0604058710082023, 1.1010962834034748, 1.1484706050156464, 1.2414843039249468, 1.286522046207647, 1.3072562312959182, 1.4024657757114494, 1.4690763553789117, 1.4352382086312834, 1.3078676789813133, 1.2336627867197074, 1.2117583717879756, 1.0914323600059634]",FOUR_ZONE,154.84598693847656,0.4141374349785412,0.4141829669475555,373.9,373.9,1.0,1.6,49.1,324.8
113,20,0.83,0.2,5,5,6,6.0,5.5,0.19,0.5,42,1,[0.2],0.2,0.2442732516826255,10,7.778174593052023,0.1414213562373095,0.7778174593052023,0.1414213562373095,0.17272727272727273,20260927T095930443635Z_577f21e5,2,5760.0,40,True,81,"[0.8592549273600911, 0.6058380411445193, 0.4316697215292379, 0.32461244914431125, 0.29898418014229616, 0.3853292566116986, 0.6184818884427356, 0.9112753545916268, 1.124060711596949, 1.0918553682168552, 1.0519012231472415, 1.0604058710082023, 1.1010962834034748, 1.1484706050156464, 1.2414843039249468, 1.286522046207647, 1.3072562312959182, 1.4024657757114494, 1.4690763553789117, 1.4352382086312834, 1.3078676789813133, 1.2336627867197074, 1.2117583717879756, 1.0914323600059634]",PURE,105.2,0.3001426533523538,0.30346051279269637,350.5,350.5,1.0,0.0,0.0,350.5
113,20,0.83,0.2,5,5,6,6.0,5.5,0.19,0.5,42,1,[0.2],0.2,0.2442732516826255,10,7.778174593052023,0.1414213562373095,0.7778174593052023,0.1414213562373095,0.17272727272727273,20260927T095930443635Z_577f21e5,2,5760.0,40,True,81,"[0.8592549273600911, 0.6058380411445193, 0.4316697215292379, 0.32461244914431125, 0.29898418014229616, 0.3853292566116986, 0.6184818884427356, 0.9112753545916268, 1.124060711596949, 1.0918553682168552, 1.0519012231472415, 1.0604058710082023, 1.1010962834034748, 1.1484706050156464, 1.2414843039249468, 1.286522046207647, 1.3072562312959182, 1.4024657757114494, 1.4690763553789117, 1.4352382086312834, 1.3078676789813133, 1.2336627867197074, 1.2117583717879756, 1.0914323600059634]",PURE_OR,105.2,0.34278266536331053,0.34290676637664524,306.9,306.9,1.0,0.0,0.0,306.9
114,20,0.83,0.3,5,5,6,6.0,5.5,0.19,0.5,42,1,"[0.3, 0.4]",0.2442732516826255,0.2442732516826255,10,7.778174593052023,0.21213203435596423,1.1667261889578033,0.17272727272727273,0.17272727272727273,20260927T095930443635Z_577f21e5,2,5760.0,40,True,81,"[0.8592549273600911, 0.6058380411445193, 0.4316697215292379, 0.32461244914431125, 0.29898418014229616, 0.3853292566116986, 0.6184818884427356, 0.9112753545916268, 1.124060711596949, 1.0918553682168552, 1.0519012231472415, 1.0604058710082023, 1.1010962834034748, 1.1484706050156464, 1.2414843039249468, 1.286522046207647, 1.3072562312959182, 1.4024657757114494, 1.4690763553789117, 1.4352382086312834, 1.3078676789813133, 1.2336627867197074, 1.2117583717879756, 1.0914323600059634]",DRL,5360.18154296875,0.9305870734320747,0.9305870652198791,5760.0,,0.0,155.8,5560.8,199.2
114,20,0.83,0.3,5,5,6,6.0,5.5,0.19,0.5,42,1,"[0.3, 0.4]",0.2442732516826255,0.2442732516826255,10,7.778174593052023,0.21213203435596423,1.1667261889578033,0.17272727272727273,0.17272727272727273,20260927T095930443635Z_577f21e5,2,5760.0,40,True,81,"[0.8592549273600911, 0.6058380411445193, 0.4316697215292379, 0.32461244914431125, 0.29898418014229616, 0.3853292566116986, 0.6184818884427356, 0.9112753545916268, 1.124060711596949, 1.0918553682168552, 1.0519012231472415, 1.0604058710082023, 1.1010962834034748, 1.1484706050156464, 1.2414843039249468, 1.286522046207647, 1.3072562312959182, 1.4024657757114494, 1.4690763553789117, 1.4352382086312834, 1.3078676789813133, 1.2336627867197074, 1.2117583717879756, 1.0914323600059634]",HEUR,3496.294775390625,0.7353035343310322,0.7396291375160218,4754.9,4503.625,0.8,109.0,3481.8,1273.1
114,20,0.83,0.3,5,5,6,6.0,5.5,0.19,0.5,42,1,"[0.3, 0.4]",0.2442732516826255,0.2442732516826255,10,7.778174593052023,0.21213203435596423,1.1667261889578033,0.17272727272727273,0.17272727272727273,20260927T095930443635Z_577f21e5,2,5760.0,40,True,81,"[0.8592549273600911, 0.6058380411445193, 0.4316697215292379, 0.32461244914431125, 0.29898418014229616, 0.3853292566116986, 0.6184818884427356, 0.9112753545916268, 1.124060711596949, 1.0918553682168552, 1.0519012231472415, 1.0604058710082023, 1.1010962834034748, 1.1484706050156464, 1.2414843039249468, 1.286522046207647, 1.3072562312959182, 1.4024657757114494, 1.4690763553789117, 1.4352382086312834, 1.3078676789813133, 1.2336627867197074, 1.2117583717879756, 1.0914323600059634]",HEUR_VOR,1562.9908203125,0.8187055787085538,0.8182620763778686,1909.1,1909.1,1.0,46.6,1505.9,403.2
114,20,0.83,0.3,5,5,6,6.0,5.5,0.19,0.5,42,1,"[0.3, 0.4]",0.2442732516826255,0.2442732516826255,10,7.778174593052023,0.21213203435596423,1.1667261889578033,0.17272727272727273,0.17272727272727273,20260927T095930443635Z_577f21e5,2,5760.0,40,True,81,"[0.8592549273600911, 0.6058380411445193, 0.4316697215292379, 0.32461244914431125, 0.29898418014229616, 0.3853292566116986, 0.6184818884427356, 0.9112753545916268, 1.124060711596949, 1.0918553682168552, 1.0519012231472415, 1.0604058710082023, 1.1010962834034748, 1.1484706050156464, 1.2414843039249468, 1.286522046207647, 1.3072562312959182, 1.4024657757114494, 1.4690763553789117, 1.4352382086312834, 1.3078676789813133, 1.2336627867197074, 1.2117583717879756, 1.0914323600059634]",FOUR_ZONE,179.65809326171876,0.4630363228394813,0.45722585916519165,388.0,388.0,1.0,2.2,73.7,314.3
114,20,0.83,0.3,5,5,6,6.0,5.5,0.19,0.5,42,1,"[0.3, 0.4]",0.2442732516826255,0.2442732516826255,10,7.778174593052023,0.21213203435596423,1.1667261889578033,0.17272727272727273,0.17272727272727273,20260927T095930443635Z_577f21e5,2,5760.0,40,True,81,"[0.8592549273600911, 0.6058380411445193, 0.4316697215292379, 0.32461244914431125, 0.29898418014229616, 0.3853292566116986, 0.6184818884427356, 0.9112753545916268, 1.124060711596949, 1.0918553682168552, 1.0519012231472415, 1.0604058710082023, 1.1010962834034748, 1.1484706050156464, 1.2414843039249468, 1.286522046207647, 1.3072562312959182, 1.4024657757114494, 1.4690763553789117, 1.4352382086312834, 1.3078676789813133, 1.2336627867197074, 1.2117583717879756, 1.0914323600059634]",PURE,105.2,0.3001426533523538,0.30346051279269637,350.5,350.5,1.0,0.0,0.0,350.5
114,20,0.83,0.3,5,5,6,6.0,5.5,0.19,0.5,42,1,"[0.3, 0.4]",0.2442732516826255,0.2442732516826255,10,7.778174593052023,0.21213203435596423,1.1667261889578033,0.17272727272727273,0.17272727272727273,20260927T095930443635Z_577f21e5,2,5760.0,40,True,81,"[0.8592549273600911, 0.6058380411445193, 0.4316697215292379, 0.32461244914431125, 0.29898418014229616, 0.3853292566116986, 0.6184818884427356, 0.9112753545916268, 1.124060711596949, 1.0918553682168552, 1.0519012231472415, 1.0604058710082023, 1.1010962834034748, 1.1484706050156464, 1.2414843039249468, 1.286522046207647, 1.3072562312959182, 1.4024657757114494, 1.4690763553789117, 1.4352382086312834, 1.3078676789813133, 1.2336627867197074, 1.2117583717879756, 1.0914323600059634]",PURE_OR,105.2,0.34278266536331053,0.34290676637664524,306.9,306.9,1.0,0.0,0.0,306.9
115,20,1.0,0.1,5,5,6,5.5,5.5,0.19,0.5,42,1,[0.1],0.1,0.2442732516826255,10,7.778174593052023,0.07071067811865475,0.38890872965260115,0.07071067811865475,0.17272727272727273,20260927T095930443635Z_577f21e5,2,5760.0,40,True,81,"[0.8592549273600911, 0.6058380411445193, 0.4316697215292379, 0.32461244914431125, 0.29898418014229616, 0.3853292566116986, 0.6184818884427356, 0.9112753545916268, 1.124060711596949, 1.0918553682168552, 1.0519012231472415, 1.0604058710082023, 1.1010962834034748, 1.1484706050156464, 1.2414843039249468, 1.286522046207647, 1.3072562312959182, 1.4024657757114494, 1.4690763553789117, 1.4352382086312834, 1.3078676789813133, 1.2336627867197074, 1.2117583717879756, 1.0914323600059634]",DRL,2855.896240234375,0.608479011448679,0.6155656814575196,4693.5,4426.875,0.8,85.4,3829.6,863.9
115,20,1.0,0.1,5,5,6,5.5,5.5,0.19,0.5,42,1,[0.1],0.1,0.2442732516826255,10,7.778174593052023,0.07071067811865475,0.38890872965260115,0.07071067811865475,0.17272727272727273,20260927T095930443635Z_577f21e5,2,5760.0,40,True,81,"[0.8592549273600911, 0.6058380411445193, 0.4316697215292379, 0.32461244914431125, 0.29898418014229616, 0.3853292566116986, 0.6184818884427356, 0.9112753545916268, 1.124060711596949, 1.0918553682168552, 1.0519012231472415, 1.0604058710082023, 1.1010962834034748, 1.1484706050156464, 1.2414843039249468, 1.286522046207647, 1.3072562312959182, 1.4024657757114494, 1.4690763553789117, 1.4352382086312834, 1.3078676789813133, 1.2336627867197074, 1.2117583717879756, 1.0914323600059634]",HEUR,1059.756787109375,0.6090906299841227,0.6080604314804077,1739.9,1739.9,1.0,32.4,1032.7,707.2
115,20,1.0,0.1,5,5,6,5.5,5.5,0.19,0.5,42,1,[0.1],0.1,0.2442732516826255,10,7.778174593052023,0.07071067811865475,0.38890872965260115,0.07071067811865475,0.17272727272727273,20260927T095930443635Z_577f21e5,2,5760.0,40,True,81,"[0.8592549273600911, 0.6058380411445193, 0.4316697215292379, 0.32461244914431125, 0.29898418014229616, 0.3853292566116986, 0.6184818884427356, 0.9112753545916268, 1.124060711596949, 1.0918553682168552, 1.0519012231472415, 1.0604058710082023, 1.1010962834034748, 1.1484706050156464, 1.2414843039249468, 1.286522046207647, 1.3072562312959182, 1.4024657757114494, 1.4690763553789117, 1.4352382086312834, 1.3078676789813133, 1.2336627867197074, 1.2117583717879756, 1.0914323600059634]",HEUR_VOR,544.2603210449219,0.6170052386860014,0.6009244799613953,882.1,882.1,1.0,15.4,484.5,397.6
115,20,1.0,0.1,5,5,6,5.5,5.5,0.19,0.5,42,1,[0.1],0.1,0.2442732516826255,10,7.778174593052023,0.07071067811865475,0.38890872965260115,0.07071067811865475,0.17272727272727273,20260927T095930443635Z_577f21e5,2,5760.0,40,True,81,"[0.8592549273600911, 0.6058380411445193, 0.4316697215292379, 0.32461244914431125, 0.29898418014229616, 0.3853292566116986, 0.6184818884427356, 0.9112753545916268, 1.124060711596949, 1.0918553682168552, 1.0519012231472415, 1.0604058710082023, 1.1010962834034748, 1.1484706050156464, 1.2414843039249468, 1.286522046207647, 1.3072562312959182, 1.4024657757114494, 1.4690763553789117, 1.4352382086312834, 1.3078676789813133, 1.2336627867197074, 1.2117583717879756, 1.0914323600059634]",FOUR_ZONE,151.14478454589843,0.38745138309638155,0.38194490627142974,390.1,390.1,1.0,0.8,25.1,365.0
115,20,1.0,0.1,5,5,6,5.5,5.5,0.19,0.5,42,1,[0.1],0.1,0.2442732516826255,10,7.778174593052023,0.07071067811865475,0.38890872965260115,0.07071067811865475,0.17272727272727273,20260927T095930443635Z_577f21e5,2,5760.0,40,True,81,"[0.8592549273600911, 0.6058380411445193, 0.4316697215292379, 0.32461244914431125, 0.29898418014229616, 0.3853292566116986, 0.6184818884427356, 0.9112753545916268, 1.124060711596949, 1.0918553682168552, 1.0519012231472415, 1.0604058710082023, 1.1010962834034748, 1.1484706050156464, 1.2414843039249468, 1.286522046207647, 1.3072562312959182, 1.4024657757114494, 1.4690763553789117, 1.4352382086312834, 1.3078676789813133, 1.2336627867197074, 1.2117583717879756, 1.0914323600059634]",PURE,126.4,0.30268199233716475,0.3020488391073032,417.6,417.6,1.0,0.0,0.0,417.6
115,20,1.0,0.1,5,5,6,5.5,5.5,0.19,0.5,42,1,[0.1],0.1,0.2442732516826255,10,7.778174593052023,0.07071067811865475,0.38890872965260115,0.07071067811865475,0.17272727272727273,20260927T095930443635Z_577f21e5,2,5760.0,40,True,81,"[0.8592549273600911, 0.6058380411445193, 0.4316697215292379, 0.32461244914431125, 0.29898418014229616, 0.3853292566116986, 0.6184818884427356, 0.9112753545916268, 1.124060711596949, 1.0918553682168552, 1.0519012231472415, 1.0604058710082023, 1.1010962834034748, 1.1484706050156464, 1.2414843039249468, 1.286522046207647, 1.3072562312959182, 1.4024657757114494, 1.4690763553789117, 1.4352382086312834, 1.3078676789813133, 1.2336627867197074, 1.2117583717879756, 1.0914323600059634]",PURE_OR,126.4,0.3665893271461717,0.36571390797791914,344.8,344.8,1.0,0.0,0.0,344.8
116,20,1.0,0.2,5,5,6,5.5,5.5,0.19,0.5,42,1,[0.2],0.2,0.2442732516826255,10,7.778174593052023,0.1414213562373095,0.7778174593052023,0.1414213562373095,0.17272727272727273,20260927T095930443635Z_577f21e5,2,5760.0,40,True,81,"[0.8592549273600911, 0.6058380411445193, 0.4316697215292379, 0.32461244914431125, 0.29898418014229616, 0.3853292566116986, 0.6184818884427356, 0.9112753545916268, 1.124060711596949, 1.0918553682168552, 1.0519012231472415, 1.0604058710082023, 1.1010962834034748, 1.1484706050156464, 1.2414843039249468, 1.286522046207647, 1.3072562312959182, 1.4024657757114494, 1.4690763553789117, 1.4352382086312834, 1.3078676789813133, 1.2336627867197074, 1.2117583717879756, 1.0914323600059634]",DRL,4763.7982421875,0.8270483059353299,0.8270483016967773,5760.0,,0.0,163.4,5475.6,284.4
116,20,1.0,0.2,5,5,6,5.5,5.5,0.19,0.5,42,1,[0.2],0.2,0.2442732516826255,10,7.778174593052023,0.1414213562373095,0.7778174593052023,0.1414213562373095,0.17272727272727273,20260927T095930443635Z_577f21e5,2,5760.0,40,True,81,"[0.8592549273600911, 0.6058380411445193, 0.4316697215292379, 0.32461244914431125, 0.29898418014229616, 0.3853292566116986, 0.6184818884427356, 0.9112753545916268, 1.124060711596949, 1.0918553682168552, 1.0519012231472415, 1.0604058710082023, 1.1010962834034748, 1.1484706050156464, 1.2414843039249468, 1.286522046207647, 1.3072562312959182, 1.4024657757114494, 1.4690763553789117, 1.4352382086312834, 1.3078676789813133, 1.2336627867197074, 1.2117583717879756, 1.0914323600059634]",HEUR,3236.52841796875,0.6896502062579907,0.6889058113098144,4693.0,4693.0,1.0,105.2,3463.0,1230.0
116,20,1.0,0.2,5,5,6,5.5,5.5,0.19,0.5,42,1,[0.2],0.2,0.2442732516826255,10,7.778174593052023,0.1414213562373095,0.7778174593052023,0.1414213562373095,0.17272727272727273,20260927T095930443635Z_577f21e5,2,5760.0,40,True,81,"[0.8592549273600911, 0.6058380411445193, 0.4316697215292379, 0.32461244914431125, 0.29898418014229616, 0.3853292566116986, 0.6184818884427356, 0.9112753545916268, 1.124060711596949, 1.0918553682168552, 1.0519012231472415, 1.0604058710082023, 1.1010962834034748, 1.1484706050156464, 1.2414843039249468, 1.286522046207647, 1.3072562312959182, 1.4024657757114494, 1.4690763553789117, 1.4352382086312834, 1.3078676789813133, 1.2336627867197074, 1.2117583717879756, 1.0914323600059634]",HEUR_VOR,1359.3944091796875,0.744506494977648,0.7429332613945008,1825.9,1825.9,1.0,42.0,1375.7,450.2
116,20,1.0,0.2,5,5,6,5.5,5.5,0.19,0.5,42,1,[0.2],0.2,0.2442732516826255,10,7.778174593052023,0.1414213562373095,0.7778174593052023,0.1414213562373095,0.17272727272727273,20260927T095930443635Z_577f21e5,2,5760.0,40,True,81,"[0.8592549273600911, 0.6058380411445193, 0.4316697215292379, 0.32461244914431125, 0.29898418014229616, 0.3853292566116986, 0.6184818884427356, 0.9112753545916268, 1.124060711596949, 1.0918553682168552, 1.0519012231472415, 1.0604058710082023, 1.1010962834034748, 1.1484706050156464, 1.2414843039249468, 1.286522046207647, 1.3072562312959182, 1.4024657757114494, 1.4690763553789117, 1.4352382086312834, 1.3078676789813133, 1.2336627867197074, 1.2117583717879756, 1.0914323600059634]",FOUR_ZONE,155.94497985839843,0.39330385840705784,0.3893584349159157,396.5,396.5,1.0,1.0,30.9,365.6
116,20,1.0,0.2,5,5,6,5.5,5.5,0.19,0.5,42,1,[0.2],0.2,0.2442732516826255,10,7.778174593052023,0.1414213562373095,0.7778174593052023,0.1414213562373095,0.17272727272727273,20260927T095930443635Z_577f21e5,2,5760.0,40,True,81,"[0.8592549273600911, 0.6058380411445193, 0.4316697215292379, 0.32461244914431125, 0.29898418014229616, 0.3853292566116986, 0.6184818884427356, 0.9112753545916268, 1.124060711596949, 1.0918553682168552, 1.0519012231472415, 1.0604058710082023, 1.1010962834034748, 1.1484706050156464, 1.2414843039249468, 1.286522046207647, 1.3072562312959182, 1.4024657757114494, 1.4690763553789117, 1.4352382086312834, 1.3078676789813133, 1.2336627867197074, 1.2117583717879756, 1.0914323600059634]",PURE,126.4,0.30268199233716475,0.3020488391073032,417.6,417.6,1.0,0.0,0.0,417.6
116,20,1.0,0.2,5,5,6,5.5,5.5,0.19,0.5,42,1,[0.2],0.2,0.2442732516826255,10,7.778174593052023,0.1414213562373095,0.7778174593052023,0.1414213562373095,0.17272727272727273,20260927T095930443635Z_577f21e5,2,5760.0,40,True,81,"[0.8592549273600911, 0.6058380411445193, 0.4316697215292379, 0.32461244914431125, 0.29898418014229616, 0.3853292566116986, 0.6184818884427356, 0.9112753545916268, 1.124060711596949, 1.0918553682168552, 1.0519012231472415, 1.0604058710082023, 1.1010962834034748, 1.1484706050156464, 1.2414843039249468, 1.286522046207647, 1.3072562312959182, 1.4024657757114494, 1.4690763553789117, 1.4352382086312834, 1.3078676789813133, 1.2336627867197074, 1.2117583717879756, 1.0914323600059634]",PURE_OR,126.4,0.3665893271461717,0.36571390797791914,344.8,344.8,1.0,0.0,0.0,344.8
117,20,1.0,0.3,5,5,6,5.5,5.5,0.19,0.5,42,1,"[0.3, 0.4]",0.2442732516826255,0.2442732516826255,10,7.778174593052023,0.21213203435596423,1.1667261889578033,0.17272727272727273,0.17272727272727273,20260927T095930443635Z_577f21e5,2,5760.0,40,True,81,"[0.8592549273600911, 0.6058380411445193, 0.4316697215292379, 0.32461244914431125, 0.29898418014229616, 0.3853292566116986, 0.6184818884427356, 0.9112753545916268, 1.124060711596949, 1.0918553682168552, 1.0519012231472415, 1.0604058710082023, 1.1010962834034748, 1.1484706050156464, 1.2414843039249468, 1.286522046207647, 1.3072562312959182, 1.4024657757114494, 1.4690763553789117, 1.4352382086312834, 1.3078676789813133, 1.2336627867197074, 1.2117583717879756, 1.0914323600059634]",DRL,4928.50546875,0.855643310546875,0.8556433200836182,5760.0,,0.0,143.4,5492.8,267.2
117,20,1.0,0.3,5,5,6,5.5,5.5,0.19,0.5,42,1,"[0.3, 0.4]",0.2442732516826255,0.2442732516826255,10,7.778174593052023,0.21213203435596423,1.1667261889578033,0.17272727272727273,0.17272727272727273,20260927T095930443635Z_577f21e5,2,5760.0,40,True,81,"[0.8592549273600911, 0.6058380411445193, 0.4316697215292379, 0.32461244914431125, 0.29898418014229616, 0.3853292566116986, 0.6184818884427356, 0.9112753545916268, 1.124060711596949, 1.0918553682168552, 1.0519012231472415, 1.0604058710082023, 1.1010962834034748, 1.1484706050156464, 1.2414843039249468, 1.286522046207647, 1.3072562312959182, 1.4024657757114494, 1.4690763553789117, 1.4352382086312834, 1.3078676789813133, 1.2336627867197074, 1.2117583717879756, 1.0914323600059634]",HEUR,3877.486767578125,0.7169511246746898,0.7151659727096558,5408.3,4880.75,0.4,128.4,4115.4,1292.9
117,20,1.0,0.3,5,5,6,5.5,5.5,0.19,0.5,42,1,"[0.3, 0.4]",0.2442732516826255,0.2442732516826255,10,7.778174593052023,0.21213203435596423,1.1667261889578033,0.17272727272727273,0.17272727272727273,20260927T095930443635Z_577f21e5,2,5760.0,40,True,81,"[0.8592549273600911, 0.6058380411445193, 0.4316697215292379, 0.32461244914431125, 0.29898418014229616, 0.3853292566116986, 0.6184818884427356, 0.9112753545916268, 1.124060711596949, 1.0918553682168552, 1.0519012231472415, 1.0604058710082023, 1.1010962834034748, 1.1484706050156464, 1.2414843039249468, 1.286522046207647, 1.3072562312959182, 1.4024657757114494, 1.4690763553789117, 1.4352382086312834, 1.3078676789813133, 1.2336627867197074, 1.2117583717879756, 1.0914323600059634]",HEUR_VOR,1514.8385009765625,0.7453446668847483,0.7454466104507447,2032.4,2032.4,1.0,50.8,1568.4,464.0
117,20,1.0,0.3,5,5,6,5.5,5.5,0.19,0.5,42,1,"[0.3, 0.4]",0.2442732516826255,0.2442732516826255,10,7.778174593052023,0.21213203435596423,1.1667261889578033,0.17272727272727273,0.17272727272727273,20260927T095930443635Z_577f21e5,2,5760.0,40,True,81,"[0.8592549273600911, 0.6058380411445193, 0.4316697215292379, 0.32461244914431125, 0.29898418014229616, 0.3853292566116986, 0.6184818884427356, 0.9112753545916268, 1.124060711596949, 1.0918553682168552, 1.0519012231472415, 1.0604058710082023, 1.1010962834034748, 1.1484706050156464, 1.2414843039249468, 1.286522046207647, 1.3072562312959182, 1.4024657757114494, 1.4690763553789117, 1.4352382086312834, 1.3078676789813133, 1.2336627867197074, 1.2117583717879756, 1.0914323600059634]",FOUR_ZONE,180.29197692871094,0.43930793598613777,0.4318269431591034,410.4,410.4,1.0,1.8,57.6,352.8
117,20,1.0,0.3,5,5,6,5.5,5.5,0.19,0.5,42,1,"[0.3, 0.4]",0.2442732516826255,0.2442732516826255,10,7.778174593052023,0.21213203435596423,1.1667261889578033,0.17272727272727273,0.17272727272727273,20260927T095930443635Z_577f21e5,2,5760.0,40,True,81,"[0.8592549273600911, 0.6058380411445193, 0.4316697215292379, 0.32461244914431125, 0.29898418014229616, 0.3853292566116986, 0.6184818884427356, 0.9112753545916268, 1.124060711596949, 1.0918553682168552, 1.0519012231472415, 1.0604058710082023, 1.1010962834034748, 1.1484706050156464, 1.2414843039249468, 1.286522046207647, 1.3072562312959182, 1.4024657757114494, 1.4690763553789117, 1.4352382086312834, 1.3078676789813133, 1.2336627867197074, 1.2117583717879756, 1.0914323600059634]",PURE,126.4,0.30268199233716475,0.3020488391073032,417.6,417.6,1.0,0.0,0.0,417.6
117,20,1.0,0.3,5,5,6,5.5,5.5,0.19,0.5,42,1,"[0.3, 0.4]",0.2442732516826255,0.2442732516826255,10,7.778174593052023,0.21213203435596423,1.1667261889578033,0.17272727272727273,0.17272727272727273,20260927T095930443635Z_577f21e5,2,5760.0,40,True,81,"[0.8592549273600911, 0.6058380411445193, 0.4316697215292379, 0.32461244914431125, 0.29898418014229616, 0.3853292566116986, 0.6184818884427356, 0.9112753545916268, 1.124060711596949, 1.0918553682168552, 1.0519012231472415, 1.0604058710082023, 1.1010962834034748, 1.1484706050156464, 1.2414843039249468, 1.286522046207647, 1.3072562312959182, 1.4024657757114494, 1.4690763553789117, 1.4352382086312834, 1.3078676789813133, 1.2336627867197074, 1.2117583717879756, 1.0914323600059634]",PURE_OR,126.4,0.3665893271461717,0.36571390797791914,344.8,344.8,1.0,0.0,0.0,344.8
118,20,1.0,0.1,5,5,6,6.0,5.5,0.19,0.5,42,1,[0.1],0.1,0.2442732516826255,10,7.778174593052023,0.07071067811865475,0.38890872965260115,0.07071067811865475,0.17272727272727273,20260927T095930443635Z_577f21e5,2,5760.0,40,True,81,"[0.8592549273600911, 0.6058380411445193, 0.4316697215292379, 0.32461244914431125, 0.29898418014229616, 0.3853292566116986, 0.6184818884427356, 0.9112753545916268, 1.124060711596949, 1.0918553682168552, 1.0519012231472415, 1.0604058710082023, 1.1010962834034748, 1.1484706050156464, 1.2414843039249468, 1.286522046207647, 1.3072562312959182, 1.4024657757114494, 1.4690763553789117, 1.4352382086312834, 1.3078676789813133, 1.2336627867197074, 1.2117583717879756, 1.0914323600059634]",DRL,2277.168701171875,0.6612180089932562,0.6850393772125244,3443.9,2864.875,0.8,62.8,2698.0,745.9
118,20,1.0,0.1,5,5,6,6.0,5.5,0.19,0.5,42,1,[0.1],0.1,0.2442732516826255,10,7.778174593052023,0.07071067811865475,0.38890872965260115,0.07071067811865475,0.17272727272727273,20260927T095930443635Z_577f21e5,2,5760.0,40,True,81,"[0.8592549273600911, 0.6058380411445193, 0.4316697215292379, 0.32461244914431125, 0.29898418014229616, 0.3853292566116986, 0.6184818884427356, 0.9112753545916268, 1.124060711596949, 1.0918553682168552, 1.0519012231472415, 1.0604058710082023, 1.1010962834034748, 1.1484706050156464, 1.2414843039249468, 1.286522046207647, 1.3072562312959182, 1.4024657757114494, 1.4690763553789117, 1.4352382086312834, 1.3078676789813133, 1.2336627867197074, 1.2117583717879756, 1.0914323600059634]",HEUR,1144.5959228515626,0.6578515563259741,0.6567072033882141,1739.9,1739.9,1.0,32.4,1032.7,707.2
118,20,1.0,0.1,5,5,6,6.0,5.5,0.19,0.5,42,1,[0.1],0.1,0.2442732516826255,10,7.778174593052023,0.07071067811865475,0.38890872965260115,0.07071067811865475,0.17272727272727273,20260927T095930443635Z_577f21e5,2,5760.0,40,True,81,"[0.8592549273600911, 0.6058380411445193, 0.4316697215292379, 0.32461244914431125, 0.29898418014229616, 0.3853292566116986, 0.6184818884427356, 0.9112753545916268, 1.124060711596949, 1.0918553682168552, 1.0519012231472415, 1.0604058710082023, 1.1010962834034748, 1.1484706050156464, 1.2414843039249468, 1.286522046207647, 1.3072562312959182, 1.4024657757114494, 1.4690763553789117, 1.4352382086312834, 1.3078676789813133, 1.2336627867197074, 1.2117583717879756, 1.0914323600059634]",HEUR_VOR,582.2495300292969,0.660072021345989,0.6416792273521423,882.1,882.1,1.0,15.4,484.5,397.6
118,20,1.0,0.1,5,5,6,6.0,5.5,0.19,0.5,42,1,[0.1],0.1,0.2442732516826255,10,7.778174593052023,0.07071067811865475,0.38890872965260115,0.07071067811865475,0.17272727272727273,20260927T095930443635Z_577f21e5,2,5760.0,40,True,81,"[0.8592549273600911, 0.6058380411445193, 0.4316697215292379, 0.32461244914431125, 0.29898418014229616, 0.3853292566116986, 0.6184818884427356, 0.9112753545916268, 1.124060711596949, 1.0918553682168552, 1.0519012231472415, 1.0604058710082023, 1.1010962834034748, 1.1484706050156464, 1.2414843039249468, 1.286522046207647, 1.3072562312959182, 1.4024657757114494, 1.4690763553789117, 1.4352382086312834, 1.3078676789813133, 1.2336627867197074, 1.2117583717879756, 1.0914323600059634]",FOUR_ZONE,153.39431762695312,0.3932179380337173,0.38715794042441437,390.1,390.1,1.0,0.8,25.1,365.0
118,20,1.0,0.1,5,5,6,6.0,5.5,0.19,0.5,42,1,[0.1],0.1,0.2442732516826255,10,7.778174593052023,0.07071067811865475,0.38890872965260115,0.07071067811865475,0.17272727272727273,20260927T095930443635Z_577f21e5,2,5760.0,40,True,81,"[0.8592549273600911, 0.6058380411445193, 0.4316697215292379, 0.32461244914431125, 0.29898418014229616, 0.3853292566116986, 0.6184818884427356, 0.9112753545916268, 1.124060711596949, 1.0918553682168552, 1.0519012231472415, 1.0604058710082023, 1.1010962834034748, 1.1484706050156464, 1.2414843039249468, 1.286522046207647, 1.3072562312959182, 1.4024657757114494, 1.4690763553789117, 1.4352382086312834, 1.3078676789813133, 1.2336627867197074, 1.2117583717879756, 1.0914323600059634]",PURE,126.4,0.30268199233716475,0.3020488391073032,417.6,417.6,1.0,0.0,0.0,417.6
118,20,1.0,0.1,5,5,6,6.0,5.5,0.19,0.5,42,1,[0.1],0.1,0.2442732516826255,10,7.778174593052023,0.07071067811865475,0.38890872965260115,0.07071067811865475,0.17272727272727273,20260927T095930443635Z_577f21e5,2,5760.0,40,True,81,"[0.8592549273600911, 0.6058380411445193, 0.4316697215292379, 0.32461244914431125, 0.29898418014229616, 0.3853292566116986, 0.6184818884427356, 0.9112753545916268, 1.124060711596949, 1.0918553682168552, 1.0519012231472415, 1.0604058710082023, 1.1010962834034748, 1.1484706050156464, 1.2414843039249468, 1.286522046207647, 1.3072562312959182, 1.4024657757114494, 1.4690763553789117, 1.4352382086312834, 1.3078676789813133, 1.2336627867197074, 1.2117583717879756, 1.0914323600059634]",PURE_OR,126.4,0.3665893271461717,0.36571390797791914,344.8,344.8,1.0,0.0,0.0,344.8
119,20,1.0,0.2,5,5,6,6.0,5.5,0.19,0.5,42,1,[0.2],0.2,0.2442732516826255,10,7.778174593052023,0.1414213562373095,0.7778174593052023,0.1414213562373095,0.17272727272727273,20260927T095930443635Z_577f21e5,2,5760.0,40,True,81,"[0.8592549273600911, 0.6058380411445193, 0.4316697215292379, 0.32461244914431125, 0.29898418014229616, 0.3853292566116986, 0.6184818884427356, 0.9112753545916268, 1.124060711596949, 1.0918553682168552, 1.0519012231472415, 1.0604058710082023, 1.1010962834034748, 1.1484706050156464, 1.2414843039249468, 1.286522046207647, 1.3072562312959182, 1.4024657757114494, 1.4690763553789117, 1.4352382086312834, 1.3078676789813133, 1.2336627867197074, 1.2117583717879756, 1.0914323600059634]",DRL,5237.3439453125,0.9092611016167534,0.9092610955238343,5760.0,,0.0,159.2,5506.4,253.6
119,20,1.0,0.2,5,5,6,6.0,5.5,0.19,0.5,42,1,[0.2],0.2,0.2442732516826255,10,7.778174593052023,0.1414213562373095,0.7778174593052023,0.1414213562373095,0.17272727272727273,20260927T095930443635Z_577f21e5,2,5760.0,40,True,81,"[0.8592549273600911, 0.6058380411445193, 0.4316697215292379, 0.32461244914431125, 0.29898418014229616, 0.3853292566116986, 0.6184818884427356, 0.9112753545916268, 1.124060711596949, 1.0918553682168552, 1.0519012231472415, 1.0604058710082023, 1.1010962834034748, 1.1484706050156464, 1.2414843039249468, 1.286522046207647, 1.3072562312959182, 1.4024657757114494, 1.4690763553789117, 1.4352382086312834, 1.3078676789813133, 1.2336627867197074, 1.2117583717879756, 1.0914323600059634]",HEUR,3519.4779296875,0.7499420263557426,0.749097716808319,4693.0,4693.0,1.0,105.2,3463.0,1230.0
119,20,1.0,0.2,5,5,6,6.0,5.5,0.19,0.5,42,1,[0.2],0.2,0.2442732516826255,10,7.778174593052023,0.1414213562373095,0.7778174593052023,0.1414213562373095,0.17272727272727273,20260927T095930443635Z_577f21e5,2,5760.0,40,True,81,"[0.8592549273600911, 0.6058380411445193, 0.4316697215292379, 0.32461244914431125, 0.29898418014229616, 0.3853292566116986, 0.6184818884427356, 0.9112753545916268, 1.124060711596949, 1.0918553682168552, 1.0519012231472415, 1.0604058710082023, 1.1010962834034748, 1.1484706050156464, 1.2414843039249468, 1.286522046207647, 1.3072562312959182, 1.4024657757114494, 1.4690763553789117, 1.4352382086312834, 1.3078676789813133, 1.2336627867197074, 1.2117583717879756, 1.0914323600059634]",HEUR_VOR,1471.462451171875,0.8058833732251903,0.8041006565093994,1825.9,1825.9,1.0,42.0,1375.7,450.2
119,20,1.0,0.2,5,5,6,6.0,5.5,0.19,0.5,42,1,[0.2],0.2,0.2442732516826255,10,7.778174593052023,0.1414213562373095,0.7778174593052023,0.1414213562373095,0.17272727272727273,20260927T095930443635Z_577f21e5,2,5760.0,40,True,81,"[0.8592549273600911, 0.6058380411445193, 0.4316697215292379, 0.32461244914431125, 0.29898418014229616, 0.3853292566116986, 0.6184818884427356, 0.9112753545916268, 1.124060711596949, 1.0918553682168552, 1.0519012231472415, 1.0604058710082023, 1.1010962834034748, 1.1484706050156464, 1.2414843039249468, 1.286522046207647, 1.3072562312959182, 1.4024657757114494, 1.4690763553789117, 1.4352382086312834, 1.3078676789813133, 1.2336627867197074, 1.2117583717879756, 1.0914323600059634]",FOUR_ZONE,158.63089904785156,0.4000779295027782,0.3957278349403298,396.5,396.5,1.0,1.0,30.9,365.6
119,20,1.0,0.2,5,5,6,6.0,5.5,0.19,0.5,42,1,[0.2],0.2,0.2442732516826255,10,7.778174593052023,0.1414213562373095,0.7778174593052023,0.1414213562373095,0.17272727272727273,20260927T095930443635Z_577f21e5,2,5760.0,40,True,81,"[0.8592549273600911, 0.6058380411445193, 0.4316697215292379, 0.32461244914431125, 0.29898418014229616, 0.3853292566116986, 0.6184818884427356, 0.9112753545916268, 1.124060711596949, 1.0918553682168552, 1.0519012231472415, 1.0604058710082023, 1.1010962834034748, 1.1484706050156464, 1.2414843039249468, 1.286522046207647, 1.3072562312959182, 1.4024657757114494, 1.4690763553789117, 1.4352382086312834, 1.3078676789813133, 1.2336627867197074, 1.2117583717879756, 1.0914323600059634]",PURE,126.4,0.30268199233716475,0.3020488391073032,417.6,417.6,1.0,0.0,0.0,417.6
119,20,1.0,0.2,5,5,6,6.0,5.5,0.19,0.5,42,1,[0.2],0.2,0.2442732516826255,10,7.778174593052023,0.1414213562373095,0.7778174593052023,0.1414213562373095,0.17272727272727273,20260927T095930443635Z_577f21e5,2,5760.0,40,True,81,"[0.8592549273600911, 0.6058380411445193, 0.4316697215292379, 0.32461244914431125, 0.29898418014229616, 0.3853292566116986, 0.6184818884427356, 0.9112753545916268, 1.124060711596949, 1.0918553682168552, 1.0519012231472415, 1.0604058710082023, 1.1010962834034748, 1.1484706050156464, 1.2414843039249468, 1.286522046207647, 1.3072562312959182, 1.4024657757114494, 1.4690763553789117, 1.4352382086312834, 1.3078676789813133, 1.2336627867197074, 1.2117583717879756, 1.0914323600059634]",PURE_OR,126.4,0.3665893271461717,0.36571390797791914,344.8,344.8,1.0,0.0,0.0,344.8
120,20,1.0,0.3,5,5,6,6.0,5.5,0.19,0.5,42,1,"[0.3, 0.4]",0.2442732516826255,0.2442732516826255,10,7.778174593052023,0.21213203435596423,1.1667261889578033,0.17272727272727273,0.17272727272727273,20260927T095930443635Z_577f21e5,2,5760.0,40,True,81,"[0.8592549273600911, 0.6058380411445193, 0.4316697215292379, 0.32461244914431125, 0.29898418014229616, 0.3853292566116986, 0.6184818884427356, 0.9112753545916268, 1.124060711596949, 1.0918553682168552, 1.0519012231472415, 1.0604058710082023, 1.1010962834034748, 1.1484706050156464, 1.2414843039249468, 1.286522046207647, 1.3072562312959182, 1.4024657757114494, 1.4690763553789117, 1.4352382086312834, 1.3078676789813133, 1.2336627867197074, 1.2117583717879756, 1.0914323600059634]",DRL,5386.9162109375,0.935228508843316,0.9352285146713257,5760.0,,0.0,155.8,5525.5,234.5
120,20,1.0,0.3,5,5,6,6.0,5.5,0.19,0.5,42,1,"[0.3, 0.4]",0.2442732516826255,0.2442732516826255,10,7.778174593052023,0.21213203435596423,1.1667261889578033,0.17272727272727273,0.17272727272727273,20260927T095930443635Z_577f21e5,2,5760.0,40,True,81,"[0.8592549273600911, 0.6058380411445193, 0.4316697215292379, 0.32461244914431125, 0.29898418014229616, 0.3853292566116986, 0.6184818884427356, 0.9112753545916268, 1.124060711596949, 1.0918553682168552, 1.0519012231472415, 1.0604058710082023, 1.1010962834034748, 1.1484706050156464, 1.2414843039249468, 1.286522046207647, 1.3072562312959182, 1.4024657757114494, 1.4690763553789117, 1.4352382086312834, 1.3078676789813133, 1.2336627867197074, 1.2117583717879756, 1.0914323600059634]",HEUR,4219.29375,0.7801515725828818,0.7782011032104492,5408.3,4880.75,0.4,128.4,4115.4,1292.9
120,20,1.0,0.3,5,5,6,6.0,5.5,0.19,0.5,42,1,"[0.3, 0.4]",0.2442732516826255,0.2442732516826255,10,7.778174593052023,0.21213203435596423,1.1667261889578033,0.17272727272727273,0.17272727272727273,20260927T095930443635Z_577f21e5,2,5760.0,40,True,81,"[0.8592549273600911, 0.6058380411445193, 0.4316697215292379, 0.32461244914431125, 0.29898418014229616, 0.3853292566116986, 0.6184818884427356, 0.9112753545916268, 1.124060711596949, 1.0918553682168552, 1.0519012231472415, 1.0604058710082023, 1.1010962834034748, 1.1484706050156464, 1.2414843039249468, 1.286522046207647, 1.3072562312959182, 1.4024657757114494, 1.4690763553789117, 1.4352382086312834, 1.3078676789813133, 1.2336627867197074, 1.2117583717879756, 1.0914323600059634]",HEUR_VOR,1641.034912109375,0.8074369770268525,0.8075346231460572,2032.4,2032.4,1.0,50.8,1568.4,464.0
120,20,1.0,0.3,5,5,6,6.0,5.5,0.19,0.5,42,1,"[0.3, 0.4]",0.2442732516826255,0.2442732516826255,10,7.778174593052023,0.21213203435596423,1.1667261889578033,0.17272727272727273,0.17272727272727273,20260927T095930443635Z_577f21e5,2,5760.0,40,True,81,"[0.8592549273600911, 0.6058380411445193, 0.4316697215292379, 0.32461244914431125, 0.29898418014229616, 0.3853292566116986, 0.6184818884427356, 0.9112753545916268, 1.124060711596949, 1.0918553682168552, 1.0519012231472415, 1.0604058710082023, 1.1010962834034748, 1.1484706050156464, 1.2414843039249468, 1.286522046207647, 1.3072562312959182, 1.4024657757114494, 1.4690763553789117, 1.4352382086312834, 1.3078676789813133, 1.2336627867197074, 1.2117583717879756, 1.0914323600059634]",FOUR_ZONE,185.1912872314453,0.45124582658734236,0.44298911690711973,410.4,410.4,1.0,1.8,57.6,352.8
120,20,1.0,0.3,5,5,6,6.0,5.5,0.19,0.5,42,1,"[0.3, 0.4]",0.2442732516826255,0.2442732516826255,10,7.778174593052023,0.21213203435596423,1.1667261889578033,0.17272727272727273,0.17272727272727273,20260927T095930443635Z_577f21e5,2,5760.0,40,True,81,"[0.8592549273600911, 0.6058380411445193, 0.4316697215292379, 0.32461244914431125, 0.29898418014229616, 0.3853292566116986, 0.6184818884427356, 0.9112753545916268, 1.124060711596949, 1.0918553682168552, 1.0519012231472415, 1.0604058710082023, 1.1010962834034748, 1.1484706050156464, 1.2414843039249468, 1.286522046207647, 1.3072562312959182, 1.4024657757114494, 1.4690763553789117, 1.4352382086312834, 1.3078676789813133, 1.2336627867197074, 1.2117583717879756, 1.0914323600059634]",PURE,126.4,0.30268199233716475,0.3020488391073032,417.6,417.6,1.0,0.0,0.0,417.6
120,20,1.0,0.3,5,5,6,6.0,5.5,0.19,0.5,42,1,"[0.3, 0.4]",0.2442732516826255,0.2442732516826255,10,7.778174593052023,0.21213203435596423,1.1667261889578033,0.17272727272727273,0.17272727272727273,20260927T095930443635Z_577f21e5,2,5760.0,40,True,81,"[0.8592549273600911, 0.6058380411445193, 0.4316697215292379, 0.32461244914431125, 0.29898418014229616, 0.3853292566116986, 0.6184818884427356, 0.9112753545916268, 1.124060711596949, 1.0918553682168552, 1.0519012231472415, 1.0604058710082023, 1.1010962834034748, 1.1484706050156464, 1.2414843039249468, 1.286522046207647, 1.3072562312959182, 1.4024657757114494, 1.4690763553789117, 1.4352382086312834, 1.3078676789813133, 1.2336627867197074, 1.2117583717879756, 1.0914323600059634]",PURE_OR,126.4,0.3665893271461717,0.36571390797791914,344.8,344.8,1.0,0.0,0.0,344.8
121,30,0.33,0.1,5,5,6,5.5,5.5,0.19,0.5,42,1,[0.1],0.1,0.2442732516826255,10,7.778174593052023,0.07071067811865475,0.38890872965260115,0.07071067811865475,0.17272727272727273,20260927T095930443635Z_577f21e5,2,5760.0,40,True,81,"[0.8592549273600911, 0.6058380411445193, 0.4316697215292379, 0.32461244914431125, 0.29898418014229616, 0.3853292566116986, 0.6184818884427356, 0.9112753545916268, 1.124060711596949, 1.0918553682168552, 1.0519012231472415, 1.0604058710082023, 1.1010962834034748, 1.1484706050156464, 1.2414843039249468, 1.286522046207647, 1.3072562312959182, 1.4024657757114494, 1.4690763553789117, 1.4352382086312834, 1.3078676789813133, 1.2336627867197074, 1.2117583717879756, 1.0914323600059634]",DRL,1871.1267456054688,0.6038035256398944,0.6049475550651551,3098.9,3098.9,1.0,62.2,2659.4,439.5
121,30,0.33,0.1,5,5,6,5.5,5.5,0.19,0.5,42,1,[0.1],0.1,0.2442732516826255,10,7.778174593052023,0.07071067811865475,0.38890872965260115,0.07071067811865475,0.17272727272727273,20260927T095930443635Z_577f21e5,2,5760.0,40,True,81,"[0.8592549273600911, 0.6058380411445193, 0.4316697215292379, 0.32461244914431125, 0.29898418014229616, 0.3853292566116986, 0.6184818884427356, 0.9112753545916268, 1.124060711596949, 1.0918553682168552, 1.0519012231472415, 1.0604058710082023, 1.1010962834034748, 1.1484706050156464, 1.2414843039249468, 1.286522046207647, 1.3072562312959182, 1.4024657757114494, 1.4690763553789117, 1.4352382086312834, 1.3078676789813133, 1.2336627867197074, 1.2117583717879756, 1.0914323600059634]",HEUR,490.2478820800781,0.5581146198543695,0.535038948059082,878.4,878.4,1.0,16.8,542.2,336.2
121,30,0.33,0.1,5,5,6,5.5,5.5,0.19,0.5,42,1,[0.1],0.1,0.2442732516826255,10,7.778174593052023,0.07071067811865475,0.38890872965260115,0.07071067811865475,0.17272727272727273,20260927T095930443635Z_577f21e5,2,5760.0,40,True,81,"[0.8592549273600911, 0.6058380411445193, 0.4316697215292379, 0.32461244914431125, 0.29898418014229616, 0.3853292566116986, 0.6184818884427356, 0.9112753545916268, 1.124060711596949, 1.0918553682168552, 1.0519012231472415, 1.0604058710082023, 1.1010962834034748, 1.1484706050156464, 1.2414843039249468, 1.286522046207647, 1.3072562312959182, 1.4024657757114494, 1.4690763553789117, 1.4352382086312834, 1.3078676789813133, 1.2336627867197074, 1.2117583717879756, 1.0914323600059634]",HEUR_VOR,216.75875854492188,0.4907375108556076,0.48992560505867006,441.7,441.7,1.0,6.6,197.8,243.9
121,30,0.33,0.1,5,5,6,5.5,5.5,0.19,0.5,42,1,[0.1],0.1,0.2442732516826255,10,7.778174593052023,0.07071067811865475,0.38890872965260115,0.07071067811865475,0.17272727272727273,20260927T095930443635Z_577f21e5,2,5760.0,40,True,81,"[0.8592549273600911, 0.6058380411445193, 0.4316697215292379, 0.32461244914431125, 0.29898418014229616, 0.3853292566116986, 0.6184818884427356, 0.9112753545916268, 1.124060711596949, 1.0918553682168552, 1.0519012231472415, 1.0604058710082023, 1.1010962834034748, 1.1484706050156464, 1.2414843039249468, 1.286522046207647, 1.3072562312959182, 1.4024657757114494, 1.4690763553789117, 1.4352382086312834, 1.3078676789813133, 1.2336627867197074, 1.2117583717879756, 1.0914323600059634]",FOUR_ZONE,71.62223052978516,0.29892416748658246,0.2972247512673223,239.6,239.6,1.0,1.0,29.0,210.6
121,30,0.33,0.1,5,5,6,5.5,5.5,0.19,0.5,42,1,[0.1],0.1,0.2442732516826255,10,7.778174593052023,0.07071067811865475,0.38890872965260115,0.07071067811865475,0.17272727272727273,20260927T095930443635Z_577f21e5,2,5760.0,40,True,81,"[0.8592549273600911, 0.6058380411445193, 0.4316697215292379, 0.32461244914431125, 0.29898418014229616, 0.3853292566116986, 0.6184818884427356, 0.9112753545916268, 1.124060711596949, 1.0918553682168552, 1.0519012231472415, 1.0604058710082023, 1.1010962834034748, 1.1484706050156464, 1.2414843039249468, 1.286522046207647, 1.3072562312959182, 1.4024657757114494, 1.4690763553789117, 1.4352382086312834, 1.3078676789813133, 1.2336627867197074, 1.2117583717879756, 1.0914323600059634]",PURE,43.2,0.1847733105218135,0.18373827772345533,233.8,233.8,1.0,0.0,0.0,233.8
121,30,0.33,0.1,5,5,6,5.5,5.5,0.19,0.5,42,1,[0.1],0.1,0.2442732516826255,10,7.778174593052023,0.07071067811865475,0.38890872965260115,0.07071067811865475,0.17272727272727273,20260927T095930443635Z_577f21e5,2,5760.0,40,True,81,"[0.8592549273600911, 0.6058380411445193, 0.4316697215292379, 0.32461244914431125, 0.29898418014229616, 0.3853292566116986, 0.6184818884427356, 0.9112753545916268, 1.124060711596949, 1.0918553682168552, 1.0519012231472415, 1.0604058710082023, 1.1010962834034748, 1.1484706050156464, 1.2414843039249468, 1.286522046207647, 1.3072562312959182, 1.4024657757114494, 1.4690763553789117, 1.4352382086312834, 1.3078676789813133, 1.2336627867197074, 1.2117583717879756, 1.0914323600059634]",PURE_OR,43.2,0.2169763937719739,0.2154468511187857,199.1,199.1,1.0,0.0,0.0,199.1
122,30,0.33,0.2,5,5,6,5.5,5.5,0.19,0.5,42,1,[0.2],0.2,0.2442732516826255,10,7.778174593052023,0.1414213562373095,0.7778174593052023,0.1414213562373095,0.17272727272727273,20260927T095930443635Z_577f21e5,2,5760.0,40,True,81,"[0.8592549273600911, 0.6058380411445193, 0.4316697215292379, 0.32461244914431125, 0.29898418014229616, 0.3853292566116986, 0.6184818884427356, 0.9112753545916268, 1.124060711596949, 1.0918553682168552, 1.0519012231472415, 1.0604058710082023, 1.1010962834034748, 1.1484706050156464, 1.2414843039249468, 1.286522046207647, 1.3072562312959182, 1.4024657757114494, 1.4690763553789117, 1.4352382086312834, 1.3078676789813133, 1.2336627867197074, 1.2117583717879756, 1.0914323600059634]",DRL,4547.69501953125,0.7895303853352864,0.7895303845405579,5760.0,,0.0,156.0,5609.3,150.7
122,30,0.33,0.2,5,5,6,5.5,5.5,0.19,0.5,42,1,[0.2],0.2,0.2442732516826255,10,7.778174593052023,0.1414213562373095,0.7778174593052023,0.1414213562373095,0.17272727272727273,20260927T095930443635Z_577f21e5,2,5760.0,40,True,81,"[0.8592549273600911, 0.6058380411445193, 0.4316697215292379, 0.32461244914431125, 0.29898418014229616, 0.3853292566116986, 0.6184818884427356, 0.9112753545916268, 1.124060711596949, 1.0918553682168552, 1.0519012231472415, 1.0604058710082023, 1.1010962834034748, 1.1484706050156464, 1.2414843039249468, 1.286522046207647, 1.3072562312959182, 1.4024657757114494, 1.4690763553789117, 1.4352382086312834, 1.3078676789813133, 1.2336627867197074, 1.2117583717879756, 1.0914323600059634]",HEUR,1800.2018310546875,0.6515860109507339,0.6486202239990234,2762.8,2762.8,1.0,58.2,1980.1,782.7
122,30,0.33,0.2,5,5,6,5.5,5.5,0.19,0.5,42,1,[0.2],0.2,0.2442732516826255,10,7.778174593052023,0.1414213562373095,0.7778174593052023,0.1414213562373095,0.17272727272727273,20260927T095930443635Z_577f21e5,2,5760.0,40,True,81,"[0.8592549273600911, 0.6058380411445193, 0.4316697215292379, 0.32461244914431125, 0.29898418014229616, 0.3853292566116986, 0.6184818884427356, 0.9112753545916268, 1.124060711596949, 1.0918553682168552, 1.0519012231472415, 1.0604058710082023, 1.1010962834034748, 1.1484706050156464, 1.2414843039249468, 1.286522046207647, 1.3072562312959182, 1.4024657757114494, 1.4690763553789117, 1.4352382086312834, 1.3078676789813133, 1.2336627867197074, 1.2117583717879756, 1.0914323600059634]",HEUR_VOR,720.7291748046875,0.6828319988675391,0.6788717865943908,1055.5,1055.5,1.0,24.6,793.4,262.1
122,30,0.33,0.2,5,5,6,5.5,5.5,0.19,0.5,42,1,[0.2],0.2,0.2442732516826255,10,7.778174593052023,0.1414213562373095,0.7778174593052023,0.1414213562373095,0.17272727272727273,20260927T095930443635Z_577f21e5,2,5760.0,40,True,81,"[0.8592549273600911, 0.6058380411445193, 0.4316697215292379, 0.32461244914431125, 0.29898418014229616, 0.3853292566116986, 0.6184818884427356, 0.9112753545916268, 1.124060711596949, 1.0918553682168552, 1.0519012231472415, 1.0604058710082023, 1.1010962834034748, 1.1484706050156464, 1.2414843039249468, 1.286522046207647, 1.3072562312959182, 1.4024657757114494, 1.4690763553789117, 1.4352382086312834, 1.3078676789813133, 1.2336627867197074, 1.2117583717879756, 1.0914323600059634]",FOUR_ZONE,118.1479736328125,0.42668101709213613,0.42011913657188416,276.9,276.9,1.0,2.2,78.4,198.5
122,30,0.33,0.2,5,5,6,5.5,5.5,0.19,0.5,42,1,[0.2],0.2,0.2442732516826255,10,7.778174593052023,0.1414213562373095,0.7778174593052023,0.1414213562373095,0.17272727272727273,20260927T095930443635Z_577f21e5,2,5760.0,40,True,81,"[0.8592549273600911, 0.6058380411445193, 0.4316697215292379, 0.32461244914431125, 0.29898418014229616, 0.3853292566116986, 0.6184818884427356, 0.9112753545916268, 1.124060711596949, 1.0918553682168552, 1.0519012231472415, 1.0604058710082023, 1.1010962834034748, 1.1484706050156464, 1.2414843039249468, 1.286522046207647, 1.3072562312959182, 1.4024657757114494, 1.4690763553789117, 1.4352382086312834, 1.3078676789813133, 1.2336627867197074, 1.2117583717879756, 1.0914323600059634]",PURE,43.2,0.1847733105218135,0.18373827772345533,233.8,233.8,1.0,0.0,0.0,233.8
122,30,0.33,0.2,5,5,6,5.5,5.5,0.19,0.5,42,1,[0.2],0.2,0.2442732516826255,10,7.778174593052023,0.1414213562373095,0.7778174593052023,0.1414213562373095,0.17272727272727273,20260927T095930443635Z_577f21e5,2,5760.0,40,True,81,"[0.8592549273600911, 0.6058380411445193, 0.4316697215292379, 0.32461244914431125, 0.29898418014229616, 0.3853292566116986, 0.6184818884427356, 0.9112753545916268, 1.124060711596949, 1.0918553682168552, 1.0519012231472415, 1.0604058710082023, 1.1010962834034748, 1.1484706050156464, 1.2414843039249468, 1.286522046207647, 1.3072562312959182, 1.4024657757114494, 1.4690763553789117, 1.4352382086312834, 1.3078676789813133, 1.2336627867197074, 1.2117583717879756, 1.0914323600059634]",PURE_OR,43.2,0.2169763937719739,0.2154468511187857,199.1,199.1,1.0,0.0,0.0,199.1
123,30,0.33,0.3,5,5,6,5.5,5.5,0.19,0.5,42,1,"[0.3, 0.4]",0.2442732516826255,0.2442732516826255,10,7.778174593052023,0.21213203435596423,1.1667261889578033,0.17272727272727273,0.17272727272727273,20260927T095930443635Z_577f21e5,2,5760.0,40,True,81,"[0.8592549273600911, 0.6058380411445193, 0.4316697215292379, 0.32461244914431125, 0.29898418014229616, 0.3853292566116986, 0.6184818884427356, 0.9112753545916268, 1.124060711596949, 1.0918553682168552, 1.0519012231472415, 1.0604058710082023, 1.1010962834034748, 1.1484706050156464, 1.2414843039249468, 1.286522046207647, 1.3072562312959182, 1.4024657757114494, 1.4690763553789117, 1.4352382086312834, 1.3078676789813133, 1.2336627867197074, 1.2117583717879756, 1.0914323600059634]",DRL,4670.4626953125,0.8108442179361979,0.8108442068099976,5760.0,,0.0,159.6,5647.7,112.3
123,30,0.33,0.3,5,5,6,5.5,5.5,0.19,0.5,42,1,"[0.3, 0.4]",0.2442732516826255,0.2442732516826255,10,7.778174593052023,0.21213203435596423,1.1667261889578033,0.17272727272727273,0.17272727272727273,20260927T095930443635Z_577f21e5,2,5760.0,40,True,81,"[0.8592549273600911, 0.6058380411445193, 0.4316697215292379, 0.32461244914431125, 0.29898418014229616, 0.3853292566116986, 0.6184818884427356, 0.9112753545916268, 1.124060711596949, 1.0918553682168552, 1.0519012231472415, 1.0604058710082023, 1.1010962834034748, 1.1484706050156464, 1.2414843039249468, 1.286522046207647, 1.3072562312959182, 1.4024657757114494, 1.4690763553789117, 1.4352382086312834, 1.3078676789813133, 1.2336627867197074, 1.2117583717879756, 1.0914323600059634]",HEUR,2182.3115478515624,0.6575208038118597,0.6546474099159241,3319.0,3319.0,1.0,74.4,2398.4,920.6
123,30,0.33,0.3,5,5,6,5.5,5.5,0.19,0.5,42,1,"[0.3, 0.4]",0.2442732516826255,0.2442732516826255,10,7.778174593052023,0.21213203435596423,1.1667261889578033,0.17272727272727273,0.17272727272727273,20260927T095930443635Z_577f21e5,2,5760.0,40,True,81,"[0.8592549273600911, 0.6058380411445193, 0.4316697215292379, 0.32461244914431125, 0.29898418014229616, 0.3853292566116986, 0.6184818884427356, 0.9112753545916268, 1.124060711596949, 1.0918553682168552, 1.0519012231472415, 1.0604058710082023, 1.1010962834034748, 1.1484706050156464, 1.2414843039249468, 1.286522046207647, 1.3072562312959182, 1.4024657757114494, 1.4690763553789117, 1.4352382086312834, 1.3078676789813133, 1.2336627867197074, 1.2117583717879756, 1.0914323600059634]",HEUR_VOR,899.0702758789063,0.6918586193758417,0.6904410600662232,1299.5,1299.5,1.0,31.2,995.8,303.7
123,30,0.33,0.3,5,5,6,5.5,5.5,0.19,0.5,42,1,"[0.3, 0.4]",0.2442732516826255,0.2442732516826255,10,7.778174593052023,0.21213203435596423,1.1667261889578033,0.17272727272727273,0.17272727272727273,20260927T095930443635Z_577f21e5,2,5760.0,40,True,81,"[0.8592549273600911, 0.6058380411445193, 0.4316697215292379, 0.32461244914431125, 0.29898418014229616, 0.3853292566116986, 0.6184818884427356, 0.9112753545916268, 1.124060711596949, 1.0918553682168552, 1.0519012231472415, 1.0604058710082023, 1.1010962834034748, 1.1484706050156464, 1.2414843039249468, 1.286522046207647, 1.3072562312959182, 1.4024657757114494, 1.4690763553789117, 1.4352382086312834, 1.3078676789813133, 1.2336627867197074, 1.2117583717879756, 1.0914323600059634]",FOUR_ZONE,118.78940124511719,0.4222872422506832,0.4215314030647278,281.3,281.3,1.0,2.2,80.2,201.1
123,30,0.33,0.3,5,5,6,5.5,5.5,0.19,0.5,42,1,"[0.3, 0.4]",0.2442732516826255,0.2442732516826255,10,7.778174593052023,0.21213203435596423,1.1667261889578033,0.17272727272727273,0.17272727272727273,20260927T095930443635Z_577f21e5,2,5760.0,40,True,81,"[0.8592549273600911, 0.6058380411445193, 0.4316697215292379, 0.32461244914431125, 0.29898418014229616, 0.3853292566116986, 0.6184818884427356, 0.9112753545916268, 1.124060711596949, 1.0918553682168552, 1.0519012231472415, 1.0604058710082023, 1.1010962834034748, 1.1484706050156464, 1.2414843039249468, 1.286522046207647, 1.3072562312959182, 1.4024657757114494, 1.4690763553789117, 1.4352382086312834, 1.3078676789813133, 1.2336627867197074, 1.2117583717879756, 1.0914323600059634]",PURE,43.2,0.1847733105218135,0.18373827772345533,233.8,233.8,1.0,0.0,0.0,233.8
123,30,0.33,0.3,5,5,6,5.5,5.5,0.19,0.5,42,1,"[0.3, 0.4]",0.2442732516826255,0.2442732516826255,10,7.778174593052023,0.21213203435596423,1.1667261889578033,0.17272727272727273,0.17272727272727273,20260927T095930443635Z_577f21e5,2,5760.0,40,True,81,"[0.8592549273600911, 0.6058380411445193, 0.4316697215292379, 0.32461244914431125, 0.29898418014229616, 0.3853292566116986, 0.6184818884427356, 0.9112753545916268, 1.124060711596949, 1.0918553682168552, 1.0519012231472415, 1.0604058710082023, 1.1010962834034748, 1.1484706050156464, 1.2414843039249468, 1.286522046207647, 1.3072562312959182, 1.4024657757114494, 1.4690763553789117, 1.4352382086312834, 1.3078676789813133, 1.2336627867197074, 1.2117583717879756, 1.0914323600059634]",PURE_OR,43.2,0.2169763937719739,0.2154468511187857,199.1,199.1,1.0,0.0,0.0,199.1
124,30,0.33,0.1,5,5,6,6.0,5.5,0.19,0.5,42,1,[0.1],0.1,0.2442732516826255,10,7.778174593052023,0.07071067811865475,0.38890872965260115,0.07071067811865475,0.17272727272727273,20260927T095930443635Z_577f21e5,2,5760.0,40,True,81,"[0.8592549273600911, 0.6058380411445193, 0.4316697215292379, 0.32461244914431125, 0.29898418014229616, 0.3853292566116986, 0.6184818884427356, 0.9112753545916268, 1.124060711596949, 1.0918553682168552, 1.0519012231472415, 1.0604058710082023, 1.1010962834034748, 1.1484706050156464, 1.2414843039249468, 1.286522046207647, 1.3072562312959182, 1.4024657757114494, 1.4690763553789117, 1.4352382086312834, 1.3078676789813133, 1.2336627867197074, 1.2117583717879756, 1.0914323600059634]",DRL,2418.2968505859376,0.616755126392741,0.6142796039581299,3921.0,2695.0,0.6,75.2,3478.7,442.3
124,30,0.33,0.1,5,5,6,6.0,5.5,0.19,0.5,42,1,[0.1],0.1,0.2442732516826255,10,7.778174593052023,0.07071067811865475,0.38890872965260115,0.07071067811865475,0.17272727272727273,20260927T095930443635Z_577f21e5,2,5760.0,40,True,81,"[0.8592549273600911, 0.6058380411445193, 0.4316697215292379, 0.32461244914431125, 0.29898418014229616, 0.3853292566116986, 0.6184818884427356, 0.9112753545916268, 1.124060711596949, 1.0918553682168552, 1.0519012231472415, 1.0604058710082023, 1.1010962834034748, 1.1484706050156464, 1.2414843039249468, 1.286522046207647, 1.3072562312959182, 1.4024657757114494, 1.4690763553789117, 1.4352382086312834, 1.3078676789813133, 1.2336627867197074, 1.2117583717879756, 1.0914323600059634]",HEUR,530.8875671386719,0.6043801993837339,0.5785365343093872,878.4,878.4,1.0,16.8,542.2,336.2
124,30,0.33,0.1,5,5,6,6.0,5.5,0.19,0.5,42,1,[0.1],0.1,0.2442732516826255,10,7.778174593052023,0.07071067811865475,0.38890872965260115,0.07071067811865475,0.17272727272727273,20260927T095930443635Z_577f21e5,2,5760.0,40,True,81,"[0.8592549273600911, 0.6058380411445193, 0.4316697215292379, 0.32461244914431125, 0.29898418014229616, 0.3853292566116986, 0.6184818884427356, 0.9112753545916268, 1.124060711596949, 1.0918553682168552, 1.0519012231472415, 1.0604058710082023, 1.1010962834034748, 1.1484706050156464, 1.2414843039249468, 1.286522046207647, 1.3072562312959182, 1.4024657757114494, 1.4690763553789117, 1.4352382086312834, 1.3078676789813133, 1.2336627867197074, 1.2117583717879756, 1.0914323600059634]",HEUR_VOR,232.53705749511718,0.5264592653274104,0.5255231916904449,441.7,441.7,1.0,6.6,197.8,243.9
124,30,0.33,0.1,5,5,6,6.0,5.5,0.19,0.5,42,1,[0.1],0.1,0.2442732516826255,10,7.778174593052023,0.07071067811865475,0.38890872965260115,0.07071067811865475,0.17272727272727273,20260927T095930443635Z_577f21e5,2,5760.0,40,True,81,"[0.8592549273600911, 0.6058380411445193, 0.4316697215292379, 0.32461244914431125, 0.29898418014229616, 0.3853292566116986, 0.6184818884427356, 0.9112753545916268, 1.124060711596949, 1.0918553682168552, 1.0519012231472415, 1.0604058710082023, 1.1010962834034748, 1.1484706050156464, 1.2414843039249468, 1.286522046207647, 1.3072562312959182, 1.4024657757114494, 1.4690763553789117, 1.4352382086312834, 1.3078676789813133, 1.2336627867197074, 1.2117583717879756, 1.0914323600059634]",FOUR_ZONE,74.20607452392578,0.3097081574454331,0.3078344376419866,239.6,239.6,1.0,1.0,29.0,210.6
124,30,0.33,0.1,5,5,6,6.0,5.5,0.19,0.5,42,1,[0.1],0.1,0.2442732516826255,10,7.778174593052023,0.07071067811865475,0.38890872965260115,0.07071067811865475,0.17272727272727273,20260927T095930443635Z_577f21e5,2,5760.0,40,True,81,"[0.8592549273600911, 0.6058380411445193, 0.4316697215292379, 0.32461244914431125, 0.29898418014229616, 0.3853292566116986, 0.6184818884427356, 0.9112753545916268, 1.124060711596949, 1.0918553682168552, 1.0519012231472415, 1.0604058710082023, 1.1010962834034748, 1.1484706050156464, 1.2414843039249468, 1.286522046207647, 1.3072562312959182, 1.4024657757114494, 1.4690763553789117, 1.4352382086312834, 1.3078676789813133, 1.2336627867197074, 1.2117583717879756, 1.0914323600059634]",PURE,43.2,0.1847733105218135,0.18373827772345533,233.8,233.8,1.0,0.0,0.0,233.8
124,30,0.33,0.1,5,5,6,6.0,5.5,0.19,0.5,42,1,[0.1],0.1,0.2442732516826255,10,7.778174593052023,0.07071067811865475,0.38890872965260115,0.07071067811865475,0.17272727272727273,20260927T095930443635Z_577f21e5,2,5760.0,40,True,81,"[0.8592549273600911, 0.6058380411445193, 0.4316697215292379, 0.32461244914431125, 0.29898418014229616, 0.3853292566116986, 0.6184818884427356, 0.9112753545916268, 1.124060711596949, 1.0918553682168552, 1.0519012231472415, 1.0604058710082023, 1.1010962834034748, 1.1484706050156464, 1.2414843039249468, 1.286522046207647, 1.3072562312959182, 1.4024657757114494, 1.4690763553789117, 1.4352382086312834, 1.3078676789813133, 1.2336627867197074, 1.2117583717879756, 1.0914323600059634]",PURE_OR,43.2,0.2169763937719739,0.2154468511187857,199.1,199.1,1.0,0.0,0.0,199.1
125,30,0.33,0.2,5,5,6,6.0,5.5,0.19,0.5,42,1,[0.2],0.2,0.2442732516826255,10,7.778174593052023,0.1414213562373095,0.7778174593052023,0.1414213562373095,0.17272727272727273,20260927T095930443635Z_577f21e5,2,5760.0,40,True,81,"[0.8592549273600911, 0.6058380411445193, 0.4316697215292379, 0.32461244914431125, 0.29898418014229616, 0.3853292566116986, 0.6184818884427356, 0.9112753545916268, 1.124060711596949, 1.0918553682168552, 1.0519012231472415, 1.0604058710082023, 1.1010962834034748, 1.1484706050156464, 1.2414843039249468, 1.286522046207647, 1.3072562312959182, 1.4024657757114494, 1.4690763553789117, 1.4352382086312834, 1.3078676789813133, 1.2336627867197074, 1.2117583717879756, 1.0914323600059634]",DRL,5088.72373046875,0.883458980984158,0.8834589958190918,5760.0,,0.0,143.4,5583.8,176.2
125,30,0.33,0.2,5,5,6,6.0,5.5,0.19,0.5,42,1,[0.2],0.2,0.2442732516826255,10,7.778174593052023,0.1414213562373095,0.7778174593052023,0.1414213562373095,0.17272727272727273,20260927T095930443635Z_577f21e5,2,5760.0,40,True,81,"[0.8592549273600911, 0.6058380411445193, 0.4316697215292379, 0.32461244914431125, 0.29898418014229616, 0.3853292566116986, 0.6184818884427356, 0.9112753545916268, 1.124060711596949, 1.0918553682168552, 1.0519012231472415, 1.0604058710082023, 1.1010962834034748, 1.1484706050156464, 1.2414843039249468, 1.286522046207647, 1.3072562312959182, 1.4024657757114494, 1.4690763553789117, 1.4352382086312834, 1.3078676789813133, 1.2336627867197074, 1.2117583717879756, 1.0914323600059634]",HEUR,1959.9150390625,0.7093944690395613,0.7061602354049683,2762.8,2762.8,1.0,58.2,1980.1,782.7
125,30,0.33,0.2,5,5,6,6.0,5.5,0.19,0.5,42,1,[0.2],0.2,0.2442732516826255,10,7.778174593052023,0.1414213562373095,0.7778174593052023,0.1414213562373095,0.17272727272727273,20260927T095930443635Z_577f21e5,2,5760.0,40,True,81,"[0.8592549273600911, 0.6058380411445193, 0.4316697215292379, 0.32461244914431125, 0.29898418014229616, 0.3853292566116986, 0.6184818884427356, 0.9112753545916268, 1.124060711596949, 1.0918553682168552, 1.0519012231472415, 1.0604058710082023, 1.1010962834034748, 1.1484706050156464, 1.2414843039249468, 1.286522046207647, 1.3072562312959182, 1.4024657757114494, 1.4690763553789117, 1.4352382086312834, 1.3078676789813133, 1.2336627867197074, 1.2117583717879756, 1.0914323600059634]",HEUR_VOR,782.3241088867187,0.7411881656908752,0.7368723273277282,1055.5,1055.5,1.0,24.6,793.4,262.1
125,30,0.33,0.2,5,5,6,6.0,5.5,0.19,0.5,42,1,[0.2],0.2,0.2442732516826255,10,7.778174593052023,0.1414213562373095,0.7778174593052023,0.1414213562373095,0.17272727272727273,20260927T095930443635Z_577f21e5,2,5760.0,40,True,81,"[0.8592549273600911, 0.6058380411445193, 0.4316697215292379, 0.32461244914431125, 0.29898418014229616, 0.3853292566116986, 0.6184818884427356, 0.9112753545916268, 1.124060711596949, 1.0918553682168552, 1.0519012231472415, 1.0604058710082023, 1.1010962834034748, 1.1484706050156464, 1.2414843039249468, 1.286522046207647, 1.3072562312959182, 1.4024657757114494, 1.4690763553789117, 1.4352382086312834, 1.3078676789813133, 1.2336627867197074, 1.2117583717879756, 1.0914323600059634]",FOUR_ZONE,124.9615249633789,0.45128755855319214,0.4441887319087982,276.9,276.9,1.0,2.2,78.4,198.5
125,30,0.33,0.2,5,5,6,6.0,5.5,0.19,0.5,42,1,[0.2],0.2,0.2442732516826255,10,7.778174593052023,0.1414213562373095,0.7778174593052023,0.1414213562373095,0.17272727272727273,20260927T095930443635Z_577f21e5,2,5760.0,40,True,81,"[0.8592549273600911, 0.6058380411445193, 0.4316697215292379, 0.32461244914431125, 0.29898418014229616, 0.3853292566116986, 0.6184818884427356, 0.9112753545916268, 1.124060711596949, 1.0918553682168552, 1.0519012231472415, 1.0604058710082023, 1.1010962834034748, 1.1484706050156464, 1.2414843039249468, 1.286522046207647, 1.3072562312959182, 1.4024657757114494, 1.4690763553789117, 1.4352382086312834, 1.3078676789813133, 1.2336627867197074, 1.2117583717879756, 1.0914323600059634]",PURE,43.2,0.1847733105218135,0.18373827772345533,233.8,233.8,1.0,0.0,0.0,233.8
125,30,0.33,0.2,5,5,6,6.0,5.5,0.19,0.5,42,1,[0.2],0.2,0.2442732516826255,10,7.778174593052023,0.1414213562373095,0.7778174593052023,0.1414213562373095,0.17272727272727273,20260927T095930443635Z_577f21e5,2,5760.0,40,True,81,"[0.8592549273600911, 0.6058380411445193, 0.4316697215292379, 0.32461244914431125, 0.29898418014229616, 0.3853292566116986, 0.6184818884427356, 0.9112753545916268, 1.124060711596949, 1.0918553682168552, 1.0519012231472415, 1.0604058710082023, 1.1010962834034748, 1.1484706050156464, 1.2414843039249468, 1.286522046207647, 1.3072562312959182, 1.4024657757114494, 1.4690763553789117, 1.4352382086312834, 1.3078676789813133, 1.2336627867197074, 1.2117583717879756, 1.0914323600059634]",PURE_OR,43.2,0.2169763937719739,0.2154468511187857,199.1,199.1,1.0,0.0,0.0,199.1
126,30,0.33,0.3,5,5,6,6.0,5.5,0.19,0.5,42,1,"[0.3, 0.4]",0.2442732516826255,0.2442732516826255,10,7.778174593052023,0.21213203435596423,1.1667261889578033,0.17272727272727273,0.17272727272727273,20260927T095930443635Z_577f21e5,2,5760.0,40,True,81,"[0.8592549273600911, 0.6058380411445193, 0.4316697215292379, 0.32461244914431125, 0.29898418014229616, 0.3853292566116986, 0.6184818884427356, 0.9112753545916268, 1.124060711596949, 1.0918553682168552, 1.0519012231472415, 1.0604058710082023, 1.1010962834034748, 1.1484706050156464, 1.2414843039249468, 1.286522046207647, 1.3072562312959182, 1.4024657757114494, 1.4690763553789117, 1.4352382086312834, 1.3078676789813133, 1.2336627867197074, 1.2117583717879756, 1.0914323600059634]",DRL,5104.13671875,0.8861348470052083,0.8861348509788514,5760.0,,0.0,146.2,5615.9,144.1
126,30,0.33,0.3,5,5,6,6.0,5.5,0.19,0.5,42,1,"[0.3, 0.4]",0.2442732516826255,0.2442732516826255,10,7.778174593052023,0.21213203435596423,1.1667261889578033,0.17272727272727273,0.17272727272727273,20260927T095930443635Z_577f21e5,2,5760.0,40,True,81,"[0.8592549273600911, 0.6058380411445193, 0.4316697215292379, 0.32461244914431125, 0.29898418014229616, 0.3853292566116986, 0.6184818884427356, 0.9112753545916268, 1.124060711596949, 1.0918553682168552, 1.0519012231472415, 1.0604058710082023, 1.1010962834034748, 1.1484706050156464, 1.2414843039249468, 1.286522046207647, 1.3072562312959182, 1.4024657757114494, 1.4690763553789117, 1.4352382086312834, 1.3078676789813133, 1.2336627867197074, 1.2117583717879756, 1.0914323600059634]",HEUR,2376.825732421875,0.7161270661108391,0.712982964515686,3319.0,3319.0,1.0,74.4,2398.4,920.6
126,30,0.33,0.3,5,5,6,6.0,5.5,0.19,0.5,42,1,"[0.3, 0.4]",0.2442732516826255,0.2442732516826255,10,7.778174593052023,0.21213203435596423,1.1667261889578033,0.17272727272727273,0.17272727272727273,20260927T095930443635Z_577f21e5,2,5760.0,40,True,81,"[0.8592549273600911, 0.6058380411445193, 0.4316697215292379, 0.32461244914431125, 0.29898418014229616, 0.3853292566116986, 0.6184818884427356, 0.9112753545916268, 1.124060711596949, 1.0918553682168552, 1.0519012231472415, 1.0604058710082023, 1.1010962834034748, 1.1484706050156464, 1.2414843039249468, 1.286522046207647, 1.3072562312959182, 1.4024657757114494, 1.4690763553789117, 1.4352382086312834, 1.3078676789813133, 1.2336627867197074, 1.2117583717879756, 1.0914323600059634]",HEUR_VOR,976.8716064453125,0.7517288237362928,0.7500763535499573,1299.5,1299.5,1.0,31.2,995.8,303.7
126,30,0.33,0.3,5,5,6,6.0,5.5,0.19,0.5,42,1,"[0.3, 0.4]",0.2442732516826255,0.2442732516826255,10,7.778174593052023,0.21213203435596423,1.1667261889578033,0.17272727272727273,0.17272727272727273,20260927T095930443635Z_577f21e5,2,5760.0,40,True,81,"[0.8592549273600911, 0.6058380411445193, 0.4316697215292379, 0.32461244914431125, 0.29898418014229616, 0.3853292566116986, 0.6184818884427356, 0.9112753545916268, 1.124060711596949, 1.0918553682168552, 1.0519012231472415, 1.0604058710082023, 1.1010962834034748, 1.1484706050156464, 1.2414843039249468, 1.286522046207647, 1.3072562312959182, 1.4024657757114494, 1.4690763553789117, 1.4352382086312834, 1.3078676789813133, 1.2336627867197074, 1.2117583717879756, 1.0914323600059634]",FOUR_ZONE,125.66124420166015,0.44671611874034894,0.4459200441837311,281.3,281.3,1.0,2.2,80.2,201.1
126,30,0.33,0.3,5,5,6,6.0,5.5,0.19,0.5,42,1,"[0.3, 0.4]",0.2442732516826255,0.2442732516826255,10,7.778174593052023,0.21213203435596423,1.1667261889578033,0.17272727272727273,0.17272727272727273,20260927T095930443635Z_577f21e5,2,5760.0,40,True,81,"[0.8592549273600911, 0.6058380411445193, 0.4316697215292379, 0.32461244914431125, 0.29898418014229616, 0.3853292566116986, 0.6184818884427356, 0.9112753545916268, 1.124060711596949, 1.0918553682168552, 1.0519012231472415, 1.0604058710082023, 1.1010962834034748, 1.1484706050156464, 1.2414843039249468, 1.286522046207647, 1.3072562312959182, 1.4024657757114494, 1.4690763553789117, 1.4352382086312834, 1.3078676789813133, 1.2336627867197074, 1.2117583717879756, 1.0914323600059634]",PURE,43.2,0.1847733105218135,0.18373827772345533,233.8,233.8,1.0,0.0,0.0,233.8
126,30,0.33,0.3,5,5,6,6.0,5.5,0.19,0.5,42,1,"[0.3, 0.4]",0.2442732516826255,0.2442732516826255,10,7.778174593052023,0.21213203435596423,1.1667261889578033,0.17272727272727273,0.17272727272727273,20260927T095930443635Z_577f21e5,2,5760.0,40,True,81,"[0.8592549273600911, 0.6058380411445193, 0.4316697215292379, 0.32461244914431125, 0.29898418014229616, 0.3853292566116986, 0.6184818884427356, 0.9112753545916268, 1.124060711596949, 1.0918553682168552, 1.0519012231472415, 1.0604058710082023, 1.1010962834034748, 1.1484706050156464, 1.2414843039249468, 1.286522046207647, 1.3072562312959182, 1.4024657757114494, 1.4690763553789117, 1.4352382086312834, 1.3078676789813133, 1.2336627867197074, 1.2117583717879756, 1.0914323600059634]",PURE_OR,43.2,0.2169763937719739,0.2154468511187857,199.1,199.1,1.0,0.0,0.0,199.1
127,30,0.5,0.1,5,5,6,5.5,5.5,0.19,0.5,42,1,[0.1],0.1,0.2442732516826255,10,7.778174593052023,0.07071067811865475,0.38890872965260115,0.07071067811865475,0.17272727272727273,20260927T095930443635Z_577f21e5,2,5760.0,40,True,81,"[0.8592549273600911, 0.6058380411445193, 0.4316697215292379, 0.32461244914431125, 0.29898418014229616, 0.3853292566116986, 0.6184818884427356, 0.9112753545916268, 1.124060711596949, 1.0918553682168552, 1.0519012231472415, 1.0604058710082023, 1.1010962834034748, 1.1484706050156464, 1.2414843039249468, 1.286522046207647, 1.3072562312959182, 1.4024657757114494, 1.4690763553789117, 1.4352382086312834, 1.3078676789813133, 1.2336627867197074, 1.2117583717879756, 1.0914323600059634]",DRL,2908.005859375,0.6136716524310465,0.6219628810882568,4738.7,4057.8333333333335,0.6,87.6,4068.8,669.9
127,30,0.5,0.1,5,5,6,5.5,5.5,0.19,0.5,42,1,[0.1],0.1,0.2442732516826255,10,7.778174593052023,0.07071067811865475,0.38890872965260115,0.07071067811865475,0.17272727272727273,20260927T095930443635Z_577f21e5,2,5760.0,40,True,81,"[0.8592549273600911, 0.6058380411445193, 0.4316697215292379, 0.32461244914431125, 0.29898418014229616, 0.3853292566116986, 0.6184818884427356, 0.9112753545916268, 1.124060711596949, 1.0918553682168552, 1.0519012231472415, 1.0604058710082023, 1.1010962834034748, 1.1484706050156464, 1.2414843039249468, 1.286522046207647, 1.3072562312959182, 1.4024657757114494, 1.4690763553789117, 1.4352382086312834, 1.3078676789813133, 1.2336627867197074, 1.2117583717879756, 1.0914323600059634]",HEUR,839.2974426269532,0.6207821321205275,0.5997626304626464,1352.0,1352.0,1.0,25.2,877.7,474.3
127,30,0.5,0.1,5,5,6,5.5,5.5,0.19,0.5,42,1,[0.1],0.1,0.2442732516826255,10,7.778174593052023,0.07071067811865475,0.38890872965260115,0.07071067811865475,0.17272727272727273,20260927T095930443635Z_577f21e5,2,5760.0,40,True,81,"[0.8592549273600911, 0.6058380411445193, 0.4316697215292379, 0.32461244914431125, 0.29898418014229616, 0.3853292566116986, 0.6184818884427356, 0.9112753545916268, 1.124060711596949, 1.0918553682168552, 1.0519012231472415, 1.0604058710082023, 1.1010962834034748, 1.1484706050156464, 1.2414843039249468, 1.286522046207647, 1.3072562312959182, 1.4024657757114494, 1.4690763553789117, 1.4352382086312834, 1.3078676789813133, 1.2336627867197074, 1.2117583717879756, 1.0914323600059634]",HEUR_VOR,448.0942687988281,0.6227856411380516,0.6043224394321441,719.5,719.5,1.0,13.4,423.0,296.5
127,30,0.5,0.1,5,5,6,5.5,5.5,0.19,0.5,42,1,[0.1],0.1,0.2442732516826255,10,7.778174593052023,0.07071067811865475,0.38890872965260115,0.07071067811865475,0.17272727272727273,20260927T095930443635Z_577f21e5,2,5760.0,40,True,81,"[0.8592549273600911, 0.6058380411445193, 0.4316697215292379, 0.32461244914431125, 0.29898418014229616, 0.3853292566116986, 0.6184818884427356, 0.9112753545916268, 1.124060711596949, 1.0918553682168552, 1.0519012231472415, 1.0604058710082023, 1.1010962834034748, 1.1484706050156464, 1.2414843039249468, 1.286522046207647, 1.3072562312959182, 1.4024657757114494, 1.4690763553789117, 1.4352382086312834, 1.3078676789813133, 1.2336627867197074, 1.2117583717879756, 1.0914323600059634]",FOUR_ZONE,91.04789581298829,0.3243601560847463,0.3152068432922833,280.7,280.7,1.0,0.8,26.9,253.8
127,30,0.5,0.1,5,5,6,5.5,5.5,0.19,0.5,42,1,[0.1],0.1,0.2442732516826255,10,7.778174593052023,0.07071067811865475,0.38890872965260115,0.07071067811865475,0.17272727272727273,20260927T095930443635Z_577f21e5,2,5760.0,40,True,81,"[0.8592549273600911, 0.6058380411445193, 0.4316697215292379, 0.32461244914431125, 0.29898418014229616, 0.3853292566116986, 0.6184818884427356, 0.9112753545916268, 1.124060711596949, 1.0918553682168552, 1.0519012231472415, 1.0604058710082023, 1.1010962834034748, 1.1484706050156464, 1.2414843039249468, 1.286522046207647, 1.3072562312959182, 1.4024657757114494, 1.4690763553789117, 1.4352382086312834, 1.3078676789813133, 1.2336627867197074, 1.2117583717879756, 1.0914323600059634]",PURE,64.4,0.22877442273534637,0.2272855885843997,281.5,281.5,1.0,0.0,0.0,281.5
127,30,0.5,0.1,5,5,6,5.5,5.5,0.19,0.5,42,1,[0.1],0.1,0.2442732516826255,10,7.778174593052023,0.07071067811865475,0.38890872965260115,0.07071067811865475,0.17272727272727273,20260927T095930443635Z_577f21e5,2,5760.0,40,True,81,"[0.8592549273600911, 0.6058380411445193, 0.4316697215292379, 0.32461244914431125, 0.29898418014229616, 0.3853292566116986, 0.6184818884427356, 0.9112753545916268, 1.124060711596949, 1.0918553682168552, 1.0519012231472415, 1.0604058710082023, 1.1010962834034748, 1.1484706050156464, 1.2414843039249468, 1.286522046207647, 1.3072562312959182, 1.4024657757114494, 1.4690763553789117, 1.4352382086312834, 1.3078676789813133, 1.2336627867197074, 1.2117583717879756, 1.0914323600059634]",PURE_OR,64.4,0.2765135251180764,0.275331215943522,232.9,232.9,1.0,0.0,0.0,232.9
128,30,0.5,0.2,5,5,6,5.5,5.5,0.19,0.5,42,1,[0.2],0.2,0.2442732516826255,10,7.778174593052023,0.1414213562373095,0.7778174593052023,0.1414213562373095,0.17272727272727273,20260927T095930443635Z_577f21e5,2,5760.0,40,True,81,"[0.8592549273600911, 0.6058380411445193, 0.4316697215292379, 0.32461244914431125, 0.29898418014229616, 0.3853292566116986, 0.6184818884427356, 0.9112753545916268, 1.124060711596949, 1.0918553682168552, 1.0519012231472415, 1.0604058710082023, 1.1010962834034748, 1.1484706050156464, 1.2414843039249468, 1.286522046207647, 1.3072562312959182, 1.4024657757114494, 1.4690763553789117, 1.4352382086312834, 1.3078676789813133, 1.2336627867197074, 1.2117583717879756, 1.0914323600059634]",DRL,4539.99560546875,0.7881936815049914,0.788193678855896,5760.0,,0.0,149.2,5515.2,244.8
128,30,0.5,0.2,5,5,6,5.5,5.5,0.19,0.5,42,1,[0.2],0.2,0.2442732516826255,10,7.778174593052023,0.1414213562373095,0.7778174593052023,0.1414213562373095,0.17272727272727273,20260927T095930443635Z_577f21e5,2,5760.0,40,True,81,"[0.8592549273600911, 0.6058380411445193, 0.4316697215292379, 0.32461244914431125, 0.29898418014229616, 0.3853292566116986, 0.6184818884427356, 0.9112753545916268, 1.124060711596949, 1.0918553682168552, 1.0519012231472415, 1.0604058710082023, 1.1010962834034748, 1.1484706050156464, 1.2414843039249468, 1.286522046207647, 1.3072562312959182, 1.4024657757114494, 1.4690763553789117, 1.4352382086312834, 1.3078676789813133, 1.2336627867197074, 1.2117583717879756, 1.0914323600059634]",HEUR,2606.6303466796876,0.6766953132605626,0.6726982235908509,3852.0,3852.0,1.0,87.6,2824.6,1027.4
128,30,0.5,0.2,5,5,6,5.5,5.5,0.19,0.5,42,1,[0.2],0.2,0.2442732516826255,10,7.778174593052023,0.1414213562373095,0.7778174593052023,0.1414213562373095,0.17272727272727273,20260927T095930443635Z_577f21e5,2,5760.0,40,True,81,"[0.8592549273600911, 0.6058380411445193, 0.4316697215292379, 0.32461244914431125, 0.29898418014229616, 0.3853292566116986, 0.6184818884427356, 0.9112753545916268, 1.124060711596949, 1.0918553682168552, 1.0519012231472415, 1.0604058710082023, 1.1010962834034748, 1.1484706050156464, 1.2414843039249468, 1.286522046207647, 1.3072562312959182, 1.4024657757114494, 1.4690763553789117, 1.4352382086312834, 1.3078676789813133, 1.2336627867197074, 1.2117583717879756, 1.0914323600059634]",HEUR_VOR,973.0195922851562,0.7134097751192582,0.6994316458702088,1363.9,1363.9,1.0,32.8,1057.3,306.6
128,30,0.5,0.2,5,5,6,5.5,5.5,0.19,0.5,42,1,[0.2],0.2,0.2442732516826255,10,7.778174593052023,0.1414213562373095,0.7778174593052023,0.1414213562373095,0.17272727272727273,20260927T095930443635Z_577f21e5,2,5760.0,40,True,81,"[0.8592549273600911, 0.6058380411445193, 0.4316697215292379, 0.32461244914431125, 0.29898418014229616, 0.3853292566116986, 0.6184818884427356, 0.9112753545916268, 1.124060711596949, 1.0918553682168552, 1.0519012231472415, 1.0604058710082023, 1.1010962834034748, 1.1484706050156464, 1.2414843039249468, 1.286522046207647, 1.3072562312959182, 1.4024657757114494, 1.4690763553789117, 1.4352382086312834, 1.3078676789813133, 1.2336627867197074, 1.2117583717879756, 1.0914323600059634]",FOUR_ZONE,115.61678466796874,0.37820341729790236,0.36566269656064393,305.7,305.7,1.0,1.8,55.3,250.4
128,30,0.5,0.2,5,5,6,5.5,5.5,0.19,0.5,42,1,[0.2],0.2,0.2442732516826255,10,7.778174593052023,0.1414213562373095,0.7778174593052023,0.1414213562373095,0.17272727272727273,20260927T095930443635Z_577f21e5,2,5760.0,40,True,81,"[0.8592549273600911, 0.6058380411445193, 0.4316697215292379, 0.32461244914431125, 0.29898418014229616, 0.3853292566116986, 0.6184818884427356, 0.9112753545916268, 1.124060711596949, 1.0918553682168552, 1.0519012231472415, 1.0604058710082023, 1.1010962834034748, 1.1484706050156464, 1.2414843039249468, 1.286522046207647, 1.3072562312959182, 1.4024657757114494, 1.4690763553789117, 1.4352382086312834, 1.3078676789813133, 1.2336627867197074, 1.2117583717879756, 1.0914323600059634]",PURE,64.4,0.22877442273534637,0.2272855885843997,281.5,281.5,1.0,0.0,0.0,281.5
128,30,0.5,0.2,5,5,6,5.5,5.5,0.19,0.5,42,1,[0.2],0.2,0.2442732516826255,10,7.778174593052023,0.1414213562373095,0.7778174593052023,0.1414213562373095,0.17272727272727273,20260927T095930443635Z_577f21e5,2,5760.0,40,True,81,"[0.8592549273600911, 0.6058380411445193, 0.4316697215292379, 0.32461244914431125, 0.29898418014229616, 0.3853292566116986, 0.6184818884427356, 0.9112753545916268, 1.124060711596949, 1.0918553682168552, 1.0519012231472415, 1.0604058710082023, 1.1010962834034748, 1.1484706050156464, 1.2414843039249468, 1.286522046207647, 1.3072562312959182, 1.4024657757114494, 1.4690763553789117, 1.4352382086312834, 1.3078676789813133, 1.2336627867197074, 1.2117583717879756, 1.0914323600059634]",PURE_OR,64.4,0.2765135251180764,0.275331215943522,232.9,232.9,1.0,0.0,0.0,232.9
129,30,0.5,0.3,5,5,6,5.5,5.5,0.19,0.5,42,1,"[0.3, 0.4]",0.2442732516826255,0.2442732516826255,10,7.778174593052023,0.21213203435596423,1.1667261889578033,0.17272727272727273,0.17272727272727273,20260927T095930443635Z_577f21e5,2,5760.0,40,True,81,"[0.8592549273600911, 0.6058380411445193, 0.4316697215292379, 0.32461244914431125, 0.29898418014229616, 0.3853292566116986, 0.6184818884427356, 0.9112753545916268, 1.124060711596949, 1.0918553682168552, 1.0519012231472415, 1.0604058710082023, 1.1010962834034748, 1.1484706050156464, 1.2414843039249468, 1.286522046207647, 1.3072562312959182, 1.4024657757114494, 1.4690763553789117, 1.4352382086312834, 1.3078676789813133, 1.2336627867197074, 1.2117583717879756, 1.0914323600059634]",DRL,4836.37734375,0.8396488444010417,0.8396488428115845,5760.0,,0.0,159.2,5655.2,104.8
129,30,0.5,0.3,5,5,6,5.5,5.5,0.19,0.5,42,1,"[0.3, 0.4]",0.2442732516826255,0.2442732516826255,10,7.778174593052023,0.21213203435596423,1.1667261889578033,0.17272727272727273,0.17272727272727273,20260927T095930443635Z_577f21e5,2,5760.0,40,True,81,"[0.8592549273600911, 0.6058380411445193, 0.4316697215292379, 0.32461244914431125, 0.29898418014229616, 0.3853292566116986, 0.6184818884427356, 0.9112753545916268, 1.124060711596949, 1.0918553682168552, 1.0519012231472415, 1.0604058710082023, 1.1010962834034748, 1.1484706050156464, 1.2414843039249468, 1.286522046207647, 1.3072562312959182, 1.4024657757114494, 1.4690763553789117, 1.4352382086312834, 1.3078676789813133, 1.2336627867197074, 1.2117583717879756, 1.0914323600059634]",HEUR,2983.134765625,0.664720969210972,0.6612012505531311,4487.8,4169.75,0.8,102.0,3248.8,1239.0
129,30,0.5,0.3,5,5,6,5.5,5.5,0.19,0.5,42,1,"[0.3, 0.4]",0.2442732516826255,0.2442732516826255,10,7.778174593052023,0.21213203435596423,1.1667261889578033,0.17272727272727273,0.17272727272727273,20260927T095930443635Z_577f21e5,2,5760.0,40,True,81,"[0.8592549273600911, 0.6058380411445193, 0.4316697215292379, 0.32461244914431125, 0.29898418014229616, 0.3853292566116986, 0.6184818884427356, 0.9112753545916268, 1.124060711596949, 1.0918553682168552, 1.0519012231472415, 1.0604058710082023, 1.1010962834034748, 1.1484706050156464, 1.2414843039249468, 1.286522046207647, 1.3072562312959182, 1.4024657757114494, 1.4690763553789117, 1.4352382086312834, 1.3078676789813133, 1.2336627867197074, 1.2117583717879756, 1.0914323600059634]",HEUR_VOR,1068.76064453125,0.7250750641324627,0.7234331130981445,1474.0,1474.0,1.0,37.0,1166.7,307.3
129,30,0.5,0.3,5,5,6,5.5,5.5,0.19,0.5,42,1,"[0.3, 0.4]",0.2442732516826255,0.2442732516826255,10,7.778174593052023,0.21213203435596423,1.1667261889578033,0.17272727272727273,0.17272727272727273,20260927T095930443635Z_577f21e5,2,5760.0,40,True,81,"[0.8592549273600911, 0.6058380411445193, 0.4316697215292379, 0.32461244914431125, 0.29898418014229616, 0.3853292566116986, 0.6184818884427356, 0.9112753545916268, 1.124060711596949, 1.0918553682168552, 1.0519012231472415, 1.0604058710082023, 1.1010962834034748, 1.1484706050156464, 1.2414843039249468, 1.286522046207647, 1.3072562312959182, 1.4024657757114494, 1.4690763553789117, 1.4352382086312834, 1.3078676789813133, 1.2336627867197074, 1.2117583717879756, 1.0914323600059634]",FOUR_ZONE,127.6082550048828,0.40510557144407244,0.40164358019828794,315.0,315.0,1.0,2.2,68.9,246.1
129,30,0.5,0.3,5,5,6,5.5,5.5,0.19,0.5,42,1,"[0.3, 0.4]",0.2442732516826255,0.2442732516826255,10,7.778174593052023,0.21213203435596423,1.1667261889578033,0.17272727272727273,0.17272727272727273,20260927T095930443635Z_577f21e5,2,5760.0,40,True,81,"[0.8592549273600911, 0.6058380411445193, 0.4316697215292379, 0.32461244914431125, 0.29898418014229616, 0.3853292566116986, 0.6184818884427356, 0.9112753545916268, 1.124060711596949, 1.0918553682168552, 1.0519012231472415, 1.0604058710082023, 1.1010962834034748, 1.1484706050156464, 1.2414843039249468, 1.286522046207647, 1.3072562312959182, 1.4024657757114494, 1.4690763553789117, 1.4352382086312834, 1.3078676789813133, 1.2336627867197074, 1.2117583717879756, 1.0914323600059634]",PURE,64.4,0.22877442273534637,0.2272855885843997,281.5,281.5,1.0,0.0,0.0,281.5
129,30,0.5,0.3,5,5,6,5.5,5.5,0.19,0.5,42,1,"[0.3, 0.4]",0.2442732516826255,0.2442732516826255,10,7.778174593052023,0.21213203435596423,1.1667261889578033,0.17272727272727273,0.17272727272727273,20260927T095930443635Z_577f21e5,2,5760.0,40,True,81,"[0.8592549273600911, 0.6058380411445193, 0.4316697215292379, 0.32461244914431125, 0.29898418014229616, 0.3853292566116986, 0.6184818884427356, 0.9112753545916268, 1.124060711596949, 1.0918553682168552, 1.0519012231472415, 1.0604058710082023, 1.1010962834034748, 1.1484706050156464, 1.2414843039249468, 1.286522046207647, 1.3072562312959182, 1.4024657757114494, 1.4690763553789117, 1.4352382086312834, 1.3078676789813133, 1.2336627867197074, 1.2117583717879756, 1.0914323600059634]",PURE_OR,64.4,0.2765135251180764,0.275331215943522,232.9,232.9,1.0,0.0,0.0,232.9
130,30,0.5,0.1,5,5,6,6.0,5.5,0.19,0.5,42,1,[0.1],0.1,0.2442732516826255,10,7.778174593052023,0.07071067811865475,0.38890872965260115,0.07071067811865475,0.17272727272727273,20260927T095930443635Z_577f21e5,2,5760.0,40,True,81,"[0.8592549273600911, 0.6058380411445193, 0.4316697215292379, 0.32461244914431125, 0.29898418014229616, 0.3853292566116986, 0.6184818884427356, 0.9112753545916268, 1.124060711596949, 1.0918553682168552, 1.0519012231472415, 1.0604058710082023, 1.1010962834034748, 1.1484706050156464, 1.2414843039249468, 1.286522046207647, 1.3072562312959182, 1.4024657757114494, 1.4690763553789117, 1.4352382086312834, 1.3078676789813133, 1.2336627867197074, 1.2117583717879756, 1.0914323600059634]",DRL,2968.29423828125,0.6785137811235628,0.6815529465675354,4374.7,4028.375,0.8,88.2,3886.4,488.3
130,30,0.5,0.1,5,5,6,6.0,5.5,0.19,0.5,42,1,[0.1],0.1,0.2442732516826255,10,7.778174593052023,0.07071067811865475,0.38890872965260115,0.07071067811865475,0.17272727272727273,20260927T095930443635Z_577f21e5,2,5760.0,40,True,81,"[0.8592549273600911, 0.6058380411445193, 0.4316697215292379, 0.32461244914431125, 0.29898418014229616, 0.3853292566116986, 0.6184818884427356, 0.9112753545916268, 1.124060711596949, 1.0918553682168552, 1.0519012231472415, 1.0604058710082023, 1.1010962834034748, 1.1484706050156464, 1.2414843039249468, 1.286522046207647, 1.3072562312959182, 1.4024657757114494, 1.4690763553789117, 1.4352382086312834, 1.3078676789813133, 1.2336627867197074, 1.2117583717879756, 1.0914323600059634]",HEUR,909.7342834472656,0.6728803871651373,0.649360466003418,1352.0,1352.0,1.0,25.2,877.7,474.3
130,30,0.5,0.1,5,5,6,6.0,5.5,0.19,0.5,42,1,[0.1],0.1,0.2442732516826255,10,7.778174593052023,0.07071067811865475,0.38890872965260115,0.07071067811865475,0.17272727272727273,20260927T095930443635Z_577f21e5,2,5760.0,40,True,81,"[0.8592549273600911, 0.6058380411445193, 0.4316697215292379, 0.32461244914431125, 0.29898418014229616, 0.3853292566116986, 0.6184818884427356, 0.9112753545916268, 1.124060711596949, 1.0918553682168552, 1.0519012231472415, 1.0604058710082023, 1.1010962834034748, 1.1484706050156464, 1.2414843039249468, 1.286522046207647, 1.3072562312959182, 1.4024657757114494, 1.4690763553789117, 1.4352382086312834, 1.3078676789813133, 1.2336627867197074, 1.2117583717879756, 1.0914323600059634]",HEUR_VOR,482.9787139892578,0.6712699291025126,0.6509382843971252,719.5,719.5,1.0,13.4,423.0,296.5
130,30,0.5,0.1,5,5,6,6.0,5.5,0.19,0.5,42,1,[0.1],0.1,0.2442732516826255,10,7.778174593052023,0.07071067811865475,0.38890872965260115,0.07071067811865475,0.17272727272727273,20260927T095930443635Z_577f21e5,2,5760.0,40,True,81,"[0.8592549273600911, 0.6058380411445193, 0.4316697215292379, 0.32461244914431125, 0.29898418014229616, 0.3853292566116986, 0.6184818884427356, 0.9112753545916268, 1.124060711596949, 1.0918553682168552, 1.0519012231472415, 1.0604058710082023, 1.1010962834034748, 1.1484706050156464, 1.2414843039249468, 1.286522046207647, 1.3072562312959182, 1.4024657757114494, 1.4690763553789117, 1.4352382086312834, 1.3078676789813133, 1.2336627867197074, 1.2117583717879756, 1.0914323600059634]",FOUR_ZONE,93.4704605102539,0.33299059675900927,0.32308940259175234,280.7,280.7,1.0,0.8,26.9,253.8
130,30,0.5,0.1,5,5,6,6.0,5.5,0.19,0.5,42,1,[0.1],0.1,0.2442732516826255,10,7.778174593052023,0.07071067811865475,0.38890872965260115,0.07071067811865475,0.17272727272727273,20260927T095930443635Z_577f21e5,2,5760.0,40,True,81,"[0.8592549273600911, 0.6058380411445193, 0.4316697215292379, 0.32461244914431125, 0.29898418014229616, 0.3853292566116986, 0.6184818884427356, 0.9112753545916268, 1.124060711596949, 1.0918553682168552, 1.0519012231472415, 1.0604058710082023, 1.1010962834034748, 1.1484706050156464, 1.2414843039249468, 1.286522046207647, 1.3072562312959182, 1.4024657757114494, 1.4690763553789117, 1.4352382086312834, 1.3078676789813133, 1.2336627867197074, 1.2117583717879756, 1.0914323600059634]",PURE,64.4,0.22877442273534637,0.2272855885843997,281.5,281.5,1.0,0.0,0.0,281.5
130,30,0.5,0.1,5,5,6,6.0,5.5,0.19,0.5,42,1,[0.1],0.1,0.2442732516826255,10,7.778174593052023,0.07071067811865475,0.38890872965260115,0.07071067811865475,0.17272727272727273,20260927T095930443635Z_577f21e5,2,5760.0,40,True,81,"[0.8592549273600911, 0.6058380411445193, 0.4316697215292379, 0.32461244914431125, 0.29898418014229616, 0.3853292566116986, 0.6184818884427356, 0.9112753545916268, 1.124060711596949, 1.0918553682168552, 1.0519012231472415, 1.0604058710082023, 1.1010962834034748, 1.1484706050156464, 1.2414843039249468, 1.286522046207647, 1.3072562312959182, 1.4024657757114494, 1.4690763553789117, 1.4352382086312834, 1.3078676789813133, 1.2336627867197074, 1.2117583717879756, 1.0914323600059634]",PURE_OR,64.4,0.2765135251180764,0.275331215943522,232.9,232.9,1.0,0.0,0.0,232.9
131,30,0.5,0.2,5,5,6,6.0,5.5,0.19,0.5,42,1,[0.2],0.2,0.2442732516826255,10,7.778174593052023,0.1414213562373095,0.7778174593052023,0.1414213562373095,0.17272727272727273,20260927T095930443635Z_577f21e5,2,5760.0,40,True,81,"[0.8592549273600911, 0.6058380411445193, 0.4316697215292379, 0.32461244914431125, 0.29898418014229616, 0.3853292566116986, 0.6184818884427356, 0.9112753545916268, 1.124060711596949, 1.0918553682168552, 1.0519012231472415, 1.0604058710082023, 1.1010962834034748, 1.1484706050156464, 1.2414843039249468, 1.286522046207647, 1.3072562312959182, 1.4024657757114494, 1.4690763553789117, 1.4352382086312834, 1.3078676789813133, 1.2336627867197074, 1.2117583717879756, 1.0914323600059634]",DRL,5204.0390625,0.90347900390625,0.9034790158271789,5760.0,,0.0,157.0,5598.3,161.7
131,30,0.5,0.2,5,5,6,6.0,5.5,0.19,0.5,42,1,[0.2],0.2,0.2442732516826255,10,7.778174593052023,0.1414213562373095,0.7778174593052023,0.1414213562373095,0.17272727272727273,20260927T095930443635Z_577f21e5,2,5760.0,40,True,81,"[0.8592549273600911, 0.6058380411445193, 0.4316697215292379, 0.32461244914431125, 0.29898418014229616, 0.3853292566116986, 0.6184818884427356, 0.9112753545916268, 1.124060711596949, 1.0918553682168552, 1.0519012231472415, 1.0604058710082023, 1.1010962834034748, 1.1484706050156464, 1.2414843039249468, 1.286522046207647, 1.3072562312959182, 1.4024657757114494, 1.4690763553789117, 1.4352382086312834, 1.3078676789813133, 1.2336627867197074, 1.2117583717879756, 1.0914323600059634]",HEUR,2837.831640625,0.7367164176077362,0.7322875499725342,3852.0,3852.0,1.0,87.6,2824.6,1027.4
131,30,0.5,0.2,5,5,6,6.0,5.5,0.19,0.5,42,1,[0.2],0.2,0.2442732516826255,10,7.778174593052023,0.1414213562373095,0.7778174593052023,0.1414213562373095,0.17272727272727273,20260927T095930443635Z_577f21e5,2,5760.0,40,True,81,"[0.8592549273600911, 0.6058380411445193, 0.4316697215292379, 0.32461244914431125, 0.29898418014229616, 0.3853292566116986, 0.6184818884427356, 0.9112753545916268, 1.124060711596949, 1.0918553682168552, 1.0519012231472415, 1.0604058710082023, 1.1010962834034748, 1.1484706050156464, 1.2414843039249468, 1.286522046207647, 1.3072562312959182, 1.4024657757114494, 1.4690763553789117, 1.4352382086312834, 1.3078676789813133, 1.2336627867197074, 1.2117583717879756, 1.0914323600059634]",HEUR_VOR,1055.6131958007813,0.7739667100233018,0.7585503458976746,1363.9,1363.9,1.0,32.8,1057.3,306.6
131,30,0.5,0.2,5,5,6,6.0,5.5,0.19,0.5,42,1,[0.2],0.2,0.2442732516826255,10,7.778174593052023,0.1414213562373095,0.7778174593052023,0.1414213562373095,0.17272727272727273,20260927T095930443635Z_577f21e5,2,5760.0,40,True,81,"[0.8592549273600911, 0.6058380411445193, 0.4316697215292379, 0.32461244914431125, 0.29898418014229616, 0.3853292566116986, 0.6184818884427356, 0.9112753545916268, 1.124060711596949, 1.0918553682168552, 1.0519012231472415, 1.0604058710082023, 1.1010962834034748, 1.1484706050156464, 1.2414843039249468, 1.286522046207647, 1.3072562312959182, 1.4024657757114494, 1.4690763553789117, 1.4352382086312834, 1.3078676789813133, 1.2336627867197074, 1.2117583717879756, 1.0914323600059634]",FOUR_ZONE,120.27291564941406,0.3934344640150934,0.37965067883374576,305.7,305.7,1.0,1.8,55.3,250.4
131,30,0.5,0.2,5,5,6,6.0,5.5,0.19,0.5,42,1,[0.2],0.2,0.2442732516826255,10,7.778174593052023,0.1414213562373095,0.7778174593052023,0.1414213562373095,0.17272727272727273,20260927T095930443635Z_577f21e5,2,5760.0,40,True,81,"[0.8592549273600911, 0.6058380411445193, 0.4316697215292379, 0.32461244914431125, 0.29898418014229616, 0.3853292566116986, 0.6184818884427356, 0.9112753545916268, 1.124060711596949, 1.0918553682168552, 1.0519012231472415, 1.0604058710082023, 1.1010962834034748, 1.1484706050156464, 1.2414843039249468, 1.286522046207647, 1.3072562312959182, 1.4024657757114494, 1.4690763553789117, 1.4352382086312834, 1.3078676789813133, 1.2336627867197074, 1.2117583717879756, 1.0914323600059634]",PURE,64.4,0.22877442273534637,0.2272855885843997,281.5,281.5,1.0,0.0,0.0,281.5
131,30,0.5,0.2,5,5,6,6.0,5.5,0.19,0.5,42,1,[0.2],0.2,0.2442732516826255,10,7.778174593052023,0.1414213562373095,0.7778174593052023,0.1414213562373095,0.17272727272727273,20260927T095930443635Z_577f21e5,2,5760.0,40,True,81,"[0.8592549273600911, 0.6058380411445193, 0.4316697215292379, 0.32461244914431125, 0.29898418014229616, 0.3853292566116986, 0.6184818884427356, 0.9112753545916268, 1.124060711596949, 1.0918553682168552, 1.0519012231472415, 1.0604058710082023, 1.1010962834034748, 1.1484706050156464, 1.2414843039249468, 1.286522046207647, 1.3072562312959182, 1.4024657757114494, 1.4690763553789117, 1.4352382086312834, 1.3078676789813133, 1.2336627867197074, 1.2117583717879756, 1.0914323600059634]",PURE_OR,64.4,0.2765135251180764,0.275331215943522,232.9,232.9,1.0,0.0,0.0,232.9
132,30,0.5,0.3,5,5,6,6.0,5.5,0.19,0.5,42,1,"[0.3, 0.4]",0.2442732516826255,0.2442732516826255,10,7.778174593052023,0.21213203435596423,1.1667261889578033,0.17272727272727273,0.17272727272727273,20260927T095930443635Z_577f21e5,2,5760.0,40,True,81,"[0.8592549273600911, 0.6058380411445193, 0.4316697215292379, 0.32461244914431125, 0.29898418014229616, 0.3853292566116986, 0.6184818884427356, 0.9112753545916268, 1.124060711596949, 1.0918553682168552, 1.0519012231472415, 1.0604058710082023, 1.1010962834034748, 1.1484706050156464, 1.2414843039249468, 1.286522046207647, 1.3072562312959182, 1.4024657757114494, 1.4690763553789117, 1.4352382086312834, 1.3078676789813133, 1.2336627867197074, 1.2117583717879756, 1.0914323600059634]",DRL,5368.02041015625,0.931947987874349,0.9319479823112488,5760.0,,0.0,154.0,5633.9,126.1
132,30,0.5,0.3,5,5,6,6.0,5.5,0.19,0.5,42,1,"[0.3, 0.4]",0.2442732516826255,0.2442732516826255,10,7.778174593052023,0.21213203435596423,1.1667261889578033,0.17272727272727273,0.17272727272727273,20260927T095930443635Z_577f21e5,2,5760.0,40,True,81,"[0.8592549273600911, 0.6058380411445193, 0.4316697215292379, 0.32461244914431125, 0.29898418014229616, 0.3853292566116986, 0.6184818884427356, 0.9112753545916268, 1.124060711596949, 1.0918553682168552, 1.0519012231472415, 1.0604058710082023, 1.1010962834034748, 1.1484706050156464, 1.2414843039249468, 1.286522046207647, 1.3072562312959182, 1.4024657757114494, 1.4690763553789117, 1.4352382086312834, 1.3078676789813133, 1.2336627867197074, 1.2117583717879756, 1.0914323600059634]",HEUR,3248.85927734375,0.7239313867248429,0.7200434923171997,4487.8,4169.75,0.8,102.0,3248.8,1239.0
132,30,0.5,0.3,5,5,6,6.0,5.5,0.19,0.5,42,1,"[0.3, 0.4]",0.2442732516826255,0.2442732516826255,10,7.778174593052023,0.21213203435596423,1.1667261889578033,0.17272727272727273,0.17272727272727273,20260927T095930443635Z_577f21e5,2,5760.0,40,True,81,"[0.8592549273600911, 0.6058380411445193, 0.4316697215292379, 0.32461244914431125, 0.29898418014229616, 0.3853292566116986, 0.6184818884427356, 0.9112753545916268, 1.124060711596949, 1.0918553682168552, 1.0519012231472415, 1.0604058710082023, 1.1010962834034748, 1.1484706050156464, 1.2414843039249468, 1.286522046207647, 1.3072562312959182, 1.4024657757114494, 1.4690763553789117, 1.4352382086312834, 1.3078676789813133, 1.2336627867197074, 1.2117583717879756, 1.0914323600059634]",HEUR_VOR,1160.0532592773438,0.787010352291278,0.7851629495620728,1474.0,1474.0,1.0,37.0,1166.7,307.3
132,30,0.5,0.3,5,5,6,6.0,5.5,0.19,0.5,42,1,"[0.3, 0.4]",0.2442732516826255,0.2442732516826255,10,7.778174593052023,0.21213203435596423,1.1667261889578033,0.17272727272727273,0.17272727272727273,20260927T095930443635Z_577f21e5,2,5760.0,40,True,81,"[0.8592549273600911, 0.6058380411445193, 0.4316697215292379, 0.32461244914431125, 0.29898418014229616, 0.3853292566116986, 0.6184818884427356, 0.9112753545916268, 1.124060711596949, 1.0918553682168552, 1.0519012231472415, 1.0604058710082023, 1.1010962834034748, 1.1484706050156464, 1.2414843039249468, 1.286522046207647, 1.3072562312959182, 1.4024657757114494, 1.4690763553789117, 1.4352382086312834, 1.3078676789813133, 1.2336627867197074, 1.2117583717879756, 1.0914323600059634]",FOUR_ZONE,133.35453338623046,0.42334772503565227,0.4194836735725403,315.0,315.0,1.0,2.2,68.9,246.1
132,30,0.5,0.3,5,5,6,6.0,5.5,0.19,0.5,42,1,"[0.3, 0.4]",0.2442732516826255,0.2442732516826255,10,7.778174593052023,0.21213203435596423,1.1667261889578033,0.17272727272727273,0.17272727272727273,20260927T095930443635Z_577f21e5,2,5760.0,40,True,81,"[0.8592549273600911, 0.6058380411445193, 0.4316697215292379, 0.32461244914431125, 0.29898418014229616, 0.3853292566116986, 0.6184818884427356, 0.9112753545916268, 1.124060711596949, 1.0918553682168552, 1.0519012231472415, 1.0604058710082023, 1.1010962834034748, 1.1484706050156464, 1.2414843039249468, 1.286522046207647, 1.3072562312959182, 1.4024657757114494, 1.4690763553789117, 1.4352382086312834, 1.3078676789813133, 1.2336627867197074, 1.2117583717879756, 1.0914323600059634]",PURE,64.4,0.22877442273534637,0.2272855885843997,281.5,281.5,1.0,0.0,0.0,281.5
132,30,0.5,0.3,5,5,6,6.0,5.5,0.19,0.5,42,1,"[0.3, 0.4]",0.2442732516826255,0.2442732516826255,10,7.778174593052023,0.21213203435596423,1.1667261889578033,0.17272727272727273,0.17272727272727273,20260927T095930443635Z_577f21e5,2,5760.0,40,True,81,"[0.8592549273600911, 0.6058380411445193, 0.4316697215292379, 0.32461244914431125, 0.29898418014229616, 0.3853292566116986, 0.6184818884427356, 0.9112753545916268, 1.124060711596949, 1.0918553682168552, 1.0519012231472415, 1.0604058710082023, 1.1010962834034748, 1.1484706050156464, 1.2414843039249468, 1.286522046207647, 1.3072562312959182, 1.4024657757114494, 1.4690763553789117, 1.4352382086312834, 1.3078676789813133, 1.2336627867197074, 1.2117583717879756, 1.0914323600059634]",PURE_OR,64.4,0.2765135251180764,0.275331215943522,232.9,232.9,1.0,0.0,0.0,232.9
133,30,0.67,0.1,5,5,6,5.5,5.5,0.19,0.5,42,1,[0.1],0.1,0.2442732516826255,10,7.778174593052023,0.07071067811865475,0.38890872965260115,0.07071067811865475,0.17272727272727273,20260927T095930443635Z_577f21e5,2,5760.0,40,True,81,"[0.8592549273600911, 0.6058380411445193, 0.4316697215292379, 0.32461244914431125, 0.29898418014229616, 0.3853292566116986, 0.6184818884427356, 0.9112753545916268, 1.124060711596949, 1.0918553682168552, 1.0519012231472415, 1.0604058710082023, 1.1010962834034748, 1.1484706050156464, 1.2414843039249468, 1.286522046207647, 1.3072562312959182, 1.4024657757114494, 1.4690763553789117, 1.4352382086312834, 1.3078676789813133, 1.2336627867197074, 1.2117583717879756, 1.0914323600059634]",DRL,3077.217578125,0.6544625743050682,0.6544025897979736,4701.9,4437.375,0.8,99.6,4135.1,566.8
133,30,0.67,0.1,5,5,6,5.5,5.5,0.19,0.5,42,1,[0.1],0.1,0.2442732516826255,10,7.778174593052023,0.07071067811865475,0.38890872965260115,0.07071067811865475,0.17272727272727273,20260927T095930443635Z_577f21e5,2,5760.0,40,True,81,"[0.8592549273600911, 0.6058380411445193, 0.4316697215292379, 0.32461244914431125, 0.29898418014229616, 0.3853292566116986, 0.6184818884427356, 0.9112753545916268, 1.124060711596949, 1.0918553682168552, 1.0519012231472415, 1.0604058710082023, 1.1010962834034748, 1.1484706050156464, 1.2414843039249468, 1.286522046207647, 1.3072562312959182, 1.4024657757114494, 1.4690763553789117, 1.4352382086312834, 1.3078676789813133, 1.2336627867197074, 1.2117583717879756, 1.0914323600059634]",HEUR,1324.471923828125,0.6568172198502975,0.6509043097496032,2016.5,2016.5,1.0,43.6,1405.1,611.4
133,30,0.67,0.1,5,5,6,5.5,5.5,0.19,0.5,42,1,[0.1],0.1,0.2442732516826255,10,7.778174593052023,0.07071067811865475,0.38890872965260115,0.07071067811865475,0.17272727272727273,20260927T095930443635Z_577f21e5,2,5760.0,40,True,81,"[0.8592549273600911, 0.6058380411445193, 0.4316697215292379, 0.32461244914431125, 0.29898418014229616, 0.3853292566116986, 0.6184818884427356, 0.9112753545916268, 1.124060711596949, 1.0918553682168552, 1.0519012231472415, 1.0604058710082023, 1.1010962834034748, 1.1484706050156464, 1.2414843039249468, 1.286522046207647, 1.3072562312959182, 1.4024657757114494, 1.4690763553789117, 1.4352382086312834, 1.3078676789813133, 1.2336627867197074, 1.2117583717879756, 1.0914323600059634]",HEUR_VOR,540.73564453125,0.6278862570033094,0.6179799318313599,861.2,861.2,1.0,16.2,526.5,334.7
133,30,0.67,0.1,5,5,6,5.5,5.5,0.19,0.5,42,1,[0.1],0.1,0.2442732516826255,10,7.778174593052023,0.07071067811865475,0.38890872965260115,0.07071067811865475,0.17272727272727273,20260927T095930443635Z_577f21e5,2,5760.0,40,True,81,"[0.8592549273600911, 0.6058380411445193, 0.4316697215292379, 0.32461244914431125, 0.29898418014229616, 0.3853292566116986, 0.6184818884427356, 0.9112753545916268, 1.124060711596949, 1.0918553682168552, 1.0519012231472415, 1.0604058710082023, 1.1010962834034748, 1.1484706050156464, 1.2414843039249468, 1.286522046207647, 1.3072562312959182, 1.4024657757114494, 1.4690763553789117, 1.4352382086312834, 1.3078676789813133, 1.2336627867197074, 1.2117583717879756, 1.0914323600059634]",FOUR_ZONE,103.8027587890625,0.3318502518831921,0.3253901176797299,312.8,312.8,1.0,0.6,18.5,294.3
133,30,0.67,0.1,5,5,6,5.5,5.5,0.19,0.5,42,1,[0.1],0.1,0.2442732516826255,10,7.778174593052023,0.07071067811865475,0.38890872965260115,0.07071067811865475,0.17272727272727273,20260927T095930443635Z_577f21e5,2,5760.0,40,True,81,"[0.8592549273600911, 0.6058380411445193, 0.4316697215292379, 0.32461244914431125, 0.29898418014229616, 0.3853292566116986, 0.6184818884427356, 0.9112753545916268, 1.124060711596949, 1.0918553682168552, 1.0519012231472415, 1.0604058710082023, 1.1010962834034748, 1.1484706050156464, 1.2414843039249468, 1.286522046207647, 1.3072562312959182, 1.4024657757114494, 1.4690763553789117, 1.4352382086312834, 1.3078676789813133, 1.2336627867197074, 1.2117583717879756, 1.0914323600059634]",PURE,85.6,0.2575210589651023,0.2594351070775064,332.4,332.4,1.0,0.0,0.0,332.4
133,30,0.67,0.1,5,5,6,5.5,5.5,0.19,0.5,42,1,[0.1],0.1,0.2442732516826255,10,7.778174593052023,0.07071067811865475,0.38890872965260115,0.07071067811865475,0.17272727272727273,20260927T095930443635Z_577f21e5,2,5760.0,40,True,81,"[0.8592549273600911, 0.6058380411445193, 0.4316697215292379, 0.32461244914431125, 0.29898418014229616, 0.3853292566116986, 0.6184818884427356, 0.9112753545916268, 1.124060711596949, 1.0918553682168552, 1.0519012231472415, 1.0604058710082023, 1.1010962834034748, 1.1484706050156464, 1.2414843039249468, 1.286522046207647, 1.3072562312959182, 1.4024657757114494, 1.4690763553789117, 1.4352382086312834, 1.3078676789813133, 1.2336627867197074, 1.2117583717879756, 1.0914323600059634]",PURE_OR,85.6,0.31082062454611475,0.310014222554246,275.4,275.4,1.0,0.0,0.0,275.4
134,30,0.67,0.2,5,5,6,5.5,5.5,0.19,0.5,42,1,[0.2],0.2,0.2442732516826255,10,7.778174593052023,0.1414213562373095,0.7778174593052023,0.1414213562373095,0.17272727272727273,20260927T095930443635Z_577f21e5,2,5760.0,40,True,81,"[0.8592549273600911, 0.6058380411445193, 0.4316697215292379, 0.32461244914431125, 0.29898418014229616, 0.3853292566116986, 0.6184818884427356, 0.9112753545916268, 1.124060711596949, 1.0918553682168552, 1.0519012231472415, 1.0604058710082023, 1.1010962834034748, 1.1484706050156464, 1.2414843039249468, 1.286522046207647, 1.3072562312959182, 1.4024657757114494, 1.4690763553789117, 1.4352382086312834, 1.3078676789813133, 1.2336627867197074, 1.2117583717879756, 1.0914323600059634]",DRL,4788.0537109375,0.8312593248155382,0.8312593221664428,5760.0,,0.0,140.0,5486.5,273.5
134,30,0.67,0.2,5,5,6,5.5,5.5,0.19,0.5,42,1,[0.2],0.2,0.2442732516826255,10,7.778174593052023,0.1414213562373095,0.7778174593052023,0.1414213562373095,0.17272727272727273,20260927T095930443635Z_577f21e5,2,5760.0,40,True,81,"[0.8592549273600911, 0.6058380411445193, 0.4316697215292379, 0.32461244914431125, 0.29898418014229616, 0.3853292566116986, 0.6184818884427356, 0.9112753545916268, 1.124060711596949, 1.0918553682168552, 1.0519012231472415, 1.0604058710082023, 1.1010962834034748, 1.1484706050156464, 1.2414843039249468, 1.286522046207647, 1.3072562312959182, 1.4024657757114494, 1.4690763553789117, 1.4352382086312834, 1.3078676789813133, 1.2336627867197074, 1.2117583717879756, 1.0914323600059634]",HEUR,3358.55771484375,0.709304691624868,0.7088587880134583,4735.0,4735.0,1.0,117.0,3591.1,1143.9
134,30,0.67,0.2,5,5,6,5.5,5.5,0.19,0.5,42,1,[0.2],0.2,0.2442732516826255,10,7.778174593052023,0.1414213562373095,0.7778174593052023,0.1414213562373095,0.17272727272727273,20260927T095930443635Z_577f21e5,2,5760.0,40,True,81,"[0.8592549273600911, 0.6058380411445193, 0.4316697215292379, 0.32461244914431125, 0.29898418014229616, 0.3853292566116986, 0.6184818884427356, 0.9112753545916268, 1.124060711596949, 1.0918553682168552, 1.0519012231472415, 1.0604058710082023, 1.1010962834034748, 1.1484706050156464, 1.2414843039249468, 1.286522046207647, 1.3072562312959182, 1.4024657757114494, 1.4690763553789117, 1.4352382086312834, 1.3078676789813133, 1.2336627867197074, 1.2117583717879756, 1.0914323600059634]",HEUR_VOR,1552.628955078125,0.7662006292331844,0.7617570996284485,2026.4,2026.4,1.0,49.8,1627.0,399.4
134,30,0.67,0.2,5,5,6,5.5,5.5,0.19,0.5,42,1,[0.2],0.2,0.2442732516826255,10,7.778174593052023,0.1414213562373095,0.7778174593052023,0.1414213562373095,0.17272727272727273,20260927T095930443635Z_577f21e5,2,5760.0,40,True,81,"[0.8592549273600911, 0.6058380411445193, 0.4316697215292379, 0.32461244914431125, 0.29898418014229616, 0.3853292566116986, 0.6184818884427356, 0.9112753545916268, 1.124060711596949, 1.0918553682168552, 1.0519012231472415, 1.0604058710082023, 1.1010962834034748, 1.1484706050156464, 1.2414843039249468, 1.286522046207647, 1.3072562312959182, 1.4024657757114494, 1.4690763553789117, 1.4352382086312834, 1.3078676789813133, 1.2336627867197074, 1.2117583717879756, 1.0914323600059634]",FOUR_ZONE,150.25462646484374,0.42194503359967356,0.42145387530326844,356.1,356.1,1.0,2.0,68.0,288.1
134,30,0.67,0.2,5,5,6,5.5,5.5,0.19,0.5,42,1,[0.2],0.2,0.2442732516826255,10,7.778174593052023,0.1414213562373095,0.7778174593052023,0.1414213562373095,0.17272727272727273,20260927T095930443635Z_577f21e5,2,5760.0,40,True,81,"[0.8592549273600911, 0.6058380411445193, 0.4316697215292379, 0.32461244914431125, 0.29898418014229616, 0.3853292566116986, 0.6184818884427356, 0.9112753545916268, 1.124060711596949, 1.0918553682168552, 1.0519012231472415, 1.0604058710082023, 1.1010962834034748, 1.1484706050156464, 1.2414843039249468, 1.286522046207647, 1.3072562312959182, 1.4024657757114494, 1.4690763553789117, 1.4352382086312834, 1.3078676789813133, 1.2336627867197074, 1.2117583717879756, 1.0914323600059634]",PURE,85.6,0.2575210589651023,0.2594351070775064,332.4,332.4,1.0,0.0,0.0,332.4
134,30,0.67,0.2,5,5,6,5.5,5.5,0.19,0.5,42,1,[0.2],0.2,0.2442732516826255,10,7.778174593052023,0.1414213562373095,0.7778174593052023,0.1414213562373095,0.17272727272727273,20260927T095930443635Z_577f21e5,2,5760.0,40,True,81,"[0.8592549273600911, 0.6058380411445193, 0.4316697215292379, 0.32461244914431125, 0.29898418014229616, 0.3853292566116986, 0.6184818884427356, 0.9112753545916268, 1.124060711596949, 1.0918553682168552, 1.0519012231472415, 1.0604058710082023, 1.1010962834034748, 1.1484706050156464, 1.2414843039249468, 1.286522046207647, 1.3072562312959182, 1.4024657757114494, 1.4690763553789117, 1.4352382086312834, 1.3078676789813133, 1.2336627867197074, 1.2117583717879756, 1.0914323600059634]",PURE_OR,85.6,0.31082062454611475,0.310014222554246,275.4,275.4,1.0,0.0,0.0,275.4
135,30,0.67,0.3,5,5,6,5.5,5.5,0.19,0.5,42,1,"[0.3, 0.4]",0.2442732516826255,0.2442732516826255,10,7.778174593052023,0.21213203435596423,1.1667261889578033,0.17272727272727273,0.17272727272727273,20260927T095930443635Z_577f21e5,2,5760.0,40,True,81,"[0.8592549273600911, 0.6058380411445193, 0.4316697215292379, 0.32461244914431125, 0.29898418014229616, 0.3853292566116986, 0.6184818884427356, 0.9112753545916268, 1.124060711596949, 1.0918553682168552, 1.0519012231472415, 1.0604058710082023, 1.1010962834034748, 1.1484706050156464, 1.2414843039249468, 1.286522046207647, 1.3072562312959182, 1.4024657757114494, 1.4690763553789117, 1.4352382086312834, 1.3078676789813133, 1.2336627867197074, 1.2117583717879756, 1.0914323600059634]",DRL,4946.54609375,0.8587753634982639,0.8587753534317016,5760.0,,0.0,155.0,5624.7,135.3
135,30,0.67,0.3,5,5,6,5.5,5.5,0.19,0.5,42,1,"[0.3, 0.4]",0.2442732516826255,0.2442732516826255,10,7.778174593052023,0.21213203435596423,1.1667261889578033,0.17272727272727273,0.17272727272727273,20260927T095930443635Z_577f21e5,2,5760.0,40,True,81,"[0.8592549273600911, 0.6058380411445193, 0.4316697215292379, 0.32461244914431125, 0.29898418014229616, 0.3853292566116986, 0.6184818884427356, 0.9112753545916268, 1.124060711596949, 1.0918553682168552, 1.0519012231472415, 1.0604058710082023, 1.1010962834034748, 1.1484706050156464, 1.2414843039249468, 1.286522046207647, 1.3072562312959182, 1.4024657757114494, 1.4690763553789117, 1.4352382086312834, 1.3078676789813133, 1.2336627867197074, 1.2117583717879756, 1.0914323600059634]",HEUR,4053.310595703125,0.7331133852489872,0.7318746447563171,5528.9,4604.5,0.2,139.2,4314.9,1214.0
135,30,0.67,0.3,5,5,6,5.5,5.5,0.19,0.5,42,1,"[0.3, 0.4]",0.2442732516826255,0.2442732516826255,10,7.778174593052023,0.21213203435596423,1.1667261889578033,0.17272727272727273,0.17272727272727273,20260927T095930443635Z_577f21e5,2,5760.0,40,True,81,"[0.8592549273600911, 0.6058380411445193, 0.4316697215292379, 0.32461244914431125, 0.29898418014229616, 0.3853292566116986, 0.6184818884427356, 0.9112753545916268, 1.124060711596949, 1.0918553682168552, 1.0519012231472415, 1.0604058710082023, 1.1010962834034748, 1.1484706050156464, 1.2414843039249468, 1.286522046207647, 1.3072562312959182, 1.4024657757114494, 1.4690763553789117, 1.4352382086312834, 1.3078676789813133, 1.2336627867197074, 1.2117583717879756, 1.0914323600059634]",HEUR_VOR,2058.0969482421874,0.778903587118112,0.7744739532470704,2642.3,2642.3,1.0,67.4,2184.4,457.9
135,30,0.67,0.3,5,5,6,5.5,5.5,0.19,0.5,42,1,"[0.3, 0.4]",0.2442732516826255,0.2442732516826255,10,7.778174593052023,0.21213203435596423,1.1667261889578033,0.17272727272727273,0.17272727272727273,20260927T095930443635Z_577f21e5,2,5760.0,40,True,81,"[0.8592549273600911, 0.6058380411445193, 0.4316697215292379, 0.32461244914431125, 0.29898418014229616, 0.3853292566116986, 0.6184818884427356, 0.9112753545916268, 1.124060711596949, 1.0918553682168552, 1.0519012231472415, 1.0604058710082023, 1.1010962834034748, 1.1484706050156464, 1.2414843039249468, 1.286522046207647, 1.3072562312959182, 1.4024657757114494, 1.4690763553789117, 1.4352382086312834, 1.3078676789813133, 1.2336627867197074, 1.2117583717879756, 1.0914323600059634]",FOUR_ZONE,160.0316619873047,0.44001006870306486,0.44221268892288207,363.7,363.7,1.0,2.4,78.8,284.9
135,30,0.67,0.3,5,5,6,5.5,5.5,0.19,0.5,42,1,"[0.3, 0.4]",0.2442732516826255,0.2442732516826255,10,7.778174593052023,0.21213203435596423,1.1667261889578033,0.17272727272727273,0.17272727272727273,20260927T095930443635Z_577f21e5,2,5760.0,40,True,81,"[0.8592549273600911, 0.6058380411445193, 0.4316697215292379, 0.32461244914431125, 0.29898418014229616, 0.3853292566116986, 0.6184818884427356, 0.9112753545916268, 1.124060711596949, 1.0918553682168552, 1.0519012231472415, 1.0604058710082023, 1.1010962834034748, 1.1484706050156464, 1.2414843039249468, 1.286522046207647, 1.3072562312959182, 1.4024657757114494, 1.4690763553789117, 1.4352382086312834, 1.3078676789813133, 1.2336627867197074, 1.2117583717879756, 1.0914323600059634]",PURE,85.6,0.2575210589651023,0.2594351070775064,332.4,332.4,1.0,0.0,0.0,332.4
135,30,0.67,0.3,5,5,6,5.5,5.5,0.19,0.5,42,1,"[0.3, 0.4]",0.2442732516826255,0.2442732516826255,10,7.778174593052023,0.21213203435596423,1.1667261889578033,0.17272727272727273,0.17272727272727273,20260927T095930443635Z_577f21e5,2,5760.0,40,True,81,"[0.8592549273600911, 0.6058380411445193, 0.4316697215292379, 0.32461244914431125, 0.29898418014229616, 0.3853292566116986, 0.6184818884427356, 0.9112753545916268, 1.124060711596949, 1.0918553682168552, 1.0519012231472415, 1.0604058710082023, 1.1010962834034748, 1.1484706050156464, 1.2414843039249468, 1.286522046207647, 1.3072562312959182, 1.4024657757114494, 1.4690763553789117, 1.4352382086312834, 1.3078676789813133, 1.2336627867197074, 1.2117583717879756, 1.0914323600059634]",PURE_OR,85.6,0.31082062454611475,0.310014222554246,275.4,275.4,1.0,0.0,0.0,275.4
136,30,0.67,0.1,5,5,6,6.0,5.5,0.19,0.5,42,1,[0.1],0.1,0.2442732516826255,10,7.778174593052023,0.07071067811865475,0.38890872965260115,0.07071067811865475,0.17272727272727273,20260927T095930443635Z_577f21e5,2,5760.0,40,True,81,"[0.8592549273600911, 0.6058380411445193, 0.4316697215292379, 0.32461244914431125, 0.29898418014229616, 0.3853292566116986, 0.6184818884427356, 0.9112753545916268, 1.124060711596949, 1.0918553682168552, 1.0519012231472415, 1.0604058710082023, 1.1010962834034748, 1.1484706050156464, 1.2414843039249468, 1.286522046207647, 1.3072562312959182, 1.4024657757114494, 1.4690763553789117, 1.4352382086312834, 1.3078676789813133, 1.2336627867197074, 1.2117583717879756, 1.0914323600059634]",DRL,2506.4840087890625,0.7195716730655018,0.7221033334732055,3483.3,3483.3,1.0,77.0,2986.7,496.6
136,30,0.67,0.1,5,5,6,6.0,5.5,0.19,0.5,42,1,[0.1],0.1,0.2442732516826255,10,7.778174593052023,0.07071067811865475,0.38890872965260115,0.07071067811865475,0.17272727272727273,20260927T095930443635Z_577f21e5,2,5760.0,40,True,81,"[0.8592549273600911, 0.6058380411445193, 0.4316697215292379, 0.32461244914431125, 0.29898418014229616, 0.3853292566116986, 0.6184818884427356, 0.9112753545916268, 1.124060711596949, 1.0918553682168552, 1.0519012231472415, 1.0604058710082023, 1.1010962834034748, 1.1484706050156464, 1.2414843039249468, 1.286522046207647, 1.3072562312959182, 1.4024657757114494, 1.4690763553789117, 1.4352382086312834, 1.3078676789813133, 1.2336627867197074, 1.2117583717879756, 1.0914323600059634]",HEUR,1437.0773803710938,0.712659251361812,0.7061275720596314,2016.5,2016.5,1.0,43.6,1405.1,611.4
136,30,0.67,0.1,5,5,6,6.0,5.5,0.19,0.5,42,1,[0.1],0.1,0.2442732516826255,10,7.778174593052023,0.07071067811865475,0.38890872965260115,0.07071067811865475,0.17272727272727273,20260927T095930443635Z_577f21e5,2,5760.0,40,True,81,"[0.8592549273600911, 0.6058380411445193, 0.4316697215292379, 0.32461244914431125, 0.29898418014229616, 0.3853292566116986, 0.6184818884427356, 0.9112753545916268, 1.124060711596949, 1.0918553682168552, 1.0519012231472415, 1.0604058710082023, 1.1010962834034748, 1.1484706050156464, 1.2414843039249468, 1.286522046207647, 1.3072562312959182, 1.4024657757114494, 1.4690763553789117, 1.4352382086312834, 1.3078676789813133, 1.2336627867197074, 1.2117583717879756, 1.0914323600059634]",HEUR_VOR,582.1156494140625,0.6759354963005835,0.6650213956832886,861.2,861.2,1.0,16.2,526.5,334.7
136,30,0.67,0.1,5,5,6,6.0,5.5,0.19,0.5,42,1,[0.1],0.1,0.2442732516826255,10,7.778174593052023,0.07071067811865475,0.38890872965260115,0.07071067811865475,0.17272727272727273,20260927T095930443635Z_577f21e5,2,5760.0,40,True,81,"[0.8592549273600911, 0.6058380411445193, 0.4316697215292379, 0.32461244914431125, 0.29898418014229616, 0.3853292566116986, 0.6184818884427356, 0.9112753545916268, 1.124060711596949, 1.0918553682168552, 1.0519012231472415, 1.0604058710082023, 1.1010962834034748, 1.1484706050156464, 1.2414843039249468, 1.286522046207647, 1.3072562312959182, 1.4024657757114494, 1.4690763553789117, 1.4352382086312834, 1.3078676789813133, 1.2336627867197074, 1.2117583717879756, 1.0914323600059634]",FOUR_ZONE,105.45756530761719,0.3371405540524846,0.33014265826810885,312.8,312.8,1.0,0.6,18.5,294.3
136,30,0.67,0.1,5,5,6,6.0,5.5,0.19,0.5,42,1,[0.1],0.1,0.2442732516826255,10,7.778174593052023,0.07071067811865475,0.38890872965260115,0.07071067811865475,0.17272727272727273,20260927T095930443635Z_577f21e5,2,5760.0,40,True,81,"[0.8592549273600911, 0.6058380411445193, 0.4316697215292379, 0.32461244914431125, 0.29898418014229616, 0.3853292566116986, 0.6184818884427356, 0.9112753545916268, 1.124060711596949, 1.0918553682168552, 1.0519012231472415, 1.0604058710082023, 1.1010962834034748, 1.1484706050156464, 1.2414843039249468, 1.286522046207647, 1.3072562312959182, 1.4024657757114494, 1.4690763553789117, 1.4352382086312834, 1.3078676789813133, 1.2336627867197074, 1.2117583717879756, 1.0914323600059634]",PURE,85.6,0.2575210589651023,0.2594351070775064,332.4,332.4,1.0,0.0,0.0,332.4
136,30,0.67,0.1,5,5,6,6.0,5.5,0.19,0.5,42,1,[0.1],0.1,0.2442732516826255,10,7.778174593052023,0.07071067811865475,0.38890872965260115,0.07071067811865475,0.17272727272727273,20260927T095930443635Z_577f21e5,2,5760.0,40,True,81,"[0.8592549273600911, 0.6058380411445193, 0.4316697215292379, 0.32461244914431125, 0.29898418014229616, 0.3853292566116986, 0.6184818884427356, 0.9112753545916268, 1.124060711596949, 1.0918553682168552, 1.0519012231472415, 1.0604058710082023, 1.1010962834034748, 1.1484706050156464, 1.2414843039249468, 1.286522046207647, 1.3072562312959182, 1.4024657757114494, 1.4690763553789117, 1.4352382086312834, 1.3078676789813133, 1.2336627867197074, 1.2117583717879756, 1.0914323600059634]",PURE_OR,85.6,0.31082062454611475,0.310014222554246,275.4,275.4,1.0,0.0,0.0,275.4
137,30,0.67,0.2,5,5,6,6.0,5.5,0.19,0.5,42,1,[0.2],0.2,0.2442732516826255,10,7.778174593052023,0.1414213562373095,0.7778174593052023,0.1414213562373095,0.17272727272727273,20260927T095930443635Z_577f21e5,2,5760.0,40,True,81,"[0.8592549273600911, 0.6058380411445193, 0.4316697215292379, 0.32461244914431125, 0.29898418014229616, 0.3853292566116986, 0.6184818884427356, 0.9112753545916268, 1.124060711596949, 1.0918553682168552, 1.0519012231472415, 1.0604058710082023, 1.1010962834034748, 1.1484706050156464, 1.2414843039249468, 1.286522046207647, 1.3072562312959182, 1.4024657757114494, 1.4690763553789117, 1.4352382086312834, 1.3078676789813133, 1.2336627867197074, 1.2117583717879756, 1.0914323600059634]",DRL,5328.7279296875,0.9251263766818576,0.9251263737678528,5760.0,,0.0,154.2,5533.7,226.3
137,30,0.67,0.2,5,5,6,6.0,5.5,0.19,0.5,42,1,[0.2],0.2,0.2442732516826255,10,7.778174593052023,0.1414213562373095,0.7778174593052023,0.1414213562373095,0.17272727272727273,20260927T095930443635Z_577f21e5,2,5760.0,40,True,81,"[0.8592549273600911, 0.6058380411445193, 0.4316697215292379, 0.32461244914431125, 0.29898418014229616, 0.3853292566116986, 0.6184818884427356, 0.9112753545916268, 1.124060711596949, 1.0918553682168552, 1.0519012231472415, 1.0604058710082023, 1.1010962834034748, 1.1484706050156464, 1.2414843039249468, 1.286522046207647, 1.3072562312959182, 1.4024657757114494, 1.4690763553789117, 1.4352382086312834, 1.3078676789813133, 1.2336627867197074, 1.2117583717879756, 1.0914323600059634]",HEUR,3656.366748046875,0.7721999467892028,0.7717191219329834,4735.0,4735.0,1.0,117.0,3591.1,1143.9
137,30,0.67,0.2,5,5,6,6.0,5.5,0.19,0.5,42,1,[0.2],0.2,0.2442732516826255,10,7.778174593052023,0.1414213562373095,0.7778174593052023,0.1414213562373095,0.17272727272727273,20260927T095930443635Z_577f21e5,2,5760.0,40,True,81,"[0.8592549273600911, 0.6058380411445193, 0.4316697215292379, 0.32461244914431125, 0.29898418014229616, 0.3853292566116986, 0.6184818884427356, 0.9112753545916268, 1.124060711596949, 1.0918553682168552, 1.0519012231472415, 1.0604058710082023, 1.1010962834034748, 1.1484706050156464, 1.2414843039249468, 1.286522046207647, 1.3072562312959182, 1.4024657757114494, 1.4690763553789117, 1.4352382086312834, 1.3078676789813133, 1.2336627867197074, 1.2117583717879756, 1.0914323600059634]",HEUR_VOR,1685.9851318359374,0.8320100334760845,0.827070701122284,2026.4,2026.4,1.0,49.8,1627.0,399.4
137,30,0.67,0.2,5,5,6,6.0,5.5,0.19,0.5,42,1,[0.2],0.2,0.2442732516826255,10,7.778174593052023,0.1414213562373095,0.7778174593052023,0.1414213562373095,0.17272727272727273,20260927T095930443635Z_577f21e5,2,5760.0,40,True,81,"[0.8592549273600911, 0.6058380411445193, 0.4316697215292379, 0.32461244914431125, 0.29898418014229616, 0.3853292566116986, 0.6184818884427356, 0.9112753545916268, 1.124060711596949, 1.0918553682168552, 1.0519012231472415, 1.0604058710082023, 1.1010962834034748, 1.1484706050156464, 1.2414843039249468, 1.286522046207647, 1.3072562312959182, 1.4024657757114494, 1.4690763553789117, 1.4352382086312834, 1.3078676789813133, 1.2336627867197074, 1.2117583717879756, 1.0914323600059634]",FOUR_ZONE,156.13237762451172,0.4384509340761351,0.4378257155418396,356.1,356.1,1.0,2.0,68.0,288.1
137,30,0.67,0.2,5,5,6,6.0,5.5,0.19,0.5,42,1,[0.2],0.2,0.2442732516826255,10,7.778174593052023,0.1414213562373095,0.7778174593052023,0.1414213562373095,0.17272727272727273,20260927T095930443635Z_577f21e5,2,5760.0,40,True,81,"[0.8592549273600911, 0.6058380411445193, 0.4316697215292379, 0.32461244914431125, 0.29898418014229616, 0.3853292566116986, 0.6184818884427356, 0.9112753545916268, 1.124060711596949, 1.0918553682168552, 1.0519012231472415, 1.0604058710082023, 1.1010962834034748, 1.1484706050156464, 1.2414843039249468, 1.286522046207647, 1.3072562312959182, 1.4024657757114494, 1.4690763553789117, 1.4352382086312834, 1.3078676789813133, 1.2336627867197074, 1.2117583717879756, 1.0914323600059634]",PURE,85.6,0.2575210589651023,0.2594351070775064,332.4,332.4,1.0,0.0,0.0,332.4
137,30,0.67,0.2,5,5,6,6.0,5.5,0.19,0.5,42,1,[0.2],0.2,0.2442732516826255,10,7.778174593052023,0.1414213562373095,0.7778174593052023,0.1414213562373095,0.17272727272727273,20260927T095930443635Z_577f21e5,2,5760.0,40,True,81,"[0.8592549273600911, 0.6058380411445193, 0.4316697215292379, 0.32461244914431125, 0.29898418014229616, 0.3853292566116986, 0.6184818884427356, 0.9112753545916268, 1.124060711596949, 1.0918553682168552, 1.0519012231472415, 1.0604058710082023, 1.1010962834034748, 1.1484706050156464, 1.2414843039249468, 1.286522046207647, 1.3072562312959182, 1.4024657757114494, 1.4690763553789117, 1.4352382086312834, 1.3078676789813133, 1.2336627867197074, 1.2117583717879756, 1.0914323600059634]",PURE_OR,85.6,0.31082062454611475,0.310014222554246,275.4,275.4,1.0,0.0,0.0,275.4
138,30,0.67,0.3,5,5,6,6.0,5.5,0.19,0.5,42,1,"[0.3, 0.4]",0.2442732516826255,0.2442732516826255,10,7.778174593052023,0.21213203435596423,1.1667261889578033,0.17272727272727273,0.17272727272727273,20260927T095930443635Z_577f21e5,2,5760.0,40,True,81,"[0.8592549273600911, 0.6058380411445193, 0.4316697215292379, 0.32461244914431125, 0.29898418014229616, 0.3853292566116986, 0.6184818884427356, 0.9112753545916268, 1.124060711596949, 1.0918553682168552, 1.0519012231472415, 1.0604058710082023, 1.1010962834034748, 1.1484706050156464, 1.2414843039249468, 1.286522046207647, 1.3072562312959182, 1.4024657757114494, 1.4690763553789117, 1.4352382086312834, 1.3078676789813133, 1.2336627867197074, 1.2117583717879756, 1.0914323600059634]",DRL,5378.72421875,0.9338062879774306,0.9338062882423401,5760.0,,0.0,155.6,5639.0,121.0
138,30,0.67,0.3,5,5,6,6.0,5.5,0.19,0.5,42,1,"[0.3, 0.4]",0.2442732516826255,0.2442732516826255,10,7.778174593052023,0.21213203435596423,1.1667261889578033,0.17272727272727273,0.17272727272727273,20260927T095930443635Z_577f21e5,2,5760.0,40,True,81,"[0.8592549273600911, 0.6058380411445193, 0.4316697215292379, 0.32461244914431125, 0.29898418014229616, 0.3853292566116986, 0.6184818884427356, 0.9112753545916268, 1.124060711596949, 1.0918553682168552, 1.0519012231472415, 1.0604058710082023, 1.1010962834034748, 1.1484706050156464, 1.2414843039249468, 1.286522046207647, 1.3072562312959182, 1.4024657757114494, 1.4690763553789117, 1.4352382086312834, 1.3078676789813133, 1.2336627867197074, 1.2117583717879756, 1.0914323600059634]",HEUR,4415.663037109375,0.7986512754995343,0.797295868396759,5528.9,4604.5,0.2,139.2,4314.9,1214.0
138,30,0.67,0.3,5,5,6,6.0,5.5,0.19,0.5,42,1,"[0.3, 0.4]",0.2442732516826255,0.2442732516826255,10,7.778174593052023,0.21213203435596423,1.1667261889578033,0.17272727272727273,0.17272727272727273,20260927T095930443635Z_577f21e5,2,5760.0,40,True,81,"[0.8592549273600911, 0.6058380411445193, 0.4316697215292379, 0.32461244914431125, 0.29898418014229616, 0.3853292566116986, 0.6184818884427356, 0.9112753545916268, 1.124060711596949, 1.0918553682168552, 1.0519012231472415, 1.0604058710082023, 1.1010962834034748, 1.1484706050156464, 1.2414843039249468, 1.286522046207647, 1.3072562312959182, 1.4024657757114494, 1.4690763553789117, 1.4352382086312834, 1.3078676789813133, 1.2336627867197074, 1.2117583717879756, 1.0914323600059634]",HEUR_VOR,2237.449951171875,0.8467811948574632,0.8418710947036743,2642.3,2642.3,1.0,67.4,2184.4,457.9
138,30,0.67,0.3,5,5,6,6.0,5.5,0.19,0.5,42,1,"[0.3, 0.4]",0.2442732516826255,0.2442732516826255,10,7.778174593052023,0.21213203435596423,1.1667261889578033,0.17272727272727273,0.17272727272727273,20260927T095930443635Z_577f21e5,2,5760.0,40,True,81,"[0.8592549273600911, 0.6058380411445193, 0.4316697215292379, 0.32461244914431125, 0.29898418014229616, 0.3853292566116986, 0.6184818884427356, 0.9112753545916268, 1.124060711596949, 1.0918553682168552, 1.0519012231472415, 1.0604058710082023, 1.1010962834034748, 1.1484706050156464, 1.2414843039249468, 1.286522046207647, 1.3072562312959182, 1.4024657757114494, 1.4690763553789117, 1.4352382086312834, 1.3078676789813133, 1.2336627867197074, 1.2117583717879756, 1.0914323600059634]",FOUR_ZONE,166.79826965332032,0.4586149839244441,0.46095373034477233,363.7,363.7,1.0,2.4,78.8,284.9
138,30,0.67,0.3,5,5,6,6.0,5.5,0.19,0.5,42,1,"[0.3, 0.4]",0.2442732516826255,0.2442732516826255,10,7.778174593052023,0.21213203435596423,1.1667261889578033,0.17272727272727273,0.17272727272727273,20260927T095930443635Z_577f21e5,2,5760.0,40,True,81,"[0.8592549273600911, 0.6058380411445193, 0.4316697215292379, 0.32461244914431125, 0.29898418014229616, 0.3853292566116986, 0.6184818884427356, 0.9112753545916268, 1.124060711596949, 1.0918553682168552, 1.0519012231472415, 1.0604058710082023, 1.1010962834034748, 1.1484706050156464, 1.2414843039249468, 1.286522046207647, 1.3072562312959182, 1.4024657757114494, 1.4690763553789117, 1.4352382086312834, 1.3078676789813133, 1.2336627867197074, 1.2117583717879756, 1.0914323600059634]",PURE,85.6,0.2575210589651023,0.2594351070775064,332.4,332.4,1.0,0.0,0.0,332.4
138,30,0.67,0.3,5,5,6,6.0,5.5,0.19,0.5,42,1,"[0.3, 0.4]",0.2442732516826255,0.2442732516826255,10,7.778174593052023,0.21213203435596423,1.1667261889578033,0.17272727272727273,0.17272727272727273,20260927T095930443635Z_577f21e5,2,5760.0,40,True,81,"[0.8592549273600911, 0.6058380411445193, 0.4316697215292379, 0.32461244914431125, 0.29898418014229616, 0.3853292566116986, 0.6184818884427356, 0.9112753545916268, 1.124060711596949, 1.0918553682168552, 1.0519012231472415, 1.0604058710082023, 1.1010962834034748, 1.1484706050156464, 1.2414843039249468, 1.286522046207647, 1.3072562312959182, 1.4024657757114494, 1.4690763553789117, 1.4352382086312834, 1.3078676789813133, 1.2336627867197074, 1.2117583717879756, 1.0914323600059634]",PURE_OR,85.6,0.31082062454611475,0.310014222554246,275.4,275.4,1.0,0.0,0.0,275.4
139,30,0.83,0.1,5,5,6,5.5,5.5,0.19,0.5,42,1,[0.1],0.1,0.2442732516826255,10,7.778174593052023,0.07071067811865475,0.38890872965260115,0.07071067811865475,0.17272727272727273,20260927T095930443635Z_577f21e5,2,5760.0,40,True,81,"[0.8592549273600911, 0.6058380411445193, 0.4316697215292379, 0.32461244914431125, 0.29898418014229616, 0.3853292566116986, 0.6184818884427356, 0.9112753545916268, 1.124060711596949, 1.0918553682168552, 1.0519012231472415, 1.0604058710082023, 1.1010962834034748, 1.1484706050156464, 1.2414843039249468, 1.286522046207647, 1.3072562312959182, 1.4024657757114494, 1.4690763553789117, 1.4352382086312834, 1.3078676789813133, 1.2336627867197074, 1.2117583717879756, 1.0914323600059634]",DRL,3284.487451171875,0.680102590626553,0.6825859189033509,4829.4,4209.0,0.6,105.6,4222.8,606.6
139,30,0.83,0.1,5,5,6,5.5,5.5,0.19,0.5,42,1,[0.1],0.1,0.2442732516826255,10,7.778174593052023,0.07071067811865475,0.38890872965260115,0.07071067811865475,0.17272727272727273,20260927T095930443635Z_577f21e5,2,5760.0,40,True,81,"[0.8592549273600911, 0.6058380411445193, 0.4316697215292379, 0.32461244914431125, 0.29898418014229616, 0.3853292566116986, 0.6184818884427356, 0.9112753545916268, 1.124060711596949, 1.0918553682168552, 1.0519012231472415, 1.0604058710082023, 1.1010962834034748, 1.1484706050156464, 1.2414843039249468, 1.286522046207647, 1.3072562312959182, 1.4024657757114494, 1.4690763553789117, 1.4352382086312834, 1.3078676789813133, 1.2336627867197074, 1.2117583717879756, 1.0914323600059634]",HEUR,1355.93662109375,0.6870023920016973,0.6875933885574341,1973.7,1973.7,1.0,43.6,1397.7,576.0
139,30,0.83,0.1,5,5,6,5.5,5.5,0.19,0.5,42,1,[0.1],0.1,0.2442732516826255,10,7.778174593052023,0.07071067811865475,0.38890872965260115,0.07071067811865475,0.17272727272727273,20260927T095930443635Z_577f21e5,2,5760.0,40,True,81,"[0.8592549273600911, 0.6058380411445193, 0.4316697215292379, 0.32461244914431125, 0.29898418014229616, 0.3853292566116986, 0.6184818884427356, 0.9112753545916268, 1.124060711596949, 1.0918553682168552, 1.0519012231472415, 1.0604058710082023, 1.1010962834034748, 1.1484706050156464, 1.2414843039249468, 1.286522046207647, 1.3072562312959182, 1.4024657757114494, 1.4690763553789117, 1.4352382086312834, 1.3078676789813133, 1.2336627867197074, 1.2117583717879756, 1.0914323600059634]",HEUR_VOR,597.9411315917969,0.6475429192027257,0.6351345181465149,923.4,923.4,1.0,18.8,543.3,380.1
139,30,0.83,0.1,5,5,6,5.5,5.5,0.19,0.5,42,1,[0.1],0.1,0.2442732516826255,10,7.778174593052023,0.07071067811865475,0.38890872965260115,0.07071067811865475,0.17272727272727273,20260927T095930443635Z_577f21e5,2,5760.0,40,True,81,"[0.8592549273600911, 0.6058380411445193, 0.4316697215292379, 0.32461244914431125, 0.29898418014229616, 0.3853292566116986, 0.6184818884427356, 0.9112753545916268, 1.124060711596949, 1.0918553682168552, 1.0519012231472415, 1.0604058710082023, 1.1010962834034748, 1.1484706050156464, 1.2414843039249468, 1.286522046207647, 1.3072562312959182, 1.4024657757114494, 1.4690763553789117, 1.4352382086312834, 1.3078676789813133, 1.2336627867197074, 1.2117583717879756, 1.0914323600059634]",FOUR_ZONE,136.19835510253907,0.3758232756692579,0.377433237859181,362.4,362.4,1.0,1.0,32.3,330.1
139,30,0.83,0.1,5,5,6,5.5,5.5,0.19,0.5,42,1,[0.1],0.1,0.2442732516826255,10,7.778174593052023,0.07071067811865475,0.38890872965260115,0.07071067811865475,0.17272727272727273,20260927T095930443635Z_577f21e5,2,5760.0,40,True,81,"[0.8592549273600911, 0.6058380411445193, 0.4316697215292379, 0.32461244914431125, 0.29898418014229616, 0.3853292566116986, 0.6184818884427356, 0.9112753545916268, 1.124060711596949, 1.0918553682168552, 1.0519012231472415, 1.0604058710082023, 1.1010962834034748, 1.1484706050156464, 1.2414843039249468, 1.286522046207647, 1.3072562312959182, 1.4024657757114494, 1.4690763553789117, 1.4352382086312834, 1.3078676789813133, 1.2336627867197074, 1.2117583717879756, 1.0914323600059634]",PURE,105.2,0.3001426533523538,0.30346051279269637,350.5,350.5,1.0,0.0,0.0,350.5
139,30,0.83,0.1,5,5,6,5.5,5.5,0.19,0.5,42,1,[0.1],0.1,0.2442732516826255,10,7.778174593052023,0.07071067811865475,0.38890872965260115,0.07071067811865475,0.17272727272727273,20260927T095930443635Z_577f21e5,2,5760.0,40,True,81,"[0.8592549273600911, 0.6058380411445193, 0.4316697215292379, 0.32461244914431125, 0.29898418014229616, 0.3853292566116986, 0.6184818884427356, 0.9112753545916268, 1.124060711596949, 1.0918553682168552, 1.0519012231472415, 1.0604058710082023, 1.1010962834034748, 1.1484706050156464, 1.2414843039249468, 1.286522046207647, 1.3072562312959182, 1.4024657757114494, 1.4690763553789117, 1.4352382086312834, 1.3078676789813133, 1.2336627867197074, 1.2117583717879756, 1.0914323600059634]",PURE_OR,105.2,0.34278266536331053,0.34290676637664524,306.9,306.9,1.0,0.0,0.0,306.9
140,30,0.83,0.2,5,5,6,5.5,5.5,0.19,0.5,42,1,[0.2],0.2,0.2442732516826255,10,7.778174593052023,0.1414213562373095,0.7778174593052023,0.1414213562373095,0.17272727272727273,20260927T095930443635Z_577f21e5,2,5760.0,40,True,81,"[0.8592549273600911, 0.6058380411445193, 0.4316697215292379, 0.32461244914431125, 0.29898418014229616, 0.3853292566116986, 0.6184818884427356, 0.9112753545916268, 1.124060711596949, 1.0918553682168552, 1.0519012231472415, 1.0604058710082023, 1.1010962834034748, 1.1484706050156464, 1.2414843039249468, 1.286522046207647, 1.3072562312959182, 1.4024657757114494, 1.4690763553789117, 1.4352382086312834, 1.3078676789813133, 1.2336627867197074, 1.2117583717879756, 1.0914323600059634]",DRL,4945.319921875,0.8585624864366319,0.8585624933242798,5760.0,,0.0,157.0,5596.7,163.3
140,30,0.83,0.2,5,5,6,5.5,5.5,0.19,0.5,42,1,[0.2],0.2,0.2442732516826255,10,7.778174593052023,0.1414213562373095,0.7778174593052023,0.1414213562373095,0.17272727272727273,20260927T095930443635Z_577f21e5,2,5760.0,40,True,81,"[0.8592549273600911, 0.6058380411445193, 0.4316697215292379, 0.32461244914431125, 0.29898418014229616, 0.3853292566116986, 0.6184818884427356, 0.9112753545916268, 1.124060711596949, 1.0918553682168552, 1.0519012231472415, 1.0604058710082023, 1.1010962834034748, 1.1484706050156464, 1.2414843039249468, 1.286522046207647, 1.3072562312959182, 1.4024657757114494, 1.4690763553789117, 1.4352382086312834, 1.3078676789813133, 1.2336627867197074, 1.2117583717879756, 1.0914323600059634]",HEUR,3793.599755859375,0.7326946376428026,0.728293526172638,5177.6,4304.0,0.4,128.2,4031.7,1145.9
140,30,0.83,0.2,5,5,6,5.5,5.5,0.19,0.5,42,1,[0.2],0.2,0.2442732516826255,10,7.778174593052023,0.1414213562373095,0.7778174593052023,0.1414213562373095,0.17272727272727273,20260927T095930443635Z_577f21e5,2,5760.0,40,True,81,"[0.8592549273600911, 0.6058380411445193, 0.4316697215292379, 0.32461244914431125, 0.29898418014229616, 0.3853292566116986, 0.6184818884427356, 0.9112753545916268, 1.124060711596949, 1.0918553682168552, 1.0519012231472415, 1.0604058710082023, 1.1010962834034748, 1.1484706050156464, 1.2414843039249468, 1.286522046207647, 1.3072562312959182, 1.4024657757114494, 1.4690763553789117, 1.4352382086312834, 1.3078676789813133, 1.2336627867197074, 1.2117583717879756, 1.0914323600059634]",HEUR_VOR,1739.3137084960938,0.7730970346235637,0.7654635310173035,2249.8,2249.8,1.0,56.2,1814.0,435.8
140,30,0.83,0.2,5,5,6,5.5,5.5,0.19,0.5,42,1,[0.2],0.2,0.2442732516826255,10,7.778174593052023,0.1414213562373095,0.7778174593052023,0.1414213562373095,0.17272727272727273,20260927T095930443635Z_577f21e5,2,5760.0,40,True,81,"[0.8592549273600911, 0.6058380411445193, 0.4316697215292379, 0.32461244914431125, 0.29898418014229616, 0.3853292566116986, 0.6184818884427356, 0.9112753545916268, 1.124060711596949, 1.0918553682168552, 1.0519012231472415, 1.0604058710082023, 1.1010962834034748, 1.1484706050156464, 1.2414843039249468, 1.286522046207647, 1.3072562312959182, 1.4024657757114494, 1.4690763553789117, 1.4352382086312834, 1.3078676789813133, 1.2336627867197074, 1.2117583717879756, 1.0914323600059634]",FOUR_ZONE,164.31777648925782,0.4313934798877863,0.42740302681922915,380.9,380.9,1.0,1.8,62.2,318.7
140,30,0.83,0.2,5,5,6,5.5,5.5,0.19,0.5,42,1,[0.2],0.2,0.2442732516826255,10,7.778174593052023,0.1414213562373095,0.7778174593052023,0.1414213562373095,0.17272727272727273,20260927T095930443635Z_577f21e5,2,5760.0,40,True,81,"[0.8592549273600911, 0.6058380411445193, 0.4316697215292379, 0.32461244914431125, 0.29898418014229616, 0.3853292566116986, 0.6184818884427356, 0.9112753545916268, 1.124060711596949, 1.0918553682168552, 1.0519012231472415, 1.0604058710082023, 1.1010962834034748, 1.1484706050156464, 1.2414843039249468, 1.286522046207647, 1.3072562312959182, 1.4024657757114494, 1.4690763553789117, 1.4352382086312834, 1.3078676789813133, 1.2336627867197074, 1.2117583717879756, 1.0914323600059634]",PURE,105.2,0.3001426533523538,0.30346051279269637,350.5,350.5,1.0,0.0,0.0,350.5
140,30,0.83,0.2,5,5,6,5.5,5.5,0.19,0.5,42,1,[0.2],0.2,0.2442732516826255,10,7.778174593052023,0.1414213562373095,0.7778174593052023,0.1414213562373095,0.17272727272727273,20260927T095930443635Z_577f21e5,2,5760.0,40,True,81,"[0.8592549273600911, 0.6058380411445193, 0.4316697215292379, 0.32461244914431125, 0.29898418014229616, 0.3853292566116986, 0.6184818884427356, 0.9112753545916268, 1.124060711596949, 1.0918553682168552, 1.0519012231472415, 1.0604058710082023, 1.1010962834034748, 1.1484706050156464, 1.2414843039249468, 1.286522046207647, 1.3072562312959182, 1.4024657757114494, 1.4690763553789117, 1.4352382086312834, 1.3078676789813133, 1.2336627867197074, 1.2117583717879756, 1.0914323600059634]",PURE_OR,105.2,0.34278266536331053,0.34290676637664524,306.9,306.9,1.0,0.0,0.0,306.9
141,30,0.83,0.3,5,5,6,5.5,5.5,0.19,0.5,42,1,"[0.3, 0.4]",0.2442732516826255,0.2442732516826255,10,7.778174593052023,0.21213203435596423,1.1667261889578033,0.17272727272727273,0.17272727272727273,20260927T095930443635Z_577f21e5,2,5760.0,40,True,81,"[0.8592549273600911, 0.6058380411445193, 0.4316697215292379, 0.32461244914431125, 0.29898418014229616, 0.3853292566116986, 0.6184818884427356, 0.9112753545916268, 1.124060711596949, 1.0918553682168552, 1.0519012231472415, 1.0604058710082023, 1.1010962834034748, 1.1484706050156464, 1.2414843039249468, 1.286522046207647, 1.3072562312959182, 1.4024657757114494, 1.4690763553789117, 1.4352382086312834, 1.3078676789813133, 1.2336627867197074, 1.2117583717879756, 1.0914323600059634]",DRL,5053.77978515625,0.877392323811849,0.8773923277854919,5760.0,,0.0,151.4,5617.3,142.7
141,30,0.83,0.3,5,5,6,5.5,5.5,0.19,0.5,42,1,"[0.3, 0.4]",0.2442732516826255,0.2442732516826255,10,7.778174593052023,0.21213203435596423,1.1667261889578033,0.17272727272727273,0.17272727272727273,20260927T095930443635Z_577f21e5,2,5760.0,40,True,81,"[0.8592549273600911, 0.6058380411445193, 0.4316697215292379, 0.32461244914431125, 0.29898418014229616, 0.3853292566116986, 0.6184818884427356, 0.9112753545916268, 1.124060711596949, 1.0918553682168552, 1.0519012231472415, 1.0604058710082023, 1.1010962834034748, 1.1484706050156464, 1.2414843039249468, 1.286522046207647, 1.3072562312959182, 1.4024657757114494, 1.4690763553789117, 1.4352382086312834, 1.3078676789813133, 1.2336627867197074, 1.2117583717879756, 1.0914323600059634]",HEUR,4255.0037109375,0.7516479201076683,0.7511375188827515,5660.9,5264.5,0.2,147.8,4517.6,1143.3
141,30,0.83,0.3,5,5,6,5.5,5.5,0.19,0.5,42,1,"[0.3, 0.4]",0.2442732516826255,0.2442732516826255,10,7.778174593052023,0.21213203435596423,1.1667261889578033,0.17272727272727273,0.17272727272727273,20260927T095930443635Z_577f21e5,2,5760.0,40,True,81,"[0.8592549273600911, 0.6058380411445193, 0.4316697215292379, 0.32461244914431125, 0.29898418014229616, 0.3853292566116986, 0.6184818884427356, 0.9112753545916268, 1.124060711596949, 1.0918553682168552, 1.0519012231472415, 1.0604058710082023, 1.1010962834034748, 1.1484706050156464, 1.2414843039249468, 1.286522046207647, 1.3072562312959182, 1.4024657757114494, 1.4690763553789117, 1.4352382086312834, 1.3078676789813133, 1.2336627867197074, 1.2117583717879756, 1.0914323600059634]",HEUR_VOR,2011.3770263671875,0.7765634633285153,0.7685518264770508,2590.1,2590.1,1.0,69.0,2124.6,465.5
141,30,0.83,0.3,5,5,6,5.5,5.5,0.19,0.5,42,1,"[0.3, 0.4]",0.2442732516826255,0.2442732516826255,10,7.778174593052023,0.21213203435596423,1.1667261889578033,0.17272727272727273,0.17272727272727273,20260927T095930443635Z_577f21e5,2,5760.0,40,True,81,"[0.8592549273600911, 0.6058380411445193, 0.4316697215292379, 0.32461244914431125, 0.29898418014229616, 0.3853292566116986, 0.6184818884427356, 0.9112753545916268, 1.124060711596949, 1.0918553682168552, 1.0519012231472415, 1.0604058710082023, 1.1010962834034748, 1.1484706050156464, 1.2414843039249468, 1.286522046207647, 1.3072562312959182, 1.4024657757114494, 1.4690763553789117, 1.4352382086312834, 1.3078676789813133, 1.2336627867197074, 1.2117583717879756, 1.0914323600059634]",FOUR_ZONE,168.72842102050782,0.43768721406098005,0.4353705823421478,385.5,385.5,1.0,2.2,69.0,316.5
141,30,0.83,0.3,5,5,6,5.5,5.5,0.19,0.5,42,1,"[0.3, 0.4]",0.2442732516826255,0.2442732516826255,10,7.778174593052023,0.21213203435596423,1.1667261889578033,0.17272727272727273,0.17272727272727273,20260927T095930443635Z_577f21e5,2,5760.0,40,True,81,"[0.8592549273600911, 0.6058380411445193, 0.4316697215292379, 0.32461244914431125, 0.29898418014229616, 0.3853292566116986, 0.6184818884427356, 0.9112753545916268, 1.124060711596949, 1.0918553682168552, 1.0519012231472415, 1.0604058710082023, 1.1010962834034748, 1.1484706050156464, 1.2414843039249468, 1.286522046207647, 1.3072562312959182, 1.4024657757114494, 1.4690763553789117, 1.4352382086312834, 1.3078676789813133, 1.2336627867197074, 1.2117583717879756, 1.0914323600059634]",PURE,105.2,0.3001426533523538,0.30346051279269637,350.5,350.5,1.0,0.0,0.0,350.5
141,30,0.83,0.3,5,5,6,5.5,5.5,0.19,0.5,42,1,"[0.3, 0.4]",0.2442732516826255,0.2442732516826255,10,7.778174593052023,0.21213203435596423,1.1667261889578033,0.17272727272727273,0.17272727272727273,20260927T095930443635Z_577f21e5,2,5760.0,40,True,81,"[0.8592549273600911, 0.6058380411445193, 0.4316697215292379, 0.32461244914431125, 0.29898418014229616, 0.3853292566116986, 0.6184818884427356, 0.9112753545916268, 1.124060711596949, 1.0918553682168552, 1.0519012231472415, 1.0604058710082023, 1.1010962834034748, 1.1484706050156464, 1.2414843039249468, 1.286522046207647, 1.3072562312959182, 1.4024657757114494, 1.4690763553789117, 1.4352382086312834, 1.3078676789813133, 1.2336627867197074, 1.2117583717879756, 1.0914323600059634]",PURE_OR,105.2,0.34278266536331053,0.34290676637664524,306.9,306.9,1.0,0.0,0.0,306.9
142,30,0.83,0.1,5,5,6,6.0,5.5,0.19,0.5,42,1,[0.1],0.1,0.2442732516826255,10,7.778174593052023,0.07071067811865475,0.38890872965260115,0.07071067811865475,0.17272727272727273,20260927T095930443635Z_577f21e5,2,5760.0,40,True,81,"[0.8592549273600911, 0.6058380411445193, 0.4316697215292379, 0.32461244914431125, 0.29898418014229616, 0.3853292566116986, 0.6184818884427356, 0.9112753545916268, 1.124060711596949, 1.0918553682168552, 1.0519012231472415, 1.0604058710082023, 1.1010962834034748, 1.1484706050156464, 1.2414843039249468, 1.286522046207647, 1.3072562312959182, 1.4024657757114494, 1.4690763553789117, 1.4352382086312834, 1.3078676789813133, 1.2336627867197074, 1.2117583717879756, 1.0914323600059634]",DRL,3778.923193359375,0.7184264626158507,0.7186024069786072,5260.0,4510.0,0.4,110.2,4599.6,660.4
142,30,0.83,0.1,5,5,6,6.0,5.5,0.19,0.5,42,1,[0.1],0.1,0.2442732516826255,10,7.778174593052023,0.07071067811865475,0.38890872965260115,0.07071067811865475,0.17272727272727273,20260927T095930443635Z_577f21e5,2,5760.0,40,True,81,"[0.8592549273600911, 0.6058380411445193, 0.4316697215292379, 0.32461244914431125, 0.29898418014229616, 0.3853292566116986, 0.6184818884427356, 0.9112753545916268, 1.124060711596949, 1.0918553682168552, 1.0519012231472415, 1.0604058710082023, 1.1010962834034748, 1.1484706050156464, 1.2414843039249468, 1.286522046207647, 1.3072562312959182, 1.4024657757114494, 1.4690763553789117, 1.4352382086312834, 1.3078676789813133, 1.2336627867197074, 1.2117583717879756, 1.0914323600059634]",HEUR,1469.6170166015625,0.7445999982781387,0.745205283164978,1973.7,1973.7,1.0,43.6,1397.7,576.0
142,30,0.83,0.1,5,5,6,6.0,5.5,0.19,0.5,42,1,[0.1],0.1,0.2442732516826255,10,7.778174593052023,0.07071067811865475,0.38890872965260115,0.07071067811865475,0.17272727272727273,20260927T095930443635Z_577f21e5,2,5760.0,40,True,81,"[0.8592549273600911, 0.6058380411445193, 0.4316697215292379, 0.32461244914431125, 0.29898418014229616, 0.3853292566116986, 0.6184818884427356, 0.9112753545916268, 1.124060711596949, 1.0918553682168552, 1.0519012231472415, 1.0604058710082023, 1.1010962834034748, 1.1484706050156464, 1.2414843039249468, 1.286522046207647, 1.3072562312959182, 1.4024657757114494, 1.4690763553789117, 1.4352382086312834, 1.3078676789813133, 1.2336627867197074, 1.2117583717879756, 1.0914323600059634]",HEUR_VOR,642.7387573242188,0.6960567005893641,0.6822470664978028,923.4,923.4,1.0,18.8,543.3,380.1
142,30,0.83,0.1,5,5,6,6.0,5.5,0.19,0.5,42,1,[0.1],0.1,0.2442732516826255,10,7.778174593052023,0.07071067811865475,0.38890872965260115,0.07071067811865475,0.17272727272727273,20260927T095930443635Z_577f21e5,2,5760.0,40,True,81,"[0.8592549273600911, 0.6058380411445193, 0.4316697215292379, 0.32461244914431125, 0.29898418014229616, 0.3853292566116986, 0.6184818884427356, 0.9112753545916268, 1.124060711596949, 1.0918553682168552, 1.0519012231472415, 1.0604058710082023, 1.1010962834034748, 1.1484706050156464, 1.2414843039249468, 1.286522046207647, 1.3072562312959182, 1.4024657757114494, 1.4690763553789117, 1.4352382086312834, 1.3078676789813133, 1.2336627867197074, 1.2117583717879756, 1.0914323600059634]",FOUR_ZONE,139.01640930175782,0.3835993634154465,0.3852750275816236,362.4,362.4,1.0,1.0,32.3,330.1
142,30,0.83,0.1,5,5,6,6.0,5.5,0.19,0.5,42,1,[0.1],0.1,0.2442732516826255,10,7.778174593052023,0.07071067811865475,0.38890872965260115,0.07071067811865475,0.17272727272727273,20260927T095930443635Z_577f21e5,2,5760.0,40,True,81,"[0.8592549273600911, 0.6058380411445193, 0.4316697215292379, 0.32461244914431125, 0.29898418014229616, 0.3853292566116986, 0.6184818884427356, 0.9112753545916268, 1.124060711596949, 1.0918553682168552, 1.0519012231472415, 1.0604058710082023, 1.1010962834034748, 1.1484706050156464, 1.2414843039249468, 1.286522046207647, 1.3072562312959182, 1.4024657757114494, 1.4690763553789117, 1.4352382086312834, 1.3078676789813133, 1.2336627867197074, 1.2117583717879756, 1.0914323600059634]",PURE,105.2,0.3001426533523538,0.30346051279269637,350.5,350.5,1.0,0.0,0.0,350.5
142,30,0.83,0.1,5,5,6,6.0,5.5,0.19,0.5,42,1,[0.1],0.1,0.2442732516826255,10,7.778174593052023,0.07071067811865475,0.38890872965260115,0.07071067811865475,0.17272727272727273,20260927T095930443635Z_577f21e5,2,5760.0,40,True,81,"[0.8592549273600911, 0.6058380411445193, 0.4316697215292379, 0.32461244914431125, 0.29898418014229616, 0.3853292566116986, 0.6184818884427356, 0.9112753545916268, 1.124060711596949, 1.0918553682168552, 1.0519012231472415, 1.0604058710082023, 1.1010962834034748, 1.1484706050156464, 1.2414843039249468, 1.286522046207647, 1.3072562312959182, 1.4024657757114494, 1.4690763553789117, 1.4352382086312834, 1.3078676789813133, 1.2336627867197074, 1.2117583717879756, 1.0914323600059634]",PURE_OR,105.2,0.34278266536331053,0.34290676637664524,306.9,306.9,1.0,0.0,0.0,306.9
143,30,0.83,0.2,5,5,6,6.0,5.5,0.19,0.5,42,1,[0.2],0.2,0.2442732516826255,10,7.778174593052023,0.1414213562373095,0.7778174593052023,0.1414213562373095,0.17272727272727273,20260927T095930443635Z_577f21e5,2,5760.0,40,True,81,"[0.8592549273600911, 0.6058380411445193, 0.4316697215292379, 0.32461244914431125, 0.29898418014229616, 0.3853292566116986, 0.6184818884427356, 0.9112753545916268, 1.124060711596949, 1.0918553682168552, 1.0519012231472415, 1.0604058710082023, 1.1010962834034748, 1.1484706050156464, 1.2414843039249468, 1.286522046207647, 1.3072562312959182, 1.4024657757114494, 1.4690763553789117, 1.4352382086312834, 1.3078676789813133, 1.2336627867197074, 1.2117583717879756, 1.0914323600059634]",DRL,5389.7078125,0.9357131618923611,0.9357131481170654,5760.0,,0.0,154.2,5593.6,166.4
143,30,0.83,0.2,5,5,6,6.0,5.5,0.19,0.5,42,1,[0.2],0.2,0.2442732516826255,10,7.778174593052023,0.1414213562373095,0.7778174593052023,0.1414213562373095,0.17272727272727273,20260927T095930443635Z_577f21e5,2,5760.0,40,True,81,"[0.8592549273600911, 0.6058380411445193, 0.4316697215292379, 0.32461244914431125, 0.29898418014229616, 0.3853292566116986, 0.6184818884427356, 0.9112753545916268, 1.124060711596949, 1.0918553682168552, 1.0519012231472415, 1.0604058710082023, 1.1010962834034748, 1.1484706050156464, 1.2414843039249468, 1.286522046207647, 1.3072562312959182, 1.4024657757114494, 1.4690763553789117, 1.4352382086312834, 1.3078676789813133, 1.2336627867197074, 1.2117583717879756, 1.0914323600059634]",HEUR,4130.018359375,0.797670418606111,0.7928239583969117,5177.6,4304.0,0.4,128.2,4031.7,1145.9
143,30,0.83,0.2,5,5,6,6.0,5.5,0.19,0.5,42,1,[0.2],0.2,0.2442732516826255,10,7.778174593052023,0.1414213562373095,0.7778174593052023,0.1414213562373095,0.17272727272727273,20260927T095930443635Z_577f21e5,2,5760.0,40,True,81,"[0.8592549273600911, 0.6058380411445193, 0.4316697215292379, 0.32461244914431125, 0.29898418014229616, 0.3853292566116986, 0.6184818884427356, 0.9112753545916268, 1.124060711596949, 1.0918553682168552, 1.0519012231472415, 1.0604058710082023, 1.1010962834034748, 1.1484706050156464, 1.2414843039249468, 1.286522046207647, 1.3072562312959182, 1.4024657757114494, 1.4690763553789117, 1.4352382086312834, 1.3078676789813133, 1.2336627867197074, 1.2117583717879756, 1.0914323600059634]",HEUR_VOR,1887.8801147460938,0.8391324183243372,0.8304986238479615,2249.8,2249.8,1.0,56.2,1814.0,435.8
143,30,0.83,0.2,5,5,6,6.0,5.5,0.19,0.5,42,1,[0.2],0.2,0.2442732516826255,10,7.778174593052023,0.1414213562373095,0.7778174593052023,0.1414213562373095,0.17272727272727273,20260927T095930443635Z_577f21e5,2,5760.0,40,True,81,"[0.8592549273600911, 0.6058380411445193, 0.4316697215292379, 0.32461244914431125, 0.29898418014229616, 0.3853292566116986, 0.6184818884427356, 0.9112753545916268, 1.124060711596949, 1.0918553682168552, 1.0519012231472415, 1.0604058710082023, 1.1010962834034748, 1.1484706050156464, 1.2414843039249468, 1.286522046207647, 1.3072562312959182, 1.4024657757114494, 1.4690763553789117, 1.4352382086312834, 1.3078676789813133, 1.2336627867197074, 1.2117583717879756, 1.0914323600059634]",FOUR_ZONE,169.69215698242186,0.44550316876456253,0.44101481437683104,380.9,380.9,1.0,1.8,62.2,318.7
143,30,0.83,0.2,5,5,6,6.0,5.5,0.19,0.5,42,1,[0.2],0.2,0.2442732516826255,10,7.778174593052023,0.1414213562373095,0.7778174593052023,0.1414213562373095,0.17272727272727273,20260927T095930443635Z_577f21e5,2,5760.0,40,True,81,"[0.8592549273600911, 0.6058380411445193, 0.4316697215292379, 0.32461244914431125, 0.29898418014229616, 0.3853292566116986, 0.6184818884427356, 0.9112753545916268, 1.124060711596949, 1.0918553682168552, 1.0519012231472415, 1.0604058710082023, 1.1010962834034748, 1.1484706050156464, 1.2414843039249468, 1.286522046207647, 1.3072562312959182, 1.4024657757114494, 1.4690763553789117, 1.4352382086312834, 1.3078676789813133, 1.2336627867197074, 1.2117583717879756, 1.0914323600059634]",PURE,105.2,0.3001426533523538,0.30346051279269637,350.5,350.5,1.0,0.0,0.0,350.5
143,30,0.83,0.2,5,5,6,6.0,5.5,0.19,0.5,42,1,[0.2],0.2,0.2442732516826255,10,7.778174593052023,0.1414213562373095,0.7778174593052023,0.1414213562373095,0.17272727272727273,20260927T095930443635Z_577f21e5,2,5760.0,40,True,81,"[0.8592549273600911, 0.6058380411445193, 0.4316697215292379, 0.32461244914431125, 0.29898418014229616, 0.3853292566116986, 0.6184818884427356, 0.9112753545916268, 1.124060711596949, 1.0918553682168552, 1.0519012231472415, 1.0604058710082023, 1.1010962834034748, 1.1484706050156464, 1.2414843039249468, 1.286522046207647, 1.3072562312959182, 1.4024657757114494, 1.4690763553789117, 1.4352382086312834, 1.3078676789813133, 1.2336627867197074, 1.2117583717879756, 1.0914323600059634]",PURE_OR,105.2,0.34278266536331053,0.34290676637664524,306.9,306.9,1.0,0.0,0.0,306.9
144,30,0.83,0.3,5,5,6,6.0,5.5,0.19,0.5,42,1,"[0.3, 0.4]",0.2442732516826255,0.2442732516826255,10,7.778174593052023,0.21213203435596423,1.1667261889578033,0.17272727272727273,0.17272727272727273,20260927T095930443635Z_577f21e5,2,5760.0,40,True,81,"[0.8592549273600911, 0.6058380411445193, 0.4316697215292379, 0.32461244914431125, 0.29898418014229616, 0.3853292566116986, 0.6184818884427356, 0.9112753545916268, 1.124060711596949, 1.0918553682168552, 1.0519012231472415, 1.0604058710082023, 1.1010962834034748, 1.1484706050156464, 1.2414843039249468, 1.286522046207647, 1.3072562312959182, 1.4024657757114494, 1.4690763553789117, 1.4352382086312834, 1.3078676789813133, 1.2336627867197074, 1.2117583717879756, 1.0914323600059634]",DRL,5418.21982421875,0.9406631639268663,0.9406631708145141,5760.0,,0.0,155.2,5610.4,149.6
144,30,0.83,0.3,5,5,6,6.0,5.5,0.19,0.5,42,1,"[0.3, 0.4]",0.2442732516826255,0.2442732516826255,10,7.778174593052023,0.21213203435596423,1.1667261889578033,0.17272727272727273,0.17272727272727273,20260927T095930443635Z_577f21e5,2,5760.0,40,True,81,"[0.8592549273600911, 0.6058380411445193, 0.4316697215292379, 0.32461244914431125, 0.29898418014229616, 0.3853292566116986, 0.6184818884427356, 0.9112753545916268, 1.124060711596949, 1.0918553682168552, 1.0519012231472415, 1.0604058710082023, 1.1010962834034748, 1.1484706050156464, 1.2414843039249468, 1.286522046207647, 1.3072562312959182, 1.4024657757114494, 1.4690763553789117, 1.4352382086312834, 1.3078676789813133, 1.2336627867197074, 1.2117583717879756, 1.0914323600059634]",HEUR,4634.44990234375,0.8186772248836316,0.8181195974349975,5660.9,5264.5,0.2,147.8,4517.6,1143.3
144,30,0.83,0.3,5,5,6,6.0,5.5,0.19,0.5,42,1,"[0.3, 0.4]",0.2442732516826255,0.2442732516826255,10,7.778174593052023,0.21213203435596423,1.1667261889578033,0.17272727272727273,0.17272727272727273,20260927T095930443635Z_577f21e5,2,5760.0,40,True,81,"[0.8592549273600911, 0.6058380411445193, 0.4316697215292379, 0.32461244914431125, 0.29898418014229616, 0.3853292566116986, 0.6184818884427356, 0.9112753545916268, 1.124060711596949, 1.0918553682168552, 1.0519012231472415, 1.0604058710082023, 1.1010962834034748, 1.1484706050156464, 1.2414843039249468, 1.286522046207647, 1.3072562312959182, 1.4024657757114494, 1.4690763553789117, 1.4352382086312834, 1.3078676789813133, 1.2336627867197074, 1.2117583717879756, 1.0914323600059634]",HEUR_VOR,2184.709912109375,0.8434847736030945,0.8343728303909301,2590.1,2590.1,1.0,69.0,2124.6,465.5
144,30,0.83,0.3,5,5,6,6.0,5.5,0.19,0.5,42,1,"[0.3, 0.4]",0.2442732516826255,0.2442732516826255,10,7.778174593052023,0.21213203435596423,1.1667261889578033,0.17272727272727273,0.17272727272727273,20260927T095930443635Z_577f21e5,2,5760.0,40,True,81,"[0.8592549273600911, 0.6058380411445193, 0.4316697215292379, 0.32461244914431125, 0.29898418014229616, 0.3853292566116986, 0.6184818884427356, 0.9112753545916268, 1.124060711596949, 1.0918553682168552, 1.0519012231472415, 1.0604058710082023, 1.1010962834034748, 1.1484706050156464, 1.2414843039249468, 1.286522046207647, 1.3072562312959182, 1.4024657757114494, 1.4690763553789117, 1.4352382086312834, 1.3078676789813133, 1.2336627867197074, 1.2117583717879756, 1.0914323600059634]",FOUR_ZONE,174.5037811279297,0.4526686929388578,0.45007107257843015,385.5,385.5,1.0,2.2,69.0,316.5
144,30,0.83,0.3,5,5,6,6.0,5.5,0.19,0.5,42,1,"[0.3, 0.4]",0.2442732516826255,0.2442732516826255,10,7.778174593052023,0.21213203435596423,1.1667261889578033,0.17272727272727273,0.17272727272727273,20260927T095930443635Z_577f21e5,2,5760.0,40,True,81,"[0.8592549273600911, 0.6058380411445193, 0.4316697215292379, 0.32461244914431125, 0.29898418014229616, 0.3853292566116986, 0.6184818884427356, 0.9112753545916268, 1.124060711596949, 1.0918553682168552, 1.0519012231472415, 1.0604058710082023, 1.1010962834034748, 1.1484706050156464, 1.2414843039249468, 1.286522046207647, 1.3072562312959182, 1.4024657757114494, 1.4690763553789117, 1.4352382086312834, 1.3078676789813133, 1.2336627867197074, 1.2117583717879756, 1.0914323600059634]",PURE,105.2,0.3001426533523538,0.30346051279269637,350.5,350.5,1.0,0.0,0.0,350.5
144,30,0.83,0.3,5,5,6,6.0,5.5,0.19,0.5,42,1,"[0.3, 0.4]",0.2442732516826255,0.2442732516826255,10,7.778174593052023,0.21213203435596423,1.1667261889578033,0.17272727272727273,0.17272727272727273,20260927T095930443635Z_577f21e5,2,5760.0,40,True,81,"[0.8592549273600911, 0.6058380411445193, 0.4316697215292379, 0.32461244914431125, 0.29898418014229616, 0.3853292566116986, 0.6184818884427356, 0.9112753545916268, 1.124060711596949, 1.0918553682168552, 1.0519012231472415, 1.0604058710082023, 1.1010962834034748, 1.1484706050156464, 1.2414843039249468, 1.286522046207647, 1.3072562312959182, 1.4024657757114494, 1.4690763553789117, 1.4352382086312834, 1.3078676789813133, 1.2336627867197074, 1.2117583717879756, 1.0914323600059634]",PURE_OR,105.2,0.34278266536331053,0.34290676637664524,306.9,306.9,1.0,0.0,0.0,306.9
145,30,1.0,0.1,5,5,6,5.5,5.5,0.19,0.5,42,1,[0.1],0.1,0.2442732516826255,10,7.778174593052023,0.07071067811865475,0.38890872965260115,0.07071067811865475,0.17272727272727273,20260927T095930443635Z_577f21e5,2,5760.0,40,True,81,"[0.8592549273600911, 0.6058380411445193, 0.4316697215292379, 0.32461244914431125, 0.29898418014229616, 0.3853292566116986, 0.6184818884427356, 0.9112753545916268, 1.124060711596949, 1.0918553682168552, 1.0519012231472415, 1.0604058710082023, 1.1010962834034748, 1.1484706050156464, 1.2414843039249468, 1.286522046207647, 1.3072562312959182, 1.4024657757114494, 1.4690763553789117, 1.4352382086312834, 1.3078676789813133, 1.2336627867197074, 1.2117583717879756, 1.0914323600059634]",DRL,3952.71435546875,0.7076108763818028,0.7054773569107056,5586.0,4890.0,0.2,132.4,5061.1,524.9
145,30,1.0,0.1,5,5,6,5.5,5.5,0.19,0.5,42,1,[0.1],0.1,0.2442732516826255,10,7.778174593052023,0.07071067811865475,0.38890872965260115,0.07071067811865475,0.17272727272727273,20260927T095930443635Z_577f21e5,2,5760.0,40,True,81,"[0.8592549273600911, 0.6058380411445193, 0.4316697215292379, 0.32461244914431125, 0.29898418014229616, 0.3853292566116986, 0.6184818884427356, 0.9112753545916268, 1.124060711596949, 1.0918553682168552, 1.0519012231472415, 1.0604058710082023, 1.1010962834034748, 1.1484706050156464, 1.2414843039249468, 1.286522046207647, 1.3072562312959182, 1.4024657757114494, 1.4690763553789117, 1.4352382086312834, 1.3078676789813133, 1.2336627867197074, 1.2117583717879756, 1.0914323600059634]",HEUR,1571.611376953125,0.6706829586280566,0.668009340763092,2343.3,2343.3,1.0,51.8,1605.0,738.3
145,30,1.0,0.1,5,5,6,5.5,5.5,0.19,0.5,42,1,[0.1],0.1,0.2442732516826255,10,7.778174593052023,0.07071067811865475,0.38890872965260115,0.07071067811865475,0.17272727272727273,20260927T095930443635Z_577f21e5,2,5760.0,40,True,81,"[0.8592549273600911, 0.6058380411445193, 0.4316697215292379, 0.32461244914431125, 0.29898418014229616, 0.3853292566116986, 0.6184818884427356, 0.9112753545916268, 1.124060711596949, 1.0918553682168552, 1.0519012231472415, 1.0604058710082023, 1.1010962834034748, 1.1484706050156464, 1.2414843039249468, 1.286522046207647, 1.3072562312959182, 1.4024657757114494, 1.4690763553789117, 1.4352382086312834, 1.3078676789813133, 1.2336627867197074, 1.2117583717879756, 1.0914323600059634]",HEUR_VOR,1008.5525756835938,0.7109993483846272,0.7063781142234802,1418.5,1418.5,1.0,31.4,964.8,453.7
145,30,1.0,0.1,5,5,6,5.5,5.5,0.19,0.5,42,1,[0.1],0.1,0.2442732516826255,10,7.778174593052023,0.07071067811865475,0.38890872965260115,0.07071067811865475,0.17272727272727273,20260927T095930443635Z_577f21e5,2,5760.0,40,True,81,"[0.8592549273600911, 0.6058380411445193, 0.4316697215292379, 0.32461244914431125, 0.29898418014229616, 0.3853292566116986, 0.6184818884427356, 0.9112753545916268, 1.124060711596949, 1.0918553682168552, 1.0519012231472415, 1.0604058710082023, 1.1010962834034748, 1.1484706050156464, 1.2414843039249468, 1.286522046207647, 1.3072562312959182, 1.4024657757114494, 1.4690763553789117, 1.4352382086312834, 1.3078676789813133, 1.2336627867197074, 1.2117583717879756, 1.0914323600059634]",FOUR_ZONE,163.55401306152345,0.39823231814347076,0.3968916296958923,410.7,410.7,1.0,1.4,38.1,372.6
145,30,1.0,0.1,5,5,6,5.5,5.5,0.19,0.5,42,1,[0.1],0.1,0.2442732516826255,10,7.778174593052023,0.07071067811865475,0.38890872965260115,0.07071067811865475,0.17272727272727273,20260927T095930443635Z_577f21e5,2,5760.0,40,True,81,"[0.8592549273600911, 0.6058380411445193, 0.4316697215292379, 0.32461244914431125, 0.29898418014229616, 0.3853292566116986, 0.6184818884427356, 0.9112753545916268, 1.124060711596949, 1.0918553682168552, 1.0519012231472415, 1.0604058710082023, 1.1010962834034748, 1.1484706050156464, 1.2414843039249468, 1.286522046207647, 1.3072562312959182, 1.4024657757114494, 1.4690763553789117, 1.4352382086312834, 1.3078676789813133, 1.2336627867197074, 1.2117583717879756, 1.0914323600059634]",PURE,126.4,0.30268199233716475,0.3020488391073032,417.6,417.6,1.0,0.0,0.0,417.6
145,30,1.0,0.1,5,5,6,5.5,5.5,0.19,0.5,42,1,[0.1],0.1,0.2442732516826255,10,7.778174593052023,0.07071067811865475,0.38890872965260115,0.07071067811865475,0.17272727272727273,20260927T095930443635Z_577f21e5,2,5760.0,40,True,81,"[0.8592549273600911, 0.6058380411445193, 0.4316697215292379, 0.32461244914431125, 0.29898418014229616, 0.3853292566116986, 0.6184818884427356, 0.9112753545916268, 1.124060711596949, 1.0918553682168552, 1.0519012231472415, 1.0604058710082023, 1.1010962834034748, 1.1484706050156464, 1.2414843039249468, 1.286522046207647, 1.3072562312959182, 1.4024657757114494, 1.4690763553789117, 1.4352382086312834, 1.3078676789813133, 1.2336627867197074, 1.2117583717879756, 1.0914323600059634]",PURE_OR,126.4,0.3665893271461717,0.36571390797791914,344.8,344.8,1.0,0.0,0.0,344.8
146,30,1.0,0.2,5,5,6,5.5,5.5,0.19,0.5,42,1,[0.2],0.2,0.2442732516826255,10,7.778174593052023,0.1414213562373095,0.7778174593052023,0.1414213562373095,0.17272727272727273,20260927T095930443635Z_577f21e5,2,5760.0,40,True,81,"[0.8592549273600911, 0.6058380411445193, 0.4316697215292379, 0.32461244914431125, 0.29898418014229616, 0.3853292566116986, 0.6184818884427356, 0.9112753545916268, 1.124060711596949, 1.0918553682168552, 1.0519012231472415, 1.0604058710082023, 1.1010962834034748, 1.1484706050156464, 1.2414843039249468, 1.286522046207647, 1.3072562312959182, 1.4024657757114494, 1.4690763553789117, 1.4352382086312834, 1.3078676789813133, 1.2336627867197074, 1.2117583717879756, 1.0914323600059634]",DRL,5055.2708984375,0.8776511976453993,0.8776512026786805,5760.0,,0.0,153.0,5594.3,165.7
146,30,1.0,0.2,5,5,6,5.5,5.5,0.19,0.5,42,1,[0.2],0.2,0.2442732516826255,10,7.778174593052023,0.1414213562373095,0.7778174593052023,0.1414213562373095,0.17272727272727273,20260927T095930443635Z_577f21e5,2,5760.0,40,True,81,"[0.8592549273600911, 0.6058380411445193, 0.4316697215292379, 0.32461244914431125, 0.29898418014229616, 0.3853292566116986, 0.6184818884427356, 0.9112753545916268, 1.124060711596949, 1.0918553682168552, 1.0519012231472415, 1.0604058710082023, 1.1010962834034748, 1.1484706050156464, 1.2414843039249468, 1.286522046207647, 1.3072562312959182, 1.4024657757114494, 1.4690763553789117, 1.4352382086312834, 1.3078676789813133, 1.2336627867197074, 1.2117583717879756, 1.0914323600059634]",HEUR,4225.131884765625,0.7664916431917032,0.7648664116859436,5512.3,4521.5,0.2,147.8,4479.4,1032.9
146,30,1.0,0.2,5,5,6,5.5,5.5,0.19,0.5,42,1,[0.2],0.2,0.2442732516826255,10,7.778174593052023,0.1414213562373095,0.7778174593052023,0.1414213562373095,0.17272727272727273,20260927T095930443635Z_577f21e5,2,5760.0,40,True,81,"[0.8592549273600911, 0.6058380411445193, 0.4316697215292379, 0.32461244914431125, 0.29898418014229616, 0.3853292566116986, 0.6184818884427356, 0.9112753545916268, 1.124060711596949, 1.0918553682168552, 1.0519012231472415, 1.0604058710082023, 1.1010962834034748, 1.1484706050156464, 1.2414843039249468, 1.286522046207647, 1.3072562312959182, 1.4024657757114494, 1.4690763553789117, 1.4352382086312834, 1.3078676789813133, 1.2336627867197074, 1.2117583717879756, 1.0914323600059634]",HEUR_VOR,1826.90244140625,0.7637232730263158,0.7603184103965759,2392.1,2392.1,1.0,62.6,1902.9,489.2
146,30,1.0,0.2,5,5,6,5.5,5.5,0.19,0.5,42,1,[0.2],0.2,0.2442732516826255,10,7.778174593052023,0.1414213562373095,0.7778174593052023,0.1414213562373095,0.17272727272727273,20260927T095930443635Z_577f21e5,2,5760.0,40,True,81,"[0.8592549273600911, 0.6058380411445193, 0.4316697215292379, 0.32461244914431125, 0.29898418014229616, 0.3853292566116986, 0.6184818884427356, 0.9112753545916268, 1.124060711596949, 1.0918553682168552, 1.0519012231472415, 1.0604058710082023, 1.1010962834034748, 1.1484706050156464, 1.2414843039249468, 1.286522046207647, 1.3072562312959182, 1.4024657757114494, 1.4690763553789117, 1.4352382086312834, 1.3078676789813133, 1.2336627867197074, 1.2117583717879756, 1.0914323600059634]",FOUR_ZONE,173.2152313232422,0.4186976826764375,0.41685585379600526,413.7,413.7,1.0,1.8,49.9,363.8
146,30,1.0,0.2,5,5,6,5.5,5.5,0.19,0.5,42,1,[0.2],0.2,0.2442732516826255,10,7.778174593052023,0.1414213562373095,0.7778174593052023,0.1414213562373095,0.17272727272727273,20260927T095930443635Z_577f21e5,2,5760.0,40,True,81,"[0.8592549273600911, 0.6058380411445193, 0.4316697215292379, 0.32461244914431125, 0.29898418014229616, 0.3853292566116986, 0.6184818884427356, 0.9112753545916268, 1.124060711596949, 1.0918553682168552, 1.0519012231472415, 1.0604058710082023, 1.1010962834034748, 1.1484706050156464, 1.2414843039249468, 1.286522046207647, 1.3072562312959182, 1.4024657757114494, 1.4690763553789117, 1.4352382086312834, 1.3078676789813133, 1.2336627867197074, 1.2117583717879756, 1.0914323600059634]",PURE,126.4,0.30268199233716475,0.3020488391073032,417.6,417.6,1.0,0.0,0.0,417.6
146,30,1.0,0.2,5,5,6,5.5,5.5,0.19,0.5,42,1,[0.2],0.2,0.2442732516826255,10,7.778174593052023,0.1414213562373095,0.7778174593052023,0.1414213562373095,0.17272727272727273,20260927T095930443635Z_577f21e5,2,5760.0,40,True,81,"[0.8592549273600911, 0.6058380411445193, 0.4316697215292379, 0.32461244914431125, 0.29898418014229616, 0.3853292566116986, 0.6184818884427356, 0.9112753545916268, 1.124060711596949, 1.0918553682168552, 1.0519012231472415, 1.0604058710082023, 1.1010962834034748, 1.1484706050156464, 1.2414843039249468, 1.286522046207647, 1.3072562312959182, 1.4024657757114494, 1.4690763553789117, 1.4352382086312834, 1.3078676789813133, 1.2336627867197074, 1.2117583717879756, 1.0914323600059634]",PURE_OR,126.4,0.3665893271461717,0.36571390797791914,344.8,344.8,1.0,0.0,0.0,344.8
147,30,1.0,0.3,5,5,6,5.5,5.5,0.19,0.5,42,1,"[0.3, 0.4]",0.2442732516826255,0.2442732516826255,10,7.778174593052023,0.21213203435596423,1.1667261889578033,0.17272727272727273,0.17272727272727273,20260927T095930443635Z_577f21e5,2,5760.0,40,True,81,"[0.8592549273600911, 0.6058380411445193, 0.4316697215292379, 0.32461244914431125, 0.29898418014229616, 0.3853292566116986, 0.6184818884427356, 0.9112753545916268, 1.124060711596949, 1.0918553682168552, 1.0519012231472415, 1.0604058710082023, 1.1010962834034748, 1.1484706050156464, 1.2414843039249468, 1.286522046207647, 1.3072562312959182, 1.4024657757114494, 1.4690763553789117, 1.4352382086312834, 1.3078676789813133, 1.2336627867197074, 1.2117583717879756, 1.0914323600059634]",DRL,5050.8583984375,0.8768851386176215,0.8768851399421692,5760.0,,0.0,153.2,5614.7,145.3
147,30,1.0,0.3,5,5,6,5.5,5.5,0.19,0.5,42,1,"[0.3, 0.4]",0.2442732516826255,0.2442732516826255,10,7.778174593052023,0.21213203435596423,1.1667261889578033,0.17272727272727273,0.17272727272727273,20260927T095930443635Z_577f21e5,2,5760.0,40,True,81,"[0.8592549273600911, 0.6058380411445193, 0.4316697215292379, 0.32461244914431125, 0.29898418014229616, 0.3853292566116986, 0.6184818884427356, 0.9112753545916268, 1.124060711596949, 1.0918553682168552, 1.0519012231472415, 1.0604058710082023, 1.1010962834034748, 1.1484706050156464, 1.2414843039249468, 1.286522046207647, 1.3072562312959182, 1.4024657757114494, 1.4690763553789117, 1.4352382086312834, 1.3078676789813133, 1.2336627867197074, 1.2117583717879756, 1.0914323600059634]",HEUR,4500.8126953125,0.7813910929361979,0.7813910961151123,5760.0,,0.0,153.6,4770.5,989.5
147,30,1.0,0.3,5,5,6,5.5,5.5,0.19,0.5,42,1,"[0.3, 0.4]",0.2442732516826255,0.2442732516826255,10,7.778174593052023,0.21213203435596423,1.1667261889578033,0.17272727272727273,0.17272727272727273,20260927T095930443635Z_577f21e5,2,5760.0,40,True,81,"[0.8592549273600911, 0.6058380411445193, 0.4316697215292379, 0.32461244914431125, 0.29898418014229616, 0.3853292566116986, 0.6184818884427356, 0.9112753545916268, 1.124060711596949, 1.0918553682168552, 1.0519012231472415, 1.0604058710082023, 1.1010962834034748, 1.1484706050156464, 1.2414843039249468, 1.286522046207647, 1.3072562312959182, 1.4024657757114494, 1.4690763553789117, 1.4352382086312834, 1.3078676789813133, 1.2336627867197074, 1.2117583717879756, 1.0914323600059634]",HEUR_VOR,2386.507275390625,0.7862249704785613,0.7826505064964294,3035.4,3035.4,1.0,83.4,2532.1,503.3
147,30,1.0,0.3,5,5,6,5.5,5.5,0.19,0.5,42,1,"[0.3, 0.4]",0.2442732516826255,0.2442732516826255,10,7.778174593052023,0.21213203435596423,1.1667261889578033,0.17272727272727273,0.17272727272727273,20260927T095930443635Z_577f21e5,2,5760.0,40,True,81,"[0.8592549273600911, 0.6058380411445193, 0.4316697215292379, 0.32461244914431125, 0.29898418014229616, 0.3853292566116986, 0.6184818884427356, 0.9112753545916268, 1.124060711596949, 1.0918553682168552, 1.0519012231472415, 1.0604058710082023, 1.1010962834034748, 1.1484706050156464, 1.2414843039249468, 1.286522046207647, 1.3072562312959182, 1.4024657757114494, 1.4690763553789117, 1.4352382086312834, 1.3078676789813133, 1.2336627867197074, 1.2117583717879756, 1.0914323600059634]",FOUR_ZONE,183.47774963378907,0.42918771844161185,0.42774916887283326,427.5,427.5,1.0,2.2,61.8,365.7
147,30,1.0,0.3,5,5,6,5.5,5.5,0.19,0.5,42,1,"[0.3, 0.4]",0.2442732516826255,0.2442732516826255,10,7.778174593052023,0.21213203435596423,1.1667261889578033,0.17272727272727273,0.17272727272727273,20260927T095930443635Z_577f21e5,2,5760.0,40,True,81,"[0.8592549273600911, 0.6058380411445193, 0.4316697215292379, 0.32461244914431125, 0.29898418014229616, 0.3853292566116986, 0.6184818884427356, 0.9112753545916268, 1.124060711596949, 1.0918553682168552, 1.0519012231472415, 1.0604058710082023, 1.1010962834034748, 1.1484706050156464, 1.2414843039249468, 1.286522046207647, 1.3072562312959182, 1.4024657757114494, 1.4690763553789117, 1.4352382086312834, 1.3078676789813133, 1.2336627867197074, 1.2117583717879756, 1.0914323600059634]",PURE,126.4,0.30268199233716475,0.3020488391073032,417.6,417.6,1.0,0.0,0.0,417.6
147,30,1.0,0.3,5,5,6,5.5,5.5,0.19,0.5,42,1,"[0.3, 0.4]",0.2442732516826255,0.2442732516826255,10,7.778174593052023,0.21213203435596423,1.1667261889578033,0.17272727272727273,0.17272727272727273,20260927T095930443635Z_577f21e5,2,5760.0,40,True,81,"[0.8592549273600911, 0.6058380411445193, 0.4316697215292379, 0.32461244914431125, 0.29898418014229616, 0.3853292566116986, 0.6184818884427356, 0.9112753545916268, 1.124060711596949, 1.0918553682168552, 1.0519012231472415, 1.0604058710082023, 1.1010962834034748, 1.1484706050156464, 1.2414843039249468, 1.286522046207647, 1.3072562312959182, 1.4024657757114494, 1.4690763553789117, 1.4352382086312834, 1.3078676789813133, 1.2336627867197074, 1.2117583717879756, 1.0914323600059634]",PURE_OR,126.4,0.3665893271461717,0.36571390797791914,344.8,344.8,1.0,0.0,0.0,344.8
148,30,1.0,0.1,5,5,6,6.0,5.5,0.19,0.5,42,1,[0.1],0.1,0.2442732516826255,10,7.778174593052023,0.07071067811865475,0.38890872965260115,0.07071067811865475,0.17272727272727273,20260927T095930443635Z_577f21e5,2,5760.0,40,True,81,"[0.8592549273600911, 0.6058380411445193, 0.4316697215292379, 0.32461244914431125, 0.29898418014229616, 0.3853292566116986, 0.6184818884427356, 0.9112753545916268, 1.124060711596949, 1.0918553682168552, 1.0519012231472415, 1.0604058710082023, 1.1010962834034748, 1.1484706050156464, 1.2414843039249468, 1.286522046207647, 1.3072562312959182, 1.4024657757114494, 1.4690763553789117, 1.4352382086312834, 1.3078676789813133, 1.2336627867197074, 1.2117583717879756, 1.0914323600059634]",DRL,3752.970947265625,0.7469936799159302,0.7509723663330078,5024.1,3920.25,0.4,115.2,4449.7,574.4
148,30,1.0,0.1,5,5,6,6.0,5.5,0.19,0.5,42,1,[0.1],0.1,0.2442732516826255,10,7.778174593052023,0.07071067811865475,0.38890872965260115,0.07071067811865475,0.17272727272727273,20260927T095930443635Z_577f21e5,2,5760.0,40,True,81,"[0.8592549273600911, 0.6058380411445193, 0.4316697215292379, 0.32461244914431125, 0.29898418014229616, 0.3853292566116986, 0.6184818884427356, 0.9112753545916268, 1.124060711596949, 1.0918553682168552, 1.0519012231472415, 1.0604058710082023, 1.1010962834034748, 1.1484706050156464, 1.2414843039249468, 1.286522046207647, 1.3072562312959182, 1.4024657757114494, 1.4690763553789117, 1.4352382086312834, 1.3078676789813133, 1.2336627867197074, 1.2117583717879756, 1.0914323600059634]",HEUR,1702.9756103515624,0.7267424616359675,0.7237376809120178,2343.3,2343.3,1.0,51.8,1605.0,738.3
148,30,1.0,0.1,5,5,6,6.0,5.5,0.19,0.5,42,1,[0.1],0.1,0.2442732516826255,10,7.778174593052023,0.07071067811865475,0.38890872965260115,0.07071067811865475,0.17272727272727273,20260927T095930443635Z_577f21e5,2,5760.0,40,True,81,"[0.8592549273600911, 0.6058380411445193, 0.4316697215292379, 0.32461244914431125, 0.29898418014229616, 0.3853292566116986, 0.6184818884427356, 0.9112753545916268, 1.124060711596949, 1.0918553682168552, 1.0519012231472415, 1.0604058710082023, 1.1010962834034748, 1.1484706050156464, 1.2414843039249468, 1.286522046207647, 1.3072562312959182, 1.4024657757114494, 1.4690763553789117, 1.4352382086312834, 1.3078676789813133, 1.2336627867197074, 1.2117583717879756, 1.0914323600059634]",HEUR_VOR,1088.736181640625,0.7675263881851427,0.7623377799987793,1418.5,1418.5,1.0,31.4,964.8,453.7
148,30,1.0,0.1,5,5,6,6.0,5.5,0.19,0.5,42,1,[0.1],0.1,0.2442732516826255,10,7.778174593052023,0.07071067811865475,0.38890872965260115,0.07071067811865475,0.17272727272727273,20260927T095930443635Z_577f21e5,2,5760.0,40,True,81,"[0.8592549273600911, 0.6058380411445193, 0.4316697215292379, 0.32461244914431125, 0.29898418014229616, 0.3853292566116986, 0.6184818884427356, 0.9112753545916268, 1.124060711596949, 1.0918553682168552, 1.0519012231472415, 1.0604058710082023, 1.1010962834034748, 1.1484706050156464, 1.2414843039249468, 1.286522046207647, 1.3072562312959182, 1.4024657757114494, 1.4690763553789117, 1.4352382086312834, 1.3078676789813133, 1.2336627867197074, 1.2117583717879756, 1.0914323600059634]",FOUR_ZONE,166.93167419433593,0.4064564747853322,0.40499582290649416,410.7,410.7,1.0,1.4,38.1,372.6
148,30,1.0,0.1,5,5,6,6.0,5.5,0.19,0.5,42,1,[0.1],0.1,0.2442732516826255,10,7.778174593052023,0.07071067811865475,0.38890872965260115,0.07071067811865475,0.17272727272727273,20260927T095930443635Z_577f21e5,2,5760.0,40,True,81,"[0.8592549273600911, 0.6058380411445193, 0.4316697215292379, 0.32461244914431125, 0.29898418014229616, 0.3853292566116986, 0.6184818884427356, 0.9112753545916268, 1.124060711596949, 1.0918553682168552, 1.0519012231472415, 1.0604058710082023, 1.1010962834034748, 1.1484706050156464, 1.2414843039249468, 1.286522046207647, 1.3072562312959182, 1.4024657757114494, 1.4690763553789117, 1.4352382086312834, 1.3078676789813133, 1.2336627867197074, 1.2117583717879756, 1.0914323600059634]",PURE,126.4,0.30268199233716475,0.3020488391073032,417.6,417.6,1.0,0.0,0.0,417.6
148,30,1.0,0.1,5,5,6,6.0,5.5,0.19,0.5,42,1,[0.1],0.1,0.2442732516826255,10,7.778174593052023,0.07071067811865475,0.38890872965260115,0.07071067811865475,0.17272727272727273,20260927T095930443635Z_577f21e5,2,5760.0,40,True,81,"[0.8592549273600911, 0.6058380411445193, 0.4316697215292379, 0.32461244914431125, 0.29898418014229616, 0.3853292566116986, 0.6184818884427356, 0.9112753545916268, 1.124060711596949, 1.0918553682168552, 1.0519012231472415, 1.0604058710082023, 1.1010962834034748, 1.1484706050156464, 1.2414843039249468, 1.286522046207647, 1.3072562312959182, 1.4024657757114494, 1.4690763553789117, 1.4352382086312834, 1.3078676789813133, 1.2336627867197074, 1.2117583717879756, 1.0914323600059634]",PURE_OR,126.4,0.3665893271461717,0.36571390797791914,344.8,344.8,1.0,0.0,0.0,344.8
149,30,1.0,0.2,5,5,6,6.0,5.5,0.19,0.5,42,1,[0.2],0.2,0.2442732516826255,10,7.778174593052023,0.1414213562373095,0.7778174593052023,0.1414213562373095,0.17272727272727273,20260927T095930443635Z_577f21e5,2,5760.0,40,True,81,"[0.8592549273600911, 0.6058380411445193, 0.4316697215292379, 0.32461244914431125, 0.29898418014229616, 0.3853292566116986, 0.6184818884427356, 0.9112753545916268, 1.124060711596949, 1.0918553682168552, 1.0519012231472415, 1.0604058710082023, 1.1010962834034748, 1.1484706050156464, 1.2414843039249468, 1.286522046207647, 1.3072562312959182, 1.4024657757114494, 1.4690763553789117, 1.4352382086312834, 1.3078676789813133, 1.2336627867197074, 1.2117583717879756, 1.0914323600059634]",DRL,5504.48740234375,0.9556401740180122,0.955640172958374,5760.0,,0.0,152.2,5587.5,172.5
149,30,1.0,0.2,5,5,6,6.0,5.5,0.19,0.5,42,1,[0.2],0.2,0.2442732516826255,10,7.778174593052023,0.1414213562373095,0.7778174593052023,0.1414213562373095,0.17272727272727273,20260927T095930443635Z_577f21e5,2,5760.0,40,True,81,"[0.8592549273600911, 0.6058380411445193, 0.4316697215292379, 0.32461244914431125, 0.29898418014229616, 0.3853292566116986, 0.6184818884427356, 0.9112753545916268, 1.124060711596949, 1.0918553682168552, 1.0519012231472415, 1.0604058710082023, 1.1010962834034748, 1.1484706050156464, 1.2414843039249468, 1.286522046207647, 1.3072562312959182, 1.4024657757114494, 1.4690763553789117, 1.4352382086312834, 1.3078676789813133, 1.2336627867197074, 1.2117583717879756, 1.0914323600059634]",HEUR,4599.9017578125,0.8344795743723128,0.8326953530311585,5512.3,4521.5,0.2,147.8,4479.4,1032.9
149,30,1.0,0.2,5,5,6,6.0,5.5,0.19,0.5,42,1,[0.2],0.2,0.2442732516826255,10,7.778174593052023,0.1414213562373095,0.7778174593052023,0.1414213562373095,0.17272727272727273,20260927T095930443635Z_577f21e5,2,5760.0,40,True,81,"[0.8592549273600911, 0.6058380411445193, 0.4316697215292379, 0.32461244914431125, 0.29898418014229616, 0.3853292566116986, 0.6184818884427356, 0.9112753545916268, 1.124060711596949, 1.0918553682168552, 1.0519012231472415, 1.0604058710082023, 1.1010962834034748, 1.1484706050156464, 1.2414843039249468, 1.286522046207647, 1.3072562312959182, 1.4024657757114494, 1.4690763553789117, 1.4352382086312834, 1.3078676789813133, 1.2336627867197074, 1.2117583717879756, 1.0914323600059634]",HEUR_VOR,1981.4828125,0.8283444724300824,0.824596893787384,2392.1,2392.1,1.0,62.6,1902.9,489.2
149,30,1.0,0.2,5,5,6,6.0,5.5,0.19,0.5,42,1,[0.2],0.2,0.2442732516826255,10,7.778174593052023,0.1414213562373095,0.7778174593052023,0.1414213562373095,0.17272727272727273,20260927T095930443635Z_577f21e5,2,5760.0,40,True,81,"[0.8592549273600911, 0.6058380411445193, 0.4316697215292379, 0.32461244914431125, 0.29898418014229616, 0.3853292566116986, 0.6184818884427356, 0.9112753545916268, 1.124060711596949, 1.0918553682168552, 1.0519012231472415, 1.0604058710082023, 1.1010962834034748, 1.1484706050156464, 1.2414843039249468, 1.286522046207647, 1.3072562312959182, 1.4024657757114494, 1.4690763553789117, 1.4352382086312834, 1.3078676789813133, 1.2336627867197074, 1.2117583717879756, 1.0914323600059634]",FOUR_ZONE,177.47118225097657,0.42898521211258533,0.42694032192230225,413.7,413.7,1.0,1.8,49.9,363.8
149,30,1.0,0.2,5,5,6,6.0,5.5,0.19,0.5,42,1,[0.2],0.2,0.2442732516826255,10,7.778174593052023,0.1414213562373095,0.7778174593052023,0.1414213562373095,0.17272727272727273,20260927T095930443635Z_577f21e5,2,5760.0,40,True,81,"[0.8592549273600911, 0.6058380411445193, 0.4316697215292379, 0.32461244914431125, 0.29898418014229616, 0.3853292566116986, 0.6184818884427356, 0.9112753545916268, 1.124060711596949, 1.0918553682168552, 1.0519012231472415, 1.0604058710082023, 1.1010962834034748, 1.1484706050156464, 1.2414843039249468, 1.286522046207647, 1.3072562312959182, 1.4024657757114494, 1.4690763553789117, 1.4352382086312834, 1.3078676789813133, 1.2336627867197074, 1.2117583717879756, 1.0914323600059634]",PURE,126.4,0.30268199233716475,0.3020488391073032,417.6,417.6,1.0,0.0,0.0,417.6
149,30,1.0,0.2,5,5,6,6.0,5.5,0.19,0.5,42,1,[0.2],0.2,0.2442732516826255,10,7.778174593052023,0.1414213562373095,0.7778174593052023,0.1414213562373095,0.17272727272727273,20260927T095930443635Z_577f21e5,2,5760.0,40,True,81,"[0.8592549273600911, 0.6058380411445193, 0.4316697215292379, 0.32461244914431125, 0.29898418014229616, 0.3853292566116986, 0.6184818884427356, 0.9112753545916268, 1.124060711596949, 1.0918553682168552, 1.0519012231472415, 1.0604058710082023, 1.1010962834034748, 1.1484706050156464, 1.2414843039249468, 1.286522046207647, 1.3072562312959182, 1.4024657757114494, 1.4690763553789117, 1.4352382086312834, 1.3078676789813133, 1.2336627867197074, 1.2117583717879756, 1.0914323600059634]",PURE_OR,126.4,0.3665893271461717,0.36571390797791914,344.8,344.8,1.0,0.0,0.0,344.8
150,30,1.0,0.3,5,5,6,6.0,5.5,0.19,0.5,42,1,"[0.3, 0.4]",0.2442732516826255,0.2442732516826255,10,7.778174593052023,0.21213203435596423,1.1667261889578033,0.17272727272727273,0.17272727272727273,20260927T095930443635Z_577f21e5,2,5760.0,40,True,81,"[0.8592549273600911, 0.6058380411445193, 0.4316697215292379, 0.32461244914431125, 0.29898418014229616, 0.3853292566116986, 0.6184818884427356, 0.9112753545916268, 1.124060711596949, 1.0918553682168552, 1.0519012231472415, 1.0604058710082023, 1.1010962834034748, 1.1484706050156464, 1.2414843039249468, 1.286522046207647, 1.3072562312959182, 1.4024657757114494, 1.4690763553789117, 1.4352382086312834, 1.3078676789813133, 1.2336627867197074, 1.2117583717879756, 1.0914323600059634]",DRL,5566.60107421875,0.9664237976074219,0.9664237976074219,5760.0,,0.0,158.6,5659.2,100.8
150,30,1.0,0.3,5,5,6,6.0,5.5,0.19,0.5,42,1,"[0.3, 0.4]",0.2442732516826255,0.2442732516826255,10,7.778174593052023,0.21213203435596423,1.1667261889578033,0.17272727272727273,0.17272727272727273,20260927T095930443635Z_577f21e5,2,5760.0,40,True,81,"[0.8592549273600911, 0.6058380411445193, 0.4316697215292379, 0.32461244914431125, 0.29898418014229616, 0.3853292566116986, 0.6184818884427356, 0.9112753545916268, 1.124060711596949, 1.0918553682168552, 1.0519012231472415, 1.0604058710082023, 1.1010962834034748, 1.1484706050156464, 1.2414843039249468, 1.286522046207647, 1.3072562312959182, 1.4024657757114494, 1.4690763553789117, 1.4352382086312834, 1.3078676789813133, 1.2336627867197074, 1.2117583717879756, 1.0914323600059634]",HEUR,4900.87548828125,0.850846438937717,0.8508464217185974,5760.0,,0.0,153.6,4770.5,989.5
150,30,1.0,0.3,5,5,6,6.0,5.5,0.19,0.5,42,1,"[0.3, 0.4]",0.2442732516826255,0.2442732516826255,10,7.778174593052023,0.21213203435596423,1.1667261889578033,0.17272727272727273,0.17272727272727273,20260927T095930443635Z_577f21e5,2,5760.0,40,True,81,"[0.8592549273600911, 0.6058380411445193, 0.4316697215292379, 0.32461244914431125, 0.29898418014229616, 0.3853292566116986, 0.6184818884427356, 0.9112753545916268, 1.124060711596949, 1.0918553682168552, 1.0519012231472415, 1.0604058710082023, 1.1010962834034748, 1.1484706050156464, 1.2414843039249468, 1.286522046207647, 1.3072562312959182, 1.4024657757114494, 1.4690763553789117, 1.4352382086312834, 1.3078676789813133, 1.2336627867197074, 1.2117583717879756, 1.0914323600059634]",HEUR_VOR,2592.0391357421877,0.8539365934447478,0.8499305367469787,3035.4,3035.4,1.0,83.4,2532.1,503.3
150,30,1.0,0.3,5,5,6,6.0,5.5,0.19,0.5,42,1,"[0.3, 0.4]",0.2442732516826255,0.2442732516826255,10,7.778174593052023,0.21213203435596423,1.1667261889578033,0.17272727272727273,0.17272727272727273,20260927T095930443635Z_577f21e5,2,5760.0,40,True,81,"[0.8592549273600911, 0.6058380411445193, 0.4316697215292379, 0.32461244914431125, 0.29898418014229616, 0.3853292566116986, 0.6184818884427356, 0.9112753545916268, 1.124060711596949, 1.0918553682168552, 1.0519012231472415, 1.0604058710082023, 1.1010962834034748, 1.1484706050156464, 1.2414843039249468, 1.286522046207647, 1.3072562312959182, 1.4024657757114494, 1.4690763553789117, 1.4352382086312834, 1.3078676789813133, 1.2336627867197074, 1.2117583717879756, 1.0914323600059634]",FOUR_ZONE,188.66666259765626,0.44132552654422513,0.43981488347053527,427.5,427.5,1.0,2.2,61.8,365.7
150,30,1.0,0.3,5,5,6,6.0,5.5,0.19,0.5,42,1,"[0.3, 0.4]",0.2442732516826255,0.2442732516826255,10,7.778174593052023,0.21213203435596423,1.1667261889578033,0.17272727272727273,0.17272727272727273,20260927T095930443635Z_577f21e5,2,5760.0,40,True,81,"[0.8592549273600911, 0.6058380411445193, 0.4316697215292379, 0.32461244914431125, 0.29898418014229616, 0.3853292566116986, 0.6184818884427356, 0.9112753545916268, 1.124060711596949, 1.0918553682168552, 1.0519012231472415, 1.0604058710082023, 1.1010962834034748, 1.1484706050156464, 1.2414843039249468, 1.286522046207647, 1.3072562312959182, 1.4024657757114494, 1.4690763553789117, 1.4352382086312834, 1.3078676789813133, 1.2336627867197074, 1.2117583717879756, 1.0914323600059634]",PURE,126.4,0.30268199233716475,0.3020488391073032,417.6,417.6,1.0,0.0,0.0,417.6
150,30,1.0,0.3,5,5,6,6.0,5.5,0.19,0.5,42,1,"[0.3, 0.4]",0.2442732516826255,0.2442732516826255,10,7.778174593052023,0.21213203435596423,1.1667261889578033,0.17272727272727273,0.17272727272727273,20260927T095930443635Z_577f21e5,2,5760.0,40,True,81,"[0.8592549273600911, 0.6058380411445193, 0.4316697215292379, 0.32461244914431125, 0.29898418014229616, 0.3853292566116986, 0.6184818884427356, 0.9112753545916268, 1.124060711596949, 1.0918553682168552, 1.0519012231472415, 1.0604058710082023, 1.1010962834034748, 1.1484706050156464, 1.2414843039249468, 1.286522046207647, 1.3072562312959182, 1.4024657757114494, 1.4690763553789117, 1.4352382086312834, 1.3078676789813133, 1.2336627867197074, 1.2117583717879756, 1.0914323600059634]",PURE_OR,126.4,0.3665893271461717,0.36571390797791914,344.8,344.8,1.0,0.0,0.0,344.8
151,40,0.33,0.1,5,5,6,5.5,5.5,0.19,0.5,42,1,[0.1],0.1,0.2442732516826255,10,7.778174593052023,0.07071067811865475,0.38890872965260115,0.07071067811865475,0.17272727272727273,20260927T095930443635Z_577f21e5,2,5760.0,40,True,81,"[0.8592549273600911, 0.6058380411445193, 0.4316697215292379, 0.32461244914431125, 0.29898418014229616, 0.3853292566116986, 0.6184818884427356, 0.9112753545916268, 1.124060711596949, 1.0918553682168552, 1.0519012231472415, 1.0604058710082023, 1.1010962834034748, 1.1484706050156464, 1.2414843039249468, 1.286522046207647, 1.3072562312959182, 1.4024657757114494, 1.4690763553789117, 1.4352382086312834, 1.3078676789813133, 1.2336627867197074, 1.2117583717879756, 1.0914323600059634]",DRL,3438.6083984375,0.6237838364512471,0.6261082172393799,5512.5,4522.5,0.2,107.0,4871.8,640.7
151,40,0.33,0.1,5,5,6,5.5,5.5,0.19,0.5,42,1,[0.1],0.1,0.2442732516826255,10,7.778174593052023,0.07071067811865475,0.38890872965260115,0.07071067811865475,0.17272727272727273,20260927T095930443635Z_577f21e5,2,5760.0,40,True,81,"[0.8592549273600911, 0.6058380411445193, 0.4316697215292379, 0.32461244914431125, 0.29898418014229616, 0.3853292566116986, 0.6184818884427356, 0.9112753545916268, 1.124060711596949, 1.0918553682168552, 1.0519012231472415, 1.0604058710082023, 1.1010962834034748, 1.1484706050156464, 1.2414843039249468, 1.286522046207647, 1.3072562312959182, 1.4024657757114494, 1.4690763553789117, 1.4352382086312834, 1.3078676789813133, 1.2336627867197074, 1.2117583717879756, 1.0914323600059634]",HEUR,1019.0260131835937,0.6064909017876406,0.5991563320159912,1680.2,1680.2,1.0,32.6,1124.1,556.1
151,40,0.33,0.1,5,5,6,5.5,5.5,0.19,0.5,42,1,[0.1],0.1,0.2442732516826255,10,7.778174593052023,0.07071067811865475,0.38890872965260115,0.07071067811865475,0.17272727272727273,20260927T095930443635Z_577f21e5,2,5760.0,40,True,81,"[0.8592549273600911, 0.6058380411445193, 0.4316697215292379, 0.32461244914431125, 0.29898418014229616, 0.3853292566116986, 0.6184818884427356, 0.9112753545916268, 1.124060711596949, 1.0918553682168552, 1.0519012231472415, 1.0604058710082023, 1.1010962834034748, 1.1484706050156464, 1.2414843039249468, 1.286522046207647, 1.3072562312959182, 1.4024657757114494, 1.4690763553789117, 1.4352382086312834, 1.3078676789813133, 1.2336627867197074, 1.2117583717879756, 1.0914323600059634]",HEUR_VOR,337.58770141601565,0.560683775811353,0.5125838339328765,602.1,602.1,1.0,10.2,362.0,240.1
151,40,0.33,0.1,5,5,6,5.5,5.5,0.19,0.5,42,1,[0.1],0.1,0.2442732516826255,10,7.778174593052023,0.07071067811865475,0.38890872965260115,0.07071067811865475,0.17272727272727273,20260927T095930443635Z_577f21e5,2,5760.0,40,True,81,"[0.8592549273600911, 0.6058380411445193, 0.4316697215292379, 0.32461244914431125, 0.29898418014229616, 0.3853292566116986, 0.6184818884427356, 0.9112753545916268, 1.124060711596949, 1.0918553682168552, 1.0519012231472415, 1.0604058710082023, 1.1010962834034748, 1.1484706050156464, 1.2414843039249468, 1.286522046207647, 1.3072562312959182, 1.4024657757114494, 1.4690763553789117, 1.4352382086312834, 1.3078676789813133, 1.2336627867197074, 1.2117583717879756, 1.0914323600059634]",FOUR_ZONE,88.7724479675293,0.3396038560349246,0.3339732766151428,261.4,261.4,1.0,1.4,46.1,215.3
151,40,0.33,0.1,5,5,6,5.5,5.5,0.19,0.5,42,1,[0.1],0.1,0.2442732516826255,10,7.778174593052023,0.07071067811865475,0.38890872965260115,0.07071067811865475,0.17272727272727273,20260927T095930443635Z_577f21e5,2,5760.0,40,True,81,"[0.8592549273600911, 0.6058380411445193, 0.4316697215292379, 0.32461244914431125, 0.29898418014229616, 0.3853292566116986, 0.6184818884427356, 0.9112753545916268, 1.124060711596949, 1.0918553682168552, 1.0519012231472415, 1.0604058710082023, 1.1010962834034748, 1.1484706050156464, 1.2414843039249468, 1.286522046207647, 1.3072562312959182, 1.4024657757114494, 1.4690763553789117, 1.4352382086312834, 1.3078676789813133, 1.2336627867197074, 1.2117583717879756, 1.0914323600059634]",PURE,43.2,0.1847733105218135,0.18373827772345533,233.8,233.8,1.0,0.0,0.0,233.8
151,40,0.33,0.1,5,5,6,5.5,5.5,0.19,0.5,42,1,[0.1],0.1,0.2442732516826255,10,7.778174593052023,0.07071067811865475,0.38890872965260115,0.07071067811865475,0.17272727272727273,20260927T095930443635Z_577f21e5,2,5760.0,40,True,81,"[0.8592549273600911, 0.6058380411445193, 0.4316697215292379, 0.32461244914431125, 0.29898418014229616, 0.3853292566116986, 0.6184818884427356, 0.9112753545916268, 1.124060711596949, 1.0918553682168552, 1.0519012231472415, 1.0604058710082023, 1.1010962834034748, 1.1484706050156464, 1.2414843039249468, 1.286522046207647, 1.3072562312959182, 1.4024657757114494, 1.4690763553789117, 1.4352382086312834, 1.3078676789813133, 1.2336627867197074, 1.2117583717879756, 1.0914323600059634]",PURE_OR,43.2,0.2169763937719739,0.2154468511187857,199.1,199.1,1.0,0.0,0.0,199.1
152,40,0.33,0.2,5,5,6,5.5,5.5,0.19,0.5,42,1,[0.2],0.2,0.2442732516826255,10,7.778174593052023,0.1414213562373095,0.7778174593052023,0.1414213562373095,0.17272727272727273,20260927T095930443635Z_577f21e5,2,5760.0,40,True,81,"[0.8592549273600911, 0.6058380411445193, 0.4316697215292379, 0.32461244914431125, 0.29898418014229616, 0.3853292566116986, 0.6184818884427356, 0.9112753545916268, 1.124060711596949, 1.0918553682168552, 1.0519012231472415, 1.0604058710082023, 1.1010962834034748, 1.1484706050156464, 1.2414843039249468, 1.286522046207647, 1.3072562312959182, 1.4024657757114494, 1.4690763553789117, 1.4352382086312834, 1.3078676789813133, 1.2336627867197074, 1.2117583717879756, 1.0914323600059634]",DRL,4703.4146484375,0.8165650431315105,0.8165650367736816,5760.0,,0.0,163.6,5678.4,81.6
152,40,0.33,0.2,5,5,6,5.5,5.5,0.19,0.5,42,1,[0.2],0.2,0.2442732516826255,10,7.778174593052023,0.1414213562373095,0.7778174593052023,0.1414213562373095,0.17272727272727273,20260927T095930443635Z_577f21e5,2,5760.0,40,True,81,"[0.8592549273600911, 0.6058380411445193, 0.4316697215292379, 0.32461244914431125, 0.29898418014229616, 0.3853292566116986, 0.6184818884427356, 0.9112753545916268, 1.124060711596949, 1.0918553682168552, 1.0519012231472415, 1.0604058710082023, 1.1010962834034748, 1.1484706050156464, 1.2414843039249468, 1.286522046207647, 1.3072562312959182, 1.4024657757114494, 1.4690763553789117, 1.4352382086312834, 1.3078676789813133, 1.2336627867197074, 1.2117583717879756, 1.0914323600059634]",HEUR,2455.40048828125,0.6516282710865555,0.6456550717353821,3768.1,3768.1,1.0,81.6,2674.7,1093.4
152,40,0.33,0.2,5,5,6,5.5,5.5,0.19,0.5,42,1,[0.2],0.2,0.2442732516826255,10,7.778174593052023,0.1414213562373095,0.7778174593052023,0.1414213562373095,0.17272727272727273,20260927T095930443635Z_577f21e5,2,5760.0,40,True,81,"[0.8592549273600911, 0.6058380411445193, 0.4316697215292379, 0.32461244914431125, 0.29898418014229616, 0.3853292566116986, 0.6184818884427356, 0.9112753545916268, 1.124060711596949, 1.0918553682168552, 1.0519012231472415, 1.0604058710082023, 1.1010962834034748, 1.1484706050156464, 1.2414843039249468, 1.286522046207647, 1.3072562312959182, 1.4024657757114494, 1.4690763553789117, 1.4352382086312834, 1.3078676789813133, 1.2336627867197074, 1.2117583717879756, 1.0914323600059634]",HEUR_VOR,1017.422216796875,0.7022032002187004,0.669348931312561,1448.9,1448.9,1.0,36.8,1114.9,334.0
152,40,0.33,0.2,5,5,6,5.5,5.5,0.19,0.5,42,1,[0.2],0.2,0.2442732516826255,10,7.778174593052023,0.1414213562373095,0.7778174593052023,0.1414213562373095,0.17272727272727273,20260927T095930443635Z_577f21e5,2,5760.0,40,True,81,"[0.8592549273600911, 0.6058380411445193, 0.4316697215292379, 0.32461244914431125, 0.29898418014229616, 0.3853292566116986, 0.6184818884427356, 0.9112753545916268, 1.124060711596949, 1.0918553682168552, 1.0519012231472415, 1.0604058710082023, 1.1010962834034748, 1.1484706050156464, 1.2414843039249468, 1.286522046207647, 1.3072562312959182, 1.4024657757114494, 1.4690763553789117, 1.4352382086312834, 1.3078676789813133, 1.2336627867197074, 1.2117583717879756, 1.0914323600059634]",FOUR_ZONE,137.0393051147461,0.47076367267174885,0.46587509512901304,291.1,291.1,1.0,2.6,96.8,194.3
152,40,0.33,0.2,5,5,6,5.5,5.5,0.19,0.5,42,1,[0.2],0.2,0.2442732516826255,10,7.778174593052023,0.1414213562373095,0.7778174593052023,0.1414213562373095,0.17272727272727273,20260927T095930443635Z_577f21e5,2,5760.0,40,True,81,"[0.8592549273600911, 0.6058380411445193, 0.4316697215292379, 0.32461244914431125, 0.29898418014229616, 0.3853292566116986, 0.6184818884427356, 0.9112753545916268, 1.124060711596949, 1.0918553682168552, 1.0519012231472415, 1.0604058710082023, 1.1010962834034748, 1.1484706050156464, 1.2414843039249468, 1.286522046207647, 1.3072562312959182, 1.4024657757114494, 1.4690763553789117, 1.4352382086312834, 1.3078676789813133, 1.2336627867197074, 1.2117583717879756, 1.0914323600059634]",PURE,43.2,0.1847733105218135,0.18373827772345533,233.8,233.8,1.0,0.0,0.0,233.8
152,40,0.33,0.2,5,5,6,5.5,5.5,0.19,0.5,42,1,[0.2],0.2,0.2442732516826255,10,7.778174593052023,0.1414213562373095,0.7778174593052023,0.1414213562373095,0.17272727272727273,20260927T095930443635Z_577f21e5,2,5760.0,40,True,81,"[0.8592549273600911, 0.6058380411445193, 0.4316697215292379, 0.32461244914431125, 0.29898418014229616, 0.3853292566116986, 0.6184818884427356, 0.9112753545916268, 1.124060711596949, 1.0918553682168552, 1.0519012231472415, 1.0604058710082023, 1.1010962834034748, 1.1484706050156464, 1.2414843039249468, 1.286522046207647, 1.3072562312959182, 1.4024657757114494, 1.4690763553789117, 1.4352382086312834, 1.3078676789813133, 1.2336627867197074, 1.2117583717879756, 1.0914323600059634]",PURE_OR,43.2,0.2169763937719739,0.2154468511187857,199.1,199.1,1.0,0.0,0.0,199.1
153,40,0.33,0.3,5,5,6,5.5,5.5,0.19,0.5,42,1,"[0.3, 0.4]",0.2442732516826255,0.2442732516826255,10,7.778174593052023,0.21213203435596423,1.1667261889578033,0.17272727272727273,0.17272727272727273,20260927T095930443635Z_577f21e5,2,5760.0,40,True,81,"[0.8592549273600911, 0.6058380411445193, 0.4316697215292379, 0.32461244914431125, 0.29898418014229616, 0.3853292566116986, 0.6184818884427356, 0.9112753545916268, 1.124060711596949, 1.0918553682168552, 1.0519012231472415, 1.0604058710082023, 1.1010962834034748, 1.1484706050156464, 1.2414843039249468, 1.286522046207647, 1.3072562312959182, 1.4024657757114494, 1.4690763553789117, 1.4352382086312834, 1.3078676789813133, 1.2336627867197074, 1.2117583717879756, 1.0914323600059634]",DRL,4814.4041015625,0.8358340454101563,0.8358340382575988,5760.0,,0.0,151.2,5679.4,80.6
153,40,0.33,0.3,5,5,6,5.5,5.5,0.19,0.5,42,1,"[0.3, 0.4]",0.2442732516826255,0.2442732516826255,10,7.778174593052023,0.21213203435596423,1.1667261889578033,0.17272727272727273,0.17272727272727273,20260927T095930443635Z_577f21e5,2,5760.0,40,True,81,"[0.8592549273600911, 0.6058380411445193, 0.4316697215292379, 0.32461244914431125, 0.29898418014229616, 0.3853292566116986, 0.6184818884427356, 0.9112753545916268, 1.124060711596949, 1.0918553682168552, 1.0519012231472415, 1.0604058710082023, 1.1010962834034748, 1.1484706050156464, 1.2414843039249468, 1.286522046207647, 1.3072562312959182, 1.4024657757114494, 1.4690763553789117, 1.4352382086312834, 1.3078676789813133, 1.2336627867197074, 1.2117583717879756, 1.0914323600059634]",HEUR,3022.2514892578124,0.6774981481893368,0.6671372056007385,4460.9,3594.8333333333335,0.6,104.6,3277.0,1183.9
153,40,0.33,0.3,5,5,6,5.5,5.5,0.19,0.5,42,1,"[0.3, 0.4]",0.2442732516826255,0.2442732516826255,10,7.778174593052023,0.21213203435596423,1.1667261889578033,0.17272727272727273,0.17272727272727273,20260927T095930443635Z_577f21e5,2,5760.0,40,True,81,"[0.8592549273600911, 0.6058380411445193, 0.4316697215292379, 0.32461244914431125, 0.29898418014229616, 0.3853292566116986, 0.6184818884427356, 0.9112753545916268, 1.124060711596949, 1.0918553682168552, 1.0519012231472415, 1.0604058710082023, 1.1010962834034748, 1.1484706050156464, 1.2414843039249468, 1.286522046207647, 1.3072562312959182, 1.4024657757114494, 1.4690763553789117, 1.4352382086312834, 1.3078676789813133, 1.2336627867197074, 1.2117583717879756, 1.0914323600059634]",HEUR_VOR,1066.3293701171874,0.7156092679130176,0.6959829330444336,1490.1,1490.1,1.0,34.6,1178.5,311.6
153,40,0.33,0.3,5,5,6,5.5,5.5,0.19,0.5,42,1,"[0.3, 0.4]",0.2442732516826255,0.2442732516826255,10,7.778174593052023,0.21213203435596423,1.1667261889578033,0.17272727272727273,0.17272727272727273,20260927T095930443635Z_577f21e5,2,5760.0,40,True,81,"[0.8592549273600911, 0.6058380411445193, 0.4316697215292379, 0.32461244914431125, 0.29898418014229616, 0.3853292566116986, 0.6184818884427356, 0.9112753545916268, 1.124060711596949, 1.0918553682168552, 1.0519012231472415, 1.0604058710082023, 1.1010962834034748, 1.1484706050156464, 1.2414843039249468, 1.286522046207647, 1.3072562312959182, 1.4024657757114494, 1.4690763553789117, 1.4352382086312834, 1.3078676789813133, 1.2336627867197074, 1.2117583717879756, 1.0914323600059634]",FOUR_ZONE,139.69050140380858,0.47594719388009743,0.4700788915157318,293.5,293.5,1.0,2.6,99.0,194.5
153,40,0.33,0.3,5,5,6,5.5,5.5,0.19,0.5,42,1,"[0.3, 0.4]",0.2442732516826255,0.2442732516826255,10,7.778174593052023,0.21213203435596423,1.1667261889578033,0.17272727272727273,0.17272727272727273,20260927T095930443635Z_577f21e5,2,5760.0,40,True,81,"[0.8592549273600911, 0.6058380411445193, 0.4316697215292379, 0.32461244914431125, 0.29898418014229616, 0.3853292566116986, 0.6184818884427356, 0.9112753545916268, 1.124060711596949, 1.0918553682168552, 1.0519012231472415, 1.0604058710082023, 1.1010962834034748, 1.1484706050156464, 1.2414843039249468, 1.286522046207647, 1.3072562312959182, 1.4024657757114494, 1.4690763553789117, 1.4352382086312834, 1.3078676789813133, 1.2336627867197074, 1.2117583717879756, 1.0914323600059634]",PURE,43.2,0.1847733105218135,0.18373827772345533,233.8,233.8,1.0,0.0,0.0,233.8
153,40,0.33,0.3,5,5,6,5.5,5.5,0.19,0.5,42,1,"[0.3, 0.4]",0.2442732516826255,0.2442732516826255,10,7.778174593052023,0.21213203435596423,1.1667261889578033,0.17272727272727273,0.17272727272727273,20260927T095930443635Z_577f21e5,2,5760.0,40,True,81,"[0.8592549273600911, 0.6058380411445193, 0.4316697215292379, 0.32461244914431125, 0.29898418014229616, 0.3853292566116986, 0.6184818884427356, 0.9112753545916268, 1.124060711596949, 1.0918553682168552, 1.0519012231472415, 1.0604058710082023, 1.1010962834034748, 1.1484706050156464, 1.2414843039249468, 1.286522046207647, 1.3072562312959182, 1.4024657757114494, 1.4690763553789117, 1.4352382086312834, 1.3078676789813133, 1.2336627867197074, 1.2117583717879756, 1.0914323600059634]",PURE_OR,43.2,0.2169763937719739,0.2154468511187857,199.1,199.1,1.0,0.0,0.0,199.1
154,40,0.33,0.1,5,5,6,6.0,5.5,0.19,0.5,42,1,[0.1],0.1,0.2442732516826255,10,7.778174593052023,0.07071067811865475,0.38890872965260115,0.07071067811865475,0.17272727272727273,20260927T095930443635Z_577f21e5,2,5760.0,40,True,81,"[0.8592549273600911, 0.6058380411445193, 0.4316697215292379, 0.32461244914431125, 0.29898418014229616, 0.3853292566116986, 0.6184818884427356, 0.9112753545916268, 1.124060711596949, 1.0918553682168552, 1.0519012231472415, 1.0604058710082023, 1.1010962834034748, 1.1484706050156464, 1.2414843039249468, 1.286522046207647, 1.3072562312959182, 1.4024657757114494, 1.4690763553789117, 1.4352382086312834, 1.3078676789813133, 1.2336627867197074, 1.2117583717879756, 1.0914323600059634]",DRL,2783.78125,0.625751624069953,0.6259664416313171,4448.7,3574.5,0.6,70.4,3846.9,601.8
154,40,0.33,0.1,5,5,6,6.0,5.5,0.19,0.5,42,1,[0.1],0.1,0.2442732516826255,10,7.778174593052023,0.07071067811865475,0.38890872965260115,0.07071067811865475,0.17272727272727273,20260927T095930443635Z_577f21e5,2,5760.0,40,True,81,"[0.8592549273600911, 0.6058380411445193, 0.4316697215292379, 0.32461244914431125, 0.29898418014229616, 0.3853292566116986, 0.6184818884427356, 0.9112753545916268, 1.124060711596949, 1.0918553682168552, 1.0519012231472415, 1.0604058710082023, 1.1010962834034748, 1.1484706050156464, 1.2414843039249468, 1.286522046207647, 1.3072562312959182, 1.4024657757114494, 1.4690763553789117, 1.4352382086312834, 1.3078676789813133, 1.2336627867197074, 1.2117583717879756, 1.0914323600059634]",HEUR,1107.725439453125,0.6592818946870165,0.6512698769569397,1680.2,1680.2,1.0,32.6,1124.1,556.1
154,40,0.33,0.1,5,5,6,6.0,5.5,0.19,0.5,42,1,[0.1],0.1,0.2442732516826255,10,7.778174593052023,0.07071067811865475,0.38890872965260115,0.07071067811865475,0.17272727272727273,20260927T095930443635Z_577f21e5,2,5760.0,40,True,81,"[0.8592549273600911, 0.6058380411445193, 0.4316697215292379, 0.32461244914431125, 0.29898418014229616, 0.3853292566116986, 0.6184818884427356, 0.9112753545916268, 1.124060711596949, 1.0918553682168552, 1.0519012231472415, 1.0604058710082023, 1.1010962834034748, 1.1484706050156464, 1.2414843039249468, 1.286522046207647, 1.3072562312959182, 1.4024657757114494, 1.4690763553789117, 1.4352382086312834, 1.3078676789813133, 1.2336627867197074, 1.2117583717879756, 1.0914323600059634]",HEUR_VOR,364.35120849609376,0.605134045002647,0.5518858194351196,602.1,602.1,1.0,10.2,362.0,240.1
154,40,0.33,0.1,5,5,6,6.0,5.5,0.19,0.5,42,1,[0.1],0.1,0.2442732516826255,10,7.778174593052023,0.07071067811865475,0.38890872965260115,0.07071067811865475,0.17272727272727273,20260927T095930443635Z_577f21e5,2,5760.0,40,True,81,"[0.8592549273600911, 0.6058380411445193, 0.4316697215292379, 0.32461244914431125, 0.29898418014229616, 0.3853292566116986, 0.6184818884427356, 0.9112753545916268, 1.124060711596949, 1.0918553682168552, 1.0519012231472415, 1.0604058710082023, 1.1010962834034748, 1.1484706050156464, 1.2414843039249468, 1.286522046207647, 1.3072562312959182, 1.4024657757114494, 1.4690763553789117, 1.4352382086312834, 1.3078676789813133, 1.2336627867197074, 1.2117583717879756, 1.0914323600059634]",FOUR_ZONE,92.91541442871093,0.3554530008749462,0.3493879735469818,261.4,261.4,1.0,1.4,46.1,215.3
154,40,0.33,0.1,5,5,6,6.0,5.5,0.19,0.5,42,1,[0.1],0.1,0.2442732516826255,10,7.778174593052023,0.07071067811865475,0.38890872965260115,0.07071067811865475,0.17272727272727273,20260927T095930443635Z_577f21e5,2,5760.0,40,True,81,"[0.8592549273600911, 0.6058380411445193, 0.4316697215292379, 0.32461244914431125, 0.29898418014229616, 0.3853292566116986, 0.6184818884427356, 0.9112753545916268, 1.124060711596949, 1.0918553682168552, 1.0519012231472415, 1.0604058710082023, 1.1010962834034748, 1.1484706050156464, 1.2414843039249468, 1.286522046207647, 1.3072562312959182, 1.4024657757114494, 1.4690763553789117, 1.4352382086312834, 1.3078676789813133, 1.2336627867197074, 1.2117583717879756, 1.0914323600059634]",PURE,43.2,0.1847733105218135,0.18373827772345533,233.8,233.8,1.0,0.0,0.0,233.8
154,40,0.33,0.1,5,5,6,6.0,5.5,0.19,0.5,42,1,[0.1],0.1,0.2442732516826255,10,7.778174593052023,0.07071067811865475,0.38890872965260115,0.07071067811865475,0.17272727272727273,20260927T095930443635Z_577f21e5,2,5760.0,40,True,81,"[0.8592549273600911, 0.6058380411445193, 0.4316697215292379, 0.32461244914431125, 0.29898418014229616, 0.3853292566116986, 0.6184818884427356, 0.9112753545916268, 1.124060711596949, 1.0918553682168552, 1.0519012231472415, 1.0604058710082023, 1.1010962834034748, 1.1484706050156464, 1.2414843039249468, 1.286522046207647, 1.3072562312959182, 1.4024657757114494, 1.4690763553789117, 1.4352382086312834, 1.3078676789813133, 1.2336627867197074, 1.2117583717879756, 1.0914323600059634]",PURE_OR,43.2,0.2169763937719739,0.2154468511187857,199.1,199.1,1.0,0.0,0.0,199.1
155,40,0.33,0.2,5,5,6,6.0,5.5,0.19,0.5,42,1,[0.2],0.2,0.2442732516826255,10,7.778174593052023,0.1414213562373095,0.7778174593052023,0.1414213562373095,0.17272727272727273,20260927T095930443635Z_577f21e5,2,5760.0,40,True,81,"[0.8592549273600911, 0.6058380411445193, 0.4316697215292379, 0.32461244914431125, 0.29898418014229616, 0.3853292566116986, 0.6184818884427356, 0.9112753545916268, 1.124060711596949, 1.0918553682168552, 1.0519012231472415, 1.0604058710082023, 1.1010962834034748, 1.1484706050156464, 1.2414843039249468, 1.286522046207647, 1.3072562312959182, 1.4024657757114494, 1.4690763553789117, 1.4352382086312834, 1.3078676789813133, 1.2336627867197074, 1.2117583717879756, 1.0914323600059634]",DRL,5253.12353515625,0.9120006137424045,0.9120006203651428,5760.0,,0.0,148.8,5651.7,108.3
155,40,0.33,0.2,5,5,6,6.0,5.5,0.19,0.5,42,1,[0.2],0.2,0.2442732516826255,10,7.778174593052023,0.1414213562373095,0.7778174593052023,0.1414213562373095,0.17272727272727273,20260927T095930443635Z_577f21e5,2,5760.0,40,True,81,"[0.8592549273600911, 0.6058380411445193, 0.4316697215292379, 0.32461244914431125, 0.29898418014229616, 0.3853292566116986, 0.6184818884427356, 0.9112753545916268, 1.124060711596949, 1.0918553682168552, 1.0519012231472415, 1.0604058710082023, 1.1010962834034748, 1.1484706050156464, 1.2414843039249468, 1.286522046207647, 1.3072562312959182, 1.4024657757114494, 1.4690763553789117, 1.4352382086312834, 1.3078676789813133, 1.2336627867197074, 1.2117583717879756, 1.0914323600059634]",HEUR,2674.7825927734375,0.7098491528285973,0.7033170819282532,3768.1,3768.1,1.0,81.6,2674.7,1093.4
155,40,0.33,0.2,5,5,6,6.0,5.5,0.19,0.5,42,1,[0.2],0.2,0.2442732516826255,10,7.778174593052023,0.1414213562373095,0.7778174593052023,0.1414213562373095,0.17272727272727273,20260927T095930443635Z_577f21e5,2,5760.0,40,True,81,"[0.8592549273600911, 0.6058380411445193, 0.4316697215292379, 0.32461244914431125, 0.29898418014229616, 0.3853292566116986, 0.6184818884427356, 0.9112753545916268, 1.124060711596949, 1.0918553682168552, 1.0519012231472415, 1.0604058710082023, 1.1010962834034748, 1.1484706050156464, 1.2414843039249468, 1.286522046207647, 1.3072562312959182, 1.4024657757114494, 1.4690763553789117, 1.4352382086312834, 1.3078676789813133, 1.2336627867197074, 1.2117583717879756, 1.0914323600059634]",HEUR_VOR,1105.9743408203126,0.7633199950447322,0.727188766002655,1448.9,1448.9,1.0,36.8,1114.9,334.0
155,40,0.33,0.2,5,5,6,6.0,5.5,0.19,0.5,42,1,[0.2],0.2,0.2442732516826255,10,7.778174593052023,0.1414213562373095,0.7778174593052023,0.1414213562373095,0.17272727272727273,20260927T095930443635Z_577f21e5,2,5760.0,40,True,81,"[0.8592549273600911, 0.6058380411445193, 0.4316697215292379, 0.32461244914431125, 0.29898418014229616, 0.3853292566116986, 0.6184818884427356, 0.9112753545916268, 1.124060711596949, 1.0918553682168552, 1.0519012231472415, 1.0604058710082023, 1.1010962834034748, 1.1484706050156464, 1.2414843039249468, 1.286522046207647, 1.3072562312959182, 1.4024657757114494, 1.4690763553789117, 1.4352382086312834, 1.3078676789813133, 1.2336627867197074, 1.2117583717879756, 1.0914323600059634]",FOUR_ZONE,145.57027740478514,0.5000696578659745,0.49479594826698303,291.1,291.1,1.0,2.6,96.8,194.3
155,40,0.33,0.2,5,5,6,6.0,5.5,0.19,0.5,42,1,[0.2],0.2,0.2442732516826255,10,7.778174593052023,0.1414213562373095,0.7778174593052023,0.1414213562373095,0.17272727272727273,20260927T095930443635Z_577f21e5,2,5760.0,40,True,81,"[0.8592549273600911, 0.6058380411445193, 0.4316697215292379, 0.32461244914431125, 0.29898418014229616, 0.3853292566116986, 0.6184818884427356, 0.9112753545916268, 1.124060711596949, 1.0918553682168552, 1.0519012231472415, 1.0604058710082023, 1.1010962834034748, 1.1484706050156464, 1.2414843039249468, 1.286522046207647, 1.3072562312959182, 1.4024657757114494, 1.4690763553789117, 1.4352382086312834, 1.3078676789813133, 1.2336627867197074, 1.2117583717879756, 1.0914323600059634]",PURE,43.2,0.1847733105218135,0.18373827772345533,233.8,233.8,1.0,0.0,0.0,233.8
155,40,0.33,0.2,5,5,6,6.0,5.5,0.19,0.5,42,1,[0.2],0.2,0.2442732516826255,10,7.778174593052023,0.1414213562373095,0.7778174593052023,0.1414213562373095,0.17272727272727273,20260927T095930443635Z_577f21e5,2,5760.0,40,True,81,"[0.8592549273600911, 0.6058380411445193, 0.4316697215292379, 0.32461244914431125, 0.29898418014229616, 0.3853292566116986, 0.6184818884427356, 0.9112753545916268, 1.124060711596949, 1.0918553682168552, 1.0519012231472415, 1.0604058710082023, 1.1010962834034748, 1.1484706050156464, 1.2414843039249468, 1.286522046207647, 1.3072562312959182, 1.4024657757114494, 1.4690763553789117, 1.4352382086312834, 1.3078676789813133, 1.2336627867197074, 1.2117583717879756, 1.0914323600059634]",PURE_OR,43.2,0.2169763937719739,0.2154468511187857,199.1,199.1,1.0,0.0,0.0,199.1
156,40,0.33,0.3,5,5,6,6.0,5.5,0.19,0.5,42,1,"[0.3, 0.4]",0.2442732516826255,0.2442732516826255,10,7.778174593052023,0.21213203435596423,1.1667261889578033,0.17272727272727273,0.17272727272727273,20260927T095930443635Z_577f21e5,2,5760.0,40,True,81,"[0.8592549273600911, 0.6058380411445193, 0.4316697215292379, 0.32461244914431125, 0.29898418014229616, 0.3853292566116986, 0.6184818884427356, 0.9112753545916268, 1.124060711596949, 1.0918553682168552, 1.0519012231472415, 1.0604058710082023, 1.1010962834034748, 1.1484706050156464, 1.2414843039249468, 1.286522046207647, 1.3072562312959182, 1.4024657757114494, 1.4690763553789117, 1.4352382086312834, 1.3078676789813133, 1.2336627867197074, 1.2117583717879756, 1.0914323600059634]",DRL,5260.3287109375,0.9132515123155382,0.913251519203186,5760.0,,0.0,148.0,5675.3,84.7
156,40,0.33,0.3,5,5,6,6.0,5.5,0.19,0.5,42,1,"[0.3, 0.4]",0.2442732516826255,0.2442732516826255,10,7.778174593052023,0.21213203435596423,1.1667261889578033,0.17272727272727273,0.17272727272727273,20260927T095930443635Z_577f21e5,2,5760.0,40,True,81,"[0.8592549273600911, 0.6058380411445193, 0.4316697215292379, 0.32461244914431125, 0.29898418014229616, 0.3853292566116986, 0.6184818884427356, 0.9112753545916268, 1.124060711596949, 1.0918553682168552, 1.0519012231472415, 1.0604058710082023, 1.1010962834034748, 1.1484706050156464, 1.2414843039249468, 1.286522046207647, 1.3072562312959182, 1.4024657757114494, 1.4690763553789117, 1.4352382086312834, 1.3078676789813133, 1.2336627867197074, 1.2117583717879756, 1.0914323600059634]",HEUR,3293.75361328125,0.7383607821922146,0.7270090579986572,4460.9,3594.8333333333335,0.6,104.6,3277.0,1183.9
156,40,0.33,0.3,5,5,6,6.0,5.5,0.19,0.5,42,1,"[0.3, 0.4]",0.2442732516826255,0.2442732516826255,10,7.778174593052023,0.21213203435596423,1.1667261889578033,0.17272727272727273,0.17272727272727273,20260927T095930443635Z_577f21e5,2,5760.0,40,True,81,"[0.8592549273600911, 0.6058380411445193, 0.4316697215292379, 0.32461244914431125, 0.29898418014229616, 0.3853292566116986, 0.6184818884427356, 0.9112753545916268, 1.124060711596949, 1.0918553682168552, 1.0519012231472415, 1.0604058710082023, 1.1010962834034748, 1.1484706050156464, 1.2414843039249468, 1.286522046207647, 1.3072562312959182, 1.4024657757114494, 1.4690763553789117, 1.4352382086312834, 1.3078676789813133, 1.2336627867197074, 1.2117583717879756, 1.0914323600059634]",HEUR_VOR,1159.33076171875,0.778022120474297,0.7564298510551453,1490.1,1490.1,1.0,34.6,1178.5,311.6
156,40,0.33,0.3,5,5,6,6.0,5.5,0.19,0.5,42,1,"[0.3, 0.4]",0.2442732516826255,0.2442732516826255,10,7.778174593052023,0.21213203435596423,1.1667261889578033,0.17272727272727273,0.17272727272727273,20260927T095930443635Z_577f21e5,2,5760.0,40,True,81,"[0.8592549273600911, 0.6058380411445193, 0.4316697215292379, 0.32461244914431125, 0.29898418014229616, 0.3853292566116986, 0.6184818884427356, 0.9112753545916268, 1.124060711596949, 1.0918553682168552, 1.0519012231472415, 1.0604058710082023, 1.1010962834034748, 1.1484706050156464, 1.2414843039249468, 1.286522046207647, 1.3072562312959182, 1.4024657757114494, 1.4690763553789117, 1.4352382086312834, 1.3078676789813133, 1.2336627867197074, 1.2117583717879756, 1.0914323600059634]",FOUR_ZONE,148.46249542236328,0.5058347373845427,0.4994722783565521,293.5,293.5,1.0,2.6,99.0,194.5
156,40,0.33,0.3,5,5,6,6.0,5.5,0.19,0.5,42,1,"[0.3, 0.4]",0.2442732516826255,0.2442732516826255,10,7.778174593052023,0.21213203435596423,1.1667261889578033,0.17272727272727273,0.17272727272727273,20260927T095930443635Z_577f21e5,2,5760.0,40,True,81,"[0.8592549273600911, 0.6058380411445193, 0.4316697215292379, 0.32461244914431125, 0.29898418014229616, 0.3853292566116986, 0.6184818884427356, 0.9112753545916268, 1.124060711596949, 1.0918553682168552, 1.0519012231472415, 1.0604058710082023, 1.1010962834034748, 1.1484706050156464, 1.2414843039249468, 1.286522046207647, 1.3072562312959182, 1.4024657757114494, 1.4690763553789117, 1.4352382086312834, 1.3078676789813133, 1.2336627867197074, 1.2117583717879756, 1.0914323600059634]",PURE,43.2,0.1847733105218135,0.18373827772345533,233.8,233.8,1.0,0.0,0.0,233.8
156,40,0.33,0.3,5,5,6,6.0,5.5,0.19,0.5,42,1,"[0.3, 0.4]",0.2442732516826255,0.2442732516826255,10,7.778174593052023,0.21213203435596423,1.1667261889578033,0.17272727272727273,0.17272727272727273,20260927T095930443635Z_577f21e5,2,5760.0,40,True,81,"[0.8592549273600911, 0.6058380411445193, 0.4316697215292379, 0.32461244914431125, 0.29898418014229616, 0.3853292566116986, 0.6184818884427356, 0.9112753545916268, 1.124060711596949, 1.0918553682168552, 1.0519012231472415, 1.0604058710082023, 1.1010962834034748, 1.1484706050156464, 1.2414843039249468, 1.286522046207647, 1.3072562312959182, 1.4024657757114494, 1.4690763553789117, 1.4352382086312834, 1.3078676789813133, 1.2336627867197074, 1.2117583717879756, 1.0914323600059634]",PURE_OR,43.2,0.2169763937719739,0.2154468511187857,199.1,199.1,1.0,0.0,0.0,199.1
157,40,0.5,0.1,5,5,6,5.5,5.5,0.19,0.5,42,1,[0.1],0.1,0.2442732516826255,10,7.778174593052023,0.07071067811865475,0.38890872965260115,0.07071067811865475,0.17272727272727273,20260927T095930443635Z_577f21e5,2,5760.0,40,True,81,"[0.8592549273600911, 0.6058380411445193, 0.4316697215292379, 0.32461244914431125, 0.29898418014229616, 0.3853292566116986, 0.6184818884427356, 0.9112753545916268, 1.124060711596949, 1.0918553682168552, 1.0519012231472415, 1.0604058710082023, 1.1010962834034748, 1.1484706050156464, 1.2414843039249468, 1.286522046207647, 1.3072562312959182, 1.4024657757114494, 1.4690763553789117, 1.4352382086312834, 1.3078676789813133, 1.2336627867197074, 1.2117583717879756, 1.0914323600059634]",DRL,3486.96162109375,0.6620519890436025,0.6591516017913819,5266.9,3294.5,0.2,109.4,4677.9,589.0
157,40,0.5,0.1,5,5,6,5.5,5.5,0.19,0.5,42,1,[0.1],0.1,0.2442732516826255,10,7.778174593052023,0.07071067811865475,0.38890872965260115,0.07071067811865475,0.17272727272727273,20260927T095930443635Z_577f21e5,2,5760.0,40,True,81,"[0.8592549273600911, 0.6058380411445193, 0.4316697215292379, 0.32461244914431125, 0.29898418014229616, 0.3853292566116986, 0.6184818884427356, 0.9112753545916268, 1.124060711596949, 1.0918553682168552, 1.0519012231472415, 1.0604058710082023, 1.1010962834034748, 1.1484706050156464, 1.2414843039249468, 1.286522046207647, 1.3072562312959182, 1.4024657757114494, 1.4690763553789117, 1.4352382086312834, 1.3078676789813133, 1.2336627867197074, 1.2117583717879756, 1.0914323600059634]",HEUR,1117.9775268554688,0.6244289135698552,0.6156376123428344,1790.4,1790.4,1.0,37.4,1196.7,593.7
157,40,0.5,0.1,5,5,6,5.5,5.5,0.19,0.5,42,1,[0.1],0.1,0.2442732516826255,10,7.778174593052023,0.07071067811865475,0.38890872965260115,0.07071067811865475,0.17272727272727273,20260927T095930443635Z_577f21e5,2,5760.0,40,True,81,"[0.8592549273600911, 0.6058380411445193, 0.4316697215292379, 0.32461244914431125, 0.29898418014229616, 0.3853292566116986, 0.6184818884427356, 0.9112753545916268, 1.124060711596949, 1.0918553682168552, 1.0519012231472415, 1.0604058710082023, 1.1010962834034748, 1.1484706050156464, 1.2414843039249468, 1.286522046207647, 1.3072562312959182, 1.4024657757114494, 1.4690763553789117, 1.4352382086312834, 1.3078676789813133, 1.2336627867197074, 1.2117583717879756, 1.0914323600059634]",HEUR_VOR,484.4489685058594,0.6219655520681209,0.5746915817260743,778.9,778.9,1.0,16.2,474.3,304.6
157,40,0.5,0.1,5,5,6,5.5,5.5,0.19,0.5,42,1,[0.1],0.1,0.2442732516826255,10,7.778174593052023,0.07071067811865475,0.38890872965260115,0.07071067811865475,0.17272727272727273,20260927T095930443635Z_577f21e5,2,5760.0,40,True,81,"[0.8592549273600911, 0.6058380411445193, 0.4316697215292379, 0.32461244914431125, 0.29898418014229616, 0.3853292566116986, 0.6184818884427356, 0.9112753545916268, 1.124060711596949, 1.0918553682168552, 1.0519012231472415, 1.0604058710082023, 1.1010962834034748, 1.1484706050156464, 1.2414843039249468, 1.286522046207647, 1.3072562312959182, 1.4024657757114494, 1.4690763553789117, 1.4352382086312834, 1.3078676789813133, 1.2336627867197074, 1.2117583717879756, 1.0914323600059634]",FOUR_ZONE,108.28022613525391,0.35795116077769884,0.35230345899125803,302.5,302.5,1.0,1.0,43.6,258.9
157,40,0.5,0.1,5,5,6,5.5,5.5,0.19,0.5,42,1,[0.1],0.1,0.2442732516826255,10,7.778174593052023,0.07071067811865475,0.38890872965260115,0.07071067811865475,0.17272727272727273,20260927T095930443635Z_577f21e5,2,5760.0,40,True,81,"[0.8592549273600911, 0.6058380411445193, 0.4316697215292379, 0.32461244914431125, 0.29898418014229616, 0.3853292566116986, 0.6184818884427356, 0.9112753545916268, 1.124060711596949, 1.0918553682168552, 1.0519012231472415, 1.0604058710082023, 1.1010962834034748, 1.1484706050156464, 1.2414843039249468, 1.286522046207647, 1.3072562312959182, 1.4024657757114494, 1.4690763553789117, 1.4352382086312834, 1.3078676789813133, 1.2336627867197074, 1.2117583717879756, 1.0914323600059634]",PURE,64.4,0.22877442273534637,0.2272855885843997,281.5,281.5,1.0,0.0,0.0,281.5
157,40,0.5,0.1,5,5,6,5.5,5.5,0.19,0.5,42,1,[0.1],0.1,0.2442732516826255,10,7.778174593052023,0.07071067811865475,0.38890872965260115,0.07071067811865475,0.17272727272727273,20260927T095930443635Z_577f21e5,2,5760.0,40,True,81,"[0.8592549273600911, 0.6058380411445193, 0.4316697215292379, 0.32461244914431125, 0.29898418014229616, 0.3853292566116986, 0.6184818884427356, 0.9112753545916268, 1.124060711596949, 1.0918553682168552, 1.0519012231472415, 1.0604058710082023, 1.1010962834034748, 1.1484706050156464, 1.2414843039249468, 1.286522046207647, 1.3072562312959182, 1.4024657757114494, 1.4690763553789117, 1.4352382086312834, 1.3078676789813133, 1.2336627867197074, 1.2117583717879756, 1.0914323600059634]",PURE_OR,64.4,0.2765135251180764,0.275331215943522,232.9,232.9,1.0,0.0,0.0,232.9
158,40,0.5,0.2,5,5,6,5.5,5.5,0.19,0.5,42,1,[0.2],0.2,0.2442732516826255,10,7.778174593052023,0.1414213562373095,0.7778174593052023,0.1414213562373095,0.17272727272727273,20260927T095930443635Z_577f21e5,2,5760.0,40,True,81,"[0.8592549273600911, 0.6058380411445193, 0.4316697215292379, 0.32461244914431125, 0.29898418014229616, 0.3853292566116986, 0.6184818884427356, 0.9112753545916268, 1.124060711596949, 1.0918553682168552, 1.0519012231472415, 1.0604058710082023, 1.1010962834034748, 1.1484706050156464, 1.2414843039249468, 1.286522046207647, 1.3072562312959182, 1.4024657757114494, 1.4690763553789117, 1.4352382086312834, 1.3078676789813133, 1.2336627867197074, 1.2117583717879756, 1.0914323600059634]",DRL,4832.424609375,0.8389626057942708,0.8389626026153565,5760.0,,0.0,156.0,5646.2,113.8
158,40,0.5,0.2,5,5,6,5.5,5.5,0.19,0.5,42,1,[0.2],0.2,0.2442732516826255,10,7.778174593052023,0.1414213562373095,0.7778174593052023,0.1414213562373095,0.17272727272727273,20260927T095930443635Z_577f21e5,2,5760.0,40,True,81,"[0.8592549273600911, 0.6058380411445193, 0.4316697215292379, 0.32461244914431125, 0.29898418014229616, 0.3853292566116986, 0.6184818884427356, 0.9112753545916268, 1.124060711596949, 1.0918553682168552, 1.0519012231472415, 1.0604058710082023, 1.1010962834034748, 1.1484706050156464, 1.2414843039249468, 1.286522046207647, 1.3072562312959182, 1.4024657757114494, 1.4690763553789117, 1.4352382086312834, 1.3078676789813133, 1.2336627867197074, 1.2117583717879756, 1.0914323600059634]",HEUR,3876.92802734375,0.7112585358743212,0.7088340401649476,5450.8,4987.0,0.4,141.0,4138.9,1311.9
158,40,0.5,0.2,5,5,6,5.5,5.5,0.19,0.5,42,1,[0.2],0.2,0.2442732516826255,10,7.778174593052023,0.1414213562373095,0.7778174593052023,0.1414213562373095,0.17272727272727273,20260927T095930443635Z_577f21e5,2,5760.0,40,True,81,"[0.8592549273600911, 0.6058380411445193, 0.4316697215292379, 0.32461244914431125, 0.29898418014229616, 0.3853292566116986, 0.6184818884427356, 0.9112753545916268, 1.124060711596949, 1.0918553682168552, 1.0519012231472415, 1.0604058710082023, 1.1010962834034748, 1.1484706050156464, 1.2414843039249468, 1.286522046207647, 1.3072562312959182, 1.4024657757114494, 1.4690763553789117, 1.4352382086312834, 1.3078676789813133, 1.2336627867197074, 1.2117583717879756, 1.0914323600059634]",HEUR_VOR,1666.9686767578125,0.7564408389335265,0.750960624217987,2203.7,2203.7,1.0,58.8,1797.4,406.3
158,40,0.5,0.2,5,5,6,5.5,5.5,0.19,0.5,42,1,[0.2],0.2,0.2442732516826255,10,7.778174593052023,0.1414213562373095,0.7778174593052023,0.1414213562373095,0.17272727272727273,20260927T095930443635Z_577f21e5,2,5760.0,40,True,81,"[0.8592549273600911, 0.6058380411445193, 0.4316697215292379, 0.32461244914431125, 0.29898418014229616, 0.3853292566116986, 0.6184818884427356, 0.9112753545916268, 1.124060711596949, 1.0918553682168552, 1.0519012231472415, 1.0604058710082023, 1.1010962834034748, 1.1484706050156464, 1.2414843039249468, 1.286522046207647, 1.3072562312959182, 1.4024657757114494, 1.4690763553789117, 1.4352382086312834, 1.3078676789813133, 1.2336627867197074, 1.2117583717879756, 1.0914323600059634]",FOUR_ZONE,174.06378173828125,0.49732509068080355,0.4895134508609772,350.0,350.0,1.0,2.4,111.5,238.5
158,40,0.5,0.2,5,5,6,5.5,5.5,0.19,0.5,42,1,[0.2],0.2,0.2442732516826255,10,7.778174593052023,0.1414213562373095,0.7778174593052023,0.1414213562373095,0.17272727272727273,20260927T095930443635Z_577f21e5,2,5760.0,40,True,81,"[0.8592549273600911, 0.6058380411445193, 0.4316697215292379, 0.32461244914431125, 0.29898418014229616, 0.3853292566116986, 0.6184818884427356, 0.9112753545916268, 1.124060711596949, 1.0918553682168552, 1.0519012231472415, 1.0604058710082023, 1.1010962834034748, 1.1484706050156464, 1.2414843039249468, 1.286522046207647, 1.3072562312959182, 1.4024657757114494, 1.4690763553789117, 1.4352382086312834, 1.3078676789813133, 1.2336627867197074, 1.2117583717879756, 1.0914323600059634]",PURE,64.4,0.22877442273534637,0.2272855885843997,281.5,281.5,1.0,0.0,0.0,281.5
158,40,0.5,0.2,5,5,6,5.5,5.5,0.19,0.5,42,1,[0.2],0.2,0.2442732516826255,10,7.778174593052023,0.1414213562373095,0.7778174593052023,0.1414213562373095,0.17272727272727273,20260927T095930443635Z_577f21e5,2,5760.0,40,True,81,"[0.8592549273600911, 0.6058380411445193, 0.4316697215292379, 0.32461244914431125, 0.29898418014229616, 0.3853292566116986, 0.6184818884427356, 0.9112753545916268, 1.124060711596949, 1.0918553682168552, 1.0519012231472415, 1.0604058710082023, 1.1010962834034748, 1.1484706050156464, 1.2414843039249468, 1.286522046207647, 1.3072562312959182, 1.4024657757114494, 1.4690763553789117, 1.4352382086312834, 1.3078676789813133, 1.2336627867197074, 1.2117583717879756, 1.0914323600059634]",PURE_OR,64.4,0.2765135251180764,0.275331215943522,232.9,232.9,1.0,0.0,0.0,232.9
159,40,0.5,0.3,5,5,6,5.5,5.5,0.19,0.5,42,1,"[0.3, 0.4]",0.2442732516826255,0.2442732516826255,10,7.778174593052023,0.21213203435596423,1.1667261889578033,0.17272727272727273,0.17272727272727273,20260927T095930443635Z_577f21e5,2,5760.0,40,True,81,"[0.8592549273600911, 0.6058380411445193, 0.4316697215292379, 0.32461244914431125, 0.29898418014229616, 0.3853292566116986, 0.6184818884427356, 0.9112753545916268, 1.124060711596949, 1.0918553682168552, 1.0519012231472415, 1.0604058710082023, 1.1010962834034748, 1.1484706050156464, 1.2414843039249468, 1.286522046207647, 1.3072562312959182, 1.4024657757114494, 1.4690763553789117, 1.4352382086312834, 1.3078676789813133, 1.2336627867197074, 1.2117583717879756, 1.0914323600059634]",DRL,4946.8599609375,0.858829854329427,0.8588298559188843,5760.0,,0.0,150.4,5668.3,91.7
159,40,0.5,0.3,5,5,6,5.5,5.5,0.19,0.5,42,1,"[0.3, 0.4]",0.2442732516826255,0.2442732516826255,10,7.778174593052023,0.21213203435596423,1.1667261889578033,0.17272727272727273,0.17272727272727273,20260927T095930443635Z_577f21e5,2,5760.0,40,True,81,"[0.8592549273600911, 0.6058380411445193, 0.4316697215292379, 0.32461244914431125, 0.29898418014229616, 0.3853292566116986, 0.6184818884427356, 0.9112753545916268, 1.124060711596949, 1.0918553682168552, 1.0519012231472415, 1.0604058710082023, 1.1010962834034748, 1.1484706050156464, 1.2414843039249468, 1.286522046207647, 1.3072562312959182, 1.4024657757114494, 1.4690763553789117, 1.4352382086312834, 1.3078676789813133, 1.2336627867197074, 1.2117583717879756, 1.0914323600059634]",HEUR,4238.239990234375,0.7358055538601346,0.7358055472373962,5760.0,,0.0,147.8,4493.5,1266.5
159,40,0.5,0.3,5,5,6,5.5,5.5,0.19,0.5,42,1,"[0.3, 0.4]",0.2442732516826255,0.2442732516826255,10,7.778174593052023,0.21213203435596423,1.1667261889578033,0.17272727272727273,0.17272727272727273,20260927T095930443635Z_577f21e5,2,5760.0,40,True,81,"[0.8592549273600911, 0.6058380411445193, 0.4316697215292379, 0.32461244914431125, 0.29898418014229616, 0.3853292566116986, 0.6184818884427356, 0.9112753545916268, 1.124060711596949, 1.0918553682168552, 1.0519012231472415, 1.0604058710082023, 1.1010962834034748, 1.1484706050156464, 1.2414843039249468, 1.286522046207647, 1.3072562312959182, 1.4024657757114494, 1.4690763553789117, 1.4352382086312834, 1.3078676789813133, 1.2336627867197074, 1.2117583717879756, 1.0914323600059634]",HEUR_VOR,1779.2494140625,0.7558729827360975,0.7497320652008057,2353.9,2353.9,1.0,65.0,1916.4,437.5
159,40,0.5,0.3,5,5,6,5.5,5.5,0.19,0.5,42,1,"[0.3, 0.4]",0.2442732516826255,0.2442732516826255,10,7.778174593052023,0.21213203435596423,1.1667261889578033,0.17272727272727273,0.17272727272727273,20260927T095930443635Z_577f21e5,2,5760.0,40,True,81,"[0.8592549273600911, 0.6058380411445193, 0.4316697215292379, 0.32461244914431125, 0.29898418014229616, 0.3853292566116986, 0.6184818884427356, 0.9112753545916268, 1.124060711596949, 1.0918553682168552, 1.0519012231472415, 1.0604058710082023, 1.1010962834034748, 1.1484706050156464, 1.2414843039249468, 1.286522046207647, 1.3072562312959182, 1.4024657757114494, 1.4690763553789117, 1.4352382086312834, 1.3078676789813133, 1.2336627867197074, 1.2117583717879756, 1.0914323600059634]",FOUR_ZONE,180.07010192871093,0.5083853809393307,0.5014517903327942,354.2,354.2,1.0,2.6,118.8,235.4
159,40,0.5,0.3,5,5,6,5.5,5.5,0.19,0.5,42,1,"[0.3, 0.4]",0.2442732516826255,0.2442732516826255,10,7.778174593052023,0.21213203435596423,1.1667261889578033,0.17272727272727273,0.17272727272727273,20260927T095930443635Z_577f21e5,2,5760.0,40,True,81,"[0.8592549273600911, 0.6058380411445193, 0.4316697215292379, 0.32461244914431125, 0.29898418014229616, 0.3853292566116986, 0.6184818884427356, 0.9112753545916268, 1.124060711596949, 1.0918553682168552, 1.0519012231472415, 1.0604058710082023, 1.1010962834034748, 1.1484706050156464, 1.2414843039249468, 1.286522046207647, 1.3072562312959182, 1.4024657757114494, 1.4690763553789117, 1.4352382086312834, 1.3078676789813133, 1.2336627867197074, 1.2117583717879756, 1.0914323600059634]",PURE,64.4,0.22877442273534637,0.2272855885843997,281.5,281.5,1.0,0.0,0.0,281.5
159,40,0.5,0.3,5,5,6,5.5,5.5,0.19,0.5,42,1,"[0.3, 0.4]",0.2442732516826255,0.2442732516826255,10,7.778174593052023,0.21213203435596423,1.1667261889578033,0.17272727272727273,0.17272727272727273,20260927T095930443635Z_577f21e5,2,5760.0,40,True,81,"[0.8592549273600911, 0.6058380411445193, 0.4316697215292379, 0.32461244914431125, 0.29898418014229616, 0.3853292566116986, 0.6184818884427356, 0.9112753545916268, 1.124060711596949, 1.0918553682168552, 1.0519012231472415, 1.0604058710082023, 1.1010962834034748, 1.1484706050156464, 1.2414843039249468, 1.286522046207647, 1.3072562312959182, 1.4024657757114494, 1.4690763553789117, 1.4352382086312834, 1.3078676789813133, 1.2336627867197074, 1.2117583717879756, 1.0914323600059634]",PURE_OR,64.4,0.2765135251180764,0.275331215943522,232.9,232.9,1.0,0.0,0.0,232.9
160,40,0.5,0.1,5,5,6,6.0,5.5,0.19,0.5,42,1,[0.1],0.1,0.2442732516826255,10,7.778174593052023,0.07071067811865475,0.38890872965260115,0.07071067811865475,0.17272727272727273,20260927T095930443635Z_577f21e5,2,5760.0,40,True,81,"[0.8592549273600911, 0.6058380411445193, 0.4316697215292379, 0.32461244914431125, 0.29898418014229616, 0.3853292566116986, 0.6184818884427356, 0.9112753545916268, 1.124060711596949, 1.0918553682168552, 1.0519012231472415, 1.0604058710082023, 1.1010962834034748, 1.1484706050156464, 1.2414843039249468, 1.286522046207647, 1.3072562312959182, 1.4024657757114494, 1.4690763553789117, 1.4352382086312834, 1.3078676789813133, 1.2336627867197074, 1.2117583717879756, 1.0914323600059634]",DRL,3951.840283203125,0.7141148707427176,0.7143410801887512,5533.9,4629.5,0.2,118.2,5088.1,445.8
160,40,0.5,0.1,5,5,6,6.0,5.5,0.19,0.5,42,1,[0.1],0.1,0.2442732516826255,10,7.778174593052023,0.07071067811865475,0.38890872965260115,0.07071067811865475,0.17272727272727273,20260927T095930443635Z_577f21e5,2,5760.0,40,True,81,"[0.8592549273600911, 0.6058380411445193, 0.4316697215292379, 0.32461244914431125, 0.29898418014229616, 0.3853292566116986, 0.6184818884427356, 0.9112753545916268, 1.124060711596949, 1.0918553682168552, 1.0519012231472415, 1.0604058710082023, 1.1010962834034748, 1.1484706050156464, 1.2414843039249468, 1.286522046207647, 1.3072562312959182, 1.4024657757114494, 1.4690763553789117, 1.4352382086312834, 1.3078676789813133, 1.2336627867197074, 1.2117583717879756, 1.0914323600059634]",HEUR,1213.7430908203125,0.6779172759273416,0.6682449460029602,1790.4,1790.4,1.0,37.4,1196.7,593.7
160,40,0.5,0.1,5,5,6,6.0,5.5,0.19,0.5,42,1,[0.1],0.1,0.2442732516826255,10,7.778174593052023,0.07071067811865475,0.38890872965260115,0.07071067811865475,0.17272727272727273,20260927T095930443635Z_577f21e5,2,5760.0,40,True,81,"[0.8592549273600911, 0.6058380411445193, 0.4316697215292379, 0.32461244914431125, 0.29898418014229616, 0.3853292566116986, 0.6184818884427356, 0.9112753545916268, 1.124060711596949, 1.0918553682168552, 1.0519012231472415, 1.0604058710082023, 1.1010962834034748, 1.1484706050156464, 1.2414843039249468, 1.286522046207647, 1.3072562312959182, 1.4024657757114494, 1.4690763553789117, 1.4352382086312834, 1.3078676789813133, 1.2336627867197074, 1.2117583717879756, 1.0914323600059634]",HEUR_VOR,522.6370819091796,0.6709938142369748,0.6183695435523987,778.9,778.9,1.0,16.2,474.3,304.6
160,40,0.5,0.1,5,5,6,6.0,5.5,0.19,0.5,42,1,[0.1],0.1,0.2442732516826255,10,7.778174593052023,0.07071067811865475,0.38890872965260115,0.07071067811865475,0.17272727272727273,20260927T095930443635Z_577f21e5,2,5760.0,40,True,81,"[0.8592549273600911, 0.6058380411445193, 0.4316697215292379, 0.32461244914431125, 0.29898418014229616, 0.3853292566116986, 0.6184818884427356, 0.9112753545916268, 1.124060711596949, 1.0918553682168552, 1.0519012231472415, 1.0604058710082023, 1.1010962834034748, 1.1484706050156464, 1.2414843039249468, 1.286522046207647, 1.3072562312959182, 1.4024657757114494, 1.4690763553789117, 1.4352382086312834, 1.3078676789813133, 1.2336627867197074, 1.2117583717879756, 1.0914323600059634]",FOUR_ZONE,112.26937561035156,0.37113843176975725,0.36477886611482374,302.5,302.5,1.0,1.0,43.6,258.9
160,40,0.5,0.1,5,5,6,6.0,5.5,0.19,0.5,42,1,[0.1],0.1,0.2442732516826255,10,7.778174593052023,0.07071067811865475,0.38890872965260115,0.07071067811865475,0.17272727272727273,20260927T095930443635Z_577f21e5,2,5760.0,40,True,81,"[0.8592549273600911, 0.6058380411445193, 0.4316697215292379, 0.32461244914431125, 0.29898418014229616, 0.3853292566116986, 0.6184818884427356, 0.9112753545916268, 1.124060711596949, 1.0918553682168552, 1.0519012231472415, 1.0604058710082023, 1.1010962834034748, 1.1484706050156464, 1.2414843039249468, 1.286522046207647, 1.3072562312959182, 1.4024657757114494, 1.4690763553789117, 1.4352382086312834, 1.3078676789813133, 1.2336627867197074, 1.2117583717879756, 1.0914323600059634]",PURE,64.4,0.22877442273534637,0.2272855885843997,281.5,281.5,1.0,0.0,0.0,281.5
160,40,0.5,0.1,5,5,6,6.0,5.5,0.19,0.5,42,1,[0.1],0.1,0.2442732516826255,10,7.778174593052023,0.07071067811865475,0.38890872965260115,0.07071067811865475,0.17272727272727273,20260927T095930443635Z_577f21e5,2,5760.0,40,True,81,"[0.8592549273600911, 0.6058380411445193, 0.4316697215292379, 0.32461244914431125, 0.29898418014229616, 0.3853292566116986, 0.6184818884427356, 0.9112753545916268, 1.124060711596949, 1.0918553682168552, 1.0519012231472415, 1.0604058710082023, 1.1010962834034748, 1.1484706050156464, 1.2414843039249468, 1.286522046207647, 1.3072562312959182, 1.4024657757114494, 1.4690763553789117, 1.4352382086312834, 1.3078676789813133, 1.2336627867197074, 1.2117583717879756, 1.0914323600059634]",PURE_OR,64.4,0.2765135251180764,0.275331215943522,232.9,232.9,1.0,0.0,0.0,232.9
161,40,0.5,0.2,5,5,6,6.0,5.5,0.19,0.5,42,1,[0.2],0.2,0.2442732516826255,10,7.778174593052023,0.1414213562373095,0.7778174593052023,0.1414213562373095,0.17272727272727273,20260927T095930443635Z_577f21e5,2,5760.0,40,True,81,"[0.8592549273600911, 0.6058380411445193, 0.4316697215292379, 0.32461244914431125, 0.29898418014229616, 0.3853292566116986, 0.6184818884427356, 0.9112753545916268, 1.124060711596949, 1.0918553682168552, 1.0519012231472415, 1.0604058710082023, 1.1010962834034748, 1.1484706050156464, 1.2414843039249468, 1.286522046207647, 1.3072562312959182, 1.4024657757114494, 1.4690763553789117, 1.4352382086312834, 1.3078676789813133, 1.2336627867197074, 1.2117583717879756, 1.0914323600059634]",DRL,5360.40478515625,0.9306258307562933,0.930625832080841,5760.0,,0.0,147.8,5649.8,110.2
161,40,0.5,0.2,5,5,6,6.0,5.5,0.19,0.5,42,1,[0.2],0.2,0.2442732516826255,10,7.778174593052023,0.1414213562373095,0.7778174593052023,0.1414213562373095,0.17272727272727273,20260927T095930443635Z_577f21e5,2,5760.0,40,True,81,"[0.8592549273600911, 0.6058380411445193, 0.4316697215292379, 0.32461244914431125, 0.29898418014229616, 0.3853292566116986, 0.6184818884427356, 0.9112753545916268, 1.124060711596949, 1.0918553682168552, 1.0519012231472415, 1.0604058710082023, 1.1010962834034748, 1.1484706050156464, 1.2414843039249468, 1.286522046207647, 1.3072562312959182, 1.4024657757114494, 1.4690763553789117, 1.4352382086312834, 1.3078676789813133, 1.2336627867197074, 1.2117583717879756, 1.0914323600059634]",HEUR,4224.236767578125,0.774975557271983,0.7723313689231872,5450.8,4987.0,0.4,141.0,4138.9,1311.9
161,40,0.5,0.2,5,5,6,6.0,5.5,0.19,0.5,42,1,[0.2],0.2,0.2442732516826255,10,7.778174593052023,0.1414213562373095,0.7778174593052023,0.1414213562373095,0.17272727272727273,20260927T095930443635Z_577f21e5,2,5760.0,40,True,81,"[0.8592549273600911, 0.6058380411445193, 0.4316697215292379, 0.32461244914431125, 0.29898418014229616, 0.3853292566116986, 0.6184818884427356, 0.9112753545916268, 1.124060711596949, 1.0918553682168552, 1.0519012231472415, 1.0604058710082023, 1.1010962834034748, 1.1484706050156464, 1.2414843039249468, 1.286522046207647, 1.3072562312959182, 1.4024657757114494, 1.4690763553789117, 1.4352382086312834, 1.3078676789813133, 1.2336627867197074, 1.2117583717879756, 1.0914323600059634]",HEUR_VOR,1812.64775390625,0.8225474220203521,0.8164382815361023,2203.7,2203.7,1.0,58.8,1797.4,406.3
161,40,0.5,0.2,5,5,6,6.0,5.5,0.19,0.5,42,1,[0.2],0.2,0.2442732516826255,10,7.778174593052023,0.1414213562373095,0.7778174593052023,0.1414213562373095,0.17272727272727273,20260927T095930443635Z_577f21e5,2,5760.0,40,True,81,"[0.8592549273600911, 0.6058380411445193, 0.4316697215292379, 0.32461244914431125, 0.29898418014229616, 0.3853292566116986, 0.6184818884427356, 0.9112753545916268, 1.124060711596949, 1.0918553682168552, 1.0519012231472415, 1.0604058710082023, 1.1010962834034748, 1.1484706050156464, 1.2414843039249468, 1.286522046207647, 1.3072562312959182, 1.4024657757114494, 1.4690763553789117, 1.4352382086312834, 1.3078676789813133, 1.2336627867197074, 1.2117583717879756, 1.0914323600059634]",FOUR_ZONE,184.0333282470703,0.5258095092773437,0.5172748386859893,350.0,350.0,1.0,2.4,111.5,238.5
161,40,0.5,0.2,5,5,6,6.0,5.5,0.19,0.5,42,1,[0.2],0.2,0.2442732516826255,10,7.778174593052023,0.1414213562373095,0.7778174593052023,0.1414213562373095,0.17272727272727273,20260927T095930443635Z_577f21e5,2,5760.0,40,True,81,"[0.8592549273600911, 0.6058380411445193, 0.4316697215292379, 0.32461244914431125, 0.29898418014229616, 0.3853292566116986, 0.6184818884427356, 0.9112753545916268, 1.124060711596949, 1.0918553682168552, 1.0519012231472415, 1.0604058710082023, 1.1010962834034748, 1.1484706050156464, 1.2414843039249468, 1.286522046207647, 1.3072562312959182, 1.4024657757114494, 1.4690763553789117, 1.4352382086312834, 1.3078676789813133, 1.2336627867197074, 1.2117583717879756, 1.0914323600059634]",PURE,64.4,0.22877442273534637,0.2272855885843997,281.5,281.5,1.0,0.0,0.0,281.5
161,40,0.5,0.2,5,5,6,6.0,5.5,0.19,0.5,42,1,[0.2],0.2,0.2442732516826255,10,7.778174593052023,0.1414213562373095,0.7778174593052023,0.1414213562373095,0.17272727272727273,20260927T095930443635Z_577f21e5,2,5760.0,40,True,81,"[0.8592549273600911, 0.6058380411445193, 0.4316697215292379, 0.32461244914431125, 0.29898418014229616, 0.3853292566116986, 0.6184818884427356, 0.9112753545916268, 1.124060711596949, 1.0918553682168552, 1.0519012231472415, 1.0604058710082023, 1.1010962834034748, 1.1484706050156464, 1.2414843039249468, 1.286522046207647, 1.3072562312959182, 1.4024657757114494, 1.4690763553789117, 1.4352382086312834, 1.3078676789813133, 1.2336627867197074, 1.2117583717879756, 1.0914323600059634]",PURE_OR,64.4,0.27639484978540774,0.27522707886125375,233.0,233.0,1.0,0.0,0.0,233.0
162,40,0.5,0.3,5,5,6,6.0,5.5,0.19,0.5,42,1,"[0.3, 0.4]",0.2442732516826255,0.2442732516826255,10,7.778174593052023,0.21213203435596423,1.1667261889578033,0.17272727272727273,0.17272727272727273,20260927T095930443635Z_577f21e5,2,5760.0,40,True,81,"[0.8592549273600911, 0.6058380411445193, 0.4316697215292379, 0.32461244914431125, 0.29898418014229616, 0.3853292566116986, 0.6184818884427356, 0.9112753545916268, 1.124060711596949, 1.0918553682168552, 1.0519012231472415, 1.0604058710082023, 1.1010962834034748, 1.1484706050156464, 1.2414843039249468, 1.286522046207647, 1.3072562312959182, 1.4024657757114494, 1.4690763553789117, 1.4352382086312834, 1.3078676789813133, 1.2336627867197074, 1.2117583717879756, 1.0914323600059634]",DRL,5372.2158203125,0.9326763576931424,0.932676351070404,5760.0,,0.0,162.4,5682.3,77.7
162,40,0.5,0.3,5,5,6,6.0,5.5,0.19,0.5,42,1,"[0.3, 0.4]",0.2442732516826255,0.2442732516826255,10,7.778174593052023,0.21213203435596423,1.1667261889578033,0.17272727272727273,0.17272727272727273,20260927T095930443635Z_577f21e5,2,5760.0,40,True,81,"[0.8592549273600911, 0.6058380411445193, 0.4316697215292379, 0.32461244914431125, 0.29898418014229616, 0.3853292566116986, 0.6184818884427356, 0.9112753545916268, 1.124060711596949, 1.0918553682168552, 1.0519012231472415, 1.0604058710082023, 1.1010962834034748, 1.1484706050156464, 1.2414843039249468, 1.286522046207647, 1.3072562312959182, 1.4024657757114494, 1.4690763553789117, 1.4352382086312834, 1.3078676789813133, 1.2336627867197074, 1.2117583717879756, 1.0914323600059634]",HEUR,4619.40654296875,0.8019803025987413,0.8019803166389465,5760.0,,0.0,147.8,4493.5,1266.5
162,40,0.5,0.3,5,5,6,6.0,5.5,0.19,0.5,42,1,"[0.3, 0.4]",0.2442732516826255,0.2442732516826255,10,7.778174593052023,0.21213203435596423,1.1667261889578033,0.17272727272727273,0.17272727272727273,20260927T095930443635Z_577f21e5,2,5760.0,40,True,81,"[0.8592549273600911, 0.6058380411445193, 0.4316697215292379, 0.32461244914431125, 0.29898418014229616, 0.3853292566116986, 0.6184818884427356, 0.9112753545916268, 1.124060711596949, 1.0918553682168552, 1.0519012231472415, 1.0604058710082023, 1.1010962834034748, 1.1484706050156464, 1.2414843039249468, 1.286522046207647, 1.3072562312959182, 1.4024657757114494, 1.4690763553789117, 1.4352382086312834, 1.3078676789813133, 1.2336627867197074, 1.2117583717879756, 1.0914323600059634]",HEUR_VOR,1935.141357421875,0.8221000711253134,0.8153570532798767,2353.9,2353.9,1.0,65.0,1916.4,437.5
162,40,0.5,0.3,5,5,6,6.0,5.5,0.19,0.5,42,1,"[0.3, 0.4]",0.2442732516826255,0.2442732516826255,10,7.778174593052023,0.21213203435596423,1.1667261889578033,0.17272727272727273,0.17272727272727273,20260927T095930443635Z_577f21e5,2,5760.0,40,True,81,"[0.8592549273600911, 0.6058380411445193, 0.4316697215292379, 0.32461244914431125, 0.29898418014229616, 0.3853292566116986, 0.6184818884427356, 0.9112753545916268, 1.124060711596949, 1.0918553682168552, 1.0519012231472415, 1.0604058710082023, 1.1010962834034748, 1.1484706050156464, 1.2414843039249468, 1.286522046207647, 1.3072562312959182, 1.4024657757114494, 1.4690763553789117, 1.4352382086312834, 1.3078676789813133, 1.2336627867197074, 1.2117583717879756, 1.0914323600059634]",FOUR_ZONE,190.58568420410157,0.5380736425863962,0.5304985404014587,354.2,354.2,1.0,2.6,118.8,235.4
162,40,0.5,0.3,5,5,6,6.0,5.5,0.19,0.5,42,1,"[0.3, 0.4]",0.2442732516826255,0.2442732516826255,10,7.778174593052023,0.21213203435596423,1.1667261889578033,0.17272727272727273,0.17272727272727273,20260927T095930443635Z_577f21e5,2,5760.0,40,True,81,"[0.8592549273600911, 0.6058380411445193, 0.4316697215292379, 0.32461244914431125, 0.29898418014229616, 0.3853292566116986, 0.6184818884427356, 0.9112753545916268, 1.124060711596949, 1.0918553682168552, 1.0519012231472415, 1.0604058710082023, 1.1010962834034748, 1.1484706050156464, 1.2414843039249468, 1.286522046207647, 1.3072562312959182, 1.4024657757114494, 1.4690763553789117, 1.4352382086312834, 1.3078676789813133, 1.2336627867197074, 1.2117583717879756, 1.0914323600059634]",PURE,64.4,0.22877442273534637,0.2272855885843997,281.5,281.5,1.0,0.0,0.0,281.5
162,40,0.5,0.3,5,5,6,6.0,5.5,0.19,0.5,42,1,"[0.3, 0.4]",0.2442732516826255,0.2442732516826255,10,7.778174593052023,0.21213203435596423,1.1667261889578033,0.17272727272727273,0.17272727272727273,20260927T095930443635Z_577f21e5,2,5760.0,40,True,81,"[0.8592549273600911, 0.6058380411445193, 0.4316697215292379, 0.32461244914431125, 0.29898418014229616, 0.3853292566116986, 0.6184818884427356, 0.9112753545916268, 1.124060711596949, 1.0918553682168552, 1.0519012231472415, 1.0604058710082023, 1.1010962834034748, 1.1484706050156464, 1.2414843039249468, 1.286522046207647, 1.3072562312959182, 1.4024657757114494, 1.4690763553789117, 1.4352382086312834, 1.3078676789813133, 1.2336627867197074, 1.2117583717879756, 1.0914323600059634]",PURE_OR,64.4,0.2765135251180764,0.275331215943522,232.9,232.9,1.0,0.0,0.0,232.9
163,40,0.67,0.1,5,5,6,5.5,5.5,0.19,0.5,42,1,[0.1],0.1,0.2442732516826255,10,7.778174593052023,0.07071067811865475,0.38890872965260115,0.07071067811865475,0.17272727272727273,20260927T095930443635Z_577f21e5,2,5760.0,40,True,81,"[0.8592549273600911, 0.6058380411445193, 0.4316697215292379, 0.32461244914431125, 0.29898418014229616, 0.3853292566116986, 0.6184818884427356, 0.9112753545916268, 1.124060711596949, 1.0918553682168552, 1.0519012231472415, 1.0604058710082023, 1.1010962834034748, 1.1484706050156464, 1.2414843039249468, 1.286522046207647, 1.3072562312959182, 1.4024657757114494, 1.4690763553789117, 1.4352382086312834, 1.3078676789813133, 1.2336627867197074, 1.2117583717879756, 1.0914323600059634]",DRL,4152.31923828125,0.7208887566460503,0.7208887457847595,5760.0,,0.0,138.4,5365.9,394.1
163,40,0.67,0.1,5,5,6,5.5,5.5,0.19,0.5,42,1,[0.1],0.1,0.2442732516826255,10,7.778174593052023,0.07071067811865475,0.38890872965260115,0.07071067811865475,0.17272727272727273,20260927T095930443635Z_577f21e5,2,5760.0,40,True,81,"[0.8592549273600911, 0.6058380411445193, 0.4316697215292379, 0.32461244914431125, 0.29898418014229616, 0.3853292566116986, 0.6184818884427356, 0.9112753545916268, 1.124060711596949, 1.0918553682168552, 1.0519012231472415, 1.0604058710082023, 1.1010962834034748, 1.1484706050156464, 1.2414843039249468, 1.286522046207647, 1.3072562312959182, 1.4024657757114494, 1.4690763553789117, 1.4352382086312834, 1.3078676789813133, 1.2336627867197074, 1.2117583717879756, 1.0914323600059634]",HEUR,1741.519091796875,0.6613698510545629,0.6508078813552857,2633.2,2633.2,1.0,57.2,1829.1,804.1
163,40,0.67,0.1,5,5,6,5.5,5.5,0.19,0.5,42,1,[0.1],0.1,0.2442732516826255,10,7.778174593052023,0.07071067811865475,0.38890872965260115,0.07071067811865475,0.17272727272727273,20260927T095930443635Z_577f21e5,2,5760.0,40,True,81,"[0.8592549273600911, 0.6058380411445193, 0.4316697215292379, 0.32461244914431125, 0.29898418014229616, 0.3853292566116986, 0.6184818884427356, 0.9112753545916268, 1.124060711596949, 1.0918553682168552, 1.0519012231472415, 1.0604058710082023, 1.1010962834034748, 1.1484706050156464, 1.2414843039249468, 1.286522046207647, 1.3072562312959182, 1.4024657757114494, 1.4690763553789117, 1.4352382086312834, 1.3078676789813133, 1.2336627867197074, 1.2117583717879756, 1.0914323600059634]",HEUR_VOR,660.8363952636719,0.6623598228562412,0.6408949077129364,997.7,997.7,1.0,20.2,658.6,339.1
163,40,0.67,0.1,5,5,6,5.5,5.5,0.19,0.5,42,1,[0.1],0.1,0.2442732516826255,10,7.778174593052023,0.07071067811865475,0.38890872965260115,0.07071067811865475,0.17272727272727273,20260927T095930443635Z_577f21e5,2,5760.0,40,True,81,"[0.8592549273600911, 0.6058380411445193, 0.4316697215292379, 0.32461244914431125, 0.29898418014229616, 0.3853292566116986, 0.6184818884427356, 0.9112753545916268, 1.124060711596949, 1.0918553682168552, 1.0519012231472415, 1.0604058710082023, 1.1010962834034748, 1.1484706050156464, 1.2414843039249468, 1.286522046207647, 1.3072562312959182, 1.4024657757114494, 1.4690763553789117, 1.4352382086312834, 1.3078676789813133, 1.2336627867197074, 1.2117583717879756, 1.0914323600059634]",FOUR_ZONE,137.41382904052733,0.38762716231460465,0.3830015480518341,354.5,354.5,1.0,1.4,51.9,302.6
163,40,0.67,0.1,5,5,6,5.5,5.5,0.19,0.5,42,1,[0.1],0.1,0.2442732516826255,10,7.778174593052023,0.07071067811865475,0.38890872965260115,0.07071067811865475,0.17272727272727273,20260927T095930443635Z_577f21e5,2,5760.0,40,True,81,"[0.8592549273600911, 0.6058380411445193, 0.4316697215292379, 0.32461244914431125, 0.29898418014229616, 0.3853292566116986, 0.6184818884427356, 0.9112753545916268, 1.124060711596949, 1.0918553682168552, 1.0519012231472415, 1.0604058710082023, 1.1010962834034748, 1.1484706050156464, 1.2414843039249468, 1.286522046207647, 1.3072562312959182, 1.4024657757114494, 1.4690763553789117, 1.4352382086312834, 1.3078676789813133, 1.2336627867197074, 1.2117583717879756, 1.0914323600059634]",PURE,85.6,0.2575210589651023,0.2594351070775064,332.4,332.4,1.0,0.0,0.0,332.4
163,40,0.67,0.1,5,5,6,5.5,5.5,0.19,0.5,42,1,[0.1],0.1,0.2442732516826255,10,7.778174593052023,0.07071067811865475,0.38890872965260115,0.07071067811865475,0.17272727272727273,20260927T095930443635Z_577f21e5,2,5760.0,40,True,81,"[0.8592549273600911, 0.6058380411445193, 0.4316697215292379, 0.32461244914431125, 0.29898418014229616, 0.3853292566116986, 0.6184818884427356, 0.9112753545916268, 1.124060711596949, 1.0918553682168552, 1.0519012231472415, 1.0604058710082023, 1.1010962834034748, 1.1484706050156464, 1.2414843039249468, 1.286522046207647, 1.3072562312959182, 1.4024657757114494, 1.4690763553789117, 1.4352382086312834, 1.3078676789813133, 1.2336627867197074, 1.2117583717879756, 1.0914323600059634]",PURE_OR,85.6,0.31082062454611475,0.310014222554246,275.4,275.4,1.0,0.0,0.0,275.4
164,40,0.67,0.2,5,5,6,5.5,5.5,0.19,0.5,42,1,[0.2],0.2,0.2442732516826255,10,7.778174593052023,0.1414213562373095,0.7778174593052023,0.1414213562373095,0.17272727272727273,20260927T095930443635Z_577f21e5,2,5760.0,40,True,81,"[0.8592549273600911, 0.6058380411445193, 0.4316697215292379, 0.32461244914431125, 0.29898418014229616, 0.3853292566116986, 0.6184818884427356, 0.9112753545916268, 1.124060711596949, 1.0918553682168552, 1.0519012231472415, 1.0604058710082023, 1.1010962834034748, 1.1484706050156464, 1.2414843039249468, 1.286522046207647, 1.3072562312959182, 1.4024657757114494, 1.4690763553789117, 1.4352382086312834, 1.3078676789813133, 1.2336627867197074, 1.2117583717879756, 1.0914323600059634]",DRL,5017.2080078125,0.8710430569118923,0.8710430502891541,5760.0,,0.0,151.2,5594.7,165.3
164,40,0.67,0.2,5,5,6,5.5,5.5,0.19,0.5,42,1,[0.2],0.2,0.2442732516826255,10,7.778174593052023,0.1414213562373095,0.7778174593052023,0.1414213562373095,0.17272727272727273,20260927T095930443635Z_577f21e5,2,5760.0,40,True,81,"[0.8592549273600911, 0.6058380411445193, 0.4316697215292379, 0.32461244914431125, 0.29898418014229616, 0.3853292566116986, 0.6184818884427356, 0.9112753545916268, 1.124060711596949, 1.0918553682168552, 1.0519012231472415, 1.0604058710082023, 1.1010962834034748, 1.1484706050156464, 1.2414843039249468, 1.286522046207647, 1.3072562312959182, 1.4024657757114494, 1.4690763553789117, 1.4352382086312834, 1.3078676789813133, 1.2336627867197074, 1.2117583717879756, 1.0914323600059634]",HEUR,4173.69794921875,0.7442001942154931,0.7413459181785583,5608.3,5001.5,0.2,148.8,4421.3,1187.0
164,40,0.67,0.2,5,5,6,5.5,5.5,0.19,0.5,42,1,[0.2],0.2,0.2442732516826255,10,7.778174593052023,0.1414213562373095,0.7778174593052023,0.1414213562373095,0.17272727272727273,20260927T095930443635Z_577f21e5,2,5760.0,40,True,81,"[0.8592549273600911, 0.6058380411445193, 0.4316697215292379, 0.32461244914431125, 0.29898418014229616, 0.3853292566116986, 0.6184818884427356, 0.9112753545916268, 1.124060711596949, 1.0918553682168552, 1.0519012231472415, 1.0604058710082023, 1.1010962834034748, 1.1484706050156464, 1.2414843039249468, 1.286522046207647, 1.3072562312959182, 1.4024657757114494, 1.4690763553789117, 1.4352382086312834, 1.3078676789813133, 1.2336627867197074, 1.2117583717879756, 1.0914323600059634]",HEUR_VOR,2221.942431640625,0.7858884559971085,0.7834444046020508,2827.3,2827.3,1.0,75.4,2338.6,488.7
164,40,0.67,0.2,5,5,6,5.5,5.5,0.19,0.5,42,1,[0.2],0.2,0.2442732516826255,10,7.778174593052023,0.1414213562373095,0.7778174593052023,0.1414213562373095,0.17272727272727273,20260927T095930443635Z_577f21e5,2,5760.0,40,True,81,"[0.8592549273600911, 0.6058380411445193, 0.4316697215292379, 0.32461244914431125, 0.29898418014229616, 0.3853292566116986, 0.6184818884427356, 0.9112753545916268, 1.124060711596949, 1.0918553682168552, 1.0519012231472415, 1.0604058710082023, 1.1010962834034748, 1.1484706050156464, 1.2414843039249468, 1.286522046207647, 1.3072562312959182, 1.4024657757114494, 1.4690763553789117, 1.4352382086312834, 1.3078676789813133, 1.2336627867197074, 1.2117583717879756, 1.0914323600059634]",FOUR_ZONE,166.71979675292968,0.44565569835052044,0.4435711681842804,374.1,374.1,1.0,2.2,83.6,290.5
164,40,0.67,0.2,5,5,6,5.5,5.5,0.19,0.5,42,1,[0.2],0.2,0.2442732516826255,10,7.778174593052023,0.1414213562373095,0.7778174593052023,0.1414213562373095,0.17272727272727273,20260927T095930443635Z_577f21e5,2,5760.0,40,True,81,"[0.8592549273600911, 0.6058380411445193, 0.4316697215292379, 0.32461244914431125, 0.29898418014229616, 0.3853292566116986, 0.6184818884427356, 0.9112753545916268, 1.124060711596949, 1.0918553682168552, 1.0519012231472415, 1.0604058710082023, 1.1010962834034748, 1.1484706050156464, 1.2414843039249468, 1.286522046207647, 1.3072562312959182, 1.4024657757114494, 1.4690763553789117, 1.4352382086312834, 1.3078676789813133, 1.2336627867197074, 1.2117583717879756, 1.0914323600059634]",PURE,85.6,0.2575210589651023,0.2594351070775064,332.4,332.4,1.0,0.0,0.0,332.4
164,40,0.67,0.2,5,5,6,5.5,5.5,0.19,0.5,42,1,[0.2],0.2,0.2442732516826255,10,7.778174593052023,0.1414213562373095,0.7778174593052023,0.1414213562373095,0.17272727272727273,20260927T095930443635Z_577f21e5,2,5760.0,40,True,81,"[0.8592549273600911, 0.6058380411445193, 0.4316697215292379, 0.32461244914431125, 0.29898418014229616, 0.3853292566116986, 0.6184818884427356, 0.9112753545916268, 1.124060711596949, 1.0918553682168552, 1.0519012231472415, 1.0604058710082023, 1.1010962834034748, 1.1484706050156464, 1.2414843039249468, 1.286522046207647, 1.3072562312959182, 1.4024657757114494, 1.4690763553789117, 1.4352382086312834, 1.3078676789813133, 1.2336627867197074, 1.2117583717879756, 1.0914323600059634]",PURE_OR,85.6,0.31082062454611475,0.310014222554246,275.4,275.4,1.0,0.0,0.0,275.4
165,40,0.67,0.3,5,5,6,5.5,5.5,0.19,0.5,42,1,"[0.3, 0.4]",0.2442732516826255,0.2442732516826255,10,7.778174593052023,0.21213203435596423,1.1667261889578033,0.17272727272727273,0.17272727272727273,20260927T095930443635Z_577f21e5,2,5760.0,40,True,81,"[0.8592549273600911, 0.6058380411445193, 0.4316697215292379, 0.32461244914431125, 0.29898418014229616, 0.3853292566116986, 0.6184818884427356, 0.9112753545916268, 1.124060711596949, 1.0918553682168552, 1.0519012231472415, 1.0604058710082023, 1.1010962834034748, 1.1484706050156464, 1.2414843039249468, 1.286522046207647, 1.3072562312959182, 1.4024657757114494, 1.4690763553789117, 1.4352382086312834, 1.3078676789813133, 1.2336627867197074, 1.2117583717879756, 1.0914323600059634]",DRL,5021.63818359375,0.8718121846516927,0.8718121886253357,5760.0,,0.0,156.0,5669.5,90.5
165,40,0.67,0.3,5,5,6,5.5,5.5,0.19,0.5,42,1,"[0.3, 0.4]",0.2442732516826255,0.2442732516826255,10,7.778174593052023,0.21213203435596423,1.1667261889578033,0.17272727272727273,0.17272727272727273,20260927T095930443635Z_577f21e5,2,5760.0,40,True,81,"[0.8592549273600911, 0.6058380411445193, 0.4316697215292379, 0.32461244914431125, 0.29898418014229616, 0.3853292566116986, 0.6184818884427356, 0.9112753545916268, 1.124060711596949, 1.0918553682168552, 1.0519012231472415, 1.0604058710082023, 1.1010962834034748, 1.1484706050156464, 1.2414843039249468, 1.286522046207647, 1.3072562312959182, 1.4024657757114494, 1.4690763553789117, 1.4352382086312834, 1.3078676789813133, 1.2336627867197074, 1.2117583717879756, 1.0914323600059634]",HEUR,4474.88447265625,0.7768896653917101,0.7768896579742431,5760.0,,0.0,159.6,4745.0,1015.0
165,40,0.67,0.3,5,5,6,5.5,5.5,0.19,0.5,42,1,"[0.3, 0.4]",0.2442732516826255,0.2442732516826255,10,7.778174593052023,0.21213203435596423,1.1667261889578033,0.17272727272727273,0.17272727272727273,20260927T095930443635Z_577f21e5,2,5760.0,40,True,81,"[0.8592549273600911, 0.6058380411445193, 0.4316697215292379, 0.32461244914431125, 0.29898418014229616, 0.3853292566116986, 0.6184818884427356, 0.9112753545916268, 1.124060711596949, 1.0918553682168552, 1.0519012231472415, 1.0604058710082023, 1.1010962834034748, 1.1484706050156464, 1.2414843039249468, 1.286522046207647, 1.3072562312959182, 1.4024657757114494, 1.4690763553789117, 1.4352382086312834, 1.3078676789813133, 1.2336627867197074, 1.2117583717879756, 1.0914323600059634]",HEUR_VOR,2516.7357421875,0.7768662002060439,0.7762314081192017,3239.6,3239.6,1.0,89.4,2671.1,568.5
165,40,0.67,0.3,5,5,6,5.5,5.5,0.19,0.5,42,1,"[0.3, 0.4]",0.2442732516826255,0.2442732516826255,10,7.778174593052023,0.21213203435596423,1.1667261889578033,0.17272727272727273,0.17272727272727273,20260927T095930443635Z_577f21e5,2,5760.0,40,True,81,"[0.8592549273600911, 0.6058380411445193, 0.4316697215292379, 0.32461244914431125, 0.29898418014229616, 0.3853292566116986, 0.6184818884427356, 0.9112753545916268, 1.124060711596949, 1.0918553682168552, 1.0519012231472415, 1.0604058710082023, 1.1010962834034748, 1.1484706050156464, 1.2414843039249468, 1.286522046207647, 1.3072562312959182, 1.4024657757114494, 1.4690763553789117, 1.4352382086312834, 1.3078676789813133, 1.2336627867197074, 1.2117583717879756, 1.0914323600059634]",FOUR_ZONE,177.22425842285156,0.4638164313605118,0.46265950202941897,382.1,382.1,1.0,2.6,96.0,286.1
165,40,0.67,0.3,5,5,6,5.5,5.5,0.19,0.5,42,1,"[0.3, 0.4]",0.2442732516826255,0.2442732516826255,10,7.778174593052023,0.21213203435596423,1.1667261889578033,0.17272727272727273,0.17272727272727273,20260927T095930443635Z_577f21e5,2,5760.0,40,True,81,"[0.8592549273600911, 0.6058380411445193, 0.4316697215292379, 0.32461244914431125, 0.29898418014229616, 0.3853292566116986, 0.6184818884427356, 0.9112753545916268, 1.124060711596949, 1.0918553682168552, 1.0519012231472415, 1.0604058710082023, 1.1010962834034748, 1.1484706050156464, 1.2414843039249468, 1.286522046207647, 1.3072562312959182, 1.4024657757114494, 1.4690763553789117, 1.4352382086312834, 1.3078676789813133, 1.2336627867197074, 1.2117583717879756, 1.0914323600059634]",PURE,85.6,0.2575210589651023,0.2594351070775064,332.4,332.4,1.0,0.0,0.0,332.4
165,40,0.67,0.3,5,5,6,5.5,5.5,0.19,0.5,42,1,"[0.3, 0.4]",0.2442732516826255,0.2442732516826255,10,7.778174593052023,0.21213203435596423,1.1667261889578033,0.17272727272727273,0.17272727272727273,20260927T095930443635Z_577f21e5,2,5760.0,40,True,81,"[0.8592549273600911, 0.6058380411445193, 0.4316697215292379, 0.32461244914431125, 0.29898418014229616, 0.3853292566116986, 0.6184818884427356, 0.9112753545916268, 1.124060711596949, 1.0918553682168552, 1.0519012231472415, 1.0604058710082023, 1.1010962834034748, 1.1484706050156464, 1.2414843039249468, 1.286522046207647, 1.3072562312959182, 1.4024657757114494, 1.4690763553789117, 1.4352382086312834, 1.3078676789813133, 1.2336627867197074, 1.2117583717879756, 1.0914323600059634]",PURE_OR,85.6,0.31082062454611475,0.310014222554246,275.4,275.4,1.0,0.0,0.0,275.4
166,40,0.67,0.1,5,5,6,6.0,5.5,0.19,0.5,42,1,[0.1],0.1,0.2442732516826255,10,7.778174593052023,0.07071067811865475,0.38890872965260115,0.07071067811865475,0.17272727272727273,20260927T095930443635Z_577f21e5,2,5760.0,40,True,81,"[0.8592549273600911, 0.6058380411445193, 0.4316697215292379, 0.32461244914431125, 0.29898418014229616, 0.3853292566116986, 0.6184818884427356, 0.9112753545916268, 1.124060711596949, 1.0918553682168552, 1.0519012231472415, 1.0604058710082023, 1.1010962834034748, 1.1484706050156464, 1.2414843039249468, 1.286522046207647, 1.3072562312959182, 1.4024657757114494, 1.4690763553789117, 1.4352382086312834, 1.3078676789813133, 1.2336627867197074, 1.2117583717879756, 1.0914323600059634]",DRL,4558.6431640625,0.7914311048719618,0.7914311051368713,5760.0,,0.0,133.8,5265.2,494.8
166,40,0.67,0.1,5,5,6,6.0,5.5,0.19,0.5,42,1,[0.1],0.1,0.2442732516826255,10,7.778174593052023,0.07071067811865475,0.38890872965260115,0.07071067811865475,0.17272727272727273,20260927T095930443635Z_577f21e5,2,5760.0,40,True,81,"[0.8592549273600911, 0.6058380411445193, 0.4316697215292379, 0.32461244914431125, 0.29898418014229616, 0.3853292566116986, 0.6184818884427356, 0.9112753545916268, 1.124060711596949, 1.0918553682168552, 1.0519012231472415, 1.0604058710082023, 1.1010962834034748, 1.1484706050156464, 1.2414843039249468, 1.286522046207647, 1.3072562312959182, 1.4024657757114494, 1.4690763553789117, 1.4352382086312834, 1.3078676789813133, 1.2336627867197074, 1.2117583717879756, 1.0914323600059634]",HEUR,1892.0647705078125,0.718541990926558,0.706948971748352,2633.2,2633.2,1.0,57.2,1829.1,804.1
166,40,0.67,0.1,5,5,6,6.0,5.5,0.19,0.5,42,1,[0.1],0.1,0.2442732516826255,10,7.778174593052023,0.07071067811865475,0.38890872965260115,0.07071067811865475,0.17272727272727273,20260927T095930443635Z_577f21e5,2,5760.0,40,True,81,"[0.8592549273600911, 0.6058380411445193, 0.4316697215292379, 0.32461244914431125, 0.29898418014229616, 0.3853292566116986, 0.6184818884427356, 0.9112753545916268, 1.124060711596949, 1.0918553682168552, 1.0519012231472415, 1.0604058710082023, 1.1010962834034748, 1.1484706050156464, 1.2414843039249468, 1.286522046207647, 1.3072562312959182, 1.4024657757114494, 1.4690763553789117, 1.4352382086312834, 1.3078676789813133, 1.2336627867197074, 1.2117583717879756, 1.0914323600059634]",HEUR_VOR,713.1309020996093,0.7147748843335766,0.6908626317977905,997.7,997.7,1.0,20.2,658.6,339.1
166,40,0.67,0.1,5,5,6,6.0,5.5,0.19,0.5,42,1,[0.1],0.1,0.2442732516826255,10,7.778174593052023,0.07071067811865475,0.38890872965260115,0.07071067811865475,0.17272727272727273,20260927T095930443635Z_577f21e5,2,5760.0,40,True,81,"[0.8592549273600911, 0.6058380411445193, 0.4316697215292379, 0.32461244914431125, 0.29898418014229616, 0.3853292566116986, 0.6184818884427356, 0.9112753545916268, 1.124060711596949, 1.0918553682168552, 1.0519012231472415, 1.0604058710082023, 1.1010962834034748, 1.1484706050156464, 1.2414843039249468, 1.286522046207647, 1.3072562312959182, 1.4024657757114494, 1.4690763553789117, 1.4352382086312834, 1.3078676789813133, 1.2336627867197074, 1.2117583717879756, 1.0914323600059634]",FOUR_ZONE,142.1242218017578,0.40091458900354815,0.39582725167274474,354.5,354.5,1.0,1.4,51.9,302.6
166,40,0.67,0.1,5,5,6,6.0,5.5,0.19,0.5,42,1,[0.1],0.1,0.2442732516826255,10,7.778174593052023,0.07071067811865475,0.38890872965260115,0.07071067811865475,0.17272727272727273,20260927T095930443635Z_577f21e5,2,5760.0,40,True,81,"[0.8592549273600911, 0.6058380411445193, 0.4316697215292379, 0.32461244914431125, 0.29898418014229616, 0.3853292566116986, 0.6184818884427356, 0.9112753545916268, 1.124060711596949, 1.0918553682168552, 1.0519012231472415, 1.0604058710082023, 1.1010962834034748, 1.1484706050156464, 1.2414843039249468, 1.286522046207647, 1.3072562312959182, 1.4024657757114494, 1.4690763553789117, 1.4352382086312834, 1.3078676789813133, 1.2336627867197074, 1.2117583717879756, 1.0914323600059634]",PURE,85.6,0.2575210589651023,0.2594351070775064,332.4,332.4,1.0,0.0,0.0,332.4
166,40,0.67,0.1,5,5,6,6.0,5.5,0.19,0.5,42,1,[0.1],0.1,0.2442732516826255,10,7.778174593052023,0.07071067811865475,0.38890872965260115,0.07071067811865475,0.17272727272727273,20260927T095930443635Z_577f21e5,2,5760.0,40,True,81,"[0.8592549273600911, 0.6058380411445193, 0.4316697215292379, 0.32461244914431125, 0.29898418014229616, 0.3853292566116986, 0.6184818884427356, 0.9112753545916268, 1.124060711596949, 1.0918553682168552, 1.0519012231472415, 1.0604058710082023, 1.1010962834034748, 1.1484706050156464, 1.2414843039249468, 1.286522046207647, 1.3072562312959182, 1.4024657757114494, 1.4690763553789117, 1.4352382086312834, 1.3078676789813133, 1.2336627867197074, 1.2117583717879756, 1.0914323600059634]",PURE_OR,85.6,0.31082062454611475,0.310014222554246,275.4,275.4,1.0,0.0,0.0,275.4
167,40,0.67,0.2,5,5,6,6.0,5.5,0.19,0.5,42,1,[0.2],0.2,0.2442732516826255,10,7.778174593052023,0.1414213562373095,0.7778174593052023,0.1414213562373095,0.17272727272727273,20260927T095930443635Z_577f21e5,2,5760.0,40,True,81,"[0.8592549273600911, 0.6058380411445193, 0.4316697215292379, 0.32461244914431125, 0.29898418014229616, 0.3853292566116986, 0.6184818884427356, 0.9112753545916268, 1.124060711596949, 1.0918553682168552, 1.0519012231472415, 1.0604058710082023, 1.1010962834034748, 1.1484706050156464, 1.2414843039249468, 1.286522046207647, 1.3072562312959182, 1.4024657757114494, 1.4690763553789117, 1.4352382086312834, 1.3078676789813133, 1.2336627867197074, 1.2117583717879756, 1.0914323600059634]",DRL,5414.934765625,0.9400928412543402,0.9400928378105163,5760.0,,0.0,161.0,5651.8,108.2
167,40,0.67,0.2,5,5,6,6.0,5.5,0.19,0.5,42,1,[0.2],0.2,0.2442732516826255,10,7.778174593052023,0.1414213562373095,0.7778174593052023,0.1414213562373095,0.17272727272727273,20260927T095930443635Z_577f21e5,2,5760.0,40,True,81,"[0.8592549273600911, 0.6058380411445193, 0.4316697215292379, 0.32461244914431125, 0.29898418014229616, 0.3853292566116986, 0.6184818884427356, 0.9112753545916268, 1.124060711596949, 1.0918553682168552, 1.0519012231472415, 1.0604058710082023, 1.1010962834034748, 1.1484706050156464, 1.2414843039249468, 1.286522046207647, 1.3072562312959182, 1.4024657757114494, 1.4690763553789117, 1.4352382086312834, 1.3078676789813133, 1.2336627867197074, 1.2117583717879756, 1.0914323600059634]",HEUR,4547.575927734375,0.8108653117226923,0.8077482223510742,5608.3,5001.5,0.2,148.8,4421.3,1187.0
167,40,0.67,0.2,5,5,6,6.0,5.5,0.19,0.5,42,1,[0.2],0.2,0.2442732516826255,10,7.778174593052023,0.1414213562373095,0.7778174593052023,0.1414213562373095,0.17272727272727273,20260927T095930443635Z_577f21e5,2,5760.0,40,True,81,"[0.8592549273600911, 0.6058380411445193, 0.4316697215292379, 0.32461244914431125, 0.29898418014229616, 0.3853292566116986, 0.6184818884427356, 0.9112753545916268, 1.124060711596949, 1.0918553682168552, 1.0519012231472415, 1.0604058710082023, 1.1010962834034748, 1.1484706050156464, 1.2414843039249468, 1.286522046207647, 1.3072562312959182, 1.4024657757114494, 1.4690763553789117, 1.4352382086312834, 1.3078676789813133, 1.2336627867197074, 1.2117583717879756, 1.0914323600059634]",HEUR_VOR,2416.20380859375,0.8545976049919535,0.8518696188926697,2827.3,2827.3,1.0,75.4,2338.6,488.7
167,40,0.67,0.2,5,5,6,6.0,5.5,0.19,0.5,42,1,[0.2],0.2,0.2442732516826255,10,7.778174593052023,0.1414213562373095,0.7778174593052023,0.1414213562373095,0.17272727272727273,20260927T095930443635Z_577f21e5,2,5760.0,40,True,81,"[0.8592549273600911, 0.6058380411445193, 0.4316697215292379, 0.32461244914431125, 0.29898418014229616, 0.3853292566116986, 0.6184818884427356, 0.9112753545916268, 1.124060711596949, 1.0918553682168552, 1.0519012231472415, 1.0604058710082023, 1.1010962834034748, 1.1484706050156464, 1.2414843039249468, 1.286522046207647, 1.3072562312959182, 1.4024657757114494, 1.4690763553789117, 1.4352382086312834, 1.3078676789813133, 1.2336627867197074, 1.2117583717879756, 1.0914323600059634]",FOUR_ZONE,174.09437866210936,0.4653685609786404,0.46314318776130675,374.1,374.1,1.0,2.2,83.6,290.5
167,40,0.67,0.2,5,5,6,6.0,5.5,0.19,0.5,42,1,[0.2],0.2,0.2442732516826255,10,7.778174593052023,0.1414213562373095,0.7778174593052023,0.1414213562373095,0.17272727272727273,20260927T095930443635Z_577f21e5,2,5760.0,40,True,81,"[0.8592549273600911, 0.6058380411445193, 0.4316697215292379, 0.32461244914431125, 0.29898418014229616, 0.3853292566116986, 0.6184818884427356, 0.9112753545916268, 1.124060711596949, 1.0918553682168552, 1.0519012231472415, 1.0604058710082023, 1.1010962834034748, 1.1484706050156464, 1.2414843039249468, 1.286522046207647, 1.3072562312959182, 1.4024657757114494, 1.4690763553789117, 1.4352382086312834, 1.3078676789813133, 1.2336627867197074, 1.2117583717879756, 1.0914323600059634]",PURE,85.6,0.2575210589651023,0.2594351070775064,332.4,332.4,1.0,0.0,0.0,332.4
167,40,0.67,0.2,5,5,6,6.0,5.5,0.19,0.5,42,1,[0.2],0.2,0.2442732516826255,10,7.778174593052023,0.1414213562373095,0.7778174593052023,0.1414213562373095,0.17272727272727273,20260927T095930443635Z_577f21e5,2,5760.0,40,True,81,"[0.8592549273600911, 0.6058380411445193, 0.4316697215292379, 0.32461244914431125, 0.29898418014229616, 0.3853292566116986, 0.6184818884427356, 0.9112753545916268, 1.124060711596949, 1.0918553682168552, 1.0519012231472415, 1.0604058710082023, 1.1010962834034748, 1.1484706050156464, 1.2414843039249468, 1.286522046207647, 1.3072562312959182, 1.4024657757114494, 1.4690763553789117, 1.4352382086312834, 1.3078676789813133, 1.2336627867197074, 1.2117583717879756, 1.0914323600059634]",PURE_OR,85.6,0.31082062454611475,0.310014222554246,275.4,275.4,1.0,0.0,0.0,275.4
168,40,0.67,0.3,5,5,6,6.0,5.5,0.19,0.5,42,1,"[0.3, 0.4]",0.2442732516826255,0.2442732516826255,10,7.778174593052023,0.21213203435596423,1.1667261889578033,0.17272727272727273,0.17272727272727273,20260927T095930443635Z_577f21e5,2,5760.0,40,True,81,"[0.8592549273600911, 0.6058380411445193, 0.4316697215292379, 0.32461244914431125, 0.29898418014229616, 0.3853292566116986, 0.6184818884427356, 0.9112753545916268, 1.124060711596949, 1.0918553682168552, 1.0519012231472415, 1.0604058710082023, 1.1010962834034748, 1.1484706050156464, 1.2414843039249468, 1.286522046207647, 1.3072562312959182, 1.4024657757114494, 1.4690763553789117, 1.4352382086312834, 1.3078676789813133, 1.2336627867197074, 1.2117583717879756, 1.0914323600059634]",DRL,5463.2361328125,0.9484784952799479,0.9484784841537476,5760.0,,0.0,155.2,5678.2,81.8
168,40,0.67,0.3,5,5,6,6.0,5.5,0.19,0.5,42,1,"[0.3, 0.4]",0.2442732516826255,0.2442732516826255,10,7.778174593052023,0.21213203435596423,1.1667261889578033,0.17272727272727273,0.17272727272727273,20260927T095930443635Z_577f21e5,2,5760.0,40,True,81,"[0.8592549273600911, 0.6058380411445193, 0.4316697215292379, 0.32461244914431125, 0.29898418014229616, 0.3853292566116986, 0.6184818884427356, 0.9112753545916268, 1.124060711596949, 1.0918553682168552, 1.0519012231472415, 1.0604058710082023, 1.1010962834034748, 1.1484706050156464, 1.2414843039249468, 1.286522046207647, 1.3072562312959182, 1.4024657757114494, 1.4690763553789117, 1.4352382086312834, 1.3078676789813133, 1.2336627867197074, 1.2117583717879756, 1.0914323600059634]",HEUR,4876.33818359375,0.8465864902072483,0.8465864896774292,5760.0,,0.0,159.6,4745.0,1015.0
168,40,0.67,0.3,5,5,6,6.0,5.5,0.19,0.5,42,1,"[0.3, 0.4]",0.2442732516826255,0.2442732516826255,10,7.778174593052023,0.21213203435596423,1.1667261889578033,0.17272727272727273,0.17272727272727273,20260927T095930443635Z_577f21e5,2,5760.0,40,True,81,"[0.8592549273600911, 0.6058380411445193, 0.4316697215292379, 0.32461244914431125, 0.29898418014229616, 0.3853292566116986, 0.6184818884427356, 0.9112753545916268, 1.124060711596949, 1.0918553682168552, 1.0519012231472415, 1.0604058710082023, 1.1010962834034748, 1.1484706050156464, 1.2414843039249468, 1.286522046207647, 1.3072562312959182, 1.4024657757114494, 1.4690763553789117, 1.4352382086312834, 1.3078676789813133, 1.2336627867197074, 1.2117583717879756, 1.0914323600059634]",HEUR_VOR,2737.8375,0.8451159093715274,0.8444166779518127,3239.6,3239.6,1.0,89.4,2671.1,568.5
168,40,0.67,0.3,5,5,6,6.0,5.5,0.19,0.5,42,1,"[0.3, 0.4]",0.2442732516826255,0.2442732516826255,10,7.778174593052023,0.21213203435596423,1.1667261889578033,0.17272727272727273,0.17272727272727273,20260927T095930443635Z_577f21e5,2,5760.0,40,True,81,"[0.8592549273600911, 0.6058380411445193, 0.4316697215292379, 0.32461244914431125, 0.29898418014229616, 0.3853292566116986, 0.6184818884427356, 0.9112753545916268, 1.124060711596949, 1.0918553682168552, 1.0519012231472415, 1.0604058710082023, 1.1010962834034748, 1.1484706050156464, 1.2414843039249468, 1.286522046207647, 1.3072562312959182, 1.4024657757114494, 1.4690763553789117, 1.4352382086312834, 1.3078676789813133, 1.2336627867197074, 1.2117583717879756, 1.0914323600059634]",FOUR_ZONE,185.5538116455078,0.48561583785791107,0.48443456292152404,382.1,382.1,1.0,2.6,96.0,286.1
168,40,0.67,0.3,5,5,6,6.0,5.5,0.19,0.5,42,1,"[0.3, 0.4]",0.2442732516826255,0.2442732516826255,10,7.778174593052023,0.21213203435596423,1.1667261889578033,0.17272727272727273,0.17272727272727273,20260927T095930443635Z_577f21e5,2,5760.0,40,True,81,"[0.8592549273600911, 0.6058380411445193, 0.4316697215292379, 0.32461244914431125, 0.29898418014229616, 0.3853292566116986, 0.6184818884427356, 0.9112753545916268, 1.124060711596949, 1.0918553682168552, 1.0519012231472415, 1.0604058710082023, 1.1010962834034748, 1.1484706050156464, 1.2414843039249468, 1.286522046207647, 1.3072562312959182, 1.4024657757114494, 1.4690763553789117, 1.4352382086312834, 1.3078676789813133, 1.2336627867197074, 1.2117583717879756, 1.0914323600059634]",PURE,85.6,0.2575210589651023,0.2594351070775064,332.4,332.4,1.0,0.0,0.0,332.4
168,40,0.67,0.3,5,5,6,6.0,5.5,0.19,0.5,42,1,"[0.3, 0.4]",0.2442732516826255,0.2442732516826255,10,7.778174593052023,0.21213203435596423,1.1667261889578033,0.17272727272727273,0.17272727272727273,20260927T095930443635Z_577f21e5,2,5760.0,40,True,81,"[0.8592549273600911, 0.6058380411445193, 0.4316697215292379, 0.32461244914431125, 0.29898418014229616, 0.3853292566116986, 0.6184818884427356, 0.9112753545916268, 1.124060711596949, 1.0918553682168552, 1.0519012231472415, 1.0604058710082023, 1.1010962834034748, 1.1484706050156464, 1.2414843039249468, 1.286522046207647, 1.3072562312959182, 1.4024657757114494, 1.4690763553789117, 1.4352382086312834, 1.3078676789813133, 1.2336627867197074, 1.2117583717879756, 1.0914323600059634]",PURE_OR,85.6,0.31082062454611475,0.310014222554246,275.4,275.4,1.0,0.0,0.0,275.4
169,40,0.83,0.1,5,5,6,5.5,5.5,0.19,0.5,42,1,[0.1],0.1,0.2442732516826255,10,7.778174593052023,0.07071067811865475,0.38890872965260115,0.07071067811865475,0.17272727272727273,20260927T095930443635Z_577f21e5,2,5760.0,40,True,81,"[0.8592549273600911, 0.6058380411445193, 0.4316697215292379, 0.32461244914431125, 0.29898418014229616, 0.3853292566116986, 0.6184818884427356, 0.9112753545916268, 1.124060711596949, 1.0918553682168552, 1.0519012231472415, 1.0604058710082023, 1.1010962834034748, 1.1484706050156464, 1.2414843039249468, 1.286522046207647, 1.3072562312959182, 1.4024657757114494, 1.4690763553789117, 1.4352382086312834, 1.3078676789813133, 1.2336627867197074, 1.2117583717879756, 1.0914323600059634]",DRL,4282.14580078125,0.7434280904134115,0.743428087234497,5760.0,,0.0,140.6,5305.6,454.4
169,40,0.83,0.1,5,5,6,5.5,5.5,0.19,0.5,42,1,[0.1],0.1,0.2442732516826255,10,7.778174593052023,0.07071067811865475,0.38890872965260115,0.07071067811865475,0.17272727272727273,20260927T095930443635Z_577f21e5,2,5760.0,40,True,81,"[0.8592549273600911, 0.6058380411445193, 0.4316697215292379, 0.32461244914431125, 0.29898418014229616, 0.3853292566116986, 0.6184818884427356, 0.9112753545916268, 1.124060711596949, 1.0918553682168552, 1.0519012231472415, 1.0604058710082023, 1.1010962834034748, 1.1484706050156464, 1.2414843039249468, 1.286522046207647, 1.3072562312959182, 1.4024657757114494, 1.4690763553789117, 1.4352382086312834, 1.3078676789813133, 1.2336627867197074, 1.2117583717879756, 1.0914323600059634]",HEUR,1866.4205810546875,0.6996366087096328,0.7015285611152648,2667.7,2667.7,1.0,61.8,1956.7,711.0
169,40,0.83,0.1,5,5,6,5.5,5.5,0.19,0.5,42,1,[0.1],0.1,0.2442732516826255,10,7.778174593052023,0.07071067811865475,0.38890872965260115,0.07071067811865475,0.17272727272727273,20260927T095930443635Z_577f21e5,2,5760.0,40,True,81,"[0.8592549273600911, 0.6058380411445193, 0.4316697215292379, 0.32461244914431125, 0.29898418014229616, 0.3853292566116986, 0.6184818884427356, 0.9112753545916268, 1.124060711596949, 1.0918553682168552, 1.0519012231472415, 1.0604058710082023, 1.1010962834034748, 1.1484706050156464, 1.2414843039249468, 1.286522046207647, 1.3072562312959182, 1.4024657757114494, 1.4690763553789117, 1.4352382086312834, 1.3078676789813133, 1.2336627867197074, 1.2117583717879756, 1.0914323600059634]",HEUR_VOR,941.9709228515625,0.7052792174689746,0.7002909779548645,1335.6,1335.6,1.0,31.2,940.7,394.9
169,40,0.83,0.1,5,5,6,5.5,5.5,0.19,0.5,42,1,[0.1],0.1,0.2442732516826255,10,7.778174593052023,0.07071067811865475,0.38890872965260115,0.07071067811865475,0.17272727272727273,20260927T095930443635Z_577f21e5,2,5760.0,40,True,81,"[0.8592549273600911, 0.6058380411445193, 0.4316697215292379, 0.32461244914431125, 0.29898418014229616, 0.3853292566116986, 0.6184818884427356, 0.9112753545916268, 1.124060711596949, 1.0918553682168552, 1.0519012231472415, 1.0604058710082023, 1.1010962834034748, 1.1484706050156464, 1.2414843039249468, 1.286522046207647, 1.3072562312959182, 1.4024657757114494, 1.4690763553789117, 1.4352382086312834, 1.3078676789813133, 1.2336627867197074, 1.2117583717879756, 1.0914323600059634]",FOUR_ZONE,145.28027801513673,0.3911692999869055,0.38968207240104674,371.4,371.4,1.0,1.2,40.5,330.9
169,40,0.83,0.1,5,5,6,5.5,5.5,0.19,0.5,42,1,[0.1],0.1,0.2442732516826255,10,7.778174593052023,0.07071067811865475,0.38890872965260115,0.07071067811865475,0.17272727272727273,20260927T095930443635Z_577f21e5,2,5760.0,40,True,81,"[0.8592549273600911, 0.6058380411445193, 0.4316697215292379, 0.32461244914431125, 0.29898418014229616, 0.3853292566116986, 0.6184818884427356, 0.9112753545916268, 1.124060711596949, 1.0918553682168552, 1.0519012231472415, 1.0604058710082023, 1.1010962834034748, 1.1484706050156464, 1.2414843039249468, 1.286522046207647, 1.3072562312959182, 1.4024657757114494, 1.4690763553789117, 1.4352382086312834, 1.3078676789813133, 1.2336627867197074, 1.2117583717879756, 1.0914323600059634]",PURE,105.2,0.3001426533523538,0.30346051279269637,350.5,350.5,1.0,0.0,0.0,350.5
169,40,0.83,0.1,5,5,6,5.5,5.5,0.19,0.5,42,1,[0.1],0.1,0.2442732516826255,10,7.778174593052023,0.07071067811865475,0.38890872965260115,0.07071067811865475,0.17272727272727273,20260927T095930443635Z_577f21e5,2,5760.0,40,True,81,"[0.8592549273600911, 0.6058380411445193, 0.4316697215292379, 0.32461244914431125, 0.29898418014229616, 0.3853292566116986, 0.6184818884427356, 0.9112753545916268, 1.124060711596949, 1.0918553682168552, 1.0519012231472415, 1.0604058710082023, 1.1010962834034748, 1.1484706050156464, 1.2414843039249468, 1.286522046207647, 1.3072562312959182, 1.4024657757114494, 1.4690763553789117, 1.4352382086312834, 1.3078676789813133, 1.2336627867197074, 1.2117583717879756, 1.0914323600059634]",PURE_OR,105.2,0.34278266536331053,0.34290676637664524,306.9,306.9,1.0,0.0,0.0,306.9
170,40,0.83,0.2,5,5,6,5.5,5.5,0.19,0.5,42,1,[0.2],0.2,0.2442732516826255,10,7.778174593052023,0.1414213562373095,0.7778174593052023,0.1414213562373095,0.17272727272727273,20260927T095930443635Z_577f21e5,2,5760.0,40,True,81,"[0.8592549273600911, 0.6058380411445193, 0.4316697215292379, 0.32461244914431125, 0.29898418014229616, 0.3853292566116986, 0.6184818884427356, 0.9112753545916268, 1.124060711596949, 1.0918553682168552, 1.0519012231472415, 1.0604058710082023, 1.1010962834034748, 1.1484706050156464, 1.2414843039249468, 1.286522046207647, 1.3072562312959182, 1.4024657757114494, 1.4690763553789117, 1.4352382086312834, 1.3078676789813133, 1.2336627867197074, 1.2117583717879756, 1.0914323600059634]",DRL,5072.07119140625,0.8805679151746961,0.8805679202079773,5760.0,,0.0,157.4,5663.1,96.9
170,40,0.83,0.2,5,5,6,5.5,5.5,0.19,0.5,42,1,[0.2],0.2,0.2442732516826255,10,7.778174593052023,0.1414213562373095,0.7778174593052023,0.1414213562373095,0.17272727272727273,20260927T095930443635Z_577f21e5,2,5760.0,40,True,81,"[0.8592549273600911, 0.6058380411445193, 0.4316697215292379, 0.32461244914431125, 0.29898418014229616, 0.3853292566116986, 0.6184818884427356, 0.9112753545916268, 1.124060711596949, 1.0918553682168552, 1.0519012231472415, 1.0604058710082023, 1.1010962834034748, 1.1484706050156464, 1.2414843039249468, 1.286522046207647, 1.3072562312959182, 1.4024657757114494, 1.4690763553789117, 1.4352382086312834, 1.3078676789813133, 1.2336627867197074, 1.2117583717879756, 1.0914323600059634]",HEUR,4502.18876953125,0.7816299947102865,0.781629991531372,5760.0,,0.0,159.8,4748.5,1011.5
170,40,0.83,0.2,5,5,6,5.5,5.5,0.19,0.5,42,1,[0.2],0.2,0.2442732516826255,10,7.778174593052023,0.1414213562373095,0.7778174593052023,0.1414213562373095,0.17272727272727273,20260927T095930443635Z_577f21e5,2,5760.0,40,True,81,"[0.8592549273600911, 0.6058380411445193, 0.4316697215292379, 0.32461244914431125, 0.29898418014229616, 0.3853292566116986, 0.6184818884427356, 0.9112753545916268, 1.124060711596949, 1.0918553682168552, 1.0519012231472415, 1.0604058710082023, 1.1010962834034748, 1.1484706050156464, 1.2414843039249468, 1.286522046207647, 1.3072562312959182, 1.4024657757114494, 1.4690763553789117, 1.4352382086312834, 1.3078676789813133, 1.2336627867197074, 1.2117583717879756, 1.0914323600059634]",HEUR_VOR,2665.80234375,0.8011186271637216,0.7968361973762512,3327.6,3327.6,1.0,91.2,2802.6,525.0
170,40,0.83,0.2,5,5,6,5.5,5.5,0.19,0.5,42,1,[0.2],0.2,0.2442732516826255,10,7.778174593052023,0.1414213562373095,0.7778174593052023,0.1414213562373095,0.17272727272727273,20260927T095930443635Z_577f21e5,2,5760.0,40,True,81,"[0.8592549273600911, 0.6058380411445193, 0.4316697215292379, 0.32461244914431125, 0.29898418014229616, 0.3853292566116986, 0.6184818884427356, 0.9112753545916268, 1.124060711596949, 1.0918553682168552, 1.0519012231472415, 1.0604058710082023, 1.1010962834034748, 1.1484706050156464, 1.2414843039249468, 1.286522046207647, 1.3072562312959182, 1.4024657757114494, 1.4690763553789117, 1.4352382086312834, 1.3078676789813133, 1.2336627867197074, 1.2117583717879756, 1.0914323600059634]",FOUR_ZONE,170.8176025390625,0.439232714165756,0.4381626009941101,388.9,388.9,1.0,2.2,68.7,320.2
170,40,0.83,0.2,5,5,6,5.5,5.5,0.19,0.5,42,1,[0.2],0.2,0.2442732516826255,10,7.778174593052023,0.1414213562373095,0.7778174593052023,0.1414213562373095,0.17272727272727273,20260927T095930443635Z_577f21e5,2,5760.0,40,True,81,"[0.8592549273600911, 0.6058380411445193, 0.4316697215292379, 0.32461244914431125, 0.29898418014229616, 0.3853292566116986, 0.6184818884427356, 0.9112753545916268, 1.124060711596949, 1.0918553682168552, 1.0519012231472415, 1.0604058710082023, 1.1010962834034748, 1.1484706050156464, 1.2414843039249468, 1.286522046207647, 1.3072562312959182, 1.4024657757114494, 1.4690763553789117, 1.4352382086312834, 1.3078676789813133, 1.2336627867197074, 1.2117583717879756, 1.0914323600059634]",PURE,105.2,0.3001426533523538,0.30346051279269637,350.5,350.5,1.0,0.0,0.0,350.5
170,40,0.83,0.2,5,5,6,5.5,5.5,0.19,0.5,42,1,[0.2],0.2,0.2442732516826255,10,7.778174593052023,0.1414213562373095,0.7778174593052023,0.1414213562373095,0.17272727272727273,20260927T095930443635Z_577f21e5,2,5760.0,40,True,81,"[0.8592549273600911, 0.6058380411445193, 0.4316697215292379, 0.32461244914431125, 0.29898418014229616, 0.3853292566116986, 0.6184818884427356, 0.9112753545916268, 1.124060711596949, 1.0918553682168552, 1.0519012231472415, 1.0604058710082023, 1.1010962834034748, 1.1484706050156464, 1.2414843039249468, 1.286522046207647, 1.3072562312959182, 1.4024657757114494, 1.4690763553789117, 1.4352382086312834, 1.3078676789813133, 1.2336627867197074, 1.2117583717879756, 1.0914323600059634]",PURE_OR,105.2,0.34278266536331053,0.34290676637664524,306.9,306.9,1.0,0.0,0.0,306.9
171,40,0.83,0.3,5,5,6,5.5,5.5,0.19,0.5,42,1,"[0.3, 0.4]",0.2442732516826255,0.2442732516826255,10,7.778174593052023,0.21213203435596423,1.1667261889578033,0.17272727272727273,0.17272727272727273,20260927T095930443635Z_577f21e5,2,5760.0,40,True,81,"[0.8592549273600911, 0.6058380411445193, 0.4316697215292379, 0.32461244914431125, 0.29898418014229616, 0.3853292566116986, 0.6184818884427356, 0.9112753545916268, 1.124060711596949, 1.0918553682168552, 1.0519012231472415, 1.0604058710082023, 1.1010962834034748, 1.1484706050156464, 1.2414843039249468, 1.286522046207647, 1.3072562312959182, 1.4024657757114494, 1.4690763553789117, 1.4352382086312834, 1.3078676789813133, 1.2336627867197074, 1.2117583717879756, 1.0914323600059634]",DRL,5113.31533203125,0.8877283562554253,0.8877283692359924,5760.0,,0.0,152.4,5680.4,79.6
171,40,0.83,0.3,5,5,6,5.5,5.5,0.19,0.5,42,1,"[0.3, 0.4]",0.2442732516826255,0.2442732516826255,10,7.778174593052023,0.21213203435596423,1.1667261889578033,0.17272727272727273,0.17272727272727273,20260927T095930443635Z_577f21e5,2,5760.0,40,True,81,"[0.8592549273600911, 0.6058380411445193, 0.4316697215292379, 0.32461244914431125, 0.29898418014229616, 0.3853292566116986, 0.6184818884427356, 0.9112753545916268, 1.124060711596949, 1.0918553682168552, 1.0519012231472415, 1.0604058710082023, 1.1010962834034748, 1.1484706050156464, 1.2414843039249468, 1.286522046207647, 1.3072562312959182, 1.4024657757114494, 1.4690763553789117, 1.4352382086312834, 1.3078676789813133, 1.2336627867197074, 1.2117583717879756, 1.0914323600059634]",HEUR,4541.1064453125,0.7883865356445312,0.7883865356445312,5760.0,,0.0,162.6,4792.1,967.9
171,40,0.83,0.3,5,5,6,5.5,5.5,0.19,0.5,42,1,"[0.3, 0.4]",0.2442732516826255,0.2442732516826255,10,7.778174593052023,0.21213203435596423,1.1667261889578033,0.17272727272727273,0.17272727272727273,20260927T095930443635Z_577f21e5,2,5760.0,40,True,81,"[0.8592549273600911, 0.6058380411445193, 0.4316697215292379, 0.32461244914431125, 0.29898418014229616, 0.3853292566116986, 0.6184818884427356, 0.9112753545916268, 1.124060711596949, 1.0918553682168552, 1.0519012231472415, 1.0604058710082023, 1.1010962834034748, 1.1484706050156464, 1.2414843039249468, 1.286522046207647, 1.3072562312959182, 1.4024657757114494, 1.4690763553789117, 1.4352382086312834, 1.3078676789813133, 1.2336627867197074, 1.2117583717879756, 1.0914323600059634]",HEUR_VOR,2732.967578125,0.7965048898708906,0.7954408049583435,3431.2,3431.2,1.0,98.0,2924.9,506.3
171,40,0.83,0.3,5,5,6,5.5,5.5,0.19,0.5,42,1,"[0.3, 0.4]",0.2442732516826255,0.2442732516826255,10,7.778174593052023,0.21213203435596423,1.1667261889578033,0.17272727272727273,0.17272727272727273,20260927T095930443635Z_577f21e5,2,5760.0,40,True,81,"[0.8592549273600911, 0.6058380411445193, 0.4316697215292379, 0.32461244914431125, 0.29898418014229616, 0.3853292566116986, 0.6184818884427356, 0.9112753545916268, 1.124060711596949, 1.0918553682168552, 1.0519012231472415, 1.0604058710082023, 1.1010962834034748, 1.1484706050156464, 1.2414843039249468, 1.286522046207647, 1.3072562312959182, 1.4024657757114494, 1.4690763553789117, 1.4352382086312834, 1.3078676789813133, 1.2336627867197074, 1.2117583717879756, 1.0914323600059634]",FOUR_ZONE,174.2225830078125,0.4427511639334498,0.4414436638355255,393.5,393.5,1.0,2.4,80.0,313.5
171,40,0.83,0.3,5,5,6,5.5,5.5,0.19,0.5,42,1,"[0.3, 0.4]",0.2442732516826255,0.2442732516826255,10,7.778174593052023,0.21213203435596423,1.1667261889578033,0.17272727272727273,0.17272727272727273,20260927T095930443635Z_577f21e5,2,5760.0,40,True,81,"[0.8592549273600911, 0.6058380411445193, 0.4316697215292379, 0.32461244914431125, 0.29898418014229616, 0.3853292566116986, 0.6184818884427356, 0.9112753545916268, 1.124060711596949, 1.0918553682168552, 1.0519012231472415, 1.0604058710082023, 1.1010962834034748, 1.1484706050156464, 1.2414843039249468, 1.286522046207647, 1.3072562312959182, 1.4024657757114494, 1.4690763553789117, 1.4352382086312834, 1.3078676789813133, 1.2336627867197074, 1.2117583717879756, 1.0914323600059634]",PURE,105.2,0.3001426533523538,0.30346051279269637,350.5,350.5,1.0,0.0,0.0,350.5
171,40,0.83,0.3,5,5,6,5.5,5.5,0.19,0.5,42,1,"[0.3, 0.4]",0.2442732516826255,0.2442732516826255,10,7.778174593052023,0.21213203435596423,1.1667261889578033,0.17272727272727273,0.17272727272727273,20260927T095930443635Z_577f21e5,2,5760.0,40,True,81,"[0.8592549273600911, 0.6058380411445193, 0.4316697215292379, 0.32461244914431125, 0.29898418014229616, 0.3853292566116986, 0.6184818884427356, 0.9112753545916268, 1.124060711596949, 1.0918553682168552, 1.0519012231472415, 1.0604058710082023, 1.1010962834034748, 1.1484706050156464, 1.2414843039249468, 1.286522046207647, 1.3072562312959182, 1.4024657757114494, 1.4690763553789117, 1.4352382086312834, 1.3078676789813133, 1.2336627867197074, 1.2117583717879756, 1.0914323600059634]",PURE_OR,105.2,0.34278266536331053,0.34290676637664524,306.9,306.9,1.0,0.0,0.0,306.9
172,40,0.83,0.1,5,5,6,6.0,5.5,0.19,0.5,42,1,[0.1],0.1,0.2442732516826255,10,7.778174593052023,0.07071067811865475,0.38890872965260115,0.07071067811865475,0.17272727272727273,20260927T095930443635Z_577f21e5,2,5760.0,40,True,81,"[0.8592549273600911, 0.6058380411445193, 0.4316697215292379, 0.32461244914431125, 0.29898418014229616, 0.3853292566116986, 0.6184818884427356, 0.9112753545916268, 1.124060711596949, 1.0918553682168552, 1.0519012231472415, 1.0604058710082023, 1.1010962834034748, 1.1484706050156464, 1.2414843039249468, 1.286522046207647, 1.3072562312959182, 1.4024657757114494, 1.4690763553789117, 1.4352382086312834, 1.3078676789813133, 1.2336627867197074, 1.2117583717879756, 1.0914323600059634]",DRL,4499.87373046875,0.7812280782063802,0.7812280774116516,5760.0,,0.0,137.6,5276.6,483.4
172,40,0.83,0.1,5,5,6,6.0,5.5,0.19,0.5,42,1,[0.1],0.1,0.2442732516826255,10,7.778174593052023,0.07071067811865475,0.38890872965260115,0.07071067811865475,0.17272727272727273,20260927T095930443635Z_577f21e5,2,5760.0,40,True,81,"[0.8592549273600911, 0.6058380411445193, 0.4316697215292379, 0.32461244914431125, 0.29898418014229616, 0.3853292566116986, 0.6184818884427356, 0.9112753545916268, 1.124060711596949, 1.0918553682168552, 1.0519012231472415, 1.0604058710082023, 1.1010962834034748, 1.1484706050156464, 1.2414843039249468, 1.286522046207647, 1.3072562312959182, 1.4024657757114494, 1.4690763553789117, 1.4352382086312834, 1.3078676789813133, 1.2336627867197074, 1.2117583717879756, 1.0914323600059634]",HEUR,2026.5364501953125,0.7596568018125398,0.7615933299064637,2667.7,2667.7,1.0,61.8,1956.7,711.0
172,40,0.83,0.1,5,5,6,6.0,5.5,0.19,0.5,42,1,[0.1],0.1,0.2442732516826255,10,7.778174593052023,0.07071067811865475,0.38890872965260115,0.07071067811865475,0.17272727272727273,20260927T095930443635Z_577f21e5,2,5760.0,40,True,81,"[0.8592549273600911, 0.6058380411445193, 0.4316697215292379, 0.32461244914431125, 0.29898418014229616, 0.3853292566116986, 0.6184818884427356, 0.9112753545916268, 1.124060711596949, 1.0918553682168552, 1.0519012231472415, 1.0604058710082023, 1.1010962834034748, 1.1484706050156464, 1.2414843039249468, 1.286522046207647, 1.3072562312959182, 1.4024657757114494, 1.4690763553789117, 1.4352382086312834, 1.3078676789813133, 1.2336627867197074, 1.2117583717879756, 1.0914323600059634]",HEUR_VOR,1018.0336181640625,0.7622294236029219,0.7566364169120788,1335.6,1335.6,1.0,31.2,940.7,394.9
172,40,0.83,0.1,5,5,6,6.0,5.5,0.19,0.5,42,1,[0.1],0.1,0.2442732516826255,10,7.778174593052023,0.07071067811865475,0.38890872965260115,0.07071067811865475,0.17272727272727273,20260927T095930443635Z_577f21e5,2,5760.0,40,True,81,"[0.8592549273600911, 0.6058380411445193, 0.4316697215292379, 0.32461244914431125, 0.29898418014229616, 0.3853292566116986, 0.6184818884427356, 0.9112753545916268, 1.124060711596949, 1.0918553682168552, 1.0519012231472415, 1.0604058710082023, 1.1010962834034748, 1.1484706050156464, 1.2414843039249468, 1.286522046207647, 1.3072562312959182, 1.4024657757114494, 1.4690763553789117, 1.4352382086312834, 1.3078676789813133, 1.2336627867197074, 1.2117583717879756, 1.0914323600059634]",FOUR_ZONE,148.92394409179687,0.4009799248567498,0.3993572950363159,371.4,371.4,1.0,1.2,40.5,330.9
172,40,0.83,0.1,5,5,6,6.0,5.5,0.19,0.5,42,1,[0.1],0.1,0.2442732516826255,10,7.778174593052023,0.07071067811865475,0.38890872965260115,0.07071067811865475,0.17272727272727273,20260927T095930443635Z_577f21e5,2,5760.0,40,True,81,"[0.8592549273600911, 0.6058380411445193, 0.4316697215292379, 0.32461244914431125, 0.29898418014229616, 0.3853292566116986, 0.6184818884427356, 0.9112753545916268, 1.124060711596949, 1.0918553682168552, 1.0519012231472415, 1.0604058710082023, 1.1010962834034748, 1.1484706050156464, 1.2414843039249468, 1.286522046207647, 1.3072562312959182, 1.4024657757114494, 1.4690763553789117, 1.4352382086312834, 1.3078676789813133, 1.2336627867197074, 1.2117583717879756, 1.0914323600059634]",PURE,105.2,0.3001426533523538,0.30346051279269637,350.5,350.5,1.0,0.0,0.0,350.5
172,40,0.83,0.1,5,5,6,6.0,5.5,0.19,0.5,42,1,[0.1],0.1,0.2442732516826255,10,7.778174593052023,0.07071067811865475,0.38890872965260115,0.07071067811865475,0.17272727272727273,20260927T095930443635Z_577f21e5,2,5760.0,40,True,81,"[0.8592549273600911, 0.6058380411445193, 0.4316697215292379, 0.32461244914431125, 0.29898418014229616, 0.3853292566116986, 0.6184818884427356, 0.9112753545916268, 1.124060711596949, 1.0918553682168552, 1.0519012231472415, 1.0604058710082023, 1.1010962834034748, 1.1484706050156464, 1.2414843039249468, 1.286522046207647, 1.3072562312959182, 1.4024657757114494, 1.4690763553789117, 1.4352382086312834, 1.3078676789813133, 1.2336627867197074, 1.2117583717879756, 1.0914323600059634]",PURE_OR,105.2,0.34278266536331053,0.34290676637664524,306.9,306.9,1.0,0.0,0.0,306.9
173,40,0.83,0.2,5,5,6,6.0,5.5,0.19,0.5,42,1,[0.2],0.2,0.2442732516826255,10,7.778174593052023,0.1414213562373095,0.7778174593052023,0.1414213562373095,0.17272727272727273,20260927T095930443635Z_577f21e5,2,5760.0,40,True,81,"[0.8592549273600911, 0.6058380411445193, 0.4316697215292379, 0.32461244914431125, 0.29898418014229616, 0.3853292566116986, 0.6184818884427356, 0.9112753545916268, 1.124060711596949, 1.0918553682168552, 1.0519012231472415, 1.0604058710082023, 1.1010962834034748, 1.1484706050156464, 1.2414843039249468, 1.286522046207647, 1.3072562312959182, 1.4024657757114494, 1.4690763553789117, 1.4352382086312834, 1.3078676789813133, 1.2336627867197074, 1.2117583717879756, 1.0914323600059634]",DRL,5489.07109375,0.9529637315538194,0.9529637336730957,5760.0,,0.0,165.2,5655.8,104.2
173,40,0.83,0.2,5,5,6,6.0,5.5,0.19,0.5,42,1,[0.2],0.2,0.2442732516826255,10,7.778174593052023,0.1414213562373095,0.7778174593052023,0.1414213562373095,0.17272727272727273,20260927T095930443635Z_577f21e5,2,5760.0,40,True,81,"[0.8592549273600911, 0.6058380411445193, 0.4316697215292379, 0.32461244914431125, 0.29898418014229616, 0.3853292566116986, 0.6184818884427356, 0.9112753545916268, 1.124060711596949, 1.0918553682168552, 1.0519012231472415, 1.0604058710082023, 1.1010962834034748, 1.1484706050156464, 1.2414843039249468, 1.286522046207647, 1.3072562312959182, 1.4024657757114494, 1.4690763553789117, 1.4352382086312834, 1.3078676789813133, 1.2336627867197074, 1.2117583717879756, 1.0914323600059634]",HEUR,4904.99345703125,0.8515613640679254,0.8515613794326782,5760.0,,0.0,159.8,4748.5,1011.5
173,40,0.83,0.2,5,5,6,6.0,5.5,0.19,0.5,42,1,[0.2],0.2,0.2442732516826255,10,7.778174593052023,0.1414213562373095,0.7778174593052023,0.1414213562373095,0.17272727272727273,20260927T095930443635Z_577f21e5,2,5760.0,40,True,81,"[0.8592549273600911, 0.6058380411445193, 0.4316697215292379, 0.32461244914431125, 0.29898418014229616, 0.3853292566116986, 0.6184818884427356, 0.9112753545916268, 1.124060711596949, 1.0918553682168552, 1.0519012231472415, 1.0604058710082023, 1.1010962834034748, 1.1484706050156464, 1.2414843039249468, 1.286522046207647, 1.3072562312959182, 1.4024657757114494, 1.4690763553789117, 1.4352382086312834, 1.3078676789813133, 1.2336627867197074, 1.2117583717879756, 1.0914323600059634]",HEUR_VOR,2898.6846923828125,0.8711037060893174,0.8662661790847779,3327.6,3327.6,1.0,91.2,2802.6,525.0
173,40,0.83,0.2,5,5,6,6.0,5.5,0.19,0.5,42,1,[0.2],0.2,0.2442732516826255,10,7.778174593052023,0.1414213562373095,0.7778174593052023,0.1414213562373095,0.17272727272727273,20260927T095930443635Z_577f21e5,2,5760.0,40,True,81,"[0.8592549273600911, 0.6058380411445193, 0.4316697215292379, 0.32461244914431125, 0.29898418014229616, 0.3853292566116986, 0.6184818884427356, 0.9112753545916268, 1.124060711596949, 1.0918553682168552, 1.0519012231472415, 1.0604058710082023, 1.1010962834034748, 1.1484706050156464, 1.2414843039249468, 1.286522046207647, 1.3072562312959182, 1.4024657757114494, 1.4690763553789117, 1.4352382086312834, 1.3078676789813133, 1.2336627867197074, 1.2117583717879756, 1.0914323600059634]",FOUR_ZONE,176.7829162597656,0.4545716540492816,0.45345026850700376,388.9,388.9,1.0,2.2,68.7,320.2
173,40,0.83,0.2,5,5,6,6.0,5.5,0.19,0.5,42,1,[0.2],0.2,0.2442732516826255,10,7.778174593052023,0.1414213562373095,0.7778174593052023,0.1414213562373095,0.17272727272727273,20260927T095930443635Z_577f21e5,2,5760.0,40,True,81,"[0.8592549273600911, 0.6058380411445193, 0.4316697215292379, 0.32461244914431125, 0.29898418014229616, 0.3853292566116986, 0.6184818884427356, 0.9112753545916268, 1.124060711596949, 1.0918553682168552, 1.0519012231472415, 1.0604058710082023, 1.1010962834034748, 1.1484706050156464, 1.2414843039249468, 1.286522046207647, 1.3072562312959182, 1.4024657757114494, 1.4690763553789117, 1.4352382086312834, 1.3078676789813133, 1.2336627867197074, 1.2117583717879756, 1.0914323600059634]",PURE,105.2,0.3001426533523538,0.30346051279269637,350.5,350.5,1.0,0.0,0.0,350.5
173,40,0.83,0.2,5,5,6,6.0,5.5,0.19,0.5,42,1,[0.2],0.2,0.2442732516826255,10,7.778174593052023,0.1414213562373095,0.7778174593052023,0.1414213562373095,0.17272727272727273,20260927T095930443635Z_577f21e5,2,5760.0,40,True,81,"[0.8592549273600911, 0.6058380411445193, 0.4316697215292379, 0.32461244914431125, 0.29898418014229616, 0.3853292566116986, 0.6184818884427356, 0.9112753545916268, 1.124060711596949, 1.0918553682168552, 1.0519012231472415, 1.0604058710082023, 1.1010962834034748, 1.1484706050156464, 1.2414843039249468, 1.286522046207647, 1.3072562312959182, 1.4024657757114494, 1.4690763553789117, 1.4352382086312834, 1.3078676789813133, 1.2336627867197074, 1.2117583717879756, 1.0914323600059634]",PURE_OR,105.2,0.34278266536331053,0.34290676637664524,306.9,306.9,1.0,0.0,0.0,306.9
174,40,0.83,0.3,5,5,6,6.0,5.5,0.19,0.5,42,1,"[0.3, 0.4]",0.2442732516826255,0.2442732516826255,10,7.778174593052023,0.21213203435596423,1.1667261889578033,0.17272727272727273,0.17272727272727273,20260927T095930443635Z_577f21e5,2,5760.0,40,True,81,"[0.8592549273600911, 0.6058380411445193, 0.4316697215292379, 0.32461244914431125, 0.29898418014229616, 0.3853292566116986, 0.6184818884427356, 0.9112753545916268, 1.124060711596949, 1.0918553682168552, 1.0519012231472415, 1.0604058710082023, 1.1010962834034748, 1.1484706050156464, 1.2414843039249468, 1.286522046207647, 1.3072562312959182, 1.4024657757114494, 1.4690763553789117, 1.4352382086312834, 1.3078676789813133, 1.2336627867197074, 1.2117583717879756, 1.0914323600059634]",DRL,5532.49697265625,0.9605029466417101,0.9605029463768006,5760.0,,0.0,146.2,5635.3,124.7
174,40,0.83,0.3,5,5,6,6.0,5.5,0.19,0.5,42,1,"[0.3, 0.4]",0.2442732516826255,0.2442732516826255,10,7.778174593052023,0.21213203435596423,1.1667261889578033,0.17272727272727273,0.17272727272727273,20260927T095930443635Z_577f21e5,2,5760.0,40,True,81,"[0.8592549273600911, 0.6058380411445193, 0.4316697215292379, 0.32461244914431125, 0.29898418014229616, 0.3853292566116986, 0.6184818884427356, 0.9112753545916268, 1.124060711596949, 1.0918553682168552, 1.0519012231472415, 1.0604058710082023, 1.1010962834034748, 1.1484706050156464, 1.2414843039249468, 1.286522046207647, 1.3072562312959182, 1.4024657757114494, 1.4690763553789117, 1.4352382086312834, 1.3078676789813133, 1.2336627867197074, 1.2117583717879756, 1.0914323600059634]",HEUR,4947.7287109375,0.8589806789822049,0.858980679512024,5760.0,,0.0,162.6,4792.1,967.9
174,40,0.83,0.3,5,5,6,6.0,5.5,0.19,0.5,42,1,"[0.3, 0.4]",0.2442732516826255,0.2442732516826255,10,7.778174593052023,0.21213203435596423,1.1667261889578033,0.17272727272727273,0.17272727272727273,20260927T095930443635Z_577f21e5,2,5760.0,40,True,81,"[0.8592549273600911, 0.6058380411445193, 0.4316697215292379, 0.32461244914431125, 0.29898418014229616, 0.3853292566116986, 0.6184818884427356, 0.9112753545916268, 1.124060711596949, 1.0918553682168552, 1.0519012231472415, 1.0604058710082023, 1.1010962834034748, 1.1484706050156464, 1.2414843039249468, 1.286522046207647, 1.3072562312959182, 1.4024657757114494, 1.4690763553789117, 1.4352382086312834, 1.3078676789813133, 1.2336627867197074, 1.2117583717879756, 1.0914323600059634]",HEUR_VOR,2971.987939453125,0.866165755261461,0.8649778485298156,3431.2,3431.2,1.0,98.0,2924.9,506.3
174,40,0.83,0.3,5,5,6,6.0,5.5,0.19,0.5,42,1,"[0.3, 0.4]",0.2442732516826255,0.2442732516826255,10,7.778174593052023,0.21213203435596423,1.1667261889578033,0.17272727272727273,0.17272727272727273,20260927T095930443635Z_577f21e5,2,5760.0,40,True,81,"[0.8592549273600911, 0.6058380411445193, 0.4316697215292379, 0.32461244914431125, 0.29898418014229616, 0.3853292566116986, 0.6184818884427356, 0.9112753545916268, 1.124060711596949, 1.0918553682168552, 1.0519012231472415, 1.0604058710082023, 1.1010962834034748, 1.1484706050156464, 1.2414843039249468, 1.286522046207647, 1.3072562312959182, 1.4024657757114494, 1.4690763553789117, 1.4352382086312834, 1.3078676789813133, 1.2336627867197074, 1.2117583717879756, 1.0914323600059634]",FOUR_ZONE,180.49742736816407,0.4586974011897435,0.4572798728942871,393.5,393.5,1.0,2.4,80.0,313.5
174,40,0.83,0.3,5,5,6,6.0,5.5,0.19,0.5,42,1,"[0.3, 0.4]",0.2442732516826255,0.2442732516826255,10,7.778174593052023,0.21213203435596423,1.1667261889578033,0.17272727272727273,0.17272727272727273,20260927T095930443635Z_577f21e5,2,5760.0,40,True,81,"[0.8592549273600911, 0.6058380411445193, 0.4316697215292379, 0.32461244914431125, 0.29898418014229616, 0.3853292566116986, 0.6184818884427356, 0.9112753545916268, 1.124060711596949, 1.0918553682168552, 1.0519012231472415, 1.0604058710082023, 1.1010962834034748, 1.1484706050156464, 1.2414843039249468, 1.286522046207647, 1.3072562312959182, 1.4024657757114494, 1.4690763553789117, 1.4352382086312834, 1.3078676789813133, 1.2336627867197074, 1.2117583717879756, 1.0914323600059634]",PURE,105.2,0.3001426533523538,0.30346051279269637,350.5,350.5,1.0,0.0,0.0,350.5
174,40,0.83,0.3,5,5,6,6.0,5.5,0.19,0.5,42,1,"[0.3, 0.4]",0.2442732516826255,0.2442732516826255,10,7.778174593052023,0.21213203435596423,1.1667261889578033,0.17272727272727273,0.17272727272727273,20260927T095930443635Z_577f21e5,2,5760.0,40,True,81,"[0.8592549273600911, 0.6058380411445193, 0.4316697215292379, 0.32461244914431125, 0.29898418014229616, 0.3853292566116986, 0.6184818884427356, 0.9112753545916268, 1.124060711596949, 1.0918553682168552, 1.0519012231472415, 1.0604058710082023, 1.1010962834034748, 1.1484706050156464, 1.2414843039249468, 1.286522046207647, 1.3072562312959182, 1.4024657757114494, 1.4690763553789117, 1.4352382086312834, 1.3078676789813133, 1.2336627867197074, 1.2117583717879756, 1.0914323600059634]",PURE_OR,105.2,0.34278266536331053,0.34290676637664524,306.9,306.9,1.0,0.0,0.0,306.9
175,40,1.0,0.1,5,5,6,5.5,5.5,0.19,0.5,42,1,[0.1],0.1,0.2442732516826255,10,7.778174593052023,0.07071067811865475,0.38890872965260115,0.07071067811865475,0.17272727272727273,20260927T095930443635Z_577f21e5,2,5760.0,40,True,81,"[0.8592549273600911, 0.6058380411445193, 0.4316697215292379, 0.32461244914431125, 0.29898418014229616, 0.3853292566116986, 0.6184818884427356, 0.9112753545916268, 1.124060711596949, 1.0918553682168552, 1.0519012231472415, 1.0604058710082023, 1.1010962834034748, 1.1484706050156464, 1.2414843039249468, 1.286522046207647, 1.3072562312959182, 1.4024657757114494, 1.4690763553789117, 1.4352382086312834, 1.3078676789813133, 1.2336627867197074, 1.2117583717879756, 1.0914323600059634]",DRL,4329.025341796875,0.751566899617513,0.7515668869018555,5760.0,,0.0,138.6,5175.2,584.8
175,40,1.0,0.1,5,5,6,5.5,5.5,0.19,0.5,42,1,[0.1],0.1,0.2442732516826255,10,7.778174593052023,0.07071067811865475,0.38890872965260115,0.07071067811865475,0.17272727272727273,20260927T095930443635Z_577f21e5,2,5760.0,40,True,81,"[0.8592549273600911, 0.6058380411445193, 0.4316697215292379, 0.32461244914431125, 0.29898418014229616, 0.3853292566116986, 0.6184818884427356, 0.9112753545916268, 1.124060711596949, 1.0918553682168552, 1.0519012231472415, 1.0604058710082023, 1.1010962834034748, 1.1484706050156464, 1.2414843039249468, 1.286522046207647, 1.3072562312959182, 1.4024657757114494, 1.4690763553789117, 1.4352382086312834, 1.3078676789813133, 1.2336627867197074, 1.2117583717879756, 1.0914323600059634]",HEUR,2172.169140625,0.7287446373754487,0.7274930953979493,2980.7,2980.7,1.0,71.0,2250.5,730.2
175,40,1.0,0.1,5,5,6,5.5,5.5,0.19,0.5,42,1,[0.1],0.1,0.2442732516826255,10,7.778174593052023,0.07071067811865475,0.38890872965260115,0.07071067811865475,0.17272727272727273,20260927T095930443635Z_577f21e5,2,5760.0,40,True,81,"[0.8592549273600911, 0.6058380411445193, 0.4316697215292379, 0.32461244914431125, 0.29898418014229616, 0.3853292566116986, 0.6184818884427356, 0.9112753545916268, 1.124060711596949, 1.0918553682168552, 1.0519012231472415, 1.0604058710082023, 1.1010962834034748, 1.1484706050156464, 1.2414843039249468, 1.286522046207647, 1.3072562312959182, 1.4024657757114494, 1.4690763553789117, 1.4352382086312834, 1.3078676789813133, 1.2336627867197074, 1.2117583717879756, 1.0914323600059634]",HEUR_VOR,1213.567236328125,0.7567295855385203,0.7526515841484069,1603.7,1603.7,1.0,37.6,1201.0,402.7
175,40,1.0,0.1,5,5,6,5.5,5.5,0.19,0.5,42,1,[0.1],0.1,0.2442732516826255,10,7.778174593052023,0.07071067811865475,0.38890872965260115,0.07071067811865475,0.17272727272727273,20260927T095930443635Z_577f21e5,2,5760.0,40,True,81,"[0.8592549273600911, 0.6058380411445193, 0.4316697215292379, 0.32461244914431125, 0.29898418014229616, 0.3853292566116986, 0.6184818884427356, 0.9112753545916268, 1.124060711596949, 1.0918553682168552, 1.0519012231472415, 1.0604058710082023, 1.1010962834034748, 1.1484706050156464, 1.2414843039249468, 1.286522046207647, 1.3072562312959182, 1.4024657757114494, 1.4690763553789117, 1.4352382086312834, 1.3078676789813133, 1.2336627867197074, 1.2117583717879756, 1.0914323600059634]",FOUR_ZONE,160.1371612548828,0.39201263465087594,0.3899312436580658,408.5,408.5,1.0,1.2,34.8,373.7
175,40,1.0,0.1,5,5,6,5.5,5.5,0.19,0.5,42,1,[0.1],0.1,0.2442732516826255,10,7.778174593052023,0.07071067811865475,0.38890872965260115,0.07071067811865475,0.17272727272727273,20260927T095930443635Z_577f21e5,2,5760.0,40,True,81,"[0.8592549273600911, 0.6058380411445193, 0.4316697215292379, 0.32461244914431125, 0.29898418014229616, 0.3853292566116986, 0.6184818884427356, 0.9112753545916268, 1.124060711596949, 1.0918553682168552, 1.0519012231472415, 1.0604058710082023, 1.1010962834034748, 1.1484706050156464, 1.2414843039249468, 1.286522046207647, 1.3072562312959182, 1.4024657757114494, 1.4690763553789117, 1.4352382086312834, 1.3078676789813133, 1.2336627867197074, 1.2117583717879756, 1.0914323600059634]",PURE,126.4,0.30268199233716475,0.3020488391073032,417.6,417.6,1.0,0.0,0.0,417.6
175,40,1.0,0.1,5,5,6,5.5,5.5,0.19,0.5,42,1,[0.1],0.1,0.2442732516826255,10,7.778174593052023,0.07071067811865475,0.38890872965260115,0.07071067811865475,0.17272727272727273,20260927T095930443635Z_577f21e5,2,5760.0,40,True,81,"[0.8592549273600911, 0.6058380411445193, 0.4316697215292379, 0.32461244914431125, 0.29898418014229616, 0.3853292566116986, 0.6184818884427356, 0.9112753545916268, 1.124060711596949, 1.0918553682168552, 1.0519012231472415, 1.0604058710082023, 1.1010962834034748, 1.1484706050156464, 1.2414843039249468, 1.286522046207647, 1.3072562312959182, 1.4024657757114494, 1.4690763553789117, 1.4352382086312834, 1.3078676789813133, 1.2336627867197074, 1.2117583717879756, 1.0914323600059634]",PURE_OR,126.4,0.36574074074074076,0.36483605402721103,345.6,345.6,1.0,0.0,0.0,345.6
176,40,1.0,0.2,5,5,6,5.5,5.5,0.19,0.5,42,1,[0.2],0.2,0.2442732516826255,10,7.778174593052023,0.1414213562373095,0.7778174593052023,0.1414213562373095,0.17272727272727273,20260927T095930443635Z_577f21e5,2,5760.0,40,True,81,"[0.8592549273600911, 0.6058380411445193, 0.4316697215292379, 0.32461244914431125, 0.29898418014229616, 0.3853292566116986, 0.6184818884427356, 0.9112753545916268, 1.124060711596949, 1.0918553682168552, 1.0519012231472415, 1.0604058710082023, 1.1010962834034748, 1.1484706050156464, 1.2414843039249468, 1.286522046207647, 1.3072562312959182, 1.4024657757114494, 1.4690763553789117, 1.4352382086312834, 1.3078676789813133, 1.2336627867197074, 1.2117583717879756, 1.0914323600059634]",DRL,5130.80390625,0.8907645670572917,0.890764582157135,5760.0,,0.0,160.4,5669.4,90.6
176,40,1.0,0.2,5,5,6,5.5,5.5,0.19,0.5,42,1,[0.2],0.2,0.2442732516826255,10,7.778174593052023,0.1414213562373095,0.7778174593052023,0.1414213562373095,0.17272727272727273,20260927T095930443635Z_577f21e5,2,5760.0,40,True,81,"[0.8592549273600911, 0.6058380411445193, 0.4316697215292379, 0.32461244914431125, 0.29898418014229616, 0.3853292566116986, 0.6184818884427356, 0.9112753545916268, 1.124060711596949, 1.0918553682168552, 1.0519012231472415, 1.0604058710082023, 1.1010962834034748, 1.1484706050156464, 1.2414843039249468, 1.286522046207647, 1.3072562312959182, 1.4024657757114494, 1.4690763553789117, 1.4352382086312834, 1.3078676789813133, 1.2336627867197074, 1.2117583717879756, 1.0914323600059634]",HEUR,4701.34736328125,0.8162061394585504,0.8162061452865601,5760.0,,0.0,163.8,4916.4,843.6
176,40,1.0,0.2,5,5,6,5.5,5.5,0.19,0.5,42,1,[0.2],0.2,0.2442732516826255,10,7.778174593052023,0.1414213562373095,0.7778174593052023,0.1414213562373095,0.17272727272727273,20260927T095930443635Z_577f21e5,2,5760.0,40,True,81,"[0.8592549273600911, 0.6058380411445193, 0.4316697215292379, 0.32461244914431125, 0.29898418014229616, 0.3853292566116986, 0.6184818884427356, 0.9112753545916268, 1.124060711596949, 1.0918553682168552, 1.0519012231472415, 1.0604058710082023, 1.1010962834034748, 1.1484706050156464, 1.2414843039249468, 1.286522046207647, 1.3072562312959182, 1.4024657757114494, 1.4690763553789117, 1.4352382086312834, 1.3078676789813133, 1.2336627867197074, 1.2117583717879756, 1.0914323600059634]",HEUR_VOR,3183.89052734375,0.8100678117605714,0.8076569437980652,3930.4,3930.4,1.0,110.4,3342.2,588.2
176,40,1.0,0.2,5,5,6,5.5,5.5,0.19,0.5,42,1,[0.2],0.2,0.2442732516826255,10,7.778174593052023,0.1414213562373095,0.7778174593052023,0.1414213562373095,0.17272727272727273,20260927T095930443635Z_577f21e5,2,5760.0,40,True,81,"[0.8592549273600911, 0.6058380411445193, 0.4316697215292379, 0.32461244914431125, 0.29898418014229616, 0.3853292566116986, 0.6184818884427356, 0.9112753545916268, 1.124060711596949, 1.0918553682168552, 1.0519012231472415, 1.0604058710082023, 1.1010962834034748, 1.1484706050156464, 1.2414843039249468, 1.286522046207647, 1.3072562312959182, 1.4024657757114494, 1.4690763553789117, 1.4352382086312834, 1.3078676789813133, 1.2336627867197074, 1.2117583717879756, 1.0914323600059634]",FOUR_ZONE,193.79344787597657,0.44255183346877497,0.4388236701488495,437.9,437.9,1.0,2.0,70.3,367.6
176,40,1.0,0.2,5,5,6,5.5,5.5,0.19,0.5,42,1,[0.2],0.2,0.2442732516826255,10,7.778174593052023,0.1414213562373095,0.7778174593052023,0.1414213562373095,0.17272727272727273,20260927T095930443635Z_577f21e5,2,5760.0,40,True,81,"[0.8592549273600911, 0.6058380411445193, 0.4316697215292379, 0.32461244914431125, 0.29898418014229616, 0.3853292566116986, 0.6184818884427356, 0.9112753545916268, 1.124060711596949, 1.0918553682168552, 1.0519012231472415, 1.0604058710082023, 1.1010962834034748, 1.1484706050156464, 1.2414843039249468, 1.286522046207647, 1.3072562312959182, 1.4024657757114494, 1.4690763553789117, 1.4352382086312834, 1.3078676789813133, 1.2336627867197074, 1.2117583717879756, 1.0914323600059634]",PURE,126.4,0.30268199233716475,0.3020488391073032,417.6,417.6,1.0,0.0,0.0,417.6
176,40,1.0,0.2,5,5,6,5.5,5.5,0.19,0.5,42,1,[0.2],0.2,0.2442732516826255,10,7.778174593052023,0.1414213562373095,0.7778174593052023,0.1414213562373095,0.17272727272727273,20260927T095930443635Z_577f21e5,2,5760.0,40,True,81,"[0.8592549273600911, 0.6058380411445193, 0.4316697215292379, 0.32461244914431125, 0.29898418014229616, 0.3853292566116986, 0.6184818884427356, 0.9112753545916268, 1.124060711596949, 1.0918553682168552, 1.0519012231472415, 1.0604058710082023, 1.1010962834034748, 1.1484706050156464, 1.2414843039249468, 1.286522046207647, 1.3072562312959182, 1.4024657757114494, 1.4690763553789117, 1.4352382086312834, 1.3078676789813133, 1.2336627867197074, 1.2117583717879756, 1.0914323600059634]",PURE_OR,126.4,0.3665893271461717,0.36571390797791914,344.8,344.8,1.0,0.0,0.0,344.8
177,40,1.0,0.3,5,5,6,5.5,5.5,0.19,0.5,42,1,"[0.3, 0.4]",0.2442732516826255,0.2442732516826255,10,7.778174593052023,0.21213203435596423,1.1667261889578033,0.17272727272727273,0.17272727272727273,20260927T095930443635Z_577f21e5,2,5760.0,40,True,81,"[0.8592549273600911, 0.6058380411445193, 0.4316697215292379, 0.32461244914431125, 0.29898418014229616, 0.3853292566116986, 0.6184818884427356, 0.9112753545916268, 1.124060711596949, 1.0918553682168552, 1.0519012231472415, 1.0604058710082023, 1.1010962834034748, 1.1484706050156464, 1.2414843039249468, 1.286522046207647, 1.3072562312959182, 1.4024657757114494, 1.4690763553789117, 1.4352382086312834, 1.3078676789813133, 1.2336627867197074, 1.2117583717879756, 1.0914323600059634]",DRL,5139.83916015625,0.8923331875271268,0.892333197593689,5760.0,,0.0,154.4,5679.1,80.9
177,40,1.0,0.3,5,5,6,5.5,5.5,0.19,0.5,42,1,"[0.3, 0.4]",0.2442732516826255,0.2442732516826255,10,7.778174593052023,0.21213203435596423,1.1667261889578033,0.17272727272727273,0.17272727272727273,20260927T095930443635Z_577f21e5,2,5760.0,40,True,81,"[0.8592549273600911, 0.6058380411445193, 0.4316697215292379, 0.32461244914431125, 0.29898418014229616, 0.3853292566116986, 0.6184818884427356, 0.9112753545916268, 1.124060711596949, 1.0918553682168552, 1.0519012231472415, 1.0604058710082023, 1.1010962834034748, 1.1484706050156464, 1.2414843039249468, 1.286522046207647, 1.3072562312959182, 1.4024657757114494, 1.4690763553789117, 1.4352382086312834, 1.3078676789813133, 1.2336627867197074, 1.2117583717879756, 1.0914323600059634]",HEUR,4670.44541015625,0.8108412170410156,0.8108412146568298,5760.0,,0.0,163.6,4894.0,866.0
177,40,1.0,0.3,5,5,6,5.5,5.5,0.19,0.5,42,1,"[0.3, 0.4]",0.2442732516826255,0.2442732516826255,10,7.778174593052023,0.21213203435596423,1.1667261889578033,0.17272727272727273,0.17272727272727273,20260927T095930443635Z_577f21e5,2,5760.0,40,True,81,"[0.8592549273600911, 0.6058380411445193, 0.4316697215292379, 0.32461244914431125, 0.29898418014229616, 0.3853292566116986, 0.6184818884427356, 0.9112753545916268, 1.124060711596949, 1.0918553682168552, 1.0519012231472415, 1.0604058710082023, 1.1010962834034748, 1.1484706050156464, 1.2414843039249468, 1.286522046207647, 1.3072562312959182, 1.4024657757114494, 1.4690763553789117, 1.4352382086312834, 1.3078676789813133, 1.2336627867197074, 1.2117583717879756, 1.0914323600059634]",HEUR_VOR,3264.839013671875,0.8091499203628033,0.8062261700630188,4034.9,4034.9,1.0,117.0,3465.8,569.1
177,40,1.0,0.3,5,5,6,5.5,5.5,0.19,0.5,42,1,"[0.3, 0.4]",0.2442732516826255,0.2442732516826255,10,7.778174593052023,0.21213203435596423,1.1667261889578033,0.17272727272727273,0.17272727272727273,20260927T095930443635Z_577f21e5,2,5760.0,40,True,81,"[0.8592549273600911, 0.6058380411445193, 0.4316697215292379, 0.32461244914431125, 0.29898418014229616, 0.3853292566116986, 0.6184818884427356, 0.9112753545916268, 1.124060711596949, 1.0918553682168552, 1.0519012231472415, 1.0604058710082023, 1.1010962834034748, 1.1484706050156464, 1.2414843039249468, 1.286522046207647, 1.3072562312959182, 1.4024657757114494, 1.4690763553789117, 1.4352382086312834, 1.3078676789813133, 1.2336627867197074, 1.2117583717879756, 1.0914323600059634]",FOUR_ZONE,187.2242431640625,0.44052763097426473,0.4366459250450134,425.0,425.0,1.0,2.2,65.9,359.1
177,40,1.0,0.3,5,5,6,5.5,5.5,0.19,0.5,42,1,"[0.3, 0.4]",0.2442732516826255,0.2442732516826255,10,7.778174593052023,0.21213203435596423,1.1667261889578033,0.17272727272727273,0.17272727272727273,20260927T095930443635Z_577f21e5,2,5760.0,40,True,81,"[0.8592549273600911, 0.6058380411445193, 0.4316697215292379, 0.32461244914431125, 0.29898418014229616, 0.3853292566116986, 0.6184818884427356, 0.9112753545916268, 1.124060711596949, 1.0918553682168552, 1.0519012231472415, 1.0604058710082023, 1.1010962834034748, 1.1484706050156464, 1.2414843039249468, 1.286522046207647, 1.3072562312959182, 1.4024657757114494, 1.4690763553789117, 1.4352382086312834, 1.3078676789813133, 1.2336627867197074, 1.2117583717879756, 1.0914323600059634]",PURE,126.4,0.30268199233716475,0.3020488391073032,417.6,417.6,1.0,0.0,0.0,417.6
177,40,1.0,0.3,5,5,6,5.5,5.5,0.19,0.5,42,1,"[0.3, 0.4]",0.2442732516826255,0.2442732516826255,10,7.778174593052023,0.21213203435596423,1.1667261889578033,0.17272727272727273,0.17272727272727273,20260927T095930443635Z_577f21e5,2,5760.0,40,True,81,"[0.8592549273600911, 0.6058380411445193, 0.4316697215292379, 0.32461244914431125, 0.29898418014229616, 0.3853292566116986, 0.6184818884427356, 0.9112753545916268, 1.124060711596949, 1.0918553682168552, 1.0519012231472415, 1.0604058710082023, 1.1010962834034748, 1.1484706050156464, 1.2414843039249468, 1.286522046207647, 1.3072562312959182, 1.4024657757114494, 1.4690763553789117, 1.4352382086312834, 1.3078676789813133, 1.2336627867197074, 1.2117583717879756, 1.0914323600059634]",PURE_OR,126.4,0.3665893271461717,0.36571390797791914,344.8,344.8,1.0,0.0,0.0,344.8
178,40,1.0,0.1,5,5,6,6.0,5.5,0.19,0.5,42,1,[0.1],0.1,0.2442732516826255,10,7.778174593052023,0.07071067811865475,0.38890872965260115,0.07071067811865475,0.17272727272727273,20260927T095930443635Z_577f21e5,2,5760.0,40,True,81,"[0.8592549273600911, 0.6058380411445193, 0.4316697215292379, 0.32461244914431125, 0.29898418014229616, 0.3853292566116986, 0.6184818884427356, 0.9112753545916268, 1.124060711596949, 1.0918553682168552, 1.0519012231472415, 1.0604058710082023, 1.1010962834034748, 1.1484706050156464, 1.2414843039249468, 1.286522046207647, 1.3072562312959182, 1.4024657757114494, 1.4690763553789117, 1.4352382086312834, 1.3078676789813133, 1.2336627867197074, 1.2117583717879756, 1.0914323600059634]",DRL,4739.3173828125,0.8227981567382813,0.8227981686592102,5760.0,,0.0,144.0,5303.9,456.1
178,40,1.0,0.1,5,5,6,6.0,5.5,0.19,0.5,42,1,[0.1],0.1,0.2442732516826255,10,7.778174593052023,0.07071067811865475,0.38890872965260115,0.07071067811865475,0.17272727272727273,20260927T095930443635Z_577f21e5,2,5760.0,40,True,81,"[0.8592549273600911, 0.6058380411445193, 0.4316697215292379, 0.32461244914431125, 0.29898418014229616, 0.3853292566116986, 0.6184818884427356, 0.9112753545916268, 1.124060711596949, 1.0918553682168552, 1.0519012231472415, 1.0604058710082023, 1.1010962834034748, 1.1484706050156464, 1.2414843039249468, 1.286522046207647, 1.3072562312959182, 1.4024657757114494, 1.4690763553789117, 1.4352382086312834, 1.3078676789813133, 1.2336627867197074, 1.2117583717879756, 1.0914323600059634]",HEUR,2358.1842041015625,0.791151140370236,0.7897645711898804,2980.7,2980.7,1.0,71.0,2250.5,730.2
178,40,1.0,0.1,5,5,6,6.0,5.5,0.19,0.5,42,1,[0.1],0.1,0.2442732516826255,10,7.778174593052023,0.07071067811865475,0.38890872965260115,0.07071067811865475,0.17272727272727273,20260927T095930443635Z_577f21e5,2,5760.0,40,True,81,"[0.8592549273600911, 0.6058380411445193, 0.4316697215292379, 0.32461244914431125, 0.29898418014229616, 0.3853292566116986, 0.6184818884427356, 0.9112753545916268, 1.124060711596949, 1.0918553682168552, 1.0519012231472415, 1.0604058710082023, 1.1010962834034748, 1.1484706050156464, 1.2414843039249468, 1.286522046207647, 1.3072562312959182, 1.4024657757114494, 1.4690763553789117, 1.4352382086312834, 1.3078676789813133, 1.2336627867197074, 1.2117583717879756, 1.0914323600059634]",HEUR_VOR,1312.3837280273438,0.8183474016507725,0.8138336896896362,1603.7,1603.7,1.0,37.6,1201.0,402.7
178,40,1.0,0.1,5,5,6,6.0,5.5,0.19,0.5,42,1,[0.1],0.1,0.2442732516826255,10,7.778174593052023,0.07071067811865475,0.38890872965260115,0.07071067811865475,0.17272727272727273,20260927T095930443635Z_577f21e5,2,5760.0,40,True,81,"[0.8592549273600911, 0.6058380411445193, 0.4316697215292379, 0.32461244914431125, 0.29898418014229616, 0.3853292566116986, 0.6184818884427356, 0.9112753545916268, 1.124060711596949, 1.0918553682168552, 1.0519012231472415, 1.0604058710082023, 1.1010962834034748, 1.1484706050156464, 1.2414843039249468, 1.286522046207647, 1.3072562312959182, 1.4024657757114494, 1.4690763553789117, 1.4352382086312834, 1.3078676789813133, 1.2336627867197074, 1.2117583717879756, 1.0914323600059634]",FOUR_ZONE,163.20416870117188,0.3995206088155982,0.3972572922706604,408.5,408.5,1.0,1.2,34.8,373.7
178,40,1.0,0.1,5,5,6,6.0,5.5,0.19,0.5,42,1,[0.1],0.1,0.2442732516826255,10,7.778174593052023,0.07071067811865475,0.38890872965260115,0.07071067811865475,0.17272727272727273,20260927T095930443635Z_577f21e5,2,5760.0,40,True,81,"[0.8592549273600911, 0.6058380411445193, 0.4316697215292379, 0.32461244914431125, 0.29898418014229616, 0.3853292566116986, 0.6184818884427356, 0.9112753545916268, 1.124060711596949, 1.0918553682168552, 1.0519012231472415, 1.0604058710082023, 1.1010962834034748, 1.1484706050156464, 1.2414843039249468, 1.286522046207647, 1.3072562312959182, 1.4024657757114494, 1.4690763553789117, 1.4352382086312834, 1.3078676789813133, 1.2336627867197074, 1.2117583717879756, 1.0914323600059634]",PURE,126.4,0.30268199233716475,0.3020488391073032,417.6,417.6,1.0,0.0,0.0,417.6
178,40,1.0,0.1,5,5,6,6.0,5.5,0.19,0.5,42,1,[0.1],0.1,0.2442732516826255,10,7.778174593052023,0.07071067811865475,0.38890872965260115,0.07071067811865475,0.17272727272727273,20260927T095930443635Z_577f21e5,2,5760.0,40,True,81,"[0.8592549273600911, 0.6058380411445193, 0.4316697215292379, 0.32461244914431125, 0.29898418014229616, 0.3853292566116986, 0.6184818884427356, 0.9112753545916268, 1.124060711596949, 1.0918553682168552, 1.0519012231472415, 1.0604058710082023, 1.1010962834034748, 1.1484706050156464, 1.2414843039249468, 1.286522046207647, 1.3072562312959182, 1.4024657757114494, 1.4690763553789117, 1.4352382086312834, 1.3078676789813133, 1.2336627867197074, 1.2117583717879756, 1.0914323600059634]",PURE_OR,126.4,0.3665893271461717,0.36571390797791914,344.8,344.8,1.0,0.0,0.0,344.8
179,40,1.0,0.2,5,5,6,6.0,5.5,0.19,0.5,42,1,[0.2],0.2,0.2442732516826255,10,7.778174593052023,0.1414213562373095,0.7778174593052023,0.1414213562373095,0.17272727272727273,20260927T095930443635Z_577f21e5,2,5760.0,40,True,81,"[0.8592549273600911, 0.6058380411445193, 0.4316697215292379, 0.32461244914431125, 0.29898418014229616, 0.3853292566116986, 0.6184818884427356, 0.9112753545916268, 1.124060711596949, 1.0918553682168552, 1.0519012231472415, 1.0604058710082023, 1.1010962834034748, 1.1484706050156464, 1.2414843039249468, 1.286522046207647, 1.3072562312959182, 1.4024657757114494, 1.4690763553789117, 1.4352382086312834, 1.3078676789813133, 1.2336627867197074, 1.2117583717879756, 1.0914323600059634]",DRL,5514.9291015625,0.9574529690212673,0.9574529767036438,5760.0,,0.0,147.6,5583.6,176.4
179,40,1.0,0.2,5,5,6,6.0,5.5,0.19,0.5,42,1,[0.2],0.2,0.2442732516826255,10,7.778174593052023,0.1414213562373095,0.7778174593052023,0.1414213562373095,0.17272727272727273,20260927T095930443635Z_577f21e5,2,5760.0,40,True,81,"[0.8592549273600911, 0.6058380411445193, 0.4316697215292379, 0.32461244914431125, 0.29898418014229616, 0.3853292566116986, 0.6184818884427356, 0.9112753545916268, 1.124060711596949, 1.0918553682168552, 1.0519012231472415, 1.0604058710082023, 1.1010962834034748, 1.1484706050156464, 1.2414843039249468, 1.286522046207647, 1.3072562312959182, 1.4024657757114494, 1.4690763553789117, 1.4352382086312834, 1.3078676789813133, 1.2336627867197074, 1.2117583717879756, 1.0914323600059634]",HEUR,5122.1701171875,0.889265645345052,0.8892656564712524,5760.0,,0.0,163.8,4916.4,843.6
179,40,1.0,0.2,5,5,6,6.0,5.5,0.19,0.5,42,1,[0.2],0.2,0.2442732516826255,10,7.778174593052023,0.1414213562373095,0.7778174593052023,0.1414213562373095,0.17272727272727273,20260927T095930443635Z_577f21e5,2,5760.0,40,True,81,"[0.8592549273600911, 0.6058380411445193, 0.4316697215292379, 0.32461244914431125, 0.29898418014229616, 0.3853292566116986, 0.6184818884427356, 0.9112753545916268, 1.124060711596949, 1.0918553682168552, 1.0519012231472415, 1.0604058710082023, 1.1010962834034748, 1.1484706050156464, 1.2414843039249468, 1.286522046207647, 1.3072562312959182, 1.4024657757114494, 1.4690763553789117, 1.4352382086312834, 1.3078676789813133, 1.2336627867197074, 1.2117583717879756, 1.0914323600059634]",HEUR_VOR,3461.99580078125,0.8808253105997481,0.8780209422111511,3930.4,3930.4,1.0,110.4,3342.2,588.2
179,40,1.0,0.2,5,5,6,6.0,5.5,0.19,0.5,42,1,[0.2],0.2,0.2442732516826255,10,7.778174593052023,0.1414213562373095,0.7778174593052023,0.1414213562373095,0.17272727272727273,20260927T095930443635Z_577f21e5,2,5760.0,40,True,81,"[0.8592549273600911, 0.6058380411445193, 0.4316697215292379, 0.32461244914431125, 0.29898418014229616, 0.3853292566116986, 0.6184818884427356, 0.9112753545916268, 1.124060711596949, 1.0918553682168552, 1.0519012231472415, 1.0604058710082023, 1.1010962834034748, 1.1484706050156464, 1.2414843039249468, 1.286522046207647, 1.3072562312959182, 1.4024657757114494, 1.4690763553789117, 1.4352382086312834, 1.3078676789813133, 1.2336627867197074, 1.2117583717879756, 1.0914323600059634]",FOUR_ZONE,199.92017211914063,0.4565429826881494,0.45248685479164125,437.9,437.9,1.0,2.0,70.3,367.6
179,40,1.0,0.2,5,5,6,6.0,5.5,0.19,0.5,42,1,[0.2],0.2,0.2442732516826255,10,7.778174593052023,0.1414213562373095,0.7778174593052023,0.1414213562373095,0.17272727272727273,20260927T095930443635Z_577f21e5,2,5760.0,40,True,81,"[0.8592549273600911, 0.6058380411445193, 0.4316697215292379, 0.32461244914431125, 0.29898418014229616, 0.3853292566116986, 0.6184818884427356, 0.9112753545916268, 1.124060711596949, 1.0918553682168552, 1.0519012231472415, 1.0604058710082023, 1.1010962834034748, 1.1484706050156464, 1.2414843039249468, 1.286522046207647, 1.3072562312959182, 1.4024657757114494, 1.4690763553789117, 1.4352382086312834, 1.3078676789813133, 1.2336627867197074, 1.2117583717879756, 1.0914323600059634]",PURE,126.4,0.30268199233716475,0.3020488391073032,417.6,417.6,1.0,0.0,0.0,417.6
179,40,1.0,0.2,5,5,6,6.0,5.5,0.19,0.5,42,1,[0.2],0.2,0.2442732516826255,10,7.778174593052023,0.1414213562373095,0.7778174593052023,0.1414213562373095,0.17272727272727273,20260927T095930443635Z_577f21e5,2,5760.0,40,True,81,"[0.8592549273600911, 0.6058380411445193, 0.4316697215292379, 0.32461244914431125, 0.29898418014229616, 0.3853292566116986, 0.6184818884427356, 0.9112753545916268, 1.124060711596949, 1.0918553682168552, 1.0519012231472415, 1.0604058710082023, 1.1010962834034748, 1.1484706050156464, 1.2414843039249468, 1.286522046207647, 1.3072562312959182, 1.4024657757114494, 1.4690763553789117, 1.4352382086312834, 1.3078676789813133, 1.2336627867197074, 1.2117583717879756, 1.0914323600059634]",PURE_OR,126.4,0.3665893271461717,0.36571390797791914,344.8,344.8,1.0,0.0,0.0,344.8
180,40,1.0,0.3,5,5,6,6.0,5.5,0.19,0.5,42,1,"[0.3, 0.4]",0.2442732516826255,0.2442732516826255,10,7.778174593052023,0.21213203435596423,1.1667261889578033,0.17272727272727273,0.17272727272727273,20260927T095930443635Z_577f21e5,2,5760.0,40,True,81,"[0.8592549273600911, 0.6058380411445193, 0.4316697215292379, 0.32461244914431125, 0.29898418014229616, 0.3853292566116986, 0.6184818884427356, 0.9112753545916268, 1.124060711596949, 1.0918553682168552, 1.0519012231472415, 1.0604058710082023, 1.1010962834034748, 1.1484706050156464, 1.2414843039249468, 1.286522046207647, 1.3072562312959182, 1.4024657757114494, 1.4690763553789117, 1.4352382086312834, 1.3078676789813133, 1.2336627867197074, 1.2117583717879756, 1.0914323600059634]",DRL,5621.4740234375,0.9759503512912326,0.9759503602981567,5760.0,,0.0,166.4,5691.4,68.6
180,40,1.0,0.3,5,5,6,6.0,5.5,0.19,0.5,42,1,"[0.3, 0.4]",0.2442732516826255,0.2442732516826255,10,7.778174593052023,0.21213203435596423,1.1667261889578033,0.17272727272727273,0.17272727272727273,20260927T095930443635Z_577f21e5,2,5760.0,40,True,81,"[0.8592549273600911, 0.6058380411445193, 0.4316697215292379, 0.32461244914431125, 0.29898418014229616, 0.3853292566116986, 0.6184818884427356, 0.9112753545916268, 1.124060711596949, 1.0918553682168552, 1.0519012231472415, 1.0604058710082023, 1.1010962834034748, 1.1484706050156464, 1.2414843039249468, 1.286522046207647, 1.3072562312959182, 1.4024657757114494, 1.4690763553789117, 1.4352382086312834, 1.3078676789813133, 1.2336627867197074, 1.2117583717879756, 1.0914323600059634]",HEUR,5089.3068359375,0.8835602145724827,0.8835601925849914,5760.0,,0.0,163.6,4894.0,866.0
180,40,1.0,0.3,5,5,6,6.0,5.5,0.19,0.5,42,1,"[0.3, 0.4]",0.2442732516826255,0.2442732516826255,10,7.778174593052023,0.21213203435596423,1.1667261889578033,0.17272727272727273,0.17272727272727273,20260927T095930443635Z_577f21e5,2,5760.0,40,True,81,"[0.8592549273600911, 0.6058380411445193, 0.4316697215292379, 0.32461244914431125, 0.29898418014229616, 0.3853292566116986, 0.6184818884427356, 0.9112753545916268, 1.124060711596949, 1.0918553682168552, 1.0519012231472415, 1.0604058710082023, 1.1010962834034748, 1.1484706050156464, 1.2414843039249468, 1.286522046207647, 1.3072562312959182, 1.4024657757114494, 1.4690763553789117, 1.4352382086312834, 1.3078676789813133, 1.2336627867197074, 1.2117583717879756, 1.0914323600059634]",HEUR_VOR,3550.374560546875,0.8799163698101254,0.8766739130020141,4034.9,4034.9,1.0,117.0,3465.8,569.1
180,40,1.0,0.3,5,5,6,6.0,5.5,0.19,0.5,42,1,"[0.3, 0.4]",0.2442732516826255,0.2442732516826255,10,7.778174593052023,0.21213203435596423,1.1667261889578033,0.17272727272727273,0.17272727272727273,20260927T095930443635Z_577f21e5,2,5760.0,40,True,81,"[0.8592549273600911, 0.6058380411445193, 0.4316697215292379, 0.32461244914431125, 0.29898418014229616, 0.3853292566116986, 0.6184818884427356, 0.9112753545916268, 1.124060711596949, 1.0918553682168552, 1.0519012231472415, 1.0604058710082023, 1.1010962834034748, 1.1484706050156464, 1.2414843039249468, 1.286522046207647, 1.3072562312959182, 1.4024657757114494, 1.4690763553789117, 1.4352382086312834, 1.3078676789813133, 1.2336627867197074, 1.2117583717879756, 1.0914323600059634]",FOUR_ZONE,192.75375061035157,0.45353823673023896,0.44926574230194094,425.0,425.0,1.0,2.2,65.9,359.1
180,40,1.0,0.3,5,5,6,6.0,5.5,0.19,0.5,42,1,"[0.3, 0.4]",0.2442732516826255,0.2442732516826255,10,7.778174593052023,0.21213203435596423,1.1667261889578033,0.17272727272727273,0.17272727272727273,20260927T095930443635Z_577f21e5,2,5760.0,40,True,81,"[0.8592549273600911, 0.6058380411445193, 0.4316697215292379, 0.32461244914431125, 0.29898418014229616, 0.3853292566116986, 0.6184818884427356, 0.9112753545916268, 1.124060711596949, 1.0918553682168552, 1.0519012231472415, 1.0604058710082023, 1.1010962834034748, 1.1484706050156464, 1.2414843039249468, 1.286522046207647, 1.3072562312959182, 1.4024657757114494, 1.4690763553789117, 1.4352382086312834, 1.3078676789813133, 1.2336627867197074, 1.2117583717879756, 1.0914323600059634]",PURE,126.4,0.30268199233716475,0.3020488391073032,417.6,417.6,1.0,0.0,0.0,417.6
180,40,1.0,0.3,5,5,6,6.0,5.5,0.19,0.5,42,1,"[0.3, 0.4]",0.2442732516826255,0.2442732516826255,10,7.778174593052023,0.21213203435596423,1.1667261889578033,0.17272727272727273,0.17272727272727273,20260927T095930443635Z_577f21e5,2,5760.0,40,True,81,"[0.8592549273600911, 0.6058380411445193, 0.4316697215292379, 0.32461244914431125, 0.29898418014229616, 0.3853292566116986, 0.6184818884427356, 0.9112753545916268, 1.124060711596949, 1.0918553682168552, 1.0519012231472415, 1.0604058710082023, 1.1010962834034748, 1.1484706050156464, 1.2414843039249468, 1.286522046207647, 1.3072562312959182, 1.4024657757114494, 1.4690763553789117, 1.4352382086312834, 1.3078676789813133, 1.2336627867197074, 1.2117583717879756, 1.0914323600059634]",PURE_OR,126.4,0.3665893271461717,0.36571390797791914,344.8,344.8,1.0,0.0,0.0,344.8
