run_id,algo,LAMBDA,GAMMA_PACK,RIDE_TTL_MIN,MAX_VISIBLE_RIDES,SWITCH_GRACE_STEPS,RT,R,V,DT,RIDE_TTL_STEPS,RP,HORIZON_MIN,DEMAND_PROFILE,TRAIN_UPDATES,REPORT_UNSCALED,OBS_DIM,ALPHA_EFFECTIVE,rate_mean,rate_std,n_runs,ALPHA_EFFECTIVE_PAPER,R_PAPER
20260921T213417946637Z_9d5e65dd,DRL,2,0.33,5,5,6,5.5,5.5,0.19,0.5,10,2,5760.0,stationary,50,True,79,0.1,0.3161733052875079,,1,0.07071067811865475,7.778174593052023
20260921T213417946637Z_9d5e65dd,DRL,2,0.33,5,5,6,5.5,5.5,0.19,0.5,10,2,5760.0,stationary,50,True,79,0.15,0.4564477770632199,,1,0.10606601717798211,7.778174593052023
20260921T213417946637Z_9d5e65dd,DRL,2,0.33,5,5,6,5.5,5.5,0.19,0.5,10,2,5760.0,stationary,50,True,79,0.2,0.5039107162660013,,1,0.1414213562373095,7.778174593052023
20260921T213417946637Z_9d5e65dd,DRL,2,0.33,5,5,6,5.5,5.5,0.19,0.5,10,2,5760.0,stationary,50,True,79,0.2442732516826255,0.5428983218876852,,1,0.17272727272727273,7.778174593052023
20260921T213417946637Z_9d5e65dd,DRL,2,0.33,5,5,6,6.0,5.5,0.19,0.5,10,2,5760.0,stationary,50,True,79,0.1,0.3334432690910066,,1,0.07071067811865475,7.778174593052023
20260921T213417946637Z_9d5e65dd,DRL,2,0.33,5,5,6,6.0,5.5,0.19,0.5,10,2,5760.0,stationary,50,True,79,0.15,0.4916864386323953,,1,0.10606601717798211,7.778174593052023
20260921T213417946637Z_9d5e65dd,DRL,2,0.33,5,5,6,6.0,5.5,0.19,0.5,10,2,5760.0,stationary,50,True,79,0.2,0.5511901018074543,,1,0.1414213562373095,7.778174593052023
20260921T213417946637Z_9d5e65dd,DRL,2,0.33,5,5,6,6.0,5.5,0.19,0.5,10,2,5760.0,stationary,50,True,79,0.2442732516826255,0.582280121947364,,1,0.17272727272727273,7.778174593052023
20260921T213417946637Z_9d5e65dd,DRL,2,0.5,5,5,6,5.5,5.5,0.19,0.5,10,2,5760.0,stationary,50,True,79,0.1,0.44166082246673966,,1,0.07071067811865475,7.778174593052023
20260921T213417946637Z_9d5e65dd,DRL,2,0.5,5,5,6,5.5,5.5,0.19,0.5,10,2,5760.0,stationary,50,True,79,0.15,0.48006861732405,,1,0.10606601717798211,7.778174593052023
20260921T213417946637Z_9d5e65dd,DRL,2,0.5,5,5,6,5.5,5.5,0.19,0.5,10,2,5760.0,stationary,50,True,79,0.2,0.5653952065146793,,1,0.1414213562373095,7.778174593052023
20260921T213417946637Z_9d5e65dd,DRL,2,0.5,5,5,6,5.5,5.5,0.19,0.5,10,2,5760.0,stationary,50,True,79,0.2442732516826255,0.5812292295286234,,1,0.17272727272727273,7.778174593052023
20260921T213417946637Z_9d5e65dd,DRL,2,0.5,5,5,6,6.0,5.5,0.19,0.5,10,2,5760.0,stationary,50,True,79,0.1,0.4700610123691383,,1,0.07071067811865475,7.778174593052023
20260921T213417946637Z_9d5e65dd,DRL,2,0.5,5,5,6,6.0,5.5,0.19,0.5,10,2,5760.0,stationary,50,True,79,0.15,0.5145166101927656,,1,0.10606601717798211,7.778174593052023
20260921T213417946637Z_9d5e65dd,DRL,2,0.5,5,5,6,6.0,5.5,0.19,0.5,10,2,5760.0,stationary,50,True,79,0.2,0.6082814832314137,,1,0.1414213562373095,7.778174593052023
20260921T213417946637Z_9d5e65dd,DRL,2,0.5,5,5,6,6.0,5.5,0.19,0.5,10,2,5760.0,stationary,50,True,79,0.2442732516826255,0.6116679463809214,,1,0.17272727272727273,7.778174593052023
20260921T213417946637Z_9d5e65dd,DRL,2,0.67,5,5,6,5.5,5.5,0.19,0.5,10,2,5760.0,stationary,50,True,79,0.1,0.39139710998252636,,1,0.07071067811865475,7.778174593052023
20260921T213417946637Z_9d5e65dd,DRL,2,0.67,5,5,6,5.5,5.5,0.19,0.5,10,2,5760.0,stationary,50,True,79,0.15,0.5123112327174136,,1,0.10606601717798211,7.778174593052023
20260921T213417946637Z_9d5e65dd,DRL,2,0.67,5,5,6,5.5,5.5,0.19,0.5,10,2,5760.0,stationary,50,True,79,0.2,0.5400074335247673,,1,0.1414213562373095,7.778174593052023
20260921T213417946637Z_9d5e65dd,DRL,2,0.67,5,5,6,5.5,5.5,0.19,0.5,10,2,5760.0,stationary,50,True,79,0.2442732516826255,0.5826977273514082,,1,0.17272727272727273,7.778174593052023
20260921T213417946637Z_9d5e65dd,DRL,2,0.67,5,5,6,6.0,5.5,0.19,0.5,10,2,5760.0,stationary,50,True,79,0.1,0.41257078880249315,,1,0.07071067811865475,7.778174593052023
20260921T213417946637Z_9d5e65dd,DRL,2,0.67,5,5,6,6.0,5.5,0.19,0.5,10,2,5760.0,stationary,50,True,79,0.15,0.5494080333449455,,1,0.10606601717798211,7.778174593052023
20260921T213417946637Z_9d5e65dd,DRL,2,0.67,5,5,6,6.0,5.5,0.19,0.5,10,2,5760.0,stationary,50,True,79,0.2,0.5891976213028051,,1,0.1414213562373095,7.778174593052023
20260921T213417946637Z_9d5e65dd,DRL,2,0.67,5,5,6,6.0,5.5,0.19,0.5,10,2,5760.0,stationary,50,True,79,0.2442732516826255,0.6446209062480444,,1,0.17272727272727273,7.778174593052023
20260921T213417946637Z_9d5e65dd,DRL,2,0.83,5,5,6,5.5,5.5,0.19,0.5,10,2,5760.0,stationary,50,True,79,0.1,0.4903107211503582,,1,0.07071067811865475,7.778174593052023
20260921T213417946637Z_9d5e65dd,DRL,2,0.83,5,5,6,5.5,5.5,0.19,0.5,10,2,5760.0,stationary,50,True,79,0.15,0.5229343784877232,,1,0.10606601717798211,7.778174593052023
20260921T213417946637Z_9d5e65dd,DRL,2,0.83,5,5,6,5.5,5.5,0.19,0.5,10,2,5760.0,stationary,50,True,79,0.2,0.5887879091597216,,1,0.1414213562373095,7.778174593052023
20260921T213417946637Z_9d5e65dd,DRL,2,0.83,5,5,6,5.5,5.5,0.19,0.5,10,2,5760.0,stationary,50,True,79,0.2442732516826255,0.6029337801518346,,1,0.17272727272727273,7.778174593052023
20260921T213417946637Z_9d5e65dd,DRL,2,0.83,5,5,6,6.0,5.5,0.19,0.5,10,2,5760.0,stationary,50,True,79,0.1,0.5193063506632606,,1,0.07071067811865475,7.778174593052023
20260921T213417946637Z_9d5e65dd,DRL,2,0.83,5,5,6,6.0,5.5,0.19,0.5,10,2,5760.0,stationary,50,True,79,0.15,0.559547509765625,,1,0.10606601717798211,7.778174593052023
20260921T213417946637Z_9d5e65dd,DRL,2,0.83,5,5,6,6.0,5.5,0.19,0.5,10,2,5760.0,stationary,50,True,79,0.2,0.6361519345182017,,1,0.1414213562373095,7.778174593052023
20260921T213417946637Z_9d5e65dd,DRL,2,0.83,5,5,6,6.0,5.5,0.19,0.5,10,2,5760.0,stationary,50,True,79,0.2442732516826255,0.6440605013311153,,1,0.17272727272727273,7.778174593052023
20260921T213417946637Z_9d5e65dd,DRL,2,1.0,5,5,6,5.5,5.5,0.19,0.5,10,2,5760.0,stationary,50,True,79,0.1,0.47405365447671305,,1,0.07071067811865475,7.778174593052023
20260921T213417946637Z_9d5e65dd,DRL,2,1.0,5,5,6,5.5,5.5,0.19,0.5,10,2,5760.0,stationary,50,True,79,0.15,0.5365806879435043,,1,0.10606601717798211,7.778174593052023
20260921T213417946637Z_9d5e65dd,DRL,2,1.0,5,5,6,5.5,5.5,0.19,0.5,10,2,5760.0,stationary,50,True,79,0.2,0.5668276600282218,,1,0.1414213562373095,7.778174593052023
20260921T213417946637Z_9d5e65dd,DRL,2,1.0,5,5,6,5.5,5.5,0.19,0.5,10,2,5760.0,stationary,50,True,79,0.2442732516826255,0.6004499593217072,,1,0.17272727272727273,7.778174593052023
20260921T213417946637Z_9d5e65dd,DRL,2,1.0,5,5,6,6.0,5.5,0.19,0.5,10,2,5760.0,stationary,50,True,79,0.1,0.49957622669274815,,1,0.07071067811865475,7.778174593052023
20260921T213417946637Z_9d5e65dd,DRL,2,1.0,5,5,6,6.0,5.5,0.19,0.5,10,2,5760.0,stationary,50,True,79,0.15,0.5980459156830945,,1,0.10606601717798211,7.778174593052023
20260921T213417946637Z_9d5e65dd,DRL,2,1.0,5,5,6,6.0,5.5,0.19,0.5,10,2,5760.0,stationary,50,True,79,0.2,0.6101676612041326,,1,0.1414213562373095,7.778174593052023
20260921T213417946637Z_9d5e65dd,DRL,2,1.0,5,5,6,6.0,5.5,0.19,0.5,10,2,5760.0,stationary,50,True,79,0.2442732516826255,0.6452187464193243,,1,0.17272727272727273,7.778174593052023
20260921T213417946637Z_9d5e65dd,DRL,5,0.33,5,5,6,5.5,5.5,0.19,0.5,10,2,5760.0,stationary,50,True,79,0.1,0.48229187387630035,,1,0.07071067811865475,7.778174593052023
20260921T213417946637Z_9d5e65dd,DRL,5,0.33,5,5,6,5.5,5.5,0.19,0.5,10,2,5760.0,stationary,50,True,79,0.15,0.5608799965739674,,1,0.10606601717798211,7.778174593052023
20260921T213417946637Z_9d5e65dd,DRL,5,0.33,5,5,6,5.5,5.5,0.19,0.5,10,2,5760.0,stationary,50,True,79,0.2,0.5809042706254421,,1,0.1414213562373095,7.778174593052023
20260921T213417946637Z_9d5e65dd,DRL,5,0.33,5,5,6,5.5,5.5,0.19,0.5,10,2,5760.0,stationary,50,True,79,0.2442732516826255,0.6052801951587381,,1,0.17272727272727273,7.778174593052023
20260921T213417946637Z_9d5e65dd,DRL,5,0.33,5,5,6,6.0,5.5,0.19,0.5,10,2,5760.0,stationary,50,True,79,0.1,0.5183575464908009,,1,0.07071067811865475,7.778174593052023
20260921T213417946637Z_9d5e65dd,DRL,5,0.33,5,5,6,6.0,5.5,0.19,0.5,10,2,5760.0,stationary,50,True,79,0.15,0.6178449505731369,,1,0.10606601717798211,7.778174593052023
20260921T213417946637Z_9d5e65dd,DRL,5,0.33,5,5,6,6.0,5.5,0.19,0.5,10,2,5760.0,stationary,50,True,79,0.2,0.6792082115695942,,1,0.1414213562373095,7.778174593052023
20260921T213417946637Z_9d5e65dd,DRL,5,0.33,5,5,6,6.0,5.5,0.19,0.5,10,2,5760.0,stationary,50,True,79,0.2442732516826255,0.6269467922793293,,1,0.17272727272727273,7.778174593052023
20260921T213417946637Z_9d5e65dd,DRL,5,0.5,5,5,6,5.5,5.5,0.19,0.5,10,2,5760.0,stationary,50,True,79,0.1,0.5124358536206645,,1,0.07071067811865475,7.778174593052023
20260921T213417946637Z_9d5e65dd,DRL,5,0.5,5,5,6,5.5,5.5,0.19,0.5,10,2,5760.0,stationary,50,True,79,0.15,0.5871817562920382,,1,0.10606601717798211,7.778174593052023
20260921T213417946637Z_9d5e65dd,DRL,5,0.5,5,5,6,5.5,5.5,0.19,0.5,10,2,5760.0,stationary,50,True,79,0.2,0.6153229149559065,,1,0.1414213562373095,7.778174593052023
20260921T213417946637Z_9d5e65dd,DRL,5,0.5,5,5,6,5.5,5.5,0.19,0.5,10,2,5760.0,stationary,50,True,79,0.2442732516826255,0.6084425552872822,,1,0.17272727272727273,7.778174593052023
20260921T213417946637Z_9d5e65dd,DRL,5,0.5,5,5,6,6.0,5.5,0.19,0.5,10,2,5760.0,stationary,50,True,79,0.1,0.552507856483914,,1,0.07071067811865475,7.778174593052023
20260921T213417946637Z_9d5e65dd,DRL,5,0.5,5,5,6,6.0,5.5,0.19,0.5,10,2,5760.0,stationary,50,True,79,0.15,0.6290504624781521,,1,0.10606601717798211,7.778174593052023
20260921T213417946637Z_9d5e65dd,DRL,5,0.5,5,5,6,6.0,5.5,0.19,0.5,10,2,5760.0,stationary,50,True,79,0.2,0.6747861032614554,,1,0.1414213562373095,7.778174593052023
20260921T213417946637Z_9d5e65dd,DRL,5,0.5,5,5,6,6.0,5.5,0.19,0.5,10,2,5760.0,stationary,50,True,79,0.2442732516826255,0.6999482426381518,,1,0.17272727272727273,7.778174593052023
20260921T213417946637Z_9d5e65dd,DRL,5,0.67,5,5,6,5.5,5.5,0.19,0.5,10,2,5760.0,stationary,50,True,79,0.1,0.5248190725550932,,1,0.07071067811865475,7.778174593052023
20260921T213417946637Z_9d5e65dd,DRL,5,0.67,5,5,6,5.5,5.5,0.19,0.5,10,2,5760.0,stationary,50,True,79,0.15,0.5953664391418323,,1,0.10606601717798211,7.778174593052023
20260921T213417946637Z_9d5e65dd,DRL,5,0.67,5,5,6,5.5,5.5,0.19,0.5,10,2,5760.0,stationary,50,True,79,0.2,0.6317424349234784,,1,0.1414213562373095,7.778174593052023
20260921T213417946637Z_9d5e65dd,DRL,5,0.67,5,5,6,5.5,5.5,0.19,0.5,10,2,5760.0,stationary,50,True,79,0.2442732516826255,0.6263734687547687,,1,0.17272727272727273,7.778174593052023
20260921T213417946637Z_9d5e65dd,DRL,5,0.67,5,5,6,6.0,5.5,0.19,0.5,10,2,5760.0,stationary,50,True,79,0.1,0.5635923147201538,,1,0.07071067811865475,7.778174593052023
20260921T213417946637Z_9d5e65dd,DRL,5,0.67,5,5,6,6.0,5.5,0.19,0.5,10,2,5760.0,stationary,50,True,79,0.15,0.6487345110228874,,1,0.10606601717798211,7.778174593052023
20260921T213417946637Z_9d5e65dd,DRL,5,0.67,5,5,6,6.0,5.5,0.19,0.5,10,2,5760.0,stationary,50,True,79,0.2,0.6426882901188643,,1,0.1414213562373095,7.778174593052023
20260921T213417946637Z_9d5e65dd,DRL,5,0.67,5,5,6,6.0,5.5,0.19,0.5,10,2,5760.0,stationary,50,True,79,0.2442732516826255,0.6748424801318735,,1,0.17272727272727273,7.778174593052023
20260921T213417946637Z_9d5e65dd,DRL,5,0.83,5,5,6,5.5,5.5,0.19,0.5,10,2,5760.0,stationary,50,True,79,0.1,0.5431256806859653,,1,0.07071067811865475,7.778174593052023
20260921T213417946637Z_9d5e65dd,DRL,5,0.83,5,5,6,5.5,5.5,0.19,0.5,10,2,5760.0,stationary,50,True,79,0.15,0.5909257925892442,,1,0.10606601717798211,7.778174593052023
20260921T213417946637Z_9d5e65dd,DRL,5,0.83,5,5,6,5.5,5.5,0.19,0.5,10,2,5760.0,stationary,50,True,79,0.2,0.6400289566726278,,1,0.1414213562373095,7.778174593052023
20260921T213417946637Z_9d5e65dd,DRL,5,0.83,5,5,6,5.5,5.5,0.19,0.5,10,2,5760.0,stationary,50,True,79,0.2442732516826255,0.6480967582919208,,1,0.17272727272727273,7.778174593052023
20260921T213417946637Z_9d5e65dd,DRL,5,0.83,5,5,6,6.0,5.5,0.19,0.5,10,2,5760.0,stationary,50,True,79,0.1,0.6140911238664333,,1,0.07071067811865475,7.778174593052023
20260921T213417946637Z_9d5e65dd,DRL,5,0.83,5,5,6,6.0,5.5,0.19,0.5,10,2,5760.0,stationary,50,True,79,0.15,0.6830544392007052,,1,0.10606601717798211,7.778174593052023
20260921T213417946637Z_9d5e65dd,DRL,5,0.83,5,5,6,6.0,5.5,0.19,0.5,10,2,5760.0,stationary,50,True,79,0.2,0.6975515231093493,,1,0.1414213562373095,7.778174593052023
20260921T213417946637Z_9d5e65dd,DRL,5,0.83,5,5,6,6.0,5.5,0.19,0.5,10,2,5760.0,stationary,50,True,79,0.2442732516826255,0.6879266872113567,,1,0.17272727272727273,7.778174593052023
20260921T213417946637Z_9d5e65dd,DRL,5,1.0,5,5,6,5.5,5.5,0.19,0.5,10,2,5760.0,stationary,50,True,79,0.1,0.5637094149632934,,1,0.07071067811865475,7.778174593052023
20260921T213417946637Z_9d5e65dd,DRL,5,1.0,5,5,6,5.5,5.5,0.19,0.5,10,2,5760.0,stationary,50,True,79,0.15,0.5888018833441635,,1,0.10606601717798211,7.778174593052023
20260921T213417946637Z_9d5e65dd,DRL,5,1.0,5,5,6,5.5,5.5,0.19,0.5,10,2,5760.0,stationary,50,True,79,0.2,0.6007890993200825,,1,0.1414213562373095,7.778174593052023
20260921T213417946637Z_9d5e65dd,DRL,5,1.0,5,5,6,5.5,5.5,0.19,0.5,10,2,5760.0,stationary,50,True,79,0.2442732516826255,0.6728503466232559,,1,0.17272727272727273,7.778174593052023
20260921T213417946637Z_9d5e65dd,DRL,5,1.0,5,5,6,6.0,5.5,0.19,0.5,10,2,5760.0,stationary,50,True,79,0.1,0.6380043035241739,,1,0.07071067811865475,7.778174593052023
20260921T213417946637Z_9d5e65dd,DRL,5,1.0,5,5,6,6.0,5.5,0.19,0.5,10,2,5760.0,stationary,50,True,79,0.15,0.6558047951083742,,1,0.10606601717798211,7.778174593052023
20260921T213417946637Z_9d5e65dd,DRL,5,1.0,5,5,6,6.0,5.5,0.19,0.5,10,2,5760.0,stationary,50,True,79,0.2,0.6365896617509627,,1,0.1414213562373095,7.778174593052023
20260921T213417946637Z_9d5e65dd,DRL,5,1.0,5,5,6,6.0,5.5,0.19,0.5,10,2,5760.0,stationary,50,True,79,0.2442732516826255,0.728963369658464,,1,0.17272727272727273,7.778174593052023
20260921T213417946637Z_9d5e65dd,DRL,10,0.33,5,5,6,5.5,5.5,0.19,0.5,10,2,5760.0,stationary,50,True,79,0.1,0.5457728437289847,,1,0.07071067811865475,7.778174593052023
20260921T213417946637Z_9d5e65dd,DRL,10,0.33,5,5,6,5.5,5.5,0.19,0.5,10,2,5760.0,stationary,50,True,79,0.15,0.5955465285274553,,1,0.10606601717798211,7.778174593052023
20260921T213417946637Z_9d5e65dd,DRL,10,0.33,5,5,6,5.5,5.5,0.19,0.5,10,2,5760.0,stationary,50,True,79,0.2,0.6871678246392144,,1,0.1414213562373095,7.778174593052023
20260921T213417946637Z_9d5e65dd,DRL,10,0.33,5,5,6,5.5,5.5,0.19,0.5,10,2,5760.0,stationary,50,True,79,0.2442732516826255,0.7081555599636502,,1,0.17272727272727273,7.778174593052023
20260921T213417946637Z_9d5e65dd,DRL,10,0.33,5,5,6,6.0,5.5,0.19,0.5,10,2,5760.0,stationary,50,True,79,0.1,0.6040166095347674,,1,0.07071067811865475,7.778174593052023
20260921T213417946637Z_9d5e65dd,DRL,10,0.33,5,5,6,6.0,5.5,0.19,0.5,10,2,5760.0,stationary,50,True,79,0.15,0.6370439747931667,,1,0.10606601717798211,7.778174593052023
20260921T213417946637Z_9d5e65dd,DRL,10,0.33,5,5,6,6.0,5.5,0.19,0.5,10,2,5760.0,stationary,50,True,79,0.2,0.689665420982841,,1,0.1414213562373095,7.778174593052023
20260921T213417946637Z_9d5e65dd,DRL,10,0.33,5,5,6,6.0,5.5,0.19,0.5,10,2,5760.0,stationary,50,True,79,0.2442732516826255,0.7697277662489149,,1,0.17272727272727273,7.778174593052023
20260921T213417946637Z_9d5e65dd,DRL,10,0.5,5,5,6,5.5,5.5,0.19,0.5,10,2,5760.0,stationary,50,True,79,0.1,0.5808474661755676,,1,0.07071067811865475,7.778174593052023
20260921T213417946637Z_9d5e65dd,DRL,10,0.5,5,5,6,5.5,5.5,0.19,0.5,10,2,5760.0,stationary,50,True,79,0.15,0.6320636867947048,,1,0.10606601717798211,7.778174593052023
20260921T213417946637Z_9d5e65dd,DRL,10,0.5,5,5,6,5.5,5.5,0.19,0.5,10,2,5760.0,stationary,50,True,79,0.2,0.6614021688951678,,1,0.1414213562373095,7.778174593052023
20260921T213417946637Z_9d5e65dd,DRL,10,0.5,5,5,6,5.5,5.5,0.19,0.5,10,2,5760.0,stationary,50,True,79,0.2442732516826255,0.7525697580973307,,1,0.17272727272727273,7.778174593052023
20260921T213417946637Z_9d5e65dd,DRL,10,0.5,5,5,6,6.0,5.5,0.19,0.5,10,2,5760.0,stationary,50,True,79,0.1,0.6299526381252251,,1,0.07071067811865475,7.778174593052023
20260921T213417946637Z_9d5e65dd,DRL,10,0.5,5,5,6,6.0,5.5,0.19,0.5,10,2,5760.0,stationary,50,True,79,0.15,0.6580207530217868,,1,0.10606601717798211,7.778174593052023
20260921T213417946637Z_9d5e65dd,DRL,10,0.5,5,5,6,6.0,5.5,0.19,0.5,10,2,5760.0,stationary,50,True,79,0.2,0.7440117390950521,,1,0.1414213562373095,7.778174593052023
20260921T213417946637Z_9d5e65dd,DRL,10,0.5,5,5,6,6.0,5.5,0.19,0.5,10,2,5760.0,stationary,50,True,79,0.2442732516826255,0.8398360019259983,,1,0.17272727272727273,7.778174593052023
20260921T213417946637Z_9d5e65dd,DRL,10,0.67,5,5,6,5.5,5.5,0.19,0.5,10,2,5760.0,stationary,50,True,79,0.1,0.5995055728561464,,1,0.07071067811865475,7.778174593052023
20260921T213417946637Z_9d5e65dd,DRL,10,0.67,5,5,6,5.5,5.5,0.19,0.5,10,2,5760.0,stationary,50,True,79,0.15,0.65568396476786,,1,0.10606601717798211,7.778174593052023
20260921T213417946637Z_9d5e65dd,DRL,10,0.67,5,5,6,5.5,5.5,0.19,0.5,10,2,5760.0,stationary,50,True,79,0.2,0.6674038865831163,,1,0.1414213562373095,7.778174593052023
20260921T213417946637Z_9d5e65dd,DRL,10,0.67,5,5,6,5.5,5.5,0.19,0.5,10,2,5760.0,stationary,50,True,79,0.2442732516826255,0.7467018805609809,,1,0.17272727272727273,7.778174593052023
20260921T213417946637Z_9d5e65dd,DRL,10,0.67,5,5,6,6.0,5.5,0.19,0.5,10,2,5760.0,stationary,50,True,79,0.1,0.6470121126347358,,1,0.07071067811865475,7.778174593052023
20260921T213417946637Z_9d5e65dd,DRL,10,0.67,5,5,6,6.0,5.5,0.19,0.5,10,2,5760.0,stationary,50,True,79,0.15,0.6967986536070206,,1,0.10606601717798211,7.778174593052023
20260921T213417946637Z_9d5e65dd,DRL,10,0.67,5,5,6,6.0,5.5,0.19,0.5,10,2,5760.0,stationary,50,True,79,0.2,0.7744898018187136,,1,0.1414213562373095,7.778174593052023
20260921T213417946637Z_9d5e65dd,DRL,10,0.67,5,5,6,6.0,5.5,0.19,0.5,10,2,5760.0,stationary,50,True,79,0.2442732516826255,0.8612888081868489,,1,0.17272727272727273,7.778174593052023
20260921T213417946637Z_9d5e65dd,DRL,10,0.83,5,5,6,5.5,5.5,0.19,0.5,10,2,5760.0,stationary,50,True,79,0.1,0.5934962719305432,,1,0.07071067811865475,7.778174593052023
20260921T213417946637Z_9d5e65dd,DRL,10,0.83,5,5,6,5.5,5.5,0.19,0.5,10,2,5760.0,stationary,50,True,79,0.15,0.643340049538652,,1,0.10606601717798211,7.778174593052023
20260921T213417946637Z_9d5e65dd,DRL,10,0.83,5,5,6,5.5,5.5,0.19,0.5,10,2,5760.0,stationary,50,True,79,0.2,0.6982623953894972,,1,0.1414213562373095,7.778174593052023
20260921T213417946637Z_9d5e65dd,DRL,10,0.83,5,5,6,5.5,5.5,0.19,0.5,10,2,5760.0,stationary,50,True,79,0.2442732516826255,0.7934197489420572,,1,0.17272727272727273,7.778174593052023
20260921T213417946637Z_9d5e65dd,DRL,10,0.83,5,5,6,6.0,5.5,0.19,0.5,10,2,5760.0,stationary,50,True,79,0.1,0.6583779033334896,,1,0.07071067811865475,7.778174593052023
20260921T213417946637Z_9d5e65dd,DRL,10,0.83,5,5,6,6.0,5.5,0.19,0.5,10,2,5760.0,stationary,50,True,79,0.15,0.6747179565140409,,1,0.10606601717798211,7.778174593052023
20260921T213417946637Z_9d5e65dd,DRL,10,0.83,5,5,6,6.0,5.5,0.19,0.5,10,2,5760.0,stationary,50,True,79,0.2,0.781806806719105,,1,0.1414213562373095,7.778174593052023
20260921T213417946637Z_9d5e65dd,DRL,10,0.83,5,5,6,6.0,5.5,0.19,0.5,10,2,5760.0,stationary,50,True,79,0.2442732516826255,0.8241239332388667,,1,0.17272727272727273,7.778174593052023
20260921T213417946637Z_9d5e65dd,DRL,10,1.0,5,5,6,5.5,5.5,0.19,0.5,10,2,5760.0,stationary,50,True,79,0.1,0.6179397146043636,,1,0.07071067811865475,7.778174593052023
20260921T213417946637Z_9d5e65dd,DRL,10,1.0,5,5,6,5.5,5.5,0.19,0.5,10,2,5760.0,stationary,50,True,79,0.15,0.6975320740892829,,1,0.10606601717798211,7.778174593052023
20260921T213417946637Z_9d5e65dd,DRL,10,1.0,5,5,6,5.5,5.5,0.19,0.5,10,2,5760.0,stationary,50,True,79,0.2,0.7643194749620226,,1,0.1414213562373095,7.778174593052023
20260921T213417946637Z_9d5e65dd,DRL,10,1.0,5,5,6,5.5,5.5,0.19,0.5,10,2,5760.0,stationary,50,True,79,0.2442732516826255,0.788049825032552,,1,0.17272727272727273,7.778174593052023
20260921T213417946637Z_9d5e65dd,DRL,10,1.0,5,5,6,6.0,5.5,0.19,0.5,10,2,5760.0,stationary,50,True,79,0.1,0.6369533515829022,,1,0.07071067811865475,7.778174593052023
20260921T213417946637Z_9d5e65dd,DRL,10,1.0,5,5,6,6.0,5.5,0.19,0.5,10,2,5760.0,stationary,50,True,79,0.15,0.7003341826547782,,1,0.10606601717798211,7.778174593052023
20260921T213417946637Z_9d5e65dd,DRL,10,1.0,5,5,6,6.0,5.5,0.19,0.5,10,2,5760.0,stationary,50,True,79,0.2,0.8141496477693247,,1,0.1414213562373095,7.778174593052023
20260921T213417946637Z_9d5e65dd,DRL,10,1.0,5,5,6,6.0,5.5,0.19,0.5,10,2,5760.0,stationary,50,True,79,0.2442732516826255,0.8579188876681858,,1,0.17272727272727273,7.778174593052023
20260921T213417946637Z_9d5e65dd,DRL,20,0.33,5,5,6,5.5,5.5,0.19,0.5,10,2,5760.0,stationary,50,True,79,0.1,0.601123606432017,,1,0.07071067811865475,7.778174593052023
20260921T213417946637Z_9d5e65dd,DRL,20,0.33,5,5,6,5.5,5.5,0.19,0.5,10,2,5760.0,stationary,50,True,79,0.15,0.7005428483751085,,1,0.10606601717798211,7.778174593052023
20260921T213417946637Z_9d5e65dd,DRL,20,0.33,5,5,6,5.5,5.5,0.19,0.5,10,2,5760.0,stationary,50,True,79,0.2,0.7745093112521702,,1,0.1414213562373095,7.778174593052023
20260921T213417946637Z_9d5e65dd,DRL,20,0.33,5,5,6,5.5,5.5,0.19,0.5,10,2,5760.0,stationary,50,True,79,0.2442732516826255,0.8230486043294271,,1,0.17272727272727273,7.778174593052023
20260921T213417946637Z_9d5e65dd,DRL,20,0.33,5,5,6,6.0,5.5,0.19,0.5,10,2,5760.0,stationary,50,True,79,0.1,0.6404896567412123,,1,0.07071067811865475,7.778174593052023
20260921T213417946637Z_9d5e65dd,DRL,20,0.33,5,5,6,6.0,5.5,0.19,0.5,10,2,5760.0,stationary,50,True,79,0.15,0.7098287518560498,,1,0.10606601717798211,7.778174593052023
20260921T213417946637Z_9d5e65dd,DRL,20,0.33,5,5,6,6.0,5.5,0.19,0.5,10,2,5760.0,stationary,50,True,79,0.2,0.8303185526529948,,1,0.1414213562373095,7.778174593052023
20260921T213417946637Z_9d5e65dd,DRL,20,0.33,5,5,6,6.0,5.5,0.19,0.5,10,2,5760.0,stationary,50,True,79,0.2442732516826255,0.8614096238878038,,1,0.17272727272727273,7.778174593052023
20260921T213417946637Z_9d5e65dd,DRL,20,0.5,5,5,6,5.5,5.5,0.19,0.5,10,2,5760.0,stationary,50,True,79,0.1,0.6065943501259604,,1,0.07071067811865475,7.778174593052023
20260921T213417946637Z_9d5e65dd,DRL,20,0.5,5,5,6,5.5,5.5,0.19,0.5,10,2,5760.0,stationary,50,True,79,0.15,0.7207760535346137,,1,0.10606601717798211,7.778174593052023
20260921T213417946637Z_9d5e65dd,DRL,20,0.5,5,5,6,5.5,5.5,0.19,0.5,10,2,5760.0,stationary,50,True,79,0.2,0.8064029947916667,,1,0.1414213562373095,7.778174593052023
20260921T213417946637Z_9d5e65dd,DRL,20,0.5,5,5,6,5.5,5.5,0.19,0.5,10,2,5760.0,stationary,50,True,79,0.2442732516826255,0.848017815483941,,1,0.17272727272727273,7.778174593052023
20260921T213417946637Z_9d5e65dd,DRL,20,0.5,5,5,6,6.0,5.5,0.19,0.5,10,2,5760.0,stationary,50,True,79,0.1,0.6550311081359673,,1,0.07071067811865475,7.778174593052023
20260921T213417946637Z_9d5e65dd,DRL,20,0.5,5,5,6,6.0,5.5,0.19,0.5,10,2,5760.0,stationary,50,True,79,0.15,0.8173589240180121,,1,0.10606601717798211,7.778174593052023
20260921T213417946637Z_9d5e65dd,DRL,20,0.5,5,5,6,6.0,5.5,0.19,0.5,10,2,5760.0,stationary,50,True,79,0.2,0.8452227105034722,,1,0.1414213562373095,7.778174593052023
20260921T213417946637Z_9d5e65dd,DRL,20,0.5,5,5,6,6.0,5.5,0.19,0.5,10,2,5760.0,stationary,50,True,79,0.2442732516826255,0.9301598782009549,,1,0.17272727272727273,7.778174593052023
20260921T213417946637Z_9d5e65dd,DRL,20,0.67,5,5,6,5.5,5.5,0.19,0.5,10,2,5760.0,stationary,50,True,79,0.1,0.6515949851104602,,1,0.07071067811865475,7.778174593052023
20260921T213417946637Z_9d5e65dd,DRL,20,0.67,5,5,6,5.5,5.5,0.19,0.5,10,2,5760.0,stationary,50,True,79,0.15,0.764420403374566,,1,0.10606601717798211,7.778174593052023
20260921T213417946637Z_9d5e65dd,DRL,20,0.67,5,5,6,5.5,5.5,0.19,0.5,10,2,5760.0,stationary,50,True,79,0.2,0.8206832885742188,,1,0.1414213562373095,7.778174593052023
20260921T213417946637Z_9d5e65dd,DRL,20,0.67,5,5,6,5.5,5.5,0.19,0.5,10,2,5760.0,stationary,50,True,79,0.2442732516826255,0.8595541212293837,,1,0.17272727272727273,7.778174593052023
20260921T213417946637Z_9d5e65dd,DRL,20,0.67,5,5,6,6.0,5.5,0.19,0.5,10,2,5760.0,stationary,50,True,79,0.1,0.6878463813085067,,1,0.07071067811865475,7.778174593052023
20260921T213417946637Z_9d5e65dd,DRL,20,0.67,5,5,6,6.0,5.5,0.19,0.5,10,2,5760.0,stationary,50,True,79,0.15,0.862358890109592,,1,0.10606601717798211,7.778174593052023
20260921T213417946637Z_9d5e65dd,DRL,20,0.67,5,5,6,6.0,5.5,0.19,0.5,10,2,5760.0,stationary,50,True,79,0.2,0.9088523525661892,,1,0.1414213562373095,7.778174593052023
20260921T213417946637Z_9d5e65dd,DRL,20,0.67,5,5,6,6.0,5.5,0.19,0.5,10,2,5760.0,stationary,50,True,79,0.2442732516826255,0.9457972717285156,,1,0.17272727272727273,7.778174593052023
20260921T213417946637Z_9d5e65dd,DRL,20,0.83,5,5,6,5.5,5.5,0.19,0.5,10,2,5760.0,stationary,50,True,79,0.1,0.6552760978265109,,1,0.07071067811865475,7.778174593052023
20260921T213417946637Z_9d5e65dd,DRL,20,0.83,5,5,6,5.5,5.5,0.19,0.5,10,2,5760.0,stationary,50,True,79,0.15,0.7955086263020833,,1,0.10606601717798211,7.778174593052023
20260921T213417946637Z_9d5e65dd,DRL,20,0.83,5,5,6,5.5,5.5,0.19,0.5,10,2,5760.0,stationary,50,True,79,0.2,0.8661628553602431,,1,0.1414213562373095,7.778174593052023
20260921T213417946637Z_9d5e65dd,DRL,20,0.83,5,5,6,5.5,5.5,0.19,0.5,10,2,5760.0,stationary,50,True,79,0.2442732516826255,0.8585214402940539,,1,0.17272727272727273,7.778174593052023
20260921T213417946637Z_9d5e65dd,DRL,20,0.83,5,5,6,6.0,5.5,0.19,0.5,10,2,5760.0,stationary,50,True,79,0.1,0.7019163189913706,,1,0.07071067811865475,7.778174593052023
20260921T213417946637Z_9d5e65dd,DRL,20,0.83,5,5,6,6.0,5.5,0.19,0.5,10,2,5760.0,stationary,50,True,79,0.15,0.8483001708984375,,1,0.10606601717798211,7.778174593052023
20260921T213417946637Z_9d5e65dd,DRL,20,0.83,5,5,6,6.0,5.5,0.19,0.5,10,2,5760.0,stationary,50,True,79,0.2,0.8973759799533421,,1,0.1414213562373095,7.778174593052023
20260921T213417946637Z_9d5e65dd,DRL,20,0.83,5,5,6,6.0,5.5,0.19,0.5,10,2,5760.0,stationary,50,True,79,0.2442732516826255,0.9366297403971354,,1,0.17272727272727273,7.778174593052023
20260921T213417946637Z_9d5e65dd,DRL,20,1.0,5,5,6,5.5,5.5,0.19,0.5,10,2,5760.0,stationary,50,True,79,0.1,0.6732910250961767,,1,0.07071067811865475,7.778174593052023
20260921T213417946637Z_9d5e65dd,DRL,20,1.0,5,5,6,5.5,5.5,0.19,0.5,10,2,5760.0,stationary,50,True,79,0.15,0.7912659878200955,,1,0.10606601717798211,7.778174593052023
20260921T213417946637Z_9d5e65dd,DRL,20,1.0,5,5,6,5.5,5.5,0.19,0.5,10,2,5760.0,stationary,50,True,79,0.2,0.857663099500868,,1,0.1414213562373095,7.778174593052023
20260921T213417946637Z_9d5e65dd,DRL,20,1.0,5,5,6,5.5,5.5,0.19,0.5,10,2,5760.0,stationary,50,True,79,0.2442732516826255,0.8691847907172309,,1,0.17272727272727273,7.778174593052023
20260921T213417946637Z_9d5e65dd,DRL,20,1.0,5,5,6,6.0,5.5,0.19,0.5,10,2,5760.0,stationary,50,True,79,0.1,0.7653270780826926,,1,0.07071067811865475,7.778174593052023
20260921T213417946637Z_9d5e65dd,DRL,20,1.0,5,5,6,6.0,5.5,0.19,0.5,10,2,5760.0,stationary,50,True,79,0.15,0.8937481011284722,,1,0.10606601717798211,7.778174593052023
20260921T213417946637Z_9d5e65dd,DRL,20,1.0,5,5,6,6.0,5.5,0.19,0.5,10,2,5760.0,stationary,50,True,79,0.2,0.9274911668565539,,1,0.1414213562373095,7.778174593052023
20260921T213417946637Z_9d5e65dd,DRL,20,1.0,5,5,6,6.0,5.5,0.19,0.5,10,2,5760.0,stationary,50,True,79,0.2442732516826255,0.9620005289713541,,1,0.17272727272727273,7.778174593052023
20260921T213417946637Z_9d5e65dd,DRL,30,0.33,5,5,6,5.5,5.5,0.19,0.5,10,2,5760.0,stationary,50,True,79,0.1,0.6374903282694031,,1,0.07071067811865475,7.778174593052023
20260921T213417946637Z_9d5e65dd,DRL,30,0.33,5,5,6,5.5,5.5,0.19,0.5,10,2,5760.0,stationary,50,True,79,0.15,0.7851180521647135,,1,0.10606601717798211,7.778174593052023
20260921T213417946637Z_9d5e65dd,DRL,30,0.33,5,5,6,5.5,5.5,0.19,0.5,10,2,5760.0,stationary,50,True,79,0.2,0.8224161105685764,,1,0.1414213562373095,7.778174593052023
20260921T213417946637Z_9d5e65dd,DRL,30,0.33,5,5,6,5.5,5.5,0.19,0.5,10,2,5760.0,stationary,50,True,79,0.2442732516826255,0.8538676961263021,,1,0.17272727272727273,7.778174593052023
20260921T213417946637Z_9d5e65dd,DRL,30,0.33,5,5,6,6.0,5.5,0.19,0.5,10,2,5760.0,stationary,50,True,79,0.1,0.700198153179541,,1,0.07071067811865475,7.778174593052023
20260921T213417946637Z_9d5e65dd,DRL,30,0.33,5,5,6,6.0,5.5,0.19,0.5,10,2,5760.0,stationary,50,True,79,0.15,0.8497884114583333,,1,0.10606601717798211,7.778174593052023
20260921T213417946637Z_9d5e65dd,DRL,30,0.33,5,5,6,6.0,5.5,0.19,0.5,10,2,5760.0,stationary,50,True,79,0.2,0.9136293877495659,,1,0.1414213562373095,7.778174593052023
20260921T213417946637Z_9d5e65dd,DRL,30,0.33,5,5,6,6.0,5.5,0.19,0.5,10,2,5760.0,stationary,50,True,79,0.2442732516826255,0.9088331604003906,,1,0.17272727272727273,7.778174593052023
20260921T213417946637Z_9d5e65dd,DRL,30,0.5,5,5,6,5.5,5.5,0.19,0.5,10,2,5760.0,stationary,50,True,79,0.1,0.6551075333102466,,1,0.07071067811865475,7.778174593052023
20260921T213417946637Z_9d5e65dd,DRL,30,0.5,5,5,6,5.5,5.5,0.19,0.5,10,2,5760.0,stationary,50,True,79,0.15,0.8131932915581597,,1,0.10606601717798211,7.778174593052023
20260921T213417946637Z_9d5e65dd,DRL,30,0.5,5,5,6,5.5,5.5,0.19,0.5,10,2,5760.0,stationary,50,True,79,0.2,0.8558946058485243,,1,0.1414213562373095,7.778174593052023
20260921T213417946637Z_9d5e65dd,DRL,30,0.5,5,5,6,5.5,5.5,0.19,0.5,10,2,5760.0,stationary,50,True,79,0.2442732516826255,0.8707965087890625,,1,0.17272727272727273,7.778174593052023
20260921T213417946637Z_9d5e65dd,DRL,30,0.5,5,5,6,6.0,5.5,0.19,0.5,10,2,5760.0,stationary,50,True,79,0.1,0.7334649881787589,,1,0.07071067811865475,7.778174593052023
20260921T213417946637Z_9d5e65dd,DRL,30,0.5,5,5,6,6.0,5.5,0.19,0.5,10,2,5760.0,stationary,50,True,79,0.15,0.8989173550075955,,1,0.10606601717798211,7.778174593052023
20260921T213417946637Z_9d5e65dd,DRL,30,0.5,5,5,6,6.0,5.5,0.19,0.5,10,2,5760.0,stationary,50,True,79,0.2,0.9194453430175781,,1,0.1414213562373095,7.778174593052023
20260921T213417946637Z_9d5e65dd,DRL,30,0.5,5,5,6,6.0,5.5,0.19,0.5,10,2,5760.0,stationary,50,True,79,0.2442732516826255,0.9536603122287326,,1,0.17272727272727273,7.778174593052023
20260921T213417946637Z_9d5e65dd,DRL,30,0.67,5,5,6,5.5,5.5,0.19,0.5,10,2,5760.0,stationary,50,True,79,0.1,0.7066550210244383,,1,0.07071067811865475,7.778174593052023
20260921T213417946637Z_9d5e65dd,DRL,30,0.67,5,5,6,5.5,5.5,0.19,0.5,10,2,5760.0,stationary,50,True,79,0.15,0.8406582980685764,,1,0.10606601717798211,7.778174593052023
20260921T213417946637Z_9d5e65dd,DRL,30,0.67,5,5,6,5.5,5.5,0.19,0.5,10,2,5760.0,stationary,50,True,79,0.2,0.8774269443088107,,1,0.1414213562373095,7.778174593052023
20260921T213417946637Z_9d5e65dd,DRL,30,0.67,5,5,6,5.5,5.5,0.19,0.5,10,2,5760.0,stationary,50,True,79,0.2442732516826255,0.88424072265625,,1,0.17272727272727273,7.778174593052023
20260921T213417946637Z_9d5e65dd,DRL,30,0.67,5,5,6,6.0,5.5,0.19,0.5,10,2,5760.0,stationary,50,True,79,0.1,0.7404971398247613,,1,0.07071067811865475,7.778174593052023
20260921T213417946637Z_9d5e65dd,DRL,30,0.67,5,5,6,6.0,5.5,0.19,0.5,10,2,5760.0,stationary,50,True,79,0.15,0.9269619750976562,,1,0.10606601717798211,7.778174593052023
20260921T213417946637Z_9d5e65dd,DRL,30,0.67,5,5,6,6.0,5.5,0.19,0.5,10,2,5760.0,stationary,50,True,79,0.2,0.9517950269911024,,1,0.1414213562373095,7.778174593052023
20260921T213417946637Z_9d5e65dd,DRL,30,0.67,5,5,6,6.0,5.5,0.19,0.5,10,2,5760.0,stationary,50,True,79,0.2442732516826255,0.9570664638943143,,1,0.17272727272727273,7.778174593052023
20260921T213417946637Z_9d5e65dd,DRL,30,0.83,5,5,6,5.5,5.5,0.19,0.5,10,2,5760.0,stationary,50,True,79,0.1,0.7300688287058447,,1,0.07071067811865475,7.778174593052023
20260921T213417946637Z_9d5e65dd,DRL,30,0.83,5,5,6,5.5,5.5,0.19,0.5,10,2,5760.0,stationary,50,True,79,0.15,0.8624306064181858,,1,0.10606601717798211,7.778174593052023
20260921T213417946637Z_9d5e65dd,DRL,30,0.83,5,5,6,5.5,5.5,0.19,0.5,10,2,5760.0,stationary,50,True,79,0.2,0.8758240763346354,,1,0.1414213562373095,7.778174593052023
20260921T213417946637Z_9d5e65dd,DRL,30,0.83,5,5,6,5.5,5.5,0.19,0.5,10,2,5760.0,stationary,50,True,79,0.2442732516826255,0.8891998969184027,,1,0.17272727272727273,7.778174593052023
20260921T213417946637Z_9d5e65dd,DRL,30,0.83,5,5,6,6.0,5.5,0.19,0.5,10,2,5760.0,stationary,50,True,79,0.1,0.7965912628173828,,1,0.07071067811865475,7.778174593052023
20260921T213417946637Z_9d5e65dd,DRL,30,0.83,5,5,6,6.0,5.5,0.19,0.5,10,2,5760.0,stationary,50,True,79,0.15,0.9414233228895399,,1,0.10606601717798211,7.778174593052023
20260921T213417946637Z_9d5e65dd,DRL,30,0.83,5,5,6,6.0,5.5,0.19,0.5,10,2,5760.0,stationary,50,True,79,0.2,0.963181389702691,,1,0.1414213562373095,7.778174593052023
20260921T213417946637Z_9d5e65dd,DRL,30,0.83,5,5,6,6.0,5.5,0.19,0.5,10,2,5760.0,stationary,50,True,79,0.2442732516826255,0.9733422173394097,,1,0.17272727272727273,7.778174593052023
20260921T213417946637Z_9d5e65dd,DRL,30,1.0,5,5,6,5.5,5.5,0.19,0.5,10,2,5760.0,stationary,50,True,79,0.1,0.7492053097002478,,1,0.07071067811865475,7.778174593052023
20260921T213417946637Z_9d5e65dd,DRL,30,1.0,5,5,6,5.5,5.5,0.19,0.5,10,2,5760.0,stationary,50,True,79,0.15,0.8546241082085504,,1,0.10606601717798211,7.778174593052023
20260921T213417946637Z_9d5e65dd,DRL,30,1.0,5,5,6,5.5,5.5,0.19,0.5,10,2,5760.0,stationary,50,True,79,0.2,0.8966810099283854,,1,0.1414213562373095,7.778174593052023
20260921T213417946637Z_9d5e65dd,DRL,30,1.0,5,5,6,5.5,5.5,0.19,0.5,10,2,5760.0,stationary,50,True,79,0.2442732516826255,0.8954637993706597,,1,0.17272727272727273,7.778174593052023
20260921T213417946637Z_9d5e65dd,DRL,30,1.0,5,5,6,6.0,5.5,0.19,0.5,10,2,5760.0,stationary,50,True,79,0.1,0.8226190016004774,,1,0.07071067811865475,7.778174593052023
20260921T213417946637Z_9d5e65dd,DRL,30,1.0,5,5,6,6.0,5.5,0.19,0.5,10,2,5760.0,stationary,50,True,79,0.15,0.9527886454264323,,1,0.10606601717798211,7.778174593052023
20260921T213417946637Z_9d5e65dd,DRL,30,1.0,5,5,6,6.0,5.5,0.19,0.5,10,2,5760.0,stationary,50,True,79,0.2,0.9681095886230469,,1,0.1414213562373095,7.778174593052023
20260921T213417946637Z_9d5e65dd,DRL,30,1.0,5,5,6,6.0,5.5,0.19,0.5,10,2,5760.0,stationary,50,True,79,0.2442732516826255,0.9848144700792101,,1,0.17272727272727273,7.778174593052023
20260921T213417946637Z_9d5e65dd,DRL,40,0.33,5,5,6,5.5,5.5,0.19,0.5,10,2,5760.0,stationary,50,True,79,0.1,0.6845961988599434,,1,0.07071067811865475,7.778174593052023
20260921T213417946637Z_9d5e65dd,DRL,40,0.33,5,5,6,5.5,5.5,0.19,0.5,10,2,5760.0,stationary,50,True,79,0.15,0.8097520955403645,,1,0.10606601717798211,7.778174593052023
20260921T213417946637Z_9d5e65dd,DRL,40,0.33,5,5,6,5.5,5.5,0.19,0.5,10,2,5760.0,stationary,50,True,79,0.2,0.8568308851453993,,1,0.1414213562373095,7.778174593052023
20260921T213417946637Z_9d5e65dd,DRL,40,0.33,5,5,6,5.5,5.5,0.19,0.5,10,2,5760.0,stationary,50,True,79,0.2442732516826255,0.8556485833062066,,1,0.17272727272727273,7.778174593052023
20260921T213417946637Z_9d5e65dd,DRL,40,0.33,5,5,6,6.0,5.5,0.19,0.5,10,2,5760.0,stationary,50,True,79,0.1,0.7649459787311724,,1,0.07071067811865475,7.778174593052023
20260921T213417946637Z_9d5e65dd,DRL,40,0.33,5,5,6,6.0,5.5,0.19,0.5,10,2,5760.0,stationary,50,True,79,0.15,0.9005938890245225,,1,0.10606601717798211,7.778174593052023
20260921T213417946637Z_9d5e65dd,DRL,40,0.33,5,5,6,6.0,5.5,0.19,0.5,10,2,5760.0,stationary,50,True,79,0.2,0.9146900939941406,,1,0.1414213562373095,7.778174593052023
20260921T213417946637Z_9d5e65dd,DRL,40,0.33,5,5,6,6.0,5.5,0.19,0.5,10,2,5760.0,stationary,50,True,79,0.2442732516826255,0.9350959269205729,,1,0.17272727272727273,7.778174593052023
20260921T213417946637Z_9d5e65dd,DRL,40,0.5,5,5,6,5.5,5.5,0.19,0.5,10,2,5760.0,stationary,50,True,79,0.1,0.7470187377929688,,1,0.07071067811865475,7.778174593052023
20260921T213417946637Z_9d5e65dd,DRL,40,0.5,5,5,6,5.5,5.5,0.19,0.5,10,2,5760.0,stationary,50,True,79,0.15,0.8554564412434896,,1,0.10606601717798211,7.778174593052023
20260921T213417946637Z_9d5e65dd,DRL,40,0.5,5,5,6,5.5,5.5,0.19,0.5,10,2,5760.0,stationary,50,True,79,0.2,0.8741331312391493,,1,0.1414213562373095,7.778174593052023
20260921T213417946637Z_9d5e65dd,DRL,40,0.5,5,5,6,5.5,5.5,0.19,0.5,10,2,5760.0,stationary,50,True,79,0.2442732516826255,0.883190663655599,,1,0.17272727272727273,7.778174593052023
20260921T213417946637Z_9d5e65dd,DRL,40,0.5,5,5,6,6.0,5.5,0.19,0.5,10,2,5760.0,stationary,50,True,79,0.1,0.8313350253634982,,1,0.07071067811865475,7.778174593052023
20260921T213417946637Z_9d5e65dd,DRL,40,0.5,5,5,6,6.0,5.5,0.19,0.5,10,2,5760.0,stationary,50,True,79,0.15,0.9334464518229166,,1,0.10606601717798211,7.778174593052023
20260921T213417946637Z_9d5e65dd,DRL,40,0.5,5,5,6,6.0,5.5,0.19,0.5,10,2,5760.0,stationary,50,True,79,0.2,0.9559988742404514,,1,0.1414213562373095,7.778174593052023
20260921T213417946637Z_9d5e65dd,DRL,40,0.5,5,5,6,6.0,5.5,0.19,0.5,10,2,5760.0,stationary,50,True,79,0.2442732516826255,0.9611574130588108,,1,0.17272727272727273,7.778174593052023
20260921T213417946637Z_9d5e65dd,DRL,40,0.67,5,5,6,5.5,5.5,0.19,0.5,10,2,5760.0,stationary,50,True,79,0.1,0.7579482409696241,,1,0.07071067811865475,7.778174593052023
20260921T213417946637Z_9d5e65dd,DRL,40,0.67,5,5,6,5.5,5.5,0.19,0.5,10,2,5760.0,stationary,50,True,79,0.15,0.8731030612521702,,1,0.10606601717798211,7.778174593052023
20260921T213417946637Z_9d5e65dd,DRL,40,0.67,5,5,6,5.5,5.5,0.19,0.5,10,2,5760.0,stationary,50,True,79,0.2,0.8847155422634548,,1,0.1414213562373095,7.778174593052023
20260921T213417946637Z_9d5e65dd,DRL,40,0.67,5,5,6,5.5,5.5,0.19,0.5,10,2,5760.0,stationary,50,True,79,0.2442732516826255,0.8955215962727865,,1,0.17272727272727273,7.778174593052023
20260921T213417946637Z_9d5e65dd,DRL,40,0.67,5,5,6,6.0,5.5,0.19,0.5,10,2,5760.0,stationary,50,True,79,0.1,0.854791005452474,,1,0.07071067811865475,7.778174593052023
20260921T213417946637Z_9d5e65dd,DRL,40,0.67,5,5,6,6.0,5.5,0.19,0.5,10,2,5760.0,stationary,50,True,79,0.15,0.9507826741536458,,1,0.10606601717798211,7.778174593052023
20260921T213417946637Z_9d5e65dd,DRL,40,0.67,5,5,6,6.0,5.5,0.19,0.5,10,2,5760.0,stationary,50,True,79,0.2,0.969103003607856,,1,0.1414213562373095,7.778174593052023
20260921T213417946637Z_9d5e65dd,DRL,40,0.67,5,5,6,6.0,5.5,0.19,0.5,10,2,5760.0,stationary,50,True,79,0.2442732516826255,0.9668378533257378,,1,0.17272727272727273,7.778174593052023
20260921T213417946637Z_9d5e65dd,DRL,40,0.83,5,5,6,5.5,5.5,0.19,0.5,10,2,5760.0,stationary,50,True,79,0.1,0.7810682847764757,,1,0.07071067811865475,7.778174593052023
20260921T213417946637Z_9d5e65dd,DRL,40,0.83,5,5,6,5.5,5.5,0.19,0.5,10,2,5760.0,stationary,50,True,79,0.15,0.8781055196126302,,1,0.10606601717798211,7.778174593052023
20260921T213417946637Z_9d5e65dd,DRL,40,0.83,5,5,6,5.5,5.5,0.19,0.5,10,2,5760.0,stationary,50,True,79,0.2,0.896208258734809,,1,0.1414213562373095,7.778174593052023
20260921T213417946637Z_9d5e65dd,DRL,40,0.83,5,5,6,5.5,5.5,0.19,0.5,10,2,5760.0,stationary,50,True,79,0.2442732516826255,0.9030429077148437,,1,0.17272727272727273,7.778174593052023
20260921T213417946637Z_9d5e65dd,DRL,40,0.83,5,5,6,6.0,5.5,0.19,0.5,10,2,5760.0,stationary,50,True,79,0.1,0.9038209194607205,,1,0.07071067811865475,7.778174593052023
20260921T213417946637Z_9d5e65dd,DRL,40,0.83,5,5,6,6.0,5.5,0.19,0.5,10,2,5760.0,stationary,50,True,79,0.15,0.9631707085503473,,1,0.10606601717798211,7.778174593052023
20260921T213417946637Z_9d5e65dd,DRL,40,0.83,5,5,6,6.0,5.5,0.19,0.5,10,2,5760.0,stationary,50,True,79,0.2,0.9754052395290799,,1,0.1414213562373095,7.778174593052023
20260921T213417946637Z_9d5e65dd,DRL,40,0.83,5,5,6,6.0,5.5,0.19,0.5,10,2,5760.0,stationary,50,True,79,0.2442732516826255,0.9834897698296441,,1,0.17272727272727273,7.778174593052023
20260921T213417946637Z_9d5e65dd,DRL,40,1.0,5,5,6,5.5,5.5,0.19,0.5,10,2,5760.0,stationary,50,True,79,0.1,0.8533646477593316,,1,0.07071067811865475,7.778174593052023
20260921T213417946637Z_9d5e65dd,DRL,40,1.0,5,5,6,5.5,5.5,0.19,0.5,10,2,5760.0,stationary,50,True,79,0.15,0.8820949130588107,,1,0.10606601717798211,7.778174593052023
20260921T213417946637Z_9d5e65dd,DRL,40,1.0,5,5,6,5.5,5.5,0.19,0.5,10,2,5760.0,stationary,50,True,79,0.2,0.9012231614854601,,1,0.1414213562373095,7.778174593052023
20260921T213417946637Z_9d5e65dd,DRL,40,1.0,5,5,6,5.5,5.5,0.19,0.5,10,2,5760.0,stationary,50,True,79,0.2442732516826255,0.9097666592068142,,1,0.17272727272727273,7.778174593052023
20260921T213417946637Z_9d5e65dd,DRL,40,1.0,5,5,6,6.0,5.5,0.19,0.5,10,2,5760.0,stationary,50,True,79,0.1,0.9091101413302951,,1,0.07071067811865475,7.778174593052023
20260921T213417946637Z_9d5e65dd,DRL,40,1.0,5,5,6,6.0,5.5,0.19,0.5,10,2,5760.0,stationary,50,True,79,0.15,0.9729971483018663,,1,0.10606601717798211,7.778174593052023
20260921T213417946637Z_9d5e65dd,DRL,40,1.0,5,5,6,6.0,5.5,0.19,0.5,10,2,5760.0,stationary,50,True,79,0.2,0.9892176140679253,,1,0.1414213562373095,7.778174593052023
20260921T213417946637Z_9d5e65dd,DRL,40,1.0,5,5,6,6.0,5.5,0.19,0.5,10,2,5760.0,stationary,50,True,79,0.2442732516826255,0.9890499369303385,,1,0.17272727272727273,7.778174593052023
20260921T213417946637Z_9d5e65dd,FOUR_ZONE,2,0.33,5,5,6,5.5,5.5,0.19,0.5,10,2,5760.0,stationary,50,True,79,0.1,0.22266106543602882,,1,0.07071067811865475,7.778174593052023
20260921T213417946637Z_9d5e65dd,FOUR_ZONE,2,0.33,5,5,6,5.5,5.5,0.19,0.5,10,2,5760.0,stationary,50,True,79,0.15,0.22266106543602882,,1,0.10606601717798211,7.778174593052023
20260921T213417946637Z_9d5e65dd,FOUR_ZONE,2,0.33,5,5,6,5.5,5.5,0.19,0.5,10,2,5760.0,stationary,50,True,79,0.2,0.2615537878407597,,1,0.1414213562373095,7.778174593052023
20260921T213417946637Z_9d5e65dd,FOUR_ZONE,2,0.33,5,5,6,5.5,5.5,0.19,0.5,10,2,5760.0,stationary,50,True,79,0.2442732516826255,0.2615537878407597,,1,0.17272727272727273,7.778174593052023
20260921T213417946637Z_9d5e65dd,FOUR_ZONE,2,0.33,5,5,6,6.0,5.5,0.19,0.5,10,2,5760.0,stationary,50,True,79,0.1,0.22590180103913013,,1,0.07071067811865475,7.778174593052023
20260921T213417946637Z_9d5e65dd,FOUR_ZONE,2,0.33,5,5,6,6.0,5.5,0.19,0.5,10,2,5760.0,stationary,50,True,79,0.15,0.22590180103913013,,1,0.10606601717798211,7.778174593052023
20260921T213417946637Z_9d5e65dd,FOUR_ZONE,2,0.33,5,5,6,6.0,5.5,0.19,0.5,10,2,5760.0,stationary,50,True,79,0.2,0.26864800983905385,,1,0.1414213562373095,7.778174593052023
20260921T213417946637Z_9d5e65dd,FOUR_ZONE,2,0.33,5,5,6,6.0,5.5,0.19,0.5,10,2,5760.0,stationary,50,True,79,0.2442732516826255,0.26864800983905385,,1,0.17272727272727273,7.778174593052023
20260921T213417946637Z_9d5e65dd,FOUR_ZONE,2,0.5,5,5,6,5.5,5.5,0.19,0.5,10,2,5760.0,stationary,50,True,79,0.1,0.24357034795763993,,1,0.07071067811865475,7.778174593052023
20260921T213417946637Z_9d5e65dd,FOUR_ZONE,2,0.5,5,5,6,5.5,5.5,0.19,0.5,10,2,5760.0,stationary,50,True,79,0.15,0.295756972336122,,1,0.10606601717798211,7.778174593052023
20260921T213417946637Z_9d5e65dd,FOUR_ZONE,2,0.5,5,5,6,5.5,5.5,0.19,0.5,10,2,5760.0,stationary,50,True,79,0.2,0.3853632168826981,,1,0.1414213562373095,7.778174593052023
20260921T213417946637Z_9d5e65dd,FOUR_ZONE,2,0.5,5,5,6,5.5,5.5,0.19,0.5,10,2,5760.0,stationary,50,True,79,0.2442732516826255,0.36910602687875127,,1,0.17272727272727273,7.778174593052023
20260921T213417946637Z_9d5e65dd,FOUR_ZONE,2,0.5,5,5,6,6.0,5.5,0.19,0.5,10,2,5760.0,stationary,50,True,79,0.1,0.24357034795763993,,1,0.07071067811865475,7.778174593052023
20260921T213417946637Z_9d5e65dd,FOUR_ZONE,2,0.5,5,5,6,6.0,5.5,0.19,0.5,10,2,5760.0,stationary,50,True,79,0.15,0.3020075790303082,,1,0.10606601717798211,7.778174593052023
20260921T213417946637Z_9d5e65dd,FOUR_ZONE,2,0.5,5,5,6,6.0,5.5,0.19,0.5,10,2,5760.0,stationary,50,True,79,0.2,0.40090720409083463,,1,0.1414213562373095,7.778174593052023
20260921T213417946637Z_9d5e65dd,FOUR_ZONE,2,0.5,5,5,6,6.0,5.5,0.19,0.5,10,2,5760.0,stationary,50,True,79,0.2442732516826255,0.3831395896206939,,1,0.17272727272727273,7.778174593052023
20260921T213417946637Z_9d5e65dd,FOUR_ZONE,2,0.67,5,5,6,5.5,5.5,0.19,0.5,10,2,5760.0,stationary,50,True,79,0.1,0.29283455613308584,,1,0.07071067811865475,7.778174593052023
20260921T213417946637Z_9d5e65dd,FOUR_ZONE,2,0.67,5,5,6,5.5,5.5,0.19,0.5,10,2,5760.0,stationary,50,True,79,0.15,0.3034582708787548,,1,0.10606601717798211,7.778174593052023
20260921T213417946637Z_9d5e65dd,FOUR_ZONE,2,0.67,5,5,6,5.5,5.5,0.19,0.5,10,2,5760.0,stationary,50,True,79,0.2,0.352971456191119,,1,0.1414213562373095,7.778174593052023
20260921T213417946637Z_9d5e65dd,FOUR_ZONE,2,0.67,5,5,6,5.5,5.5,0.19,0.5,10,2,5760.0,stationary,50,True,79,0.2442732516826255,0.352971456191119,,1,0.17272727272727273,7.778174593052023
20260921T213417946637Z_9d5e65dd,FOUR_ZONE,2,0.67,5,5,6,6.0,5.5,0.19,0.5,10,2,5760.0,stationary,50,True,79,0.1,0.29470456344177404,,1,0.07071067811865475,7.778174593052023
20260921T213417946637Z_9d5e65dd,FOUR_ZONE,2,0.67,5,5,6,6.0,5.5,0.19,0.5,10,2,5760.0,stationary,50,True,79,0.15,0.3069157279554264,,1,0.10606601717798211,7.778174593052023
20260921T213417946637Z_9d5e65dd,FOUR_ZONE,2,0.67,5,5,6,6.0,5.5,0.19,0.5,10,2,5760.0,stationary,50,True,79,0.2,0.36217218735638784,,1,0.1414213562373095,7.778174593052023
20260921T213417946637Z_9d5e65dd,FOUR_ZONE,2,0.67,5,5,6,6.0,5.5,0.19,0.5,10,2,5760.0,stationary,50,True,79,0.2442732516826255,0.36217218735638784,,1,0.17272727272727273,7.778174593052023
20260921T213417946637Z_9d5e65dd,FOUR_ZONE,2,0.83,5,5,6,5.5,5.5,0.19,0.5,10,2,5760.0,stationary,50,True,79,0.1,0.3257332113668703,,1,0.07071067811865475,7.778174593052023
20260921T213417946637Z_9d5e65dd,FOUR_ZONE,2,0.83,5,5,6,5.5,5.5,0.19,0.5,10,2,5760.0,stationary,50,True,79,0.15,0.3257332113668703,,1,0.10606601717798211,7.778174593052023
20260921T213417946637Z_9d5e65dd,FOUR_ZONE,2,0.83,5,5,6,5.5,5.5,0.19,0.5,10,2,5760.0,stationary,50,True,79,0.2,0.3322330789828519,,1,0.1414213562373095,7.778174593052023
20260921T213417946637Z_9d5e65dd,FOUR_ZONE,2,0.83,5,5,6,5.5,5.5,0.19,0.5,10,2,5760.0,stationary,50,True,79,0.2442732516826255,0.3322330789828519,,1,0.17272727272727273,7.778174593052023
20260921T213417946637Z_9d5e65dd,FOUR_ZONE,2,0.83,5,5,6,6.0,5.5,0.19,0.5,10,2,5760.0,stationary,50,True,79,0.1,0.3276085643370024,,1,0.07071067811865475,7.778174593052023
20260921T213417946637Z_9d5e65dd,FOUR_ZONE,2,0.83,5,5,6,6.0,5.5,0.19,0.5,10,2,5760.0,stationary,50,True,79,0.15,0.3276085643370024,,1,0.10606601717798211,7.778174593052023
20260921T213417946637Z_9d5e65dd,FOUR_ZONE,2,0.83,5,5,6,6.0,5.5,0.19,0.5,10,2,5760.0,stationary,50,True,79,0.2,0.3350174142680037,,1,0.1414213562373095,7.778174593052023
20260921T213417946637Z_9d5e65dd,FOUR_ZONE,2,0.83,5,5,6,6.0,5.5,0.19,0.5,10,2,5760.0,stationary,50,True,79,0.2442732516826255,0.3350174142680037,,1,0.17272727272727273,7.778174593052023
20260921T213417946637Z_9d5e65dd,FOUR_ZONE,2,1.0,5,5,6,5.5,5.5,0.19,0.5,10,2,5760.0,stationary,50,True,79,0.1,0.3371565750866898,,1,0.07071067811865475,7.778174593052023
20260921T213417946637Z_9d5e65dd,FOUR_ZONE,2,1.0,5,5,6,5.5,5.5,0.19,0.5,10,2,5760.0,stationary,50,True,79,0.15,0.3518456209953193,,1,0.10606601717798211,7.778174593052023
20260921T213417946637Z_9d5e65dd,FOUR_ZONE,2,1.0,5,5,6,5.5,5.5,0.19,0.5,10,2,5760.0,stationary,50,True,79,0.2,0.3518456209953193,,1,0.1414213562373095,7.778174593052023
20260921T213417946637Z_9d5e65dd,FOUR_ZONE,2,1.0,5,5,6,5.5,5.5,0.19,0.5,10,2,5760.0,stationary,50,True,79,0.2442732516826255,0.36190249524047197,,1,0.17272727272727273,7.778174593052023
20260921T213417946637Z_9d5e65dd,FOUR_ZONE,2,1.0,5,5,6,6.0,5.5,0.19,0.5,10,2,5760.0,stationary,50,True,79,0.1,0.3371565750866898,,1,0.07071067811865475,7.778174593052023
20260921T213417946637Z_9d5e65dd,FOUR_ZONE,2,1.0,5,5,6,6.0,5.5,0.19,0.5,10,2,5760.0,stationary,50,True,79,0.15,0.3544355633009361,,1,0.10606601717798211,7.778174593052023
20260921T213417946637Z_9d5e65dd,FOUR_ZONE,2,1.0,5,5,6,6.0,5.5,0.19,0.5,10,2,5760.0,stationary,50,True,79,0.2,0.3544355633009361,,1,0.1414213562373095,7.778174593052023
20260921T213417946637Z_9d5e65dd,FOUR_ZONE,2,1.0,5,5,6,6.0,5.5,0.19,0.5,10,2,5760.0,stationary,50,True,79,0.2442732516826255,0.36549666583978896,,1,0.17272727272727273,7.778174593052023
20260921T213417946637Z_9d5e65dd,FOUR_ZONE,5,0.33,5,5,6,5.5,5.5,0.19,0.5,10,2,5760.0,stationary,50,True,79,0.1,0.25970672607421874,,1,0.07071067811865475,7.778174593052023
20260921T213417946637Z_9d5e65dd,FOUR_ZONE,5,0.33,5,5,6,5.5,5.5,0.19,0.5,10,2,5760.0,stationary,50,True,79,0.15,0.25807996554187823,,1,0.10606601717798211,7.778174593052023
20260921T213417946637Z_9d5e65dd,FOUR_ZONE,5,0.33,5,5,6,5.5,5.5,0.19,0.5,10,2,5760.0,stationary,50,True,79,0.2,0.28963071879338426,,1,0.1414213562373095,7.778174593052023
20260921T213417946637Z_9d5e65dd,FOUR_ZONE,5,0.33,5,5,6,5.5,5.5,0.19,0.5,10,2,5760.0,stationary,50,True,79,0.2442732516826255,0.3585629635823895,,1,0.17272727272727273,7.778174593052023
20260921T213417946637Z_9d5e65dd,FOUR_ZONE,5,0.33,5,5,6,6.0,5.5,0.19,0.5,10,2,5760.0,stationary,50,True,79,0.1,0.2660537518511762,,1,0.07071067811865475,7.778174593052023
20260921T213417946637Z_9d5e65dd,FOUR_ZONE,5,0.33,5,5,6,6.0,5.5,0.19,0.5,10,2,5760.0,stationary,50,True,79,0.15,0.2642486955247121,,1,0.10606601717798211,7.778174593052023
20260921T213417946637Z_9d5e65dd,FOUR_ZONE,5,0.33,5,5,6,6.0,5.5,0.19,0.5,10,2,5760.0,stationary,50,True,79,0.2,0.2991847934910295,,1,0.1414213562373095,7.778174593052023
20260921T213417946637Z_9d5e65dd,FOUR_ZONE,5,0.33,5,5,6,6.0,5.5,0.19,0.5,10,2,5760.0,stationary,50,True,79,0.2442732516826255,0.37536222744832,,1,0.17272727272727273,7.778174593052023
20260921T213417946637Z_9d5e65dd,FOUR_ZONE,5,0.5,5,5,6,5.5,5.5,0.19,0.5,10,2,5760.0,stationary,50,True,79,0.1,0.30276510014253505,,1,0.07071067811865475,7.778174593052023
20260921T213417946637Z_9d5e65dd,FOUR_ZONE,5,0.5,5,5,6,5.5,5.5,0.19,0.5,10,2,5760.0,stationary,50,True,79,0.15,0.3322065378624838,,1,0.10606601717798211,7.778174593052023
20260921T213417946637Z_9d5e65dd,FOUR_ZONE,5,0.5,5,5,6,5.5,5.5,0.19,0.5,10,2,5760.0,stationary,50,True,79,0.2,0.36296416580819285,,1,0.1414213562373095,7.778174593052023
20260921T213417946637Z_9d5e65dd,FOUR_ZONE,5,0.5,5,5,6,5.5,5.5,0.19,0.5,10,2,5760.0,stationary,50,True,79,0.2442732516826255,0.3618345751671933,,1,0.17272727272727273,7.778174593052023
20260921T213417946637Z_9d5e65dd,FOUR_ZONE,5,0.5,5,5,6,6.0,5.5,0.19,0.5,10,2,5760.0,stationary,50,True,79,0.1,0.3087651589337517,,1,0.07071067811865475,7.778174593052023
20260921T213417946637Z_9d5e65dd,FOUR_ZONE,5,0.5,5,5,6,6.0,5.5,0.19,0.5,10,2,5760.0,stationary,50,True,79,0.15,0.3414757312260486,,1,0.10606601717798211,7.778174593052023
20260921T213417946637Z_9d5e65dd,FOUR_ZONE,5,0.5,5,5,6,6.0,5.5,0.19,0.5,10,2,5760.0,stationary,50,True,79,0.2,0.3760000879838529,,1,0.1414213562373095,7.778174593052023
20260921T213417946637Z_9d5e65dd,FOUR_ZONE,5,0.5,5,5,6,6.0,5.5,0.19,0.5,10,2,5760.0,stationary,50,True,79,0.2442732516826255,0.37489628468748676,,1,0.17272727272727273,7.778174593052023
20260921T213417946637Z_9d5e65dd,FOUR_ZONE,5,0.67,5,5,6,5.5,5.5,0.19,0.5,10,2,5760.0,stationary,50,True,79,0.1,0.34108456572377943,,1,0.07071067811865475,7.778174593052023
20260921T213417946637Z_9d5e65dd,FOUR_ZONE,5,0.67,5,5,6,5.5,5.5,0.19,0.5,10,2,5760.0,stationary,50,True,79,0.15,0.39174279983497967,,1,0.10606601717798211,7.778174593052023
20260921T213417946637Z_9d5e65dd,FOUR_ZONE,5,0.67,5,5,6,5.5,5.5,0.19,0.5,10,2,5760.0,stationary,50,True,79,0.2,0.34211344803190047,,1,0.1414213562373095,7.778174593052023
20260921T213417946637Z_9d5e65dd,FOUR_ZONE,5,0.67,5,5,6,5.5,5.5,0.19,0.5,10,2,5760.0,stationary,50,True,79,0.2442732516826255,0.34211344803190047,,1,0.17272727272727273,7.778174593052023
20260921T213417946637Z_9d5e65dd,FOUR_ZONE,5,0.67,5,5,6,6.0,5.5,0.19,0.5,10,2,5760.0,stationary,50,True,79,0.1,0.3485395279115395,,1,0.07071067811865475,7.778174593052023
20260921T213417946637Z_9d5e65dd,FOUR_ZONE,5,0.67,5,5,6,6.0,5.5,0.19,0.5,10,2,5760.0,stationary,50,True,79,0.15,0.40436680848700607,,1,0.10606601717798211,7.778174593052023
20260921T213417946637Z_9d5e65dd,FOUR_ZONE,5,0.67,5,5,6,6.0,5.5,0.19,0.5,10,2,5760.0,stationary,50,True,79,0.2,0.3499088567257927,,1,0.1414213562373095,7.778174593052023
20260921T213417946637Z_9d5e65dd,FOUR_ZONE,5,0.67,5,5,6,6.0,5.5,0.19,0.5,10,2,5760.0,stationary,50,True,79,0.2442732516826255,0.3499088567257927,,1,0.17272727272727273,7.778174593052023
20260921T213417946637Z_9d5e65dd,FOUR_ZONE,5,0.83,5,5,6,5.5,5.5,0.19,0.5,10,2,5760.0,stationary,50,True,79,0.1,0.32837029454087296,,1,0.07071067811865475,7.778174593052023
20260921T213417946637Z_9d5e65dd,FOUR_ZONE,5,0.83,5,5,6,5.5,5.5,0.19,0.5,10,2,5760.0,stationary,50,True,79,0.15,0.3453779517018605,,1,0.10606601717798211,7.778174593052023
20260921T213417946637Z_9d5e65dd,FOUR_ZONE,5,0.83,5,5,6,5.5,5.5,0.19,0.5,10,2,5760.0,stationary,50,True,79,0.2,0.3577434477844154,,1,0.1414213562373095,7.778174593052023
20260921T213417946637Z_9d5e65dd,FOUR_ZONE,5,0.83,5,5,6,5.5,5.5,0.19,0.5,10,2,5760.0,stationary,50,True,79,0.2442732516826255,0.37051280613603266,,1,0.17272727272727273,7.778174593052023
20260921T213417946637Z_9d5e65dd,FOUR_ZONE,5,0.83,5,5,6,6.0,5.5,0.19,0.5,10,2,5760.0,stationary,50,True,79,0.1,0.33082701640155043,,1,0.07071067811865475,7.778174593052023
20260921T213417946637Z_9d5e65dd,FOUR_ZONE,5,0.83,5,5,6,6.0,5.5,0.19,0.5,10,2,5760.0,stationary,50,True,79,0.15,0.3499945579407029,,1,0.10606601717798211,7.778174593052023
20260921T213417946637Z_9d5e65dd,FOUR_ZONE,5,0.83,5,5,6,6.0,5.5,0.19,0.5,10,2,5760.0,stationary,50,True,79,0.2,0.36394124617761664,,1,0.1414213562373095,7.778174593052023
20260921T213417946637Z_9d5e65dd,FOUR_ZONE,5,0.83,5,5,6,6.0,5.5,0.19,0.5,10,2,5760.0,stationary,50,True,79,0.2442732516826255,0.3784317024822893,,1,0.17272727272727273,7.778174593052023
20260921T213417946637Z_9d5e65dd,FOUR_ZONE,5,1.0,5,5,6,5.5,5.5,0.19,0.5,10,2,5760.0,stationary,50,True,79,0.1,0.3695823480653274,,1,0.07071067811865475,7.778174593052023
20260921T213417946637Z_9d5e65dd,FOUR_ZONE,5,1.0,5,5,6,5.5,5.5,0.19,0.5,10,2,5760.0,stationary,50,True,79,0.15,0.39644812786672995,,1,0.10606601717798211,7.778174593052023
20260921T213417946637Z_9d5e65dd,FOUR_ZONE,5,1.0,5,5,6,5.5,5.5,0.19,0.5,10,2,5760.0,stationary,50,True,79,0.2,0.4329620501638829,,1,0.1414213562373095,7.778174593052023
20260921T213417946637Z_9d5e65dd,FOUR_ZONE,5,1.0,5,5,6,5.5,5.5,0.19,0.5,10,2,5760.0,stationary,50,True,79,0.2442732516826255,0.4702188629727475,,1,0.17272727272727273,7.778174593052023
20260921T213417946637Z_9d5e65dd,FOUR_ZONE,5,1.0,5,5,6,6.0,5.5,0.19,0.5,10,2,5760.0,stationary,50,True,79,0.1,0.37446065272012075,,1,0.07071067811865475,7.778174593052023
20260921T213417946637Z_9d5e65dd,FOUR_ZONE,5,1.0,5,5,6,6.0,5.5,0.19,0.5,10,2,5760.0,stationary,50,True,79,0.15,0.4042140405009112,,1,0.10606601717798211,7.778174593052023
20260921T213417946637Z_9d5e65dd,FOUR_ZONE,5,1.0,5,5,6,6.0,5.5,0.19,0.5,10,2,5760.0,stationary,50,True,79,0.2,0.4459064562567349,,1,0.1414213562373095,7.778174593052023
20260921T213417946637Z_9d5e65dd,FOUR_ZONE,5,1.0,5,5,6,6.0,5.5,0.19,0.5,10,2,5760.0,stationary,50,True,79,0.2442732516826255,0.4874023776961381,,1,0.17272727272727273,7.778174593052023
20260921T213417946637Z_9d5e65dd,FOUR_ZONE,10,0.33,5,5,6,5.5,5.5,0.19,0.5,10,2,5760.0,stationary,50,True,79,0.1,0.35657389483113927,,1,0.07071067811865475,7.778174593052023
20260921T213417946637Z_9d5e65dd,FOUR_ZONE,10,0.33,5,5,6,5.5,5.5,0.19,0.5,10,2,5760.0,stationary,50,True,79,0.15,0.3740658466080974,,1,0.10606601717798211,7.778174593052023
20260921T213417946637Z_9d5e65dd,FOUR_ZONE,10,0.33,5,5,6,5.5,5.5,0.19,0.5,10,2,5760.0,stationary,50,True,79,0.2,0.377807059612357,,1,0.1414213562373095,7.778174593052023
20260921T213417946637Z_9d5e65dd,FOUR_ZONE,10,0.33,5,5,6,5.5,5.5,0.19,0.5,10,2,5760.0,stationary,50,True,79,0.2442732516826255,0.4582330285911131,,1,0.17272727272727273,7.778174593052023
20260921T213417946637Z_9d5e65dd,FOUR_ZONE,10,0.33,5,5,6,6.0,5.5,0.19,0.5,10,2,5760.0,stationary,50,True,79,0.1,0.3735281516247847,,1,0.07071067811865475,7.778174593052023
20260921T213417946637Z_9d5e65dd,FOUR_ZONE,10,0.33,5,5,6,6.0,5.5,0.19,0.5,10,2,5760.0,stationary,50,True,79,0.15,0.3933078737187206,,1,0.10606601717798211,7.778174593052023
20260921T213417946637Z_9d5e65dd,FOUR_ZONE,10,0.33,5,5,6,6.0,5.5,0.19,0.5,10,2,5760.0,stationary,50,True,79,0.2,0.39794464221739045,,1,0.1414213562373095,7.778174593052023
20260921T213417946637Z_9d5e65dd,FOUR_ZONE,10,0.33,5,5,6,6.0,5.5,0.19,0.5,10,2,5760.0,stationary,50,True,79,0.2442732516826255,0.4868952955022543,,1,0.17272727272727273,7.778174593052023
20260921T213417946637Z_9d5e65dd,FOUR_ZONE,10,0.5,5,5,6,5.5,5.5,0.19,0.5,10,2,5760.0,stationary,50,True,79,0.1,0.31064570227334665,,1,0.07071067811865475,7.778174593052023
20260921T213417946637Z_9d5e65dd,FOUR_ZONE,10,0.5,5,5,6,5.5,5.5,0.19,0.5,10,2,5760.0,stationary,50,True,79,0.15,0.36550950451707287,,1,0.10606601717798211,7.778174593052023
20260921T213417946637Z_9d5e65dd,FOUR_ZONE,10,0.5,5,5,6,5.5,5.5,0.19,0.5,10,2,5760.0,stationary,50,True,79,0.2,0.41976463699105493,,1,0.1414213562373095,7.778174593052023
20260921T213417946637Z_9d5e65dd,FOUR_ZONE,10,0.5,5,5,6,5.5,5.5,0.19,0.5,10,2,5760.0,stationary,50,True,79,0.2442732516826255,0.4573673424005154,,1,0.17272727272727273,7.778174593052023
20260921T213417946637Z_9d5e65dd,FOUR_ZONE,10,0.5,5,5,6,6.0,5.5,0.19,0.5,10,2,5760.0,stationary,50,True,79,0.1,0.31761243177014725,,1,0.07071067811865475,7.778174593052023
20260921T213417946637Z_9d5e65dd,FOUR_ZONE,10,0.5,5,5,6,6.0,5.5,0.19,0.5,10,2,5760.0,stationary,50,True,79,0.15,0.37818820855625057,,1,0.10606601717798211,7.778174593052023
20260921T213417946637Z_9d5e65dd,FOUR_ZONE,10,0.5,5,5,6,6.0,5.5,0.19,0.5,10,2,5760.0,stationary,50,True,79,0.2,0.43986682550617384,,1,0.1414213562373095,7.778174593052023
20260921T213417946637Z_9d5e65dd,FOUR_ZONE,10,0.5,5,5,6,6.0,5.5,0.19,0.5,10,2,5760.0,stationary,50,True,79,0.2442732516826255,0.4815481290774749,,1,0.17272727272727273,7.778174593052023
20260921T213417946637Z_9d5e65dd,FOUR_ZONE,10,0.67,5,5,6,5.5,5.5,0.19,0.5,10,2,5760.0,stationary,50,True,79,0.1,0.3396929837084338,,1,0.07071067811865475,7.778174593052023
20260921T213417946637Z_9d5e65dd,FOUR_ZONE,10,0.67,5,5,6,5.5,5.5,0.19,0.5,10,2,5760.0,stationary,50,True,79,0.15,0.34757929085836714,,1,0.10606601717798211,7.778174593052023
20260921T213417946637Z_9d5e65dd,FOUR_ZONE,10,0.67,5,5,6,5.5,5.5,0.19,0.5,10,2,5760.0,stationary,50,True,79,0.2,0.3888272055545649,,1,0.1414213562373095,7.778174593052023
20260921T213417946637Z_9d5e65dd,FOUR_ZONE,10,0.67,5,5,6,5.5,5.5,0.19,0.5,10,2,5760.0,stationary,50,True,79,0.2442732516826255,0.45444969719698314,,1,0.17272727272727273,7.778174593052023
20260921T213417946637Z_9d5e65dd,FOUR_ZONE,10,0.67,5,5,6,6.0,5.5,0.19,0.5,10,2,5760.0,stationary,50,True,79,0.1,0.34693561985020505,,1,0.07071067811865475,7.778174593052023
20260921T213417946637Z_9d5e65dd,FOUR_ZONE,10,0.67,5,5,6,6.0,5.5,0.19,0.5,10,2,5760.0,stationary,50,True,79,0.15,0.35609965024610996,,1,0.10606601717798211,7.778174593052023
20260921T213417946637Z_9d5e65dd,FOUR_ZONE,10,0.67,5,5,6,6.0,5.5,0.19,0.5,10,2,5760.0,stationary,50,True,79,0.2,0.40197310291241306,,1,0.1414213562373095,7.778174593052023
20260921T213417946637Z_9d5e65dd,FOUR_ZONE,10,0.67,5,5,6,6.0,5.5,0.19,0.5,10,2,5760.0,stationary,50,True,79,0.2442732516826255,0.4747258227849271,,1,0.17272727272727273,7.778174593052023
20260921T213417946637Z_9d5e65dd,FOUR_ZONE,10,0.83,5,5,6,5.5,5.5,0.19,0.5,10,2,5760.0,stationary,50,True,79,0.1,0.4026982095392639,,1,0.07071067811865475,7.778174593052023
20260921T213417946637Z_9d5e65dd,FOUR_ZONE,10,0.83,5,5,6,5.5,5.5,0.19,0.5,10,2,5760.0,stationary,50,True,79,0.15,0.4114650413998128,,1,0.10606601717798211,7.778174593052023
20260921T213417946637Z_9d5e65dd,FOUR_ZONE,10,0.83,5,5,6,5.5,5.5,0.19,0.5,10,2,5760.0,stationary,50,True,79,0.2,0.4637143969901127,,1,0.1414213562373095,7.778174593052023
20260921T213417946637Z_9d5e65dd,FOUR_ZONE,10,0.83,5,5,6,5.5,5.5,0.19,0.5,10,2,5760.0,stationary,50,True,79,0.2442732516826255,0.46259923978176165,,1,0.17272727272727273,7.778174593052023
20260921T213417946637Z_9d5e65dd,FOUR_ZONE,10,0.83,5,5,6,6.0,5.5,0.19,0.5,10,2,5760.0,stationary,50,True,79,0.1,0.4136261248562953,,1,0.07071067811865475,7.778174593052023
20260921T213417946637Z_9d5e65dd,FOUR_ZONE,10,0.83,5,5,6,6.0,5.5,0.19,0.5,10,2,5760.0,stationary,50,True,79,0.15,0.4238550104834227,,1,0.10606601717798211,7.778174593052023
20260921T213417946637Z_9d5e65dd,FOUR_ZONE,10,0.83,5,5,6,6.0,5.5,0.19,0.5,10,2,5760.0,stationary,50,True,79,0.2,0.48144851544295436,,1,0.1414213562373095,7.778174593052023
20260921T213417946637Z_9d5e65dd,FOUR_ZONE,10,0.83,5,5,6,6.0,5.5,0.19,0.5,10,2,5760.0,stationary,50,True,79,0.2442732516826255,0.4805641693192105,,1,0.17272727272727273,7.778174593052023
20260921T213417946637Z_9d5e65dd,FOUR_ZONE,10,1.0,5,5,6,5.5,5.5,0.19,0.5,10,2,5760.0,stationary,50,True,79,0.1,0.3804920140576592,,1,0.07071067811865475,7.778174593052023
20260921T213417946637Z_9d5e65dd,FOUR_ZONE,10,1.0,5,5,6,5.5,5.5,0.19,0.5,10,2,5760.0,stationary,50,True,79,0.15,0.3884283215373653,,1,0.10606601717798211,7.778174593052023
20260921T213417946637Z_9d5e65dd,FOUR_ZONE,10,1.0,5,5,6,5.5,5.5,0.19,0.5,10,2,5760.0,stationary,50,True,79,0.2,0.37768590919104006,,1,0.1414213562373095,7.778174593052023
20260921T213417946637Z_9d5e65dd,FOUR_ZONE,10,1.0,5,5,6,5.5,5.5,0.19,0.5,10,2,5760.0,stationary,50,True,79,0.2442732516826255,0.411055705615902,,1,0.17272727272727273,7.778174593052023
20260921T213417946637Z_9d5e65dd,FOUR_ZONE,10,1.0,5,5,6,6.0,5.5,0.19,0.5,10,2,5760.0,stationary,50,True,79,0.1,0.3860207047797721,,1,0.07071067811865475,7.778174593052023
20260921T213417946637Z_9d5e65dd,FOUR_ZONE,10,1.0,5,5,6,6.0,5.5,0.19,0.5,10,2,5760.0,stationary,50,True,79,0.15,0.3957543389366362,,1,0.10606601717798211,7.778174593052023
20260921T213417946637Z_9d5e65dd,FOUR_ZONE,10,1.0,5,5,6,6.0,5.5,0.19,0.5,10,2,5760.0,stationary,50,True,79,0.2,0.38359926173275954,,1,0.1414213562373095,7.778174593052023
20260921T213417946637Z_9d5e65dd,FOUR_ZONE,10,1.0,5,5,6,6.0,5.5,0.19,0.5,10,2,5760.0,stationary,50,True,79,0.2442732516826255,0.4213360359735053,,1,0.17272727272727273,7.778174593052023
20260921T213417946637Z_9d5e65dd,FOUR_ZONE,20,0.33,5,5,6,5.5,5.5,0.19,0.5,10,2,5760.0,stationary,50,True,79,0.1,0.4095230773062846,,1,0.07071067811865475,7.778174593052023
20260921T213417946637Z_9d5e65dd,FOUR_ZONE,20,0.33,5,5,6,5.5,5.5,0.19,0.5,10,2,5760.0,stationary,50,True,79,0.15,0.42060623312625056,,1,0.10606601717798211,7.778174593052023
20260921T213417946637Z_9d5e65dd,FOUR_ZONE,20,0.33,5,5,6,5.5,5.5,0.19,0.5,10,2,5760.0,stationary,50,True,79,0.2,0.47757608347925645,,1,0.1414213562373095,7.778174593052023
20260921T213417946637Z_9d5e65dd,FOUR_ZONE,20,0.33,5,5,6,5.5,5.5,0.19,0.5,10,2,5760.0,stationary,50,True,79,0.2442732516826255,0.5134292743917651,,1,0.17272727272727273,7.778174593052023
20260921T213417946637Z_9d5e65dd,FOUR_ZONE,20,0.33,5,5,6,6.0,5.5,0.19,0.5,10,2,5760.0,stationary,50,True,79,0.1,0.4317458272663564,,1,0.07071067811865475,7.778174593052023
20260921T213417946637Z_9d5e65dd,FOUR_ZONE,20,0.33,5,5,6,6.0,5.5,0.19,0.5,10,2,5760.0,stationary,50,True,79,0.15,0.44405132516404777,,1,0.10606601717798211,7.778174593052023
20260921T213417946637Z_9d5e65dd,FOUR_ZONE,20,0.33,5,5,6,6.0,5.5,0.19,0.5,10,2,5760.0,stationary,50,True,79,0.2,0.5074500195733432,,1,0.1414213562373095,7.778174593052023
20260921T213417946637Z_9d5e65dd,FOUR_ZONE,20,0.33,5,5,6,6.0,5.5,0.19,0.5,10,2,5760.0,stationary,50,True,79,0.2442732516826255,0.5471094410439976,,1,0.17272727272727273,7.778174593052023
20260921T213417946637Z_9d5e65dd,FOUR_ZONE,20,0.5,5,5,6,5.5,5.5,0.19,0.5,10,2,5760.0,stationary,50,True,79,0.1,0.3263996772806395,,1,0.07071067811865475,7.778174593052023
20260921T213417946637Z_9d5e65dd,FOUR_ZONE,20,0.5,5,5,6,5.5,5.5,0.19,0.5,10,2,5760.0,stationary,50,True,79,0.15,0.39412450267800614,,1,0.10606601717798211,7.778174593052023
20260921T213417946637Z_9d5e65dd,FOUR_ZONE,20,0.5,5,5,6,5.5,5.5,0.19,0.5,10,2,5760.0,stationary,50,True,79,0.2,0.4468541810785611,,1,0.1414213562373095,7.778174593052023
20260921T213417946637Z_9d5e65dd,FOUR_ZONE,20,0.5,5,5,6,5.5,5.5,0.19,0.5,10,2,5760.0,stationary,50,True,79,0.2442732516826255,0.4988258890056694,,1,0.17272727272727273,7.778174593052023
20260921T213417946637Z_9d5e65dd,FOUR_ZONE,20,0.5,5,5,6,6.0,5.5,0.19,0.5,10,2,5760.0,stationary,50,True,79,0.1,0.33546514890429757,,1,0.07071067811865475,7.778174593052023
20260921T213417946637Z_9d5e65dd,FOUR_ZONE,20,0.5,5,5,6,6.0,5.5,0.19,0.5,10,2,5760.0,stationary,50,True,79,0.15,0.41051019714821696,,1,0.10606601717798211,7.778174593052023
20260921T213417946637Z_9d5e65dd,FOUR_ZONE,20,0.5,5,5,6,6.0,5.5,0.19,0.5,10,2,5760.0,stationary,50,True,79,0.2,0.4686948098851811,,1,0.1414213562373095,7.778174593052023
20260921T213417946637Z_9d5e65dd,FOUR_ZONE,20,0.5,5,5,6,6.0,5.5,0.19,0.5,10,2,5760.0,stationary,50,True,79,0.2442732516826255,0.5270704023677147,,1,0.17272727272727273,7.778174593052023
20260921T213417946637Z_9d5e65dd,FOUR_ZONE,20,0.67,5,5,6,5.5,5.5,0.19,0.5,10,2,5760.0,stationary,50,True,79,0.1,0.35886991709636623,,1,0.07071067811865475,7.778174593052023
20260921T213417946637Z_9d5e65dd,FOUR_ZONE,20,0.67,5,5,6,5.5,5.5,0.19,0.5,10,2,5760.0,stationary,50,True,79,0.15,0.4006087226991347,,1,0.10606601717798211,7.778174593052023
20260921T213417946637Z_9d5e65dd,FOUR_ZONE,20,0.67,5,5,6,5.5,5.5,0.19,0.5,10,2,5760.0,stationary,50,True,79,0.2,0.4473995176614286,,1,0.1414213562373095,7.778174593052023
20260921T213417946637Z_9d5e65dd,FOUR_ZONE,20,0.67,5,5,6,5.5,5.5,0.19,0.5,10,2,5760.0,stationary,50,True,79,0.2442732516826255,0.4797346631034476,,1,0.17272727272727273,7.778174593052023
20260921T213417946637Z_9d5e65dd,FOUR_ZONE,20,0.67,5,5,6,6.0,5.5,0.19,0.5,10,2,5760.0,stationary,50,True,79,0.1,0.3674319520288584,,1,0.07071067811865475,7.778174593052023
20260921T213417946637Z_9d5e65dd,FOUR_ZONE,20,0.67,5,5,6,6.0,5.5,0.19,0.5,10,2,5760.0,stationary,50,True,79,0.15,0.4140929366296419,,1,0.10606601717798211,7.778174593052023
20260921T213417946637Z_9d5e65dd,FOUR_ZONE,20,0.67,5,5,6,6.0,5.5,0.19,0.5,10,2,5760.0,stationary,50,True,79,0.2,0.46693196150311567,,1,0.1414213562373095,7.778174593052023
20260921T213417946637Z_9d5e65dd,FOUR_ZONE,20,0.67,5,5,6,6.0,5.5,0.19,0.5,10,2,5760.0,stationary,50,True,79,0.2442732516826255,0.5034141775037422,,1,0.17272727272727273,7.778174593052023
20260921T213417946637Z_9d5e65dd,FOUR_ZONE,20,0.83,5,5,6,5.5,5.5,0.19,0.5,10,2,5760.0,stationary,50,True,79,0.1,0.39513967636796277,,1,0.07071067811865475,7.778174593052023
20260921T213417946637Z_9d5e65dd,FOUR_ZONE,20,0.83,5,5,6,5.5,5.5,0.19,0.5,10,2,5760.0,stationary,50,True,79,0.15,0.39513967636796277,,1,0.10606601717798211,7.778174593052023
20260921T213417946637Z_9d5e65dd,FOUR_ZONE,20,0.83,5,5,6,5.5,5.5,0.19,0.5,10,2,5760.0,stationary,50,True,79,0.2,0.4341370568407063,,1,0.1414213562373095,7.778174593052023
20260921T213417946637Z_9d5e65dd,FOUR_ZONE,20,0.83,5,5,6,5.5,5.5,0.19,0.5,10,2,5760.0,stationary,50,True,79,0.2442732516826255,0.4508956715027347,,1,0.17272727272727273,7.778174593052023
20260921T213417946637Z_9d5e65dd,FOUR_ZONE,20,0.83,5,5,6,6.0,5.5,0.19,0.5,10,2,5760.0,stationary,50,True,79,0.1,0.40394605696623814,,1,0.07071067811865475,7.778174593052023
20260921T213417946637Z_9d5e65dd,FOUR_ZONE,20,0.83,5,5,6,6.0,5.5,0.19,0.5,10,2,5760.0,stationary,50,True,79,0.15,0.40394605696623814,,1,0.10606601717798211,7.778174593052023
20260921T213417946637Z_9d5e65dd,FOUR_ZONE,20,0.83,5,5,6,6.0,5.5,0.19,0.5,10,2,5760.0,stationary,50,True,79,0.2,0.44822304922051237,,1,0.1414213562373095,7.778174593052023
20260921T213417946637Z_9d5e65dd,FOUR_ZONE,20,0.83,5,5,6,6.0,5.5,0.19,0.5,10,2,5760.0,stationary,50,True,79,0.2442732516826255,0.46705226061159033,,1,0.17272727272727273,7.778174593052023
20260921T213417946637Z_9d5e65dd,FOUR_ZONE,20,1.0,5,5,6,5.5,5.5,0.19,0.5,10,2,5760.0,stationary,50,True,79,0.1,0.3814086680985274,,1,0.07071067811865475,7.778174593052023
20260921T213417946637Z_9d5e65dd,FOUR_ZONE,20,1.0,5,5,6,5.5,5.5,0.19,0.5,10,2,5760.0,stationary,50,True,79,0.15,0.433532765417388,,1,0.10606601717798211,7.778174593052023
20260921T213417946637Z_9d5e65dd,FOUR_ZONE,20,1.0,5,5,6,5.5,5.5,0.19,0.5,10,2,5760.0,stationary,50,True,79,0.2,0.4749541580955299,,1,0.1414213562373095,7.778174593052023
20260921T213417946637Z_9d5e65dd,FOUR_ZONE,20,1.0,5,5,6,5.5,5.5,0.19,0.5,10,2,5760.0,stationary,50,True,79,0.2442732516826255,0.47522141528223816,,1,0.17272727272727273,7.778174593052023
20260921T213417946637Z_9d5e65dd,FOUR_ZONE,20,1.0,5,5,6,6.0,5.5,0.19,0.5,10,2,5760.0,stationary,50,True,79,0.1,0.38682834291166784,,1,0.07071067811865475,7.778174593052023
20260921T213417946637Z_9d5e65dd,FOUR_ZONE,20,1.0,5,5,6,6.0,5.5,0.19,0.5,10,2,5760.0,stationary,50,True,79,0.15,0.4457411260315866,,1,0.10606601717798211,7.778174593052023
20260921T213417946637Z_9d5e65dd,FOUR_ZONE,20,1.0,5,5,6,6.0,5.5,0.19,0.5,10,2,5760.0,stationary,50,True,79,0.2,0.4913090867043432,,1,0.1414213562373095,7.778174593052023
20260921T213417946637Z_9d5e65dd,FOUR_ZONE,20,1.0,5,5,6,6.0,5.5,0.19,0.5,10,2,5760.0,stationary,50,True,79,0.2442732516826255,0.4917066618886778,,1,0.17272727272727273,7.778174593052023
20260921T213417946637Z_9d5e65dd,FOUR_ZONE,30,0.33,5,5,6,5.5,5.5,0.19,0.5,10,2,5760.0,stationary,50,True,79,0.1,0.38489586473947546,,1,0.07071067811865475,7.778174593052023
20260921T213417946637Z_9d5e65dd,FOUR_ZONE,30,0.33,5,5,6,5.5,5.5,0.19,0.5,10,2,5760.0,stationary,50,True,79,0.15,0.4485676361365552,,1,0.10606601717798211,7.778174593052023
20260921T213417946637Z_9d5e65dd,FOUR_ZONE,30,0.33,5,5,6,5.5,5.5,0.19,0.5,10,2,5760.0,stationary,50,True,79,0.2,0.46506070561448265,,1,0.1414213562373095,7.778174593052023
20260921T213417946637Z_9d5e65dd,FOUR_ZONE,30,0.33,5,5,6,5.5,5.5,0.19,0.5,10,2,5760.0,stationary,50,True,79,0.2442732516826255,0.4881736966935954,,1,0.17272727272727273,7.778174593052023
20260921T213417946637Z_9d5e65dd,FOUR_ZONE,30,0.33,5,5,6,6.0,5.5,0.19,0.5,10,2,5760.0,stationary,50,True,79,0.1,0.4051001732607922,,1,0.07071067811865475,7.778174593052023
20260921T213417946637Z_9d5e65dd,FOUR_ZONE,30,0.33,5,5,6,6.0,5.5,0.19,0.5,10,2,5760.0,stationary,50,True,79,0.15,0.4754104560110229,,1,0.10606601717798211,7.778174593052023
20260921T213417946637Z_9d5e65dd,FOUR_ZONE,30,0.33,5,5,6,6.0,5.5,0.19,0.5,10,2,5760.0,stationary,50,True,79,0.2,0.49327826030443017,,1,0.1414213562373095,7.778174593052023
20260921T213417946637Z_9d5e65dd,FOUR_ZONE,30,0.33,5,5,6,6.0,5.5,0.19,0.5,10,2,5760.0,stationary,50,True,79,0.2442732516826255,0.5191086269902351,,1,0.17272727272727273,7.778174593052023
20260921T213417946637Z_9d5e65dd,FOUR_ZONE,30,0.5,5,5,6,5.5,5.5,0.19,0.5,10,2,5760.0,stationary,50,True,79,0.1,0.3804807513647943,,1,0.07071067811865475,7.778174593052023
20260921T213417946637Z_9d5e65dd,FOUR_ZONE,30,0.5,5,5,6,5.5,5.5,0.19,0.5,10,2,5760.0,stationary,50,True,79,0.15,0.46122433431092663,,1,0.10606601717798211,7.778174593052023
20260921T213417946637Z_9d5e65dd,FOUR_ZONE,30,0.5,5,5,6,5.5,5.5,0.19,0.5,10,2,5760.0,stationary,50,True,79,0.2,0.49954644628317957,,1,0.1414213562373095,7.778174593052023
20260921T213417946637Z_9d5e65dd,FOUR_ZONE,30,0.5,5,5,6,5.5,5.5,0.19,0.5,10,2,5760.0,stationary,50,True,79,0.2442732516826255,0.4865272972971348,,1,0.17272727272727273,7.778174593052023
20260921T213417946637Z_9d5e65dd,FOUR_ZONE,30,0.5,5,5,6,6.0,5.5,0.19,0.5,10,2,5760.0,stationary,50,True,79,0.1,0.3951430817377494,,1,0.07071067811865475,7.778174593052023
20260921T213417946637Z_9d5e65dd,FOUR_ZONE,30,0.5,5,5,6,6.0,5.5,0.19,0.5,10,2,5760.0,stationary,50,True,79,0.15,0.4846152365396414,,1,0.10606601717798211,7.778174593052023
20260921T213417946637Z_9d5e65dd,FOUR_ZONE,30,0.5,5,5,6,6.0,5.5,0.19,0.5,10,2,5760.0,stationary,50,True,79,0.2,0.5273258439029556,,1,0.1414213562373095,7.778174593052023
20260921T213417946637Z_9d5e65dd,FOUR_ZONE,30,0.5,5,5,6,6.0,5.5,0.19,0.5,10,2,5760.0,stationary,50,True,79,0.2442732516826255,0.5127322286220607,,1,0.17272727272727273,7.778174593052023
20260921T213417946637Z_9d5e65dd,FOUR_ZONE,30,0.67,5,5,6,5.5,5.5,0.19,0.5,10,2,5760.0,stationary,50,True,79,0.1,0.44219205085245494,,1,0.07071067811865475,7.778174593052023
20260921T213417946637Z_9d5e65dd,FOUR_ZONE,30,0.67,5,5,6,5.5,5.5,0.19,0.5,10,2,5760.0,stationary,50,True,79,0.15,0.4725162157391577,,1,0.10606601717798211,7.778174593052023
20260921T213417946637Z_9d5e65dd,FOUR_ZONE,30,0.67,5,5,6,5.5,5.5,0.19,0.5,10,2,5760.0,stationary,50,True,79,0.2,0.4700406619299268,,1,0.1414213562373095,7.778174593052023
20260921T213417946637Z_9d5e65dd,FOUR_ZONE,30,0.67,5,5,6,5.5,5.5,0.19,0.5,10,2,5760.0,stationary,50,True,79,0.2442732516826255,0.47684378757982826,,1,0.17272727272727273,7.778174593052023
20260921T213417946637Z_9d5e65dd,FOUR_ZONE,30,0.67,5,5,6,6.0,5.5,0.19,0.5,10,2,5760.0,stationary,50,True,79,0.1,0.46137667127213156,,1,0.07071067811865475,7.778174593052023
20260921T213417946637Z_9d5e65dd,FOUR_ZONE,30,0.67,5,5,6,6.0,5.5,0.19,0.5,10,2,5760.0,stationary,50,True,79,0.15,0.49391628275947885,,1,0.10606601717798211,7.778174593052023
20260921T213417946637Z_9d5e65dd,FOUR_ZONE,30,0.67,5,5,6,6.0,5.5,0.19,0.5,10,2,5760.0,stationary,50,True,79,0.2,0.49204809440277547,,1,0.1414213562373095,7.778174593052023
20260921T213417946637Z_9d5e65dd,FOUR_ZONE,30,0.67,5,5,6,6.0,5.5,0.19,0.5,10,2,5760.0,stationary,50,True,79,0.2442732516826255,0.4997526609211855,,1,0.17272727272727273,7.778174593052023
20260921T213417946637Z_9d5e65dd,FOUR_ZONE,30,0.83,5,5,6,5.5,5.5,0.19,0.5,10,2,5760.0,stationary,50,True,79,0.1,0.452878029209793,,1,0.07071067811865475,7.778174593052023
20260921T213417946637Z_9d5e65dd,FOUR_ZONE,30,0.83,5,5,6,5.5,5.5,0.19,0.5,10,2,5760.0,stationary,50,True,79,0.15,0.44692889351994614,,1,0.10606601717798211,7.778174593052023
20260921T213417946637Z_9d5e65dd,FOUR_ZONE,30,0.83,5,5,6,5.5,5.5,0.19,0.5,10,2,5760.0,stationary,50,True,79,0.2,0.47928510227227605,,1,0.1414213562373095,7.778174593052023
20260921T213417946637Z_9d5e65dd,FOUR_ZONE,30,0.83,5,5,6,5.5,5.5,0.19,0.5,10,2,5760.0,stationary,50,True,79,0.2442732516826255,0.4700007604431277,,1,0.17272727272727273,7.778174593052023
20260921T213417946637Z_9d5e65dd,FOUR_ZONE,30,0.83,5,5,6,6.0,5.5,0.19,0.5,10,2,5760.0,stationary,50,True,79,0.1,0.46968291264430734,,1,0.07071067811865475,7.778174593052023
20260921T213417946637Z_9d5e65dd,FOUR_ZONE,30,0.83,5,5,6,6.0,5.5,0.19,0.5,10,2,5760.0,stationary,50,True,79,0.15,0.46272478720269494,,1,0.10606601717798211,7.778174593052023
20260921T213417946637Z_9d5e65dd,FOUR_ZONE,30,0.83,5,5,6,6.0,5.5,0.19,0.5,10,2,5760.0,stationary,50,True,79,0.2,0.49855271452112454,,1,0.1414213562373095,7.778174593052023
20260921T213417946637Z_9d5e65dd,FOUR_ZONE,30,0.83,5,5,6,6.0,5.5,0.19,0.5,10,2,5760.0,stationary,50,True,79,0.2442732516826255,0.48828139821932115,,1,0.17272727272727273,7.778174593052023
20260921T213417946637Z_9d5e65dd,FOUR_ZONE,30,1.0,5,5,6,5.5,5.5,0.19,0.5,10,2,5760.0,stationary,50,True,79,0.1,0.4479309938714299,,1,0.07071067811865475,7.778174593052023
20260921T213417946637Z_9d5e65dd,FOUR_ZONE,30,1.0,5,5,6,5.5,5.5,0.19,0.5,10,2,5760.0,stationary,50,True,79,0.15,0.4395199483401392,,1,0.10606601717798211,7.778174593052023
20260921T213417946637Z_9d5e65dd,FOUR_ZONE,30,1.0,5,5,6,5.5,5.5,0.19,0.5,10,2,5760.0,stationary,50,True,79,0.2,0.46522940821063874,,1,0.1414213562373095,7.778174593052023
20260921T213417946637Z_9d5e65dd,FOUR_ZONE,30,1.0,5,5,6,5.5,5.5,0.19,0.5,10,2,5760.0,stationary,50,True,79,0.2442732516826255,0.4749263100376517,,1,0.17272727272727273,7.778174593052023
20260921T213417946637Z_9d5e65dd,FOUR_ZONE,30,1.0,5,5,6,6.0,5.5,0.19,0.5,10,2,5760.0,stationary,50,True,79,0.1,0.4622119073213875,,1,0.07071067811865475,7.778174593052023
20260921T213417946637Z_9d5e65dd,FOUR_ZONE,30,1.0,5,5,6,6.0,5.5,0.19,0.5,10,2,5760.0,stationary,50,True,79,0.15,0.4527347130583474,,1,0.10606601717798211,7.778174593052023
20260921T213417946637Z_9d5e65dd,FOUR_ZONE,30,1.0,5,5,6,6.0,5.5,0.19,0.5,10,2,5760.0,stationary,50,True,79,0.2,0.48151972456252473,,1,0.1414213562373095,7.778174593052023
20260921T213417946637Z_9d5e65dd,FOUR_ZONE,30,1.0,5,5,6,6.0,5.5,0.19,0.5,10,2,5760.0,stationary,50,True,79,0.2442732516826255,0.4921627483841528,,1,0.17272727272727273,7.778174593052023
20260921T213417946637Z_9d5e65dd,FOUR_ZONE,40,0.33,5,5,6,5.5,5.5,0.19,0.5,10,2,5760.0,stationary,50,True,79,0.1,0.43043302386619137,,1,0.07071067811865475,7.778174593052023
20260921T213417946637Z_9d5e65dd,FOUR_ZONE,40,0.33,5,5,6,5.5,5.5,0.19,0.5,10,2,5760.0,stationary,50,True,79,0.15,0.4870122019887586,,1,0.10606601717798211,7.778174593052023
20260921T213417946637Z_9d5e65dd,FOUR_ZONE,40,0.33,5,5,6,5.5,5.5,0.19,0.5,10,2,5760.0,stationary,50,True,79,0.2,0.48722043788526537,,1,0.1414213562373095,7.778174593052023
20260921T213417946637Z_9d5e65dd,FOUR_ZONE,40,0.33,5,5,6,5.5,5.5,0.19,0.5,10,2,5760.0,stationary,50,True,79,0.2442732516826255,0.47619757509842026,,1,0.17272727272727273,7.778174593052023
20260921T213417946637Z_9d5e65dd,FOUR_ZONE,40,0.33,5,5,6,6.0,5.5,0.19,0.5,10,2,5760.0,stationary,50,True,79,0.1,0.45525651108371756,,1,0.07071067811865475,7.778174593052023
20260921T213417946637Z_9d5e65dd,FOUR_ZONE,40,0.33,5,5,6,6.0,5.5,0.19,0.5,10,2,5760.0,stationary,50,True,79,0.15,0.5177674075207078,,1,0.10606601717798211,7.778174593052023
20260921T213417946637Z_9d5e65dd,FOUR_ZONE,40,0.33,5,5,6,6.0,5.5,0.19,0.5,10,2,5760.0,stationary,50,True,79,0.2,0.5175176445110644,,1,0.1414213562373095,7.778174593052023
20260921T213417946637Z_9d5e65dd,FOUR_ZONE,40,0.33,5,5,6,6.0,5.5,0.19,0.5,10,2,5760.0,stationary,50,True,79,0.2442732516826255,0.5055225312625022,,1,0.17272727272727273,7.778174593052023
20260921T213417946637Z_9d5e65dd,FOUR_ZONE,40,0.5,5,5,6,5.5,5.5,0.19,0.5,10,2,5760.0,stationary,50,True,79,0.1,0.42690379749644886,,1,0.07071067811865475,7.778174593052023
20260921T213417946637Z_9d5e65dd,FOUR_ZONE,40,0.5,5,5,6,5.5,5.5,0.19,0.5,10,2,5760.0,stationary,50,True,79,0.15,0.43436785394633326,,1,0.10606601717798211,7.778174593052023
20260921T213417946637Z_9d5e65dd,FOUR_ZONE,40,0.5,5,5,6,5.5,5.5,0.19,0.5,10,2,5760.0,stationary,50,True,79,0.2,0.46073460098294566,,1,0.1414213562373095,7.778174593052023
20260921T213417946637Z_9d5e65dd,FOUR_ZONE,40,0.5,5,5,6,5.5,5.5,0.19,0.5,10,2,5760.0,stationary,50,True,79,0.2442732516826255,0.4609489452308525,,1,0.17272727272727273,7.778174593052023
20260921T213417946637Z_9d5e65dd,FOUR_ZONE,40,0.5,5,5,6,6.0,5.5,0.19,0.5,10,2,5760.0,stationary,50,True,79,0.1,0.44635951522953254,,1,0.07071067811865475,7.778174593052023
20260921T213417946637Z_9d5e65dd,FOUR_ZONE,40,0.5,5,5,6,6.0,5.5,0.19,0.5,10,2,5760.0,stationary,50,True,79,0.15,0.4551991206814029,,1,0.10606601717798211,7.778174593052023
20260921T213417946637Z_9d5e65dd,FOUR_ZONE,40,0.5,5,5,6,6.0,5.5,0.19,0.5,10,2,5760.0,stationary,50,True,79,0.2,0.48473796716316053,,1,0.1414213562373095,7.778174593052023
20260921T213417946637Z_9d5e65dd,FOUR_ZONE,40,0.5,5,5,6,6.0,5.5,0.19,0.5,10,2,5760.0,stationary,50,True,79,0.2442732516826255,0.48537220674402576,,1,0.17272727272727273,7.778174593052023
20260921T213417946637Z_9d5e65dd,FOUR_ZONE,40,0.67,5,5,6,5.5,5.5,0.19,0.5,10,2,5760.0,stationary,50,True,79,0.1,0.42530117780802634,,1,0.07071067811865475,7.778174593052023
20260921T213417946637Z_9d5e65dd,FOUR_ZONE,40,0.67,5,5,6,5.5,5.5,0.19,0.5,10,2,5760.0,stationary,50,True,79,0.15,0.48752296107085197,,1,0.10606601717798211,7.778174593052023
20260921T213417946637Z_9d5e65dd,FOUR_ZONE,40,0.67,5,5,6,5.5,5.5,0.19,0.5,10,2,5760.0,stationary,50,True,79,0.2,0.4313535246315491,,1,0.1414213562373095,7.778174593052023
20260921T213417946637Z_9d5e65dd,FOUR_ZONE,40,0.67,5,5,6,5.5,5.5,0.19,0.5,10,2,5760.0,stationary,50,True,79,0.2442732516826255,0.4554874400904988,,1,0.17272727272727273,7.778174593052023
20260921T213417946637Z_9d5e65dd,FOUR_ZONE,40,0.67,5,5,6,6.0,5.5,0.19,0.5,10,2,5760.0,stationary,50,True,79,0.1,0.4422281957871421,,1,0.07071067811865475,7.778174593052023
20260921T213417946637Z_9d5e65dd,FOUR_ZONE,40,0.67,5,5,6,6.0,5.5,0.19,0.5,10,2,5760.0,stationary,50,True,79,0.15,0.5116414578161507,,1,0.10606601717798211,7.778174593052023
20260921T213417946637Z_9d5e65dd,FOUR_ZONE,40,0.67,5,5,6,6.0,5.5,0.19,0.5,10,2,5760.0,stationary,50,True,79,0.2,0.44938111298745703,,1,0.1414213562373095,7.778174593052023
20260921T213417946637Z_9d5e65dd,FOUR_ZONE,40,0.67,5,5,6,6.0,5.5,0.19,0.5,10,2,5760.0,stationary,50,True,79,0.2442732516826255,0.47621577716779745,,1,0.17272727272727273,7.778174593052023
20260921T213417946637Z_9d5e65dd,FOUR_ZONE,40,0.83,5,5,6,5.5,5.5,0.19,0.5,10,2,5760.0,stationary,50,True,79,0.1,0.4636365822629255,,1,0.07071067811865475,7.778174593052023
20260921T213417946637Z_9d5e65dd,FOUR_ZONE,40,0.83,5,5,6,5.5,5.5,0.19,0.5,10,2,5760.0,stationary,50,True,79,0.15,0.4845980113080804,,1,0.10606601717798211,7.778174593052023
20260921T213417946637Z_9d5e65dd,FOUR_ZONE,40,0.83,5,5,6,5.5,5.5,0.19,0.5,10,2,5760.0,stationary,50,True,79,0.2,0.4688280780498798,,1,0.1414213562373095,7.778174593052023
20260921T213417946637Z_9d5e65dd,FOUR_ZONE,40,0.83,5,5,6,5.5,5.5,0.19,0.5,10,2,5760.0,stationary,50,True,79,0.2442732516826255,0.4796777880669874,,1,0.17272727272727273,7.778174593052023
20260921T213417946637Z_9d5e65dd,FOUR_ZONE,40,0.83,5,5,6,6.0,5.5,0.19,0.5,10,2,5760.0,stationary,50,True,79,0.1,0.48112425624617233,,1,0.07071067811865475,7.778174593052023
20260921T213417946637Z_9d5e65dd,FOUR_ZONE,40,0.83,5,5,6,6.0,5.5,0.19,0.5,10,2,5760.0,stationary,50,True,79,0.15,0.504713548796347,,1,0.10606601717798211,7.778174593052023
20260921T213417946637Z_9d5e65dd,FOUR_ZONE,40,0.83,5,5,6,6.0,5.5,0.19,0.5,10,2,5760.0,stationary,50,True,79,0.2,0.4869268329326923,,1,0.1414213562373095,7.778174593052023
20260921T213417946637Z_9d5e65dd,FOUR_ZONE,40,0.83,5,5,6,6.0,5.5,0.19,0.5,10,2,5760.0,stationary,50,True,79,0.2442732516826255,0.4985408254921976,,1,0.17272727272727273,7.778174593052023
20260921T213417946637Z_9d5e65dd,FOUR_ZONE,40,1.0,5,5,6,5.5,5.5,0.19,0.5,10,2,5760.0,stationary,50,True,79,0.1,0.4903590276725705,,1,0.07071067811865475,7.778174593052023
20260921T213417946637Z_9d5e65dd,FOUR_ZONE,40,1.0,5,5,6,5.5,5.5,0.19,0.5,10,2,5760.0,stationary,50,True,79,0.15,0.4808896388395631,,1,0.10606601717798211,7.778174593052023
20260921T213417946637Z_9d5e65dd,FOUR_ZONE,40,1.0,5,5,6,5.5,5.5,0.19,0.5,10,2,5760.0,stationary,50,True,79,0.2,0.5012373059178318,,1,0.1414213562373095,7.778174593052023
20260921T213417946637Z_9d5e65dd,FOUR_ZONE,40,1.0,5,5,6,5.5,5.5,0.19,0.5,10,2,5760.0,stationary,50,True,79,0.2442732516826255,0.5082788373726056,,1,0.17272727272727273,7.778174593052023
20260921T213417946637Z_9d5e65dd,FOUR_ZONE,40,1.0,5,5,6,6.0,5.5,0.19,0.5,10,2,5760.0,stationary,50,True,79,0.1,0.509615774142054,,1,0.07071067811865475,7.778174593052023
20260921T213417946637Z_9d5e65dd,FOUR_ZONE,40,1.0,5,5,6,6.0,5.5,0.19,0.5,10,2,5760.0,stationary,50,True,79,0.15,0.49864476717170203,,1,0.10606601717798211,7.778174593052023
20260921T213417946637Z_9d5e65dd,FOUR_ZONE,40,1.0,5,5,6,6.0,5.5,0.19,0.5,10,2,5760.0,stationary,50,True,79,0.2,0.5216272405947018,,1,0.1414213562373095,7.778174593052023
20260921T213417946637Z_9d5e65dd,FOUR_ZONE,40,1.0,5,5,6,6.0,5.5,0.19,0.5,10,2,5760.0,stationary,50,True,79,0.2442732516826255,0.5294023375145813,,1,0.17272727272727273,7.778174593052023
20260921T213417946637Z_9d5e65dd,HEUR,2,0.33,5,5,6,5.5,5.5,0.19,0.5,10,2,5760.0,stationary,50,True,79,0.1,0.26695344023416956,,1,0.07071067811865475,7.778174593052023
20260921T213417946637Z_9d5e65dd,HEUR,2,0.33,5,5,6,5.5,5.5,0.19,0.5,10,2,5760.0,stationary,50,True,79,0.15,0.3272804350618985,,1,0.10606601717798211,7.778174593052023
20260921T213417946637Z_9d5e65dd,HEUR,2,0.33,5,5,6,5.5,5.5,0.19,0.5,10,2,5760.0,stationary,50,True,79,0.2,0.3923502885619956,,1,0.1414213562373095,7.778174593052023
20260921T213417946637Z_9d5e65dd,HEUR,2,0.33,5,5,6,5.5,5.5,0.19,0.5,10,2,5760.0,stationary,50,True,79,0.2442732516826255,0.40699883349928034,,1,0.17272727272727273,7.778174593052023
20260921T213417946637Z_9d5e65dd,HEUR,2,0.33,5,5,6,6.0,5.5,0.19,0.5,10,2,5760.0,stationary,50,True,79,0.1,0.27745171449294764,,1,0.07071067811865475,7.778174593052023
20260921T213417946637Z_9d5e65dd,HEUR,2,0.33,5,5,6,6.0,5.5,0.19,0.5,10,2,5760.0,stationary,50,True,79,0.15,0.3459582428305551,,1,0.10606601717798211,7.778174593052023
20260921T213417946637Z_9d5e65dd,HEUR,2,0.33,5,5,6,6.0,5.5,0.19,0.5,10,2,5760.0,stationary,50,True,79,0.2,0.41767033713922513,,1,0.1414213562373095,7.778174593052023
20260921T213417946637Z_9d5e65dd,HEUR,2,0.33,5,5,6,6.0,5.5,0.19,0.5,10,2,5760.0,stationary,50,True,79,0.2442732516826255,0.43414144247889996,,1,0.17272727272727273,7.778174593052023
20260921T213417946637Z_9d5e65dd,HEUR,2,0.5,5,5,6,5.5,5.5,0.19,0.5,10,2,5760.0,stationary,50,True,79,0.1,0.378646510005647,,1,0.07071067811865475,7.778174593052023
20260921T213417946637Z_9d5e65dd,HEUR,2,0.5,5,5,6,5.5,5.5,0.19,0.5,10,2,5760.0,stationary,50,True,79,0.15,0.44395936186808094,,1,0.10606601717798211,7.778174593052023
20260921T213417946637Z_9d5e65dd,HEUR,2,0.5,5,5,6,5.5,5.5,0.19,0.5,10,2,5760.0,stationary,50,True,79,0.2,0.4730832263676807,,1,0.1414213562373095,7.778174593052023
20260921T213417946637Z_9d5e65dd,HEUR,2,0.5,5,5,6,5.5,5.5,0.19,0.5,10,2,5760.0,stationary,50,True,79,0.2442732516826255,0.4780643978703894,,1,0.17272727272727273,7.778174593052023
20260921T213417946637Z_9d5e65dd,HEUR,2,0.5,5,5,6,6.0,5.5,0.19,0.5,10,2,5760.0,stationary,50,True,79,0.1,0.39787434652938863,,1,0.07071067811865475,7.778174593052023
20260921T213417946637Z_9d5e65dd,HEUR,2,0.5,5,5,6,6.0,5.5,0.19,0.5,10,2,5760.0,stationary,50,True,79,0.15,0.4724286606513749,,1,0.10606601717798211,7.778174593052023
20260921T213417946637Z_9d5e65dd,HEUR,2,0.5,5,5,6,6.0,5.5,0.19,0.5,10,2,5760.0,stationary,50,True,79,0.2,0.5055320486533865,,1,0.1414213562373095,7.778174593052023
20260921T213417946637Z_9d5e65dd,HEUR,2,0.5,5,5,6,6.0,5.5,0.19,0.5,10,2,5760.0,stationary,50,True,79,0.2442732516826255,0.511660795401434,,1,0.17272727272727273,7.778174593052023
20260921T213417946637Z_9d5e65dd,HEUR,2,0.67,5,5,6,5.5,5.5,0.19,0.5,10,2,5760.0,stationary,50,True,79,0.1,0.38014250548515127,,1,0.07071067811865475,7.778174593052023
20260921T213417946637Z_9d5e65dd,HEUR,2,0.67,5,5,6,5.5,5.5,0.19,0.5,10,2,5760.0,stationary,50,True,79,0.15,0.46366735862818087,,1,0.10606601717798211,7.778174593052023
20260921T213417946637Z_9d5e65dd,HEUR,2,0.67,5,5,6,5.5,5.5,0.19,0.5,10,2,5760.0,stationary,50,True,79,0.2,0.4768155548797652,,1,0.1414213562373095,7.778174593052023
20260921T213417946637Z_9d5e65dd,HEUR,2,0.67,5,5,6,5.5,5.5,0.19,0.5,10,2,5760.0,stationary,50,True,79,0.2442732516826255,0.5178404690926535,,1,0.17272727272727273,7.778174593052023
20260921T213417946637Z_9d5e65dd,HEUR,2,0.67,5,5,6,6.0,5.5,0.19,0.5,10,2,5760.0,stationary,50,True,79,0.1,0.3970876048732635,,1,0.07071067811865475,7.778174593052023
20260921T213417946637Z_9d5e65dd,HEUR,2,0.67,5,5,6,6.0,5.5,0.19,0.5,10,2,5760.0,stationary,50,True,79,0.15,0.4936167574586952,,1,0.10606601717798211,7.778174593052023
20260921T213417946637Z_9d5e65dd,HEUR,2,0.67,5,5,6,6.0,5.5,0.19,0.5,10,2,5760.0,stationary,50,True,79,0.2,0.5076474979296938,,1,0.1414213562373095,7.778174593052023
20260921T213417946637Z_9d5e65dd,HEUR,2,0.67,5,5,6,6.0,5.5,0.19,0.5,10,2,5760.0,stationary,50,True,79,0.2442732516826255,0.5536377917722946,,1,0.17272727272727273,7.778174593052023
20260921T213417946637Z_9d5e65dd,HEUR,2,0.83,5,5,6,5.5,5.5,0.19,0.5,10,2,5760.0,stationary,50,True,79,0.1,0.43100621249467164,,1,0.07071067811865475,7.778174593052023
20260921T213417946637Z_9d5e65dd,HEUR,2,0.83,5,5,6,5.5,5.5,0.19,0.5,10,2,5760.0,stationary,50,True,79,0.15,0.4763568743537454,,1,0.10606601717798211,7.778174593052023
20260921T213417946637Z_9d5e65dd,HEUR,2,0.83,5,5,6,5.5,5.5,0.19,0.5,10,2,5760.0,stationary,50,True,79,0.2,0.5053099995298513,,1,0.1414213562373095,7.778174593052023
20260921T213417946637Z_9d5e65dd,HEUR,2,0.83,5,5,6,5.5,5.5,0.19,0.5,10,2,5760.0,stationary,50,True,79,0.2442732516826255,0.5030216645143314,,1,0.17272727272727273,7.778174593052023
20260921T213417946637Z_9d5e65dd,HEUR,2,0.83,5,5,6,6.0,5.5,0.19,0.5,10,2,5760.0,stationary,50,True,79,0.1,0.45219605985051153,,1,0.07071067811865475,7.778174593052023
20260921T213417946637Z_9d5e65dd,HEUR,2,0.83,5,5,6,6.0,5.5,0.19,0.5,10,2,5760.0,stationary,50,True,79,0.15,0.5056000159768497,,1,0.10606601717798211,7.778174593052023
20260921T213417946637Z_9d5e65dd,HEUR,2,0.83,5,5,6,6.0,5.5,0.19,0.5,10,2,5760.0,stationary,50,True,79,0.2,0.539682800137926,,1,0.1414213562373095,7.778174593052023
20260921T213417946637Z_9d5e65dd,HEUR,2,0.83,5,5,6,6.0,5.5,0.19,0.5,10,2,5760.0,stationary,50,True,79,0.2442732516826255,0.5367767165801329,,1,0.17272727272727273,7.778174593052023
20260921T213417946637Z_9d5e65dd,HEUR,2,1.0,5,5,6,5.5,5.5,0.19,0.5,10,2,5760.0,stationary,50,True,79,0.1,0.44521448891959853,,1,0.07071067811865475,7.778174593052023
20260921T213417946637Z_9d5e65dd,HEUR,2,1.0,5,5,6,5.5,5.5,0.19,0.5,10,2,5760.0,stationary,50,True,79,0.15,0.5020888998023041,,1,0.10606601717798211,7.778174593052023
20260921T213417946637Z_9d5e65dd,HEUR,2,1.0,5,5,6,5.5,5.5,0.19,0.5,10,2,5760.0,stationary,50,True,79,0.2,0.5074979024024805,,1,0.1414213562373095,7.778174593052023
20260921T213417946637Z_9d5e65dd,HEUR,2,1.0,5,5,6,5.5,5.5,0.19,0.5,10,2,5760.0,stationary,50,True,79,0.2442732516826255,0.5510580354337717,,1,0.17272727272727273,7.778174593052023
20260921T213417946637Z_9d5e65dd,HEUR,2,1.0,5,5,6,6.0,5.5,0.19,0.5,10,2,5760.0,stationary,50,True,79,0.1,0.465322019190959,,1,0.07071067811865475,7.778174593052023
20260921T213417946637Z_9d5e65dd,HEUR,2,1.0,5,5,6,6.0,5.5,0.19,0.5,10,2,5760.0,stationary,50,True,79,0.15,0.5329771734003693,,1,0.10606601717798211,7.778174593052023
20260921T213417946637Z_9d5e65dd,HEUR,2,1.0,5,5,6,6.0,5.5,0.19,0.5,10,2,5760.0,stationary,50,True,79,0.2,0.540450582216408,,1,0.1414213562373095,7.778174593052023
20260921T213417946637Z_9d5e65dd,HEUR,2,1.0,5,5,6,6.0,5.5,0.19,0.5,10,2,5760.0,stationary,50,True,79,0.2442732516826255,0.5893103437685283,,1,0.17272727272727273,7.778174593052023
20260921T213417946637Z_9d5e65dd,HEUR,5,0.33,5,5,6,5.5,5.5,0.19,0.5,10,2,5760.0,stationary,50,True,79,0.1,0.4336373270519737,,1,0.07071067811865475,7.778174593052023
20260921T213417946637Z_9d5e65dd,HEUR,5,0.33,5,5,6,5.5,5.5,0.19,0.5,10,2,5760.0,stationary,50,True,79,0.15,0.4511448917005223,,1,0.10606601717798211,7.778174593052023
20260921T213417946637Z_9d5e65dd,HEUR,5,0.33,5,5,6,5.5,5.5,0.19,0.5,10,2,5760.0,stationary,50,True,79,0.2,0.5081690874847634,,1,0.1414213562373095,7.778174593052023
20260921T213417946637Z_9d5e65dd,HEUR,5,0.33,5,5,6,5.5,5.5,0.19,0.5,10,2,5760.0,stationary,50,True,79,0.2442732516826255,0.5217442736513367,,1,0.17272727272727273,7.778174593052023
20260921T213417946637Z_9d5e65dd,HEUR,5,0.33,5,5,6,6.0,5.5,0.19,0.5,10,2,5760.0,stationary,50,True,79,0.1,0.46449717319120865,,1,0.07071067811865475,7.778174593052023
20260921T213417946637Z_9d5e65dd,HEUR,5,0.33,5,5,6,6.0,5.5,0.19,0.5,10,2,5760.0,stationary,50,True,79,0.15,0.4847757734286873,,1,0.10606601717798211,7.778174593052023
20260921T213417946637Z_9d5e65dd,HEUR,5,0.33,5,5,6,6.0,5.5,0.19,0.5,10,2,5760.0,stationary,50,True,79,0.2,0.5489754694501313,,1,0.1414213562373095,7.778174593052023
20260921T213417946637Z_9d5e65dd,HEUR,5,0.33,5,5,6,6.0,5.5,0.19,0.5,10,2,5760.0,stationary,50,True,79,0.2442732516826255,0.5641817730297183,,1,0.17272727272727273,7.778174593052023
20260921T213417946637Z_9d5e65dd,HEUR,5,0.5,5,5,6,5.5,5.5,0.19,0.5,10,2,5760.0,stationary,50,True,79,0.1,0.4914640467448163,,1,0.07071067811865475,7.778174593052023
20260921T213417946637Z_9d5e65dd,HEUR,5,0.5,5,5,6,5.5,5.5,0.19,0.5,10,2,5760.0,stationary,50,True,79,0.15,0.5177410077641035,,1,0.10606601717798211,7.778174593052023
20260921T213417946637Z_9d5e65dd,HEUR,5,0.5,5,5,6,5.5,5.5,0.19,0.5,10,2,5760.0,stationary,50,True,79,0.2,0.5550877155372252,,1,0.1414213562373095,7.778174593052023
20260921T213417946637Z_9d5e65dd,HEUR,5,0.5,5,5,6,5.5,5.5,0.19,0.5,10,2,5760.0,stationary,50,True,79,0.2442732516826255,0.6175968491735537,,1,0.17272727272727273,7.778174593052023
20260921T213417946637Z_9d5e65dd,HEUR,5,0.5,5,5,6,6.0,5.5,0.19,0.5,10,2,5760.0,stationary,50,True,79,0.1,0.525058543359301,,1,0.07071067811865475,7.778174593052023
20260921T213417946637Z_9d5e65dd,HEUR,5,0.5,5,5,6,6.0,5.5,0.19,0.5,10,2,5760.0,stationary,50,True,79,0.15,0.5563293554319573,,1,0.10606601717798211,7.778174593052023
20260921T213417946637Z_9d5e65dd,HEUR,5,0.5,5,5,6,6.0,5.5,0.19,0.5,10,2,5760.0,stationary,50,True,79,0.2,0.5996634238348043,,1,0.1414213562373095,7.778174593052023
20260921T213417946637Z_9d5e65dd,HEUR,5,0.5,5,5,6,6.0,5.5,0.19,0.5,10,2,5760.0,stationary,50,True,79,0.2442732516826255,0.6689042423973399,,1,0.17272727272727273,7.778174593052023
20260921T213417946637Z_9d5e65dd,HEUR,5,0.67,5,5,6,5.5,5.5,0.19,0.5,10,2,5760.0,stationary,50,True,79,0.1,0.5115564672986447,,1,0.07071067811865475,7.778174593052023
20260921T213417946637Z_9d5e65dd,HEUR,5,0.67,5,5,6,5.5,5.5,0.19,0.5,10,2,5760.0,stationary,50,True,79,0.15,0.5577292617486448,,1,0.10606601717798211,7.778174593052023
20260921T213417946637Z_9d5e65dd,HEUR,5,0.67,5,5,6,5.5,5.5,0.19,0.5,10,2,5760.0,stationary,50,True,79,0.2,0.5917710825012797,,1,0.1414213562373095,7.778174593052023
20260921T213417946637Z_9d5e65dd,HEUR,5,0.67,5,5,6,5.5,5.5,0.19,0.5,10,2,5760.0,stationary,50,True,79,0.2442732516826255,0.6103761852449454,,1,0.17272727272727273,7.778174593052023
20260921T213417946637Z_9d5e65dd,HEUR,5,0.67,5,5,6,6.0,5.5,0.19,0.5,10,2,5760.0,stationary,50,True,79,0.1,0.5467510306582127,,1,0.07071067811865475,7.778174593052023
20260921T213417946637Z_9d5e65dd,HEUR,5,0.67,5,5,6,6.0,5.5,0.19,0.5,10,2,5760.0,stationary,50,True,79,0.15,0.5996123091163549,,1,0.10606601717798211,7.778174593052023
20260921T213417946637Z_9d5e65dd,HEUR,5,0.67,5,5,6,6.0,5.5,0.19,0.5,10,2,5760.0,stationary,50,True,79,0.2,0.6387895100663283,,1,0.1414213562373095,7.778174593052023
20260921T213417946637Z_9d5e65dd,HEUR,5,0.67,5,5,6,6.0,5.5,0.19,0.5,10,2,5760.0,stationary,50,True,79,0.2442732516826255,0.6601777246721581,,1,0.17272727272727273,7.778174593052023
20260921T213417946637Z_9d5e65dd,HEUR,5,0.83,5,5,6,5.5,5.5,0.19,0.5,10,2,5760.0,stationary,50,True,79,0.1,0.5273579975735658,,1,0.07071067811865475,7.778174593052023
20260921T213417946637Z_9d5e65dd,HEUR,5,0.83,5,5,6,5.5,5.5,0.19,0.5,10,2,5760.0,stationary,50,True,79,0.15,0.5897612561275708,,1,0.10606601717798211,7.778174593052023
20260921T213417946637Z_9d5e65dd,HEUR,5,0.83,5,5,6,5.5,5.5,0.19,0.5,10,2,5760.0,stationary,50,True,79,0.2,0.622103201222105,,1,0.1414213562373095,7.778174593052023
20260921T213417946637Z_9d5e65dd,HEUR,5,0.83,5,5,6,5.5,5.5,0.19,0.5,10,2,5760.0,stationary,50,True,79,0.2442732516826255,0.6024898885534506,,1,0.17272727272727273,7.778174593052023
20260921T213417946637Z_9d5e65dd,HEUR,5,0.83,5,5,6,6.0,5.5,0.19,0.5,10,2,5760.0,stationary,50,True,79,0.1,0.5634806073619869,,1,0.07071067811865475,7.778174593052023
20260921T213417946637Z_9d5e65dd,HEUR,5,0.83,5,5,6,6.0,5.5,0.19,0.5,10,2,5760.0,stationary,50,True,79,0.15,0.6358974481844551,,1,0.10606601717798211,7.778174593052023
20260921T213417946637Z_9d5e65dd,HEUR,5,0.83,5,5,6,6.0,5.5,0.19,0.5,10,2,5760.0,stationary,50,True,79,0.2,0.6721467472190094,,1,0.1414213562373095,7.778174593052023
20260921T213417946637Z_9d5e65dd,HEUR,5,0.83,5,5,6,6.0,5.5,0.19,0.5,10,2,5760.0,stationary,50,True,79,0.2442732516826255,0.6511268024031375,,1,0.17272727272727273,7.778174593052023
20260921T213417946637Z_9d5e65dd,HEUR,5,1.0,5,5,6,5.5,5.5,0.19,0.5,10,2,5760.0,stationary,50,True,79,0.1,0.5588588336165451,,1,0.07071067811865475,7.778174593052023
20260921T213417946637Z_9d5e65dd,HEUR,5,1.0,5,5,6,5.5,5.5,0.19,0.5,10,2,5760.0,stationary,50,True,79,0.15,0.5868951121538474,,1,0.10606601717798211,7.778174593052023
20260921T213417946637Z_9d5e65dd,HEUR,5,1.0,5,5,6,5.5,5.5,0.19,0.5,10,2,5760.0,stationary,50,True,79,0.2,0.6234752179973263,,1,0.1414213562373095,7.778174593052023
20260921T213417946637Z_9d5e65dd,HEUR,5,1.0,5,5,6,5.5,5.5,0.19,0.5,10,2,5760.0,stationary,50,True,79,0.2442732516826255,0.6621088098292396,,1,0.17272727272727273,7.778174593052023
20260921T213417946637Z_9d5e65dd,HEUR,5,1.0,5,5,6,6.0,5.5,0.19,0.5,10,2,5760.0,stationary,50,True,79,0.1,0.5974775740322447,,1,0.07071067811865475,7.778174593052023
20260921T213417946637Z_9d5e65dd,HEUR,5,1.0,5,5,6,6.0,5.5,0.19,0.5,10,2,5760.0,stationary,50,True,79,0.15,0.6302778302940467,,1,0.10606601717798211,7.778174593052023
20260921T213417946637Z_9d5e65dd,HEUR,5,1.0,5,5,6,6.0,5.5,0.19,0.5,10,2,5760.0,stationary,50,True,79,0.2,0.6720536791402011,,1,0.1414213562373095,7.778174593052023
20260921T213417946637Z_9d5e65dd,HEUR,5,1.0,5,5,6,6.0,5.5,0.19,0.5,10,2,5760.0,stationary,50,True,79,0.2442732516826255,0.7161051125609859,,1,0.17272727272727273,7.778174593052023
20260921T213417946637Z_9d5e65dd,HEUR,10,0.33,5,5,6,5.5,5.5,0.19,0.5,10,2,5760.0,stationary,50,True,79,0.1,0.5123315043807396,,1,0.07071067811865475,7.778174593052023
20260921T213417946637Z_9d5e65dd,HEUR,10,0.33,5,5,6,5.5,5.5,0.19,0.5,10,2,5760.0,stationary,50,True,79,0.15,0.5461981809032757,,1,0.10606601717798211,7.778174593052023
20260921T213417946637Z_9d5e65dd,HEUR,10,0.33,5,5,6,5.5,5.5,0.19,0.5,10,2,5760.0,stationary,50,True,79,0.2,0.6159627000282948,,1,0.1414213562373095,7.778174593052023
20260921T213417946637Z_9d5e65dd,HEUR,10,0.33,5,5,6,5.5,5.5,0.19,0.5,10,2,5760.0,stationary,50,True,79,0.2442732516826255,0.61587472492105,,1,0.17272727272727273,7.778174593052023
20260921T213417946637Z_9d5e65dd,HEUR,10,0.33,5,5,6,6.0,5.5,0.19,0.5,10,2,5760.0,stationary,50,True,79,0.1,0.553163907790662,,1,0.07071067811865475,7.778174593052023
20260921T213417946637Z_9d5e65dd,HEUR,10,0.33,5,5,6,6.0,5.5,0.19,0.5,10,2,5760.0,stationary,50,True,79,0.15,0.5915271678675071,,1,0.10606601717798211,7.778174593052023
20260921T213417946637Z_9d5e65dd,HEUR,10,0.33,5,5,6,6.0,5.5,0.19,0.5,10,2,5760.0,stationary,50,True,79,0.2,0.6687975018077214,,1,0.1414213562373095,7.778174593052023
20260921T213417946637Z_9d5e65dd,HEUR,10,0.33,5,5,6,6.0,5.5,0.19,0.5,10,2,5760.0,stationary,50,True,79,0.2442732516826255,0.6689815504455119,,1,0.17272727272727273,7.778174593052023
20260921T213417946637Z_9d5e65dd,HEUR,10,0.5,5,5,6,5.5,5.5,0.19,0.5,10,2,5760.0,stationary,50,True,79,0.1,0.534130796661843,,1,0.07071067811865475,7.778174593052023
20260921T213417946637Z_9d5e65dd,HEUR,10,0.5,5,5,6,5.5,5.5,0.19,0.5,10,2,5760.0,stationary,50,True,79,0.15,0.6236921030585878,,1,0.10606601717798211,7.778174593052023
20260921T213417946637Z_9d5e65dd,HEUR,10,0.5,5,5,6,5.5,5.5,0.19,0.5,10,2,5760.0,stationary,50,True,79,0.2,0.6553283897486065,,1,0.1414213562373095,7.778174593052023
20260921T213417946637Z_9d5e65dd,HEUR,10,0.5,5,5,6,5.5,5.5,0.19,0.5,10,2,5760.0,stationary,50,True,79,0.2442732516826255,0.6454707642945621,,1,0.17272727272727273,7.778174593052023
20260921T213417946637Z_9d5e65dd,HEUR,10,0.5,5,5,6,6.0,5.5,0.19,0.5,10,2,5760.0,stationary,50,True,79,0.1,0.5745644944139866,,1,0.07071067811865475,7.778174593052023
20260921T213417946637Z_9d5e65dd,HEUR,10,0.5,5,5,6,6.0,5.5,0.19,0.5,10,2,5760.0,stationary,50,True,79,0.15,0.6754492921199666,,1,0.10606601717798211,7.778174593052023
20260921T213417946637Z_9d5e65dd,HEUR,10,0.5,5,5,6,6.0,5.5,0.19,0.5,10,2,5760.0,stationary,50,True,79,0.2,0.7114861484234013,,1,0.1414213562373095,7.778174593052023
20260921T213417946637Z_9d5e65dd,HEUR,10,0.5,5,5,6,6.0,5.5,0.19,0.5,10,2,5760.0,stationary,50,True,79,0.2442732516826255,0.701273987548171,,1,0.17272727272727273,7.778174593052023
20260921T213417946637Z_9d5e65dd,HEUR,10,0.67,5,5,6,5.5,5.5,0.19,0.5,10,2,5760.0,stationary,50,True,79,0.1,0.572639392615168,,1,0.07071067811865475,7.778174593052023
20260921T213417946637Z_9d5e65dd,HEUR,10,0.67,5,5,6,5.5,5.5,0.19,0.5,10,2,5760.0,stationary,50,True,79,0.15,0.605056321715531,,1,0.10606601717798211,7.778174593052023
20260921T213417946637Z_9d5e65dd,HEUR,10,0.67,5,5,6,5.5,5.5,0.19,0.5,10,2,5760.0,stationary,50,True,79,0.2,0.6389404747200264,,1,0.1414213562373095,7.778174593052023
20260921T213417946637Z_9d5e65dd,HEUR,10,0.67,5,5,6,5.5,5.5,0.19,0.5,10,2,5760.0,stationary,50,True,79,0.2442732516826255,0.6698583789275336,,1,0.17272727272727273,7.778174593052023
20260921T213417946637Z_9d5e65dd,HEUR,10,0.67,5,5,6,6.0,5.5,0.19,0.5,10,2,5760.0,stationary,50,True,79,0.1,0.6172086481204722,,1,0.07071067811865475,7.778174593052023
20260921T213417946637Z_9d5e65dd,HEUR,10,0.67,5,5,6,6.0,5.5,0.19,0.5,10,2,5760.0,stationary,50,True,79,0.15,0.6543934062517062,,1,0.10606601717798211,7.778174593052023
20260921T213417946637Z_9d5e65dd,HEUR,10,0.67,5,5,6,6.0,5.5,0.19,0.5,10,2,5760.0,stationary,50,True,79,0.2,0.6929155215538537,,1,0.1414213562373095,7.778174593052023
20260921T213417946637Z_9d5e65dd,HEUR,10,0.67,5,5,6,6.0,5.5,0.19,0.5,10,2,5760.0,stationary,50,True,79,0.2442732516826255,0.7276025585724664,,1,0.17272727272727273,7.778174593052023
20260921T213417946637Z_9d5e65dd,HEUR,10,0.83,5,5,6,5.5,5.5,0.19,0.5,10,2,5760.0,stationary,50,True,79,0.1,0.5935953539834813,,1,0.07071067811865475,7.778174593052023
20260921T213417946637Z_9d5e65dd,HEUR,10,0.83,5,5,6,5.5,5.5,0.19,0.5,10,2,5760.0,stationary,50,True,79,0.15,0.6499191814856184,,1,0.10606601717798211,7.778174593052023
20260921T213417946637Z_9d5e65dd,HEUR,10,0.83,5,5,6,5.5,5.5,0.19,0.5,10,2,5760.0,stationary,50,True,79,0.2,0.6691914679711152,,1,0.1414213562373095,7.778174593052023
20260921T213417946637Z_9d5e65dd,HEUR,10,0.83,5,5,6,5.5,5.5,0.19,0.5,10,2,5760.0,stationary,50,True,79,0.2442732516826255,0.6574399387965517,,1,0.17272727272727273,7.778174593052023
20260921T213417946637Z_9d5e65dd,HEUR,10,0.83,5,5,6,6.0,5.5,0.19,0.5,10,2,5760.0,stationary,50,True,79,0.1,0.6393957725864884,,1,0.07071067811865475,7.778174593052023
20260921T213417946637Z_9d5e65dd,HEUR,10,0.83,5,5,6,6.0,5.5,0.19,0.5,10,2,5760.0,stationary,50,True,79,0.15,0.7038685423686096,,1,0.10606601717798211,7.778174593052023
20260921T213417946637Z_9d5e65dd,HEUR,10,0.83,5,5,6,6.0,5.5,0.19,0.5,10,2,5760.0,stationary,50,True,79,0.2,0.7260527338080082,,1,0.1414213562373095,7.778174593052023
20260921T213417946637Z_9d5e65dd,HEUR,10,0.83,5,5,6,6.0,5.5,0.19,0.5,10,2,5760.0,stationary,50,True,79,0.2442732516826255,0.7139274364009824,,1,0.17272727272727273,7.778174593052023
20260921T213417946637Z_9d5e65dd,HEUR,10,1.0,5,5,6,5.5,5.5,0.19,0.5,10,2,5760.0,stationary,50,True,79,0.1,0.5915833430503732,,1,0.07071067811865475,7.778174593052023
20260921T213417946637Z_9d5e65dd,HEUR,10,1.0,5,5,6,5.5,5.5,0.19,0.5,10,2,5760.0,stationary,50,True,79,0.15,0.6480698830411513,,1,0.10606601717798211,7.778174593052023
20260921T213417946637Z_9d5e65dd,HEUR,10,1.0,5,5,6,5.5,5.5,0.19,0.5,10,2,5760.0,stationary,50,True,79,0.2,0.6702789019781418,,1,0.1414213562373095,7.778174593052023
20260921T213417946637Z_9d5e65dd,HEUR,10,1.0,5,5,6,5.5,5.5,0.19,0.5,10,2,5760.0,stationary,50,True,79,0.2442732516826255,0.6634919686488976,,1,0.17272727272727273,7.778174593052023
20260921T213417946637Z_9d5e65dd,HEUR,10,1.0,5,5,6,6.0,5.5,0.19,0.5,10,2,5760.0,stationary,50,True,79,0.1,0.6358368071750622,,1,0.07071067811865475,7.778174593052023
20260921T213417946637Z_9d5e65dd,HEUR,10,1.0,5,5,6,6.0,5.5,0.19,0.5,10,2,5760.0,stationary,50,True,79,0.15,0.7015506940305773,,1,0.10606601717798211,7.778174593052023
20260921T213417946637Z_9d5e65dd,HEUR,10,1.0,5,5,6,6.0,5.5,0.19,0.5,10,2,5760.0,stationary,50,True,79,0.2,0.7270062053383655,,1,0.1414213562373095,7.778174593052023
20260921T213417946637Z_9d5e65dd,HEUR,10,1.0,5,5,6,6.0,5.5,0.19,0.5,10,2,5760.0,stationary,50,True,79,0.2442732516826255,0.7205514922516355,,1,0.17272727272727273,7.778174593052023
20260921T213417946637Z_9d5e65dd,HEUR,20,0.33,5,5,6,5.5,5.5,0.19,0.5,10,2,5760.0,stationary,50,True,79,0.1,0.5529998974064027,,1,0.07071067811865475,7.778174593052023
20260921T213417946637Z_9d5e65dd,HEUR,20,0.33,5,5,6,5.5,5.5,0.19,0.5,10,2,5760.0,stationary,50,True,79,0.15,0.6237851307604084,,1,0.10606601717798211,7.778174593052023
20260921T213417946637Z_9d5e65dd,HEUR,20,0.33,5,5,6,5.5,5.5,0.19,0.5,10,2,5760.0,stationary,50,True,79,0.2,0.6415072334573423,,1,0.1414213562373095,7.778174593052023
20260921T213417946637Z_9d5e65dd,HEUR,20,0.33,5,5,6,5.5,5.5,0.19,0.5,10,2,5760.0,stationary,50,True,79,0.2442732516826255,0.6415128864381673,,1,0.17272727272727273,7.778174593052023
20260921T213417946637Z_9d5e65dd,HEUR,20,0.33,5,5,6,6.0,5.5,0.19,0.5,10,2,5760.0,stationary,50,True,79,0.1,0.5993595313493313,,1,0.07071067811865475,7.778174593052023
20260921T213417946637Z_9d5e65dd,HEUR,20,0.33,5,5,6,6.0,5.5,0.19,0.5,10,2,5760.0,stationary,50,True,79,0.15,0.6780791277102736,,1,0.10606601717798211,7.778174593052023
20260921T213417946637Z_9d5e65dd,HEUR,20,0.33,5,5,6,6.0,5.5,0.19,0.5,10,2,5760.0,stationary,50,True,79,0.2,0.6982613635376543,,1,0.1414213562373095,7.778174593052023
20260921T213417946637Z_9d5e65dd,HEUR,20,0.33,5,5,6,6.0,5.5,0.19,0.5,10,2,5760.0,stationary,50,True,79,0.2442732516826255,0.6981910083386128,,1,0.17272727272727273,7.778174593052023
20260921T213417946637Z_9d5e65dd,HEUR,20,0.5,5,5,6,5.5,5.5,0.19,0.5,10,2,5760.0,stationary,50,True,79,0.1,0.5782649103756103,,1,0.07071067811865475,7.778174593052023
20260921T213417946637Z_9d5e65dd,HEUR,20,0.5,5,5,6,5.5,5.5,0.19,0.5,10,2,5760.0,stationary,50,True,79,0.15,0.6433395724471467,,1,0.10606601717798211,7.778174593052023
20260921T213417946637Z_9d5e65dd,HEUR,20,0.5,5,5,6,5.5,5.5,0.19,0.5,10,2,5760.0,stationary,50,True,79,0.2,0.6662244544370306,,1,0.1414213562373095,7.778174593052023
20260921T213417946637Z_9d5e65dd,HEUR,20,0.5,5,5,6,5.5,5.5,0.19,0.5,10,2,5760.0,stationary,50,True,79,0.2442732516826255,0.6439550989797646,,1,0.17272727272727273,7.778174593052023
20260921T213417946637Z_9d5e65dd,HEUR,20,0.5,5,5,6,6.0,5.5,0.19,0.5,10,2,5760.0,stationary,50,True,79,0.1,0.6257316341872493,,1,0.07071067811865475,7.778174593052023
20260921T213417946637Z_9d5e65dd,HEUR,20,0.5,5,5,6,6.0,5.5,0.19,0.5,10,2,5760.0,stationary,50,True,79,0.15,0.6992641942927079,,1,0.10606601717798211,7.778174593052023
20260921T213417946637Z_9d5e65dd,HEUR,20,0.5,5,5,6,6.0,5.5,0.19,0.5,10,2,5760.0,stationary,50,True,79,0.2,0.7249188181072309,,1,0.1414213562373095,7.778174593052023
20260921T213417946637Z_9d5e65dd,HEUR,20,0.5,5,5,6,6.0,5.5,0.19,0.5,10,2,5760.0,stationary,50,True,79,0.2442732516826255,0.7009943933237083,,1,0.17272727272727273,7.778174593052023
20260921T213417946637Z_9d5e65dd,HEUR,20,0.67,5,5,6,5.5,5.5,0.19,0.5,10,2,5760.0,stationary,50,True,79,0.1,0.6451227090553249,,1,0.07071067811865475,7.778174593052023
20260921T213417946637Z_9d5e65dd,HEUR,20,0.67,5,5,6,5.5,5.5,0.19,0.5,10,2,5760.0,stationary,50,True,79,0.15,0.6574628348153113,,1,0.10606601717798211,7.778174593052023
20260921T213417946637Z_9d5e65dd,HEUR,20,0.67,5,5,6,5.5,5.5,0.19,0.5,10,2,5760.0,stationary,50,True,79,0.2,0.6645898275049014,,1,0.1414213562373095,7.778174593052023
20260921T213417946637Z_9d5e65dd,HEUR,20,0.67,5,5,6,5.5,5.5,0.19,0.5,10,2,5760.0,stationary,50,True,79,0.2442732516826255,0.6977689626678548,,1,0.17272727272727273,7.778174593052023
20260921T213417946637Z_9d5e65dd,HEUR,20,0.67,5,5,6,6.0,5.5,0.19,0.5,10,2,5760.0,stationary,50,True,79,0.1,0.6986142301562603,,1,0.07071067811865475,7.778174593052023
20260921T213417946637Z_9d5e65dd,HEUR,20,0.67,5,5,6,6.0,5.5,0.19,0.5,10,2,5760.0,stationary,50,True,79,0.15,0.7143855592359183,,1,0.10606601717798211,7.778174593052023
20260921T213417946637Z_9d5e65dd,HEUR,20,0.67,5,5,6,6.0,5.5,0.19,0.5,10,2,5760.0,stationary,50,True,79,0.2,0.7231943224772754,,1,0.1414213562373095,7.778174593052023
20260921T213417946637Z_9d5e65dd,HEUR,20,0.67,5,5,6,6.0,5.5,0.19,0.5,10,2,5760.0,stationary,50,True,79,0.2442732516826255,0.759602866324161,,1,0.17272727272727273,7.778174593052023
20260921T213417946637Z_9d5e65dd,HEUR,20,0.83,5,5,6,5.5,5.5,0.19,0.5,10,2,5760.0,stationary,50,True,79,0.1,0.6417637495118486,,1,0.07071067811865475,7.778174593052023
20260921T213417946637Z_9d5e65dd,HEUR,20,0.83,5,5,6,5.5,5.5,0.19,0.5,10,2,5760.0,stationary,50,True,79,0.15,0.6833330156213253,,1,0.10606601717798211,7.778174593052023
20260921T213417946637Z_9d5e65dd,HEUR,20,0.83,5,5,6,5.5,5.5,0.19,0.5,10,2,5760.0,stationary,50,True,79,0.2,0.7014994576161102,,1,0.1414213562373095,7.778174593052023
20260921T213417946637Z_9d5e65dd,HEUR,20,0.83,5,5,6,5.5,5.5,0.19,0.5,10,2,5760.0,stationary,50,True,79,0.2442732516826255,0.7231371314044668,,1,0.17272727272727273,7.778174593052023
20260921T213417946637Z_9d5e65dd,HEUR,20,0.83,5,5,6,6.0,5.5,0.19,0.5,10,2,5760.0,stationary,50,True,79,0.1,0.6950109626346052,,1,0.07071067811865475,7.778174593052023
20260921T213417946637Z_9d5e65dd,HEUR,20,0.83,5,5,6,6.0,5.5,0.19,0.5,10,2,5760.0,stationary,50,True,79,0.15,0.7422457462900862,,1,0.10606601717798211,7.778174593052023
20260921T213417946637Z_9d5e65dd,HEUR,20,0.83,5,5,6,6.0,5.5,0.19,0.5,10,2,5760.0,stationary,50,True,79,0.2,0.7631769267108257,,1,0.1414213562373095,7.778174593052023
20260921T213417946637Z_9d5e65dd,HEUR,20,0.83,5,5,6,6.0,5.5,0.19,0.5,10,2,5760.0,stationary,50,True,79,0.2442732516826255,0.787253319183526,,1,0.17272727272727273,7.778174593052023
20260921T213417946637Z_9d5e65dd,HEUR,20,1.0,5,5,6,5.5,5.5,0.19,0.5,10,2,5760.0,stationary,50,True,79,0.1,0.6783881216431901,,1,0.07071067811865475,7.778174593052023
20260921T213417946637Z_9d5e65dd,HEUR,20,1.0,5,5,6,5.5,5.5,0.19,0.5,10,2,5760.0,stationary,50,True,79,0.15,0.7091596433729385,,1,0.10606601717798211,7.778174593052023
20260921T213417946637Z_9d5e65dd,HEUR,20,1.0,5,5,6,5.5,5.5,0.19,0.5,10,2,5760.0,stationary,50,True,79,0.2,0.70636402293736,,1,0.1414213562373095,7.778174593052023
20260921T213417946637Z_9d5e65dd,HEUR,20,1.0,5,5,6,5.5,5.5,0.19,0.5,10,2,5760.0,stationary,50,True,79,0.2442732516826255,0.7528510232053152,,1,0.17272727272727273,7.778174593052023
20260921T213417946637Z_9d5e65dd,HEUR,20,1.0,5,5,6,6.0,5.5,0.19,0.5,10,2,5760.0,stationary,50,True,79,0.1,0.7348732104930922,,1,0.07071067811865475,7.778174593052023
20260921T213417946637Z_9d5e65dd,HEUR,20,1.0,5,5,6,6.0,5.5,0.19,0.5,10,2,5760.0,stationary,50,True,79,0.15,0.770538238871974,,1,0.10606601717798211,7.778174593052023
20260921T213417946637Z_9d5e65dd,HEUR,20,1.0,5,5,6,6.0,5.5,0.19,0.5,10,2,5760.0,stationary,50,True,79,0.2,0.7684464079485321,,1,0.1414213562373095,7.778174593052023
20260921T213417946637Z_9d5e65dd,HEUR,20,1.0,5,5,6,6.0,5.5,0.19,0.5,10,2,5760.0,stationary,50,True,79,0.2442732516826255,0.819497743058605,,1,0.17272727272727273,7.778174593052023
20260921T213417946637Z_9d5e65dd,HEUR,30,0.33,5,5,6,5.5,5.5,0.19,0.5,10,2,5760.0,stationary,50,True,79,0.1,0.6136598489544547,,1,0.07071067811865475,7.778174593052023
20260921T213417946637Z_9d5e65dd,HEUR,30,0.33,5,5,6,5.5,5.5,0.19,0.5,10,2,5760.0,stationary,50,True,79,0.15,0.6280648030252279,,1,0.10606601717798211,7.778174593052023
20260921T213417946637Z_9d5e65dd,HEUR,30,0.33,5,5,6,5.5,5.5,0.19,0.5,10,2,5760.0,stationary,50,True,79,0.2,0.6715535831902444,,1,0.1414213562373095,7.778174593052023
20260921T213417946637Z_9d5e65dd,HEUR,30,0.33,5,5,6,5.5,5.5,0.19,0.5,10,2,5760.0,stationary,50,True,79,0.2442732516826255,0.663482647663945,,1,0.17272727272727273,7.778174593052023
20260921T213417946637Z_9d5e65dd,HEUR,30,0.33,5,5,6,6.0,5.5,0.19,0.5,10,2,5760.0,stationary,50,True,79,0.1,0.6667838225423761,,1,0.07071067811865475,7.778174593052023
20260921T213417946637Z_9d5e65dd,HEUR,30,0.33,5,5,6,6.0,5.5,0.19,0.5,10,2,5760.0,stationary,50,True,79,0.15,0.6833527350817787,,1,0.10606601717798211,7.778174593052023
20260921T213417946637Z_9d5e65dd,HEUR,30,0.33,5,5,6,6.0,5.5,0.19,0.5,10,2,5760.0,stationary,50,True,79,0.2,0.7313290995418932,,1,0.1414213562373095,7.778174593052023
20260921T213417946637Z_9d5e65dd,HEUR,30,0.33,5,5,6,6.0,5.5,0.19,0.5,10,2,5760.0,stationary,50,True,79,0.2442732516826255,0.7230562305598756,,1,0.17272727272727273,7.778174593052023
20260921T213417946637Z_9d5e65dd,HEUR,30,0.5,5,5,6,5.5,5.5,0.19,0.5,10,2,5760.0,stationary,50,True,79,0.1,0.6618598655566064,,1,0.07071067811865475,7.778174593052023
20260921T213417946637Z_9d5e65dd,HEUR,30,0.5,5,5,6,5.5,5.5,0.19,0.5,10,2,5760.0,stationary,50,True,79,0.15,0.6694921545605151,,1,0.10606601717798211,7.778174593052023
20260921T213417946637Z_9d5e65dd,HEUR,30,0.5,5,5,6,5.5,5.5,0.19,0.5,10,2,5760.0,stationary,50,True,79,0.2,0.718999420190414,,1,0.1414213562373095,7.778174593052023
20260921T213417946637Z_9d5e65dd,HEUR,30,0.5,5,5,6,5.5,5.5,0.19,0.5,10,2,5760.0,stationary,50,True,79,0.2442732516826255,0.7070575059700984,,1,0.17272727272727273,7.778174593052023
20260921T213417946637Z_9d5e65dd,HEUR,30,0.5,5,5,6,6.0,5.5,0.19,0.5,10,2,5760.0,stationary,50,True,79,0.1,0.7189522638415297,,1,0.07071067811865475,7.778174593052023
20260921T213417946637Z_9d5e65dd,HEUR,30,0.5,5,5,6,6.0,5.5,0.19,0.5,10,2,5760.0,stationary,50,True,79,0.15,0.7284997845260492,,1,0.10606601717798211,7.778174593052023
20260921T213417946637Z_9d5e65dd,HEUR,30,0.5,5,5,6,6.0,5.5,0.19,0.5,10,2,5760.0,stationary,50,True,79,0.2,0.7833257689713209,,1,0.1414213562373095,7.778174593052023
20260921T213417946637Z_9d5e65dd,HEUR,30,0.5,5,5,6,6.0,5.5,0.19,0.5,10,2,5760.0,stationary,50,True,79,0.2442732516826255,0.7703470754269046,,1,0.17272727272727273,7.778174593052023
20260921T213417946637Z_9d5e65dd,HEUR,30,0.67,5,5,6,5.5,5.5,0.19,0.5,10,2,5760.0,stationary,50,True,79,0.1,0.6796951579016102,,1,0.07071067811865475,7.778174593052023
20260921T213417946637Z_9d5e65dd,HEUR,30,0.67,5,5,6,5.5,5.5,0.19,0.5,10,2,5760.0,stationary,50,True,79,0.15,0.7065215688459293,,1,0.10606601717798211,7.778174593052023
20260921T213417946637Z_9d5e65dd,HEUR,30,0.67,5,5,6,5.5,5.5,0.19,0.5,10,2,5760.0,stationary,50,True,79,0.2,0.7652018851892618,,1,0.1414213562373095,7.778174593052023
20260921T213417946637Z_9d5e65dd,HEUR,30,0.67,5,5,6,5.5,5.5,0.19,0.5,10,2,5760.0,stationary,50,True,79,0.2442732516826255,0.7788992818196615,,1,0.17272727272727273,7.778174593052023
20260921T213417946637Z_9d5e65dd,HEUR,30,0.67,5,5,6,6.0,5.5,0.19,0.5,10,2,5760.0,stationary,50,True,79,0.1,0.7376494971231257,,1,0.07071067811865475,7.778174593052023
20260921T213417946637Z_9d5e65dd,HEUR,30,0.67,5,5,6,6.0,5.5,0.19,0.5,10,2,5760.0,stationary,50,True,79,0.15,0.7689995933115277,,1,0.10606601717798211,7.778174593052023
20260921T213417946637Z_9d5e65dd,HEUR,30,0.67,5,5,6,6.0,5.5,0.19,0.5,10,2,5760.0,stationary,50,True,79,0.2,0.8337022709863041,,1,0.1414213562373095,7.778174593052023
20260921T213417946637Z_9d5e65dd,HEUR,30,0.67,5,5,6,6.0,5.5,0.19,0.5,10,2,5760.0,stationary,50,True,79,0.2442732516826255,0.8487407090928819,,1,0.17272727272727273,7.778174593052023
20260921T213417946637Z_9d5e65dd,HEUR,30,0.83,5,5,6,5.5,5.5,0.19,0.5,10,2,5760.0,stationary,50,True,79,0.1,0.6789473338402275,,1,0.07071067811865475,7.778174593052023
20260921T213417946637Z_9d5e65dd,HEUR,30,0.83,5,5,6,5.5,5.5,0.19,0.5,10,2,5760.0,stationary,50,True,79,0.15,0.7125623760907939,,1,0.10606601717798211,7.778174593052023
20260921T213417946637Z_9d5e65dd,HEUR,30,0.83,5,5,6,5.5,5.5,0.19,0.5,10,2,5760.0,stationary,50,True,79,0.2,0.7696432495117187,,1,0.1414213562373095,7.778174593052023
20260921T213417946637Z_9d5e65dd,HEUR,30,0.83,5,5,6,5.5,5.5,0.19,0.5,10,2,5760.0,stationary,50,True,79,0.2442732516826255,0.7822325981987848,,1,0.17272727272727273,7.778174593052023
20260921T213417946637Z_9d5e65dd,HEUR,30,0.83,5,5,6,6.0,5.5,0.19,0.5,10,2,5760.0,stationary,50,True,79,0.1,0.7371033542963509,,1,0.07071067811865475,7.778174593052023
20260921T213417946637Z_9d5e65dd,HEUR,30,0.83,5,5,6,6.0,5.5,0.19,0.5,10,2,5760.0,stationary,50,True,79,0.15,0.7754316382106529,,1,0.10606601717798211,7.778174593052023
20260921T213417946637Z_9d5e65dd,HEUR,30,0.83,5,5,6,6.0,5.5,0.19,0.5,10,2,5760.0,stationary,50,True,79,0.2,0.8383679877387152,,1,0.1414213562373095,7.778174593052023
20260921T213417946637Z_9d5e65dd,HEUR,30,0.83,5,5,6,6.0,5.5,0.19,0.5,10,2,5760.0,stationary,50,True,79,0.2442732516826255,0.8522688971625434,,1,0.17272727272727273,7.778174593052023
20260921T213417946637Z_9d5e65dd,HEUR,30,1.0,5,5,6,5.5,5.5,0.19,0.5,10,2,5760.0,stationary,50,True,79,0.1,0.7080530919006834,,1,0.07071067811865475,7.778174593052023
20260921T213417946637Z_9d5e65dd,HEUR,30,1.0,5,5,6,5.5,5.5,0.19,0.5,10,2,5760.0,stationary,50,True,79,0.15,0.7376479688011076,,1,0.10606601717798211,7.778174593052023
20260921T213417946637Z_9d5e65dd,HEUR,30,1.0,5,5,6,5.5,5.5,0.19,0.5,10,2,5760.0,stationary,50,True,79,0.2,0.7971096971299914,,1,0.1414213562373095,7.778174593052023
20260921T213417946637Z_9d5e65dd,HEUR,30,1.0,5,5,6,5.5,5.5,0.19,0.5,10,2,5760.0,stationary,50,True,79,0.2442732516826255,0.8035774570041233,,1,0.17272727272727273,7.778174593052023
20260921T213417946637Z_9d5e65dd,HEUR,30,1.0,5,5,6,6.0,5.5,0.19,0.5,10,2,5760.0,stationary,50,True,79,0.1,0.7685227323983274,,1,0.07071067811865475,7.778174593052023
20260921T213417946637Z_9d5e65dd,HEUR,30,1.0,5,5,6,6.0,5.5,0.19,0.5,10,2,5760.0,stationary,50,True,79,0.15,0.8028110540820174,,1,0.10606601717798211,7.778174593052023
20260921T213417946637Z_9d5e65dd,HEUR,30,1.0,5,5,6,6.0,5.5,0.19,0.5,10,2,5760.0,stationary,50,True,79,0.2,0.8681856282552083,,1,0.1414213562373095,7.778174593052023
20260921T213417946637Z_9d5e65dd,HEUR,30,1.0,5,5,6,6.0,5.5,0.19,0.5,10,2,5760.0,stationary,50,True,79,0.2442732516826255,0.8753913031684027,,1,0.17272727272727273,7.778174593052023
20260921T213417946637Z_9d5e65dd,HEUR,40,0.33,5,5,6,5.5,5.5,0.19,0.5,10,2,5760.0,stationary,50,True,79,0.1,0.6020345825166502,,1,0.07071067811865475,7.778174593052023
20260921T213417946637Z_9d5e65dd,HEUR,40,0.33,5,5,6,5.5,5.5,0.19,0.5,10,2,5760.0,stationary,50,True,79,0.15,0.6766954108459562,,1,0.10606601717798211,7.778174593052023
20260921T213417946637Z_9d5e65dd,HEUR,40,0.33,5,5,6,5.5,5.5,0.19,0.5,10,2,5760.0,stationary,50,True,79,0.2,0.6971282291115307,,1,0.1414213562373095,7.778174593052023
20260921T213417946637Z_9d5e65dd,HEUR,40,0.33,5,5,6,5.5,5.5,0.19,0.5,10,2,5760.0,stationary,50,True,79,0.2442732516826255,0.693869391547309,,1,0.17272727272727273,7.778174593052023
20260921T213417946637Z_9d5e65dd,HEUR,40,0.33,5,5,6,6.0,5.5,0.19,0.5,10,2,5760.0,stationary,50,True,79,0.1,0.6544406756720004,,1,0.07071067811865475,7.778174593052023
20260921T213417946637Z_9d5e65dd,HEUR,40,0.33,5,5,6,6.0,5.5,0.19,0.5,10,2,5760.0,stationary,50,True,79,0.15,0.7371095732556187,,1,0.10606601717798211,7.778174593052023
20260921T213417946637Z_9d5e65dd,HEUR,40,0.33,5,5,6,6.0,5.5,0.19,0.5,10,2,5760.0,stationary,50,True,79,0.2,0.7597982592571151,,1,0.1414213562373095,7.778174593052023
20260921T213417946637Z_9d5e65dd,HEUR,40,0.33,5,5,6,6.0,5.5,0.19,0.5,10,2,5760.0,stationary,50,True,79,0.2442732516826255,0.7564365980360243,,1,0.17272727272727273,7.778174593052023
20260921T213417946637Z_9d5e65dd,HEUR,40,0.5,5,5,6,5.5,5.5,0.19,0.5,10,2,5760.0,stationary,50,True,79,0.1,0.6611711560191088,,1,0.07071067811865475,7.778174593052023
20260921T213417946637Z_9d5e65dd,HEUR,40,0.5,5,5,6,5.5,5.5,0.19,0.5,10,2,5760.0,stationary,50,True,79,0.15,0.7050670840633546,,1,0.10606601717798211,7.778174593052023
20260921T213417946637Z_9d5e65dd,HEUR,40,0.5,5,5,6,5.5,5.5,0.19,0.5,10,2,5760.0,stationary,50,True,79,0.2,0.7752716403537326,,1,0.1414213562373095,7.778174593052023
20260921T213417946637Z_9d5e65dd,HEUR,40,0.5,5,5,6,5.5,5.5,0.19,0.5,10,2,5760.0,stationary,50,True,79,0.2442732516826255,0.7776061672634549,,1,0.17272727272727273,7.778174593052023
20260921T213417946637Z_9d5e65dd,HEUR,40,0.5,5,5,6,6.0,5.5,0.19,0.5,10,2,5760.0,stationary,50,True,79,0.1,0.718714040313331,,1,0.07071067811865475,7.778174593052023
20260921T213417946637Z_9d5e65dd,HEUR,40,0.5,5,5,6,6.0,5.5,0.19,0.5,10,2,5760.0,stationary,50,True,79,0.15,0.7677766472409773,,1,0.10606601717798211,7.778174593052023
20260921T213417946637Z_9d5e65dd,HEUR,40,0.5,5,5,6,6.0,5.5,0.19,0.5,10,2,5760.0,stationary,50,True,79,0.2,0.8451505194769965,,1,0.1414213562373095,7.778174593052023
20260921T213417946637Z_9d5e65dd,HEUR,40,0.5,5,5,6,6.0,5.5,0.19,0.5,10,2,5760.0,stationary,50,True,79,0.2442732516826255,0.8477282036675348,,1,0.17272727272727273,7.778174593052023
20260921T213417946637Z_9d5e65dd,HEUR,40,0.67,5,5,6,5.5,5.5,0.19,0.5,10,2,5760.0,stationary,50,True,79,0.1,0.6706532850429248,,1,0.07071067811865475,7.778174593052023
20260921T213417946637Z_9d5e65dd,HEUR,40,0.67,5,5,6,5.5,5.5,0.19,0.5,10,2,5760.0,stationary,50,True,79,0.15,0.7332486879782095,,1,0.10606601717798211,7.778174593052023
20260921T213417946637Z_9d5e65dd,HEUR,40,0.67,5,5,6,5.5,5.5,0.19,0.5,10,2,5760.0,stationary,50,True,79,0.2,0.8035076734754775,,1,0.1414213562373095,7.778174593052023
20260921T213417946637Z_9d5e65dd,HEUR,40,0.67,5,5,6,5.5,5.5,0.19,0.5,10,2,5760.0,stationary,50,True,79,0.2442732516826255,0.7987003411187066,,1,0.17272727272727273,7.778174593052023
20260921T213417946637Z_9d5e65dd,HEUR,40,0.67,5,5,6,6.0,5.5,0.19,0.5,10,2,5760.0,stationary,50,True,79,0.1,0.7289116934865087,,1,0.07071067811865475,7.778174593052023
20260921T213417946637Z_9d5e65dd,HEUR,40,0.67,5,5,6,6.0,5.5,0.19,0.5,10,2,5760.0,stationary,50,True,79,0.15,0.7986037188785697,,1,0.10606601717798211,7.778174593052023
20260921T213417946637Z_9d5e65dd,HEUR,40,0.67,5,5,6,6.0,5.5,0.19,0.5,10,2,5760.0,stationary,50,True,79,0.2,0.8758204311794705,,1,0.1414213562373095,7.778174593052023
20260921T213417946637Z_9d5e65dd,HEUR,40,0.67,5,5,6,6.0,5.5,0.19,0.5,10,2,5760.0,stationary,50,True,79,0.2442732516826255,0.8706717258029514,,1,0.17272727272727273,7.778174593052023
20260921T213417946637Z_9d5e65dd,HEUR,40,0.83,5,5,6,5.5,5.5,0.19,0.5,10,2,5760.0,stationary,50,True,79,0.1,0.6820171016754479,,1,0.07071067811865475,7.778174593052023
20260921T213417946637Z_9d5e65dd,HEUR,40,0.83,5,5,6,5.5,5.5,0.19,0.5,10,2,5760.0,stationary,50,True,79,0.15,0.760554453531901,,1,0.10606601717798211,7.778174593052023
20260921T213417946637Z_9d5e65dd,HEUR,40,0.83,5,5,6,5.5,5.5,0.19,0.5,10,2,5760.0,stationary,50,True,79,0.2,0.8154212612575955,,1,0.1414213562373095,7.778174593052023
20260921T213417946637Z_9d5e65dd,HEUR,40,0.83,5,5,6,5.5,5.5,0.19,0.5,10,2,5760.0,stationary,50,True,79,0.2442732516826255,0.8284941101074219,,1,0.17272727272727273,7.778174593052023
20260921T213417946637Z_9d5e65dd,HEUR,40,0.83,5,5,6,6.0,5.5,0.19,0.5,10,2,5760.0,stationary,50,True,79,0.1,0.7412599545344635,,1,0.07071067811865475,7.778174593052023
20260921T213417946637Z_9d5e65dd,HEUR,40,0.83,5,5,6,6.0,5.5,0.19,0.5,10,2,5760.0,stationary,50,True,79,0.15,0.8283225843641493,,1,0.10606601717798211,7.778174593052023
20260921T213417946637Z_9d5e65dd,HEUR,40,0.83,5,5,6,6.0,5.5,0.19,0.5,10,2,5760.0,stationary,50,True,79,0.2,0.888782721625434,,1,0.1414213562373095,7.778174593052023
20260921T213417946637Z_9d5e65dd,HEUR,40,0.83,5,5,6,6.0,5.5,0.19,0.5,10,2,5760.0,stationary,50,True,79,0.2442732516826255,0.9031853908962674,,1,0.17272727272727273,7.778174593052023
20260921T213417946637Z_9d5e65dd,HEUR,40,1.0,5,5,6,5.5,5.5,0.19,0.5,10,2,5760.0,stationary,50,True,79,0.1,0.7193117772321541,,1,0.07071067811865475,7.778174593052023
20260921T213417946637Z_9d5e65dd,HEUR,40,1.0,5,5,6,5.5,5.5,0.19,0.5,10,2,5760.0,stationary,50,True,79,0.15,0.7941581217447916,,1,0.10606601717798211,7.778174593052023
20260921T213417946637Z_9d5e65dd,HEUR,40,1.0,5,5,6,5.5,5.5,0.19,0.5,10,2,5760.0,stationary,50,True,79,0.2,0.8388489447699653,,1,0.1414213562373095,7.778174593052023
20260921T213417946637Z_9d5e65dd,HEUR,40,1.0,5,5,6,5.5,5.5,0.19,0.5,10,2,5760.0,stationary,50,True,79,0.2442732516826255,0.8406692674424914,,1,0.17272727272727273,7.778174593052023
20260921T213417946637Z_9d5e65dd,HEUR,40,1.0,5,5,6,6.0,5.5,0.19,0.5,10,2,5760.0,stationary,50,True,79,0.1,0.7818521877320408,,1,0.07071067811865475,7.778174593052023
20260921T213417946637Z_9d5e65dd,HEUR,40,1.0,5,5,6,6.0,5.5,0.19,0.5,10,2,5760.0,stationary,50,True,79,0.15,0.864903547498915,,1,0.10606601717798211,7.778174593052023
20260921T213417946637Z_9d5e65dd,HEUR,40,1.0,5,5,6,6.0,5.5,0.19,0.5,10,2,5760.0,stationary,50,True,79,0.2,0.9142392306857638,,1,0.1414213562373095,7.778174593052023
20260921T213417946637Z_9d5e65dd,HEUR,40,1.0,5,5,6,6.0,5.5,0.19,0.5,10,2,5760.0,stationary,50,True,79,0.2442732516826255,0.916464606391059,,1,0.17272727272727273,7.778174593052023
20260921T213417946637Z_9d5e65dd,HEUR_VOR,2,0.33,5,5,6,5.5,5.5,0.19,0.5,10,2,5760.0,stationary,50,True,79,0.1,0.2343065346720991,,1,0.07071067811865475,7.778174593052023
20260921T213417946637Z_9d5e65dd,HEUR_VOR,2,0.33,5,5,6,5.5,5.5,0.19,0.5,10,2,5760.0,stationary,50,True,79,0.15,0.2801560254687228,,1,0.10606601717798211,7.778174593052023
20260921T213417946637Z_9d5e65dd,HEUR_VOR,2,0.33,5,5,6,5.5,5.5,0.19,0.5,10,2,5760.0,stationary,50,True,79,0.2,0.3687136716876199,,1,0.1414213562373095,7.778174593052023
20260921T213417946637Z_9d5e65dd,HEUR_VOR,2,0.33,5,5,6,5.5,5.5,0.19,0.5,10,2,5760.0,stationary,50,True,79,0.2442732516826255,0.37445509693469764,,1,0.17272727272727273,7.778174593052023
20260921T213417946637Z_9d5e65dd,HEUR_VOR,2,0.33,5,5,6,6.0,5.5,0.19,0.5,10,2,5760.0,stationary,50,True,79,0.1,0.24116333445541646,,1,0.07071067811865475,7.778174593052023
20260921T213417946637Z_9d5e65dd,HEUR_VOR,2,0.33,5,5,6,6.0,5.5,0.19,0.5,10,2,5760.0,stationary,50,True,79,0.15,0.29196955928882073,,1,0.10606601717798211,7.778174593052023
20260921T213417946637Z_9d5e65dd,HEUR_VOR,2,0.33,5,5,6,6.0,5.5,0.19,0.5,10,2,5760.0,stationary,50,True,79,0.2,0.38967414858396876,,1,0.1414213562373095,7.778174593052023
20260921T213417946637Z_9d5e65dd,HEUR_VOR,2,0.33,5,5,6,6.0,5.5,0.19,0.5,10,2,5760.0,stationary,50,True,79,0.2442732516826255,0.3960961503563975,,1,0.17272727272727273,7.778174593052023
20260921T213417946637Z_9d5e65dd,HEUR_VOR,2,0.5,5,5,6,5.5,5.5,0.19,0.5,10,2,5760.0,stationary,50,True,79,0.1,0.35188879675764223,,1,0.07071067811865475,7.778174593052023
20260921T213417946637Z_9d5e65dd,HEUR_VOR,2,0.5,5,5,6,5.5,5.5,0.19,0.5,10,2,5760.0,stationary,50,True,79,0.15,0.3705071915869536,,1,0.10606601717798211,7.778174593052023
20260921T213417946637Z_9d5e65dd,HEUR_VOR,2,0.5,5,5,6,5.5,5.5,0.19,0.5,10,2,5760.0,stationary,50,True,79,0.2,0.4022153461949107,,1,0.1414213562373095,7.778174593052023
20260921T213417946637Z_9d5e65dd,HEUR_VOR,2,0.5,5,5,6,5.5,5.5,0.19,0.5,10,2,5760.0,stationary,50,True,79,0.2442732516826255,0.46941354211836755,,1,0.17272727272727273,7.778174593052023
20260921T213417946637Z_9d5e65dd,HEUR_VOR,2,0.5,5,5,6,6.0,5.5,0.19,0.5,10,2,5760.0,stationary,50,True,79,0.1,0.365651701930748,,1,0.07071067811865475,7.778174593052023
20260921T213417946637Z_9d5e65dd,HEUR_VOR,2,0.5,5,5,6,6.0,5.5,0.19,0.5,10,2,5760.0,stationary,50,True,79,0.15,0.38785009360200295,,1,0.10606601717798211,7.778174593052023
20260921T213417946637Z_9d5e65dd,HEUR_VOR,2,0.5,5,5,6,6.0,5.5,0.19,0.5,10,2,5760.0,stationary,50,True,79,0.2,0.4247746335262317,,1,0.1414213562373095,7.778174593052023
20260921T213417946637Z_9d5e65dd,HEUR_VOR,2,0.5,5,5,6,6.0,5.5,0.19,0.5,10,2,5760.0,stationary,50,True,79,0.2442732516826255,0.49877005690764686,,1,0.17272727272727273,7.778174593052023
20260921T213417946637Z_9d5e65dd,HEUR_VOR,2,0.67,5,5,6,5.5,5.5,0.19,0.5,10,2,5760.0,stationary,50,True,79,0.1,0.3599712023624718,,1,0.07071067811865475,7.778174593052023
20260921T213417946637Z_9d5e65dd,HEUR_VOR,2,0.67,5,5,6,5.5,5.5,0.19,0.5,10,2,5760.0,stationary,50,True,79,0.15,0.40902956424253434,,1,0.10606601717798211,7.778174593052023
20260921T213417946637Z_9d5e65dd,HEUR_VOR,2,0.67,5,5,6,5.5,5.5,0.19,0.5,10,2,5760.0,stationary,50,True,79,0.2,0.43436894518263797,,1,0.1414213562373095,7.778174593052023
20260921T213417946637Z_9d5e65dd,HEUR_VOR,2,0.67,5,5,6,5.5,5.5,0.19,0.5,10,2,5760.0,stationary,50,True,79,0.2442732516826255,0.47549564006970707,,1,0.17272727272727273,7.778174593052023
20260921T213417946637Z_9d5e65dd,HEUR_VOR,2,0.67,5,5,6,6.0,5.5,0.19,0.5,10,2,5760.0,stationary,50,True,79,0.1,0.37291010845231853,,1,0.07071067811865475,7.778174593052023
20260921T213417946637Z_9d5e65dd,HEUR_VOR,2,0.67,5,5,6,6.0,5.5,0.19,0.5,10,2,5760.0,stationary,50,True,79,0.15,0.4297626358258044,,1,0.10606601717798211,7.778174593052023
20260921T213417946637Z_9d5e65dd,HEUR_VOR,2,0.67,5,5,6,6.0,5.5,0.19,0.5,10,2,5760.0,stationary,50,True,79,0.2,0.4585273267717414,,1,0.1414213562373095,7.778174593052023
20260921T213417946637Z_9d5e65dd,HEUR_VOR,2,0.67,5,5,6,6.0,5.5,0.19,0.5,10,2,5760.0,stationary,50,True,79,0.2442732516826255,0.5038698898696973,,1,0.17272727272727273,7.778174593052023
20260921T213417946637Z_9d5e65dd,HEUR_VOR,2,0.83,5,5,6,5.5,5.5,0.19,0.5,10,2,5760.0,stationary,50,True,79,0.1,0.38254183704521194,,1,0.07071067811865475,7.778174593052023
20260921T213417946637Z_9d5e65dd,HEUR_VOR,2,0.83,5,5,6,5.5,5.5,0.19,0.5,10,2,5760.0,stationary,50,True,79,0.15,0.44679015468337235,,1,0.10606601717798211,7.778174593052023
20260921T213417946637Z_9d5e65dd,HEUR_VOR,2,0.83,5,5,6,5.5,5.5,0.19,0.5,10,2,5760.0,stationary,50,True,79,0.2,0.4651484287522903,,1,0.1414213562373095,7.778174593052023
20260921T213417946637Z_9d5e65dd,HEUR_VOR,2,0.83,5,5,6,5.5,5.5,0.19,0.5,10,2,5760.0,stationary,50,True,79,0.2442732516826255,0.5020071364274721,,1,0.17272727272727273,7.778174593052023
20260921T213417946637Z_9d5e65dd,HEUR_VOR,2,0.83,5,5,6,6.0,5.5,0.19,0.5,10,2,5760.0,stationary,50,True,79,0.1,0.3950204348947708,,1,0.07071067811865475,7.778174593052023
20260921T213417946637Z_9d5e65dd,HEUR_VOR,2,0.83,5,5,6,6.0,5.5,0.19,0.5,10,2,5760.0,stationary,50,True,79,0.15,0.46903370500870556,,1,0.10606601717798211,7.778174593052023
20260921T213417946637Z_9d5e65dd,HEUR_VOR,2,0.83,5,5,6,6.0,5.5,0.19,0.5,10,2,5760.0,stationary,50,True,79,0.2,0.49012910426633755,,1,0.1414213562373095,7.778174593052023
20260921T213417946637Z_9d5e65dd,HEUR_VOR,2,0.83,5,5,6,6.0,5.5,0.19,0.5,10,2,5760.0,stationary,50,True,79,0.2442732516826255,0.5320240109233987,,1,0.17272727272727273,7.778174593052023
20260921T213417946637Z_9d5e65dd,HEUR_VOR,2,1.0,5,5,6,5.5,5.5,0.19,0.5,10,2,5760.0,stationary,50,True,79,0.1,0.4422791218927045,,1,0.07071067811865475,7.778174593052023
20260921T213417946637Z_9d5e65dd,HEUR_VOR,2,1.0,5,5,6,5.5,5.5,0.19,0.5,10,2,5760.0,stationary,50,True,79,0.15,0.44676320697228367,,1,0.10606601717798211,7.778174593052023
20260921T213417946637Z_9d5e65dd,HEUR_VOR,2,1.0,5,5,6,5.5,5.5,0.19,0.5,10,2,5760.0,stationary,50,True,79,0.2,0.4428773884849968,,1,0.1414213562373095,7.778174593052023
20260921T213417946637Z_9d5e65dd,HEUR_VOR,2,1.0,5,5,6,5.5,5.5,0.19,0.5,10,2,5760.0,stationary,50,True,79,0.2442732516826255,0.5473839470260023,,1,0.17272727272727273,7.778174593052023
20260921T213417946637Z_9d5e65dd,HEUR_VOR,2,1.0,5,5,6,6.0,5.5,0.19,0.5,10,2,5760.0,stationary,50,True,79,0.1,0.46041835538022735,,1,0.07071067811865475,7.778174593052023
20260921T213417946637Z_9d5e65dd,HEUR_VOR,2,1.0,5,5,6,6.0,5.5,0.19,0.5,10,2,5760.0,stationary,50,True,79,0.15,0.4660948689590231,,1,0.10606601717798211,7.778174593052023
20260921T213417946637Z_9d5e65dd,HEUR_VOR,2,1.0,5,5,6,6.0,5.5,0.19,0.5,10,2,5760.0,stationary,50,True,79,0.2,0.4636808881509314,,1,0.1414213562373095,7.778174593052023
20260921T213417946637Z_9d5e65dd,HEUR_VOR,2,1.0,5,5,6,6.0,5.5,0.19,0.5,10,2,5760.0,stationary,50,True,79,0.2442732516826255,0.5813979903829678,,1,0.17272727272727273,7.778174593052023
20260921T213417946637Z_9d5e65dd,HEUR_VOR,5,0.33,5,5,6,5.5,5.5,0.19,0.5,10,2,5760.0,stationary,50,True,79,0.1,0.37474048272244503,,1,0.07071067811865475,7.778174593052023
20260921T213417946637Z_9d5e65dd,HEUR_VOR,5,0.33,5,5,6,5.5,5.5,0.19,0.5,10,2,5760.0,stationary,50,True,79,0.15,0.4456544415876445,,1,0.10606601717798211,7.778174593052023
20260921T213417946637Z_9d5e65dd,HEUR_VOR,5,0.33,5,5,6,5.5,5.5,0.19,0.5,10,2,5760.0,stationary,50,True,79,0.2,0.5011449388445749,,1,0.1414213562373095,7.778174593052023
20260921T213417946637Z_9d5e65dd,HEUR_VOR,5,0.33,5,5,6,5.5,5.5,0.19,0.5,10,2,5760.0,stationary,50,True,79,0.2442732516826255,0.5374420250551852,,1,0.17272727272727273,7.778174593052023
20260921T213417946637Z_9d5e65dd,HEUR_VOR,5,0.33,5,5,6,6.0,5.5,0.19,0.5,10,2,5760.0,stationary,50,True,79,0.1,0.39714061172675746,,1,0.07071067811865475,7.778174593052023
20260921T213417946637Z_9d5e65dd,HEUR_VOR,5,0.33,5,5,6,6.0,5.5,0.19,0.5,10,2,5760.0,stationary,50,True,79,0.15,0.47587998000183185,,1,0.10606601717798211,7.778174593052023
20260921T213417946637Z_9d5e65dd,HEUR_VOR,5,0.33,5,5,6,6.0,5.5,0.19,0.5,10,2,5760.0,stationary,50,True,79,0.2,0.5385411448251728,,1,0.1414213562373095,7.778174593052023
20260921T213417946637Z_9d5e65dd,HEUR_VOR,5,0.33,5,5,6,6.0,5.5,0.19,0.5,10,2,5760.0,stationary,50,True,79,0.2442732516826255,0.5785315588712221,,1,0.17272727272727273,7.778174593052023
20260921T213417946637Z_9d5e65dd,HEUR_VOR,5,0.5,5,5,6,5.5,5.5,0.19,0.5,10,2,5760.0,stationary,50,True,79,0.1,0.4230641258593568,,1,0.07071067811865475,7.778174593052023
20260921T213417946637Z_9d5e65dd,HEUR_VOR,5,0.5,5,5,6,5.5,5.5,0.19,0.5,10,2,5760.0,stationary,50,True,79,0.15,0.48456406011814024,,1,0.10606601717798211,7.778174593052023
20260921T213417946637Z_9d5e65dd,HEUR_VOR,5,0.5,5,5,6,5.5,5.5,0.19,0.5,10,2,5760.0,stationary,50,True,79,0.2,0.538290674320096,,1,0.1414213562373095,7.778174593052023
20260921T213417946637Z_9d5e65dd,HEUR_VOR,5,0.5,5,5,6,5.5,5.5,0.19,0.5,10,2,5760.0,stationary,50,True,79,0.2442732516826255,0.5567676296133568,,1,0.17272727272727273,7.778174593052023
20260921T213417946637Z_9d5e65dd,HEUR_VOR,5,0.5,5,5,6,6.0,5.5,0.19,0.5,10,2,5760.0,stationary,50,True,79,0.1,0.4478810687521848,,1,0.07071067811865475,7.778174593052023
20260921T213417946637Z_9d5e65dd,HEUR_VOR,5,0.5,5,5,6,6.0,5.5,0.19,0.5,10,2,5760.0,stationary,50,True,79,0.15,0.5164124769346401,,1,0.10606601717798211,7.778174593052023
20260921T213417946637Z_9d5e65dd,HEUR_VOR,5,0.5,5,5,6,6.0,5.5,0.19,0.5,10,2,5760.0,stationary,50,True,79,0.2,0.5773981076744201,,1,0.1414213562373095,7.778174593052023
20260921T213417946637Z_9d5e65dd,HEUR_VOR,5,0.5,5,5,6,6.0,5.5,0.19,0.5,10,2,5760.0,stationary,50,True,79,0.2442732516826255,0.5980325050677026,,1,0.17272727272727273,7.778174593052023
20260921T213417946637Z_9d5e65dd,HEUR_VOR,5,0.67,5,5,6,5.5,5.5,0.19,0.5,10,2,5760.0,stationary,50,True,79,0.1,0.44822112174883283,,1,0.07071067811865475,7.778174593052023
20260921T213417946637Z_9d5e65dd,HEUR_VOR,5,0.67,5,5,6,5.5,5.5,0.19,0.5,10,2,5760.0,stationary,50,True,79,0.15,0.507279397661141,,1,0.10606601717798211,7.778174593052023
20260921T213417946637Z_9d5e65dd,HEUR_VOR,5,0.67,5,5,6,5.5,5.5,0.19,0.5,10,2,5760.0,stationary,50,True,79,0.2,0.5410790943568966,,1,0.1414213562373095,7.778174593052023
20260921T213417946637Z_9d5e65dd,HEUR_VOR,5,0.67,5,5,6,5.5,5.5,0.19,0.5,10,2,5760.0,stationary,50,True,79,0.2442732516826255,0.645386304693006,,1,0.17272727272727273,7.778174593052023
20260921T213417946637Z_9d5e65dd,HEUR_VOR,5,0.67,5,5,6,6.0,5.5,0.19,0.5,10,2,5760.0,stationary,50,True,79,0.1,0.4723127018915464,,1,0.07071067811865475,7.778174593052023
20260921T213417946637Z_9d5e65dd,HEUR_VOR,5,0.67,5,5,6,6.0,5.5,0.19,0.5,10,2,5760.0,stationary,50,True,79,0.15,0.5388548253429557,,1,0.10606601717798211,7.778174593052023
20260921T213417946637Z_9d5e65dd,HEUR_VOR,5,0.67,5,5,6,6.0,5.5,0.19,0.5,10,2,5760.0,stationary,50,True,79,0.2,0.5784933218097874,,1,0.1414213562373095,7.778174593052023
20260921T213417946637Z_9d5e65dd,HEUR_VOR,5,0.67,5,5,6,6.0,5.5,0.19,0.5,10,2,5760.0,stationary,50,True,79,0.2442732516826255,0.6956246376141,,1,0.17272727272727273,7.778174593052023
20260921T213417946637Z_9d5e65dd,HEUR_VOR,5,0.83,5,5,6,5.5,5.5,0.19,0.5,10,2,5760.0,stationary,50,True,79,0.1,0.4446001723846719,,1,0.07071067811865475,7.778174593052023
20260921T213417946637Z_9d5e65dd,HEUR_VOR,5,0.83,5,5,6,5.5,5.5,0.19,0.5,10,2,5760.0,stationary,50,True,79,0.15,0.5881118754257142,,1,0.10606601717798211,7.778174593052023
20260921T213417946637Z_9d5e65dd,HEUR_VOR,5,0.83,5,5,6,5.5,5.5,0.19,0.5,10,2,5760.0,stationary,50,True,79,0.2,0.5796747544732161,,1,0.1414213562373095,7.778174593052023
20260921T213417946637Z_9d5e65dd,HEUR_VOR,5,0.83,5,5,6,5.5,5.5,0.19,0.5,10,2,5760.0,stationary,50,True,79,0.2442732516826255,0.6235225352611012,,1,0.17272727272727273,7.778174593052023
20260921T213417946637Z_9d5e65dd,HEUR_VOR,5,0.83,5,5,6,6.0,5.5,0.19,0.5,10,2,5760.0,stationary,50,True,79,0.1,0.46688191099002285,,1,0.07071067811865475,7.778174593052023
20260921T213417946637Z_9d5e65dd,HEUR_VOR,5,0.83,5,5,6,6.0,5.5,0.19,0.5,10,2,5760.0,stationary,50,True,79,0.15,0.6289478941984189,,1,0.10606601717798211,7.778174593052023
20260921T213417946637Z_9d5e65dd,HEUR_VOR,5,0.83,5,5,6,6.0,5.5,0.19,0.5,10,2,5760.0,stationary,50,True,79,0.2,0.6190686840351465,,1,0.1414213562373095,7.778174593052023
20260921T213417946637Z_9d5e65dd,HEUR_VOR,5,0.83,5,5,6,6.0,5.5,0.19,0.5,10,2,5760.0,stationary,50,True,79,0.2442732516826255,0.6696477393004219,,1,0.17272727272727273,7.778174593052023
20260921T213417946637Z_9d5e65dd,HEUR_VOR,5,1.0,5,5,6,5.5,5.5,0.19,0.5,10,2,5760.0,stationary,50,True,79,0.1,0.4980219799670016,,1,0.07071067811865475,7.778174593052023
20260921T213417946637Z_9d5e65dd,HEUR_VOR,5,1.0,5,5,6,5.5,5.5,0.19,0.5,10,2,5760.0,stationary,50,True,79,0.15,0.5749496333089654,,1,0.10606601717798211,7.778174593052023
20260921T213417946637Z_9d5e65dd,HEUR_VOR,5,1.0,5,5,6,5.5,5.5,0.19,0.5,10,2,5760.0,stationary,50,True,79,0.2,0.6480626301817927,,1,0.1414213562373095,7.778174593052023
20260921T213417946637Z_9d5e65dd,HEUR_VOR,5,1.0,5,5,6,5.5,5.5,0.19,0.5,10,2,5760.0,stationary,50,True,79,0.2442732516826255,0.6481645968439109,,1,0.17272727272727273,7.778174593052023
20260921T213417946637Z_9d5e65dd,HEUR_VOR,5,1.0,5,5,6,6.0,5.5,0.19,0.5,10,2,5760.0,stationary,50,True,79,0.1,0.5251887857303363,,1,0.07071067811865475,7.778174593052023
20260921T213417946637Z_9d5e65dd,HEUR_VOR,5,1.0,5,5,6,6.0,5.5,0.19,0.5,10,2,5760.0,stationary,50,True,79,0.15,0.6120569944790774,,1,0.10606601717798211,7.778174593052023
20260921T213417946637Z_9d5e65dd,HEUR_VOR,5,1.0,5,5,6,6.0,5.5,0.19,0.5,10,2,5760.0,stationary,50,True,79,0.2,0.6952691744941621,,1,0.1414213562373095,7.778174593052023
20260921T213417946637Z_9d5e65dd,HEUR_VOR,5,1.0,5,5,6,6.0,5.5,0.19,0.5,10,2,5760.0,stationary,50,True,79,0.2442732516826255,0.6970625189193538,,1,0.17272727272727273,7.778174593052023
20260921T213417946637Z_9d5e65dd,HEUR_VOR,10,0.33,5,5,6,5.5,5.5,0.19,0.5,10,2,5760.0,stationary,50,True,79,0.1,0.43621538042491814,,1,0.07071067811865475,7.778174593052023
20260921T213417946637Z_9d5e65dd,HEUR_VOR,10,0.33,5,5,6,5.5,5.5,0.19,0.5,10,2,5760.0,stationary,50,True,79,0.15,0.5338874795455044,,1,0.10606601717798211,7.778174593052023
20260921T213417946637Z_9d5e65dd,HEUR_VOR,10,0.33,5,5,6,5.5,5.5,0.19,0.5,10,2,5760.0,stationary,50,True,79,0.2,0.5778496172677429,,1,0.1414213562373095,7.778174593052023
20260921T213417946637Z_9d5e65dd,HEUR_VOR,10,0.33,5,5,6,5.5,5.5,0.19,0.5,10,2,5760.0,stationary,50,True,79,0.2442732516826255,0.6123374246941695,,1,0.17272727272727273,7.778174593052023
20260921T213417946637Z_9d5e65dd,HEUR_VOR,10,0.33,5,5,6,6.0,5.5,0.19,0.5,10,2,5760.0,stationary,50,True,79,0.1,0.46616520035461334,,1,0.07071067811865475,7.778174593052023
20260921T213417946637Z_9d5e65dd,HEUR_VOR,10,0.33,5,5,6,6.0,5.5,0.19,0.5,10,2,5760.0,stationary,50,True,79,0.15,0.5745417573087334,,1,0.10606601717798211,7.778174593052023
20260921T213417946637Z_9d5e65dd,HEUR_VOR,10,0.33,5,5,6,6.0,5.5,0.19,0.5,10,2,5760.0,stationary,50,True,79,0.2,0.6237741069854721,,1,0.1414213562373095,7.778174593052023
20260921T213417946637Z_9d5e65dd,HEUR_VOR,10,0.33,5,5,6,6.0,5.5,0.19,0.5,10,2,5760.0,stationary,50,True,79,0.2442732516826255,0.662496560880623,,1,0.17272727272727273,7.778174593052023
20260921T213417946637Z_9d5e65dd,HEUR_VOR,10,0.5,5,5,6,5.5,5.5,0.19,0.5,10,2,5760.0,stationary,50,True,79,0.1,0.4874391900233094,,1,0.07071067811865475,7.778174593052023
20260921T213417946637Z_9d5e65dd,HEUR_VOR,10,0.5,5,5,6,5.5,5.5,0.19,0.5,10,2,5760.0,stationary,50,True,79,0.15,0.5978628434119257,,1,0.10606601717798211,7.778174593052023
20260921T213417946637Z_9d5e65dd,HEUR_VOR,10,0.5,5,5,6,5.5,5.5,0.19,0.5,10,2,5760.0,stationary,50,True,79,0.2,0.6353048806662088,,1,0.1414213562373095,7.778174593052023
20260921T213417946637Z_9d5e65dd,HEUR_VOR,10,0.5,5,5,6,5.5,5.5,0.19,0.5,10,2,5760.0,stationary,50,True,79,0.2442732516826255,0.6607556178523775,,1,0.17272727272727273,7.778174593052023
20260921T213417946637Z_9d5e65dd,HEUR_VOR,10,0.5,5,5,6,6.0,5.5,0.19,0.5,10,2,5760.0,stationary,50,True,79,0.1,0.5187799853970041,,1,0.07071067811865475,7.778174593052023
20260921T213417946637Z_9d5e65dd,HEUR_VOR,10,0.5,5,5,6,6.0,5.5,0.19,0.5,10,2,5760.0,stationary,50,True,79,0.15,0.6435356988853108,,1,0.10606601717798211,7.778174593052023
20260921T213417946637Z_9d5e65dd,HEUR_VOR,10,0.5,5,5,6,6.0,5.5,0.19,0.5,10,2,5760.0,stationary,50,True,79,0.2,0.6862907414080575,,1,0.1414213562373095,7.778174593052023
20260921T213417946637Z_9d5e65dd,HEUR_VOR,10,0.5,5,5,6,6.0,5.5,0.19,0.5,10,2,5760.0,stationary,50,True,79,0.2442732516826255,0.7151203657549291,,1,0.17272727272727273,7.778174593052023
20260921T213417946637Z_9d5e65dd,HEUR_VOR,10,0.67,5,5,6,5.5,5.5,0.19,0.5,10,2,5760.0,stationary,50,True,79,0.1,0.5063337756573981,,1,0.07071067811865475,7.778174593052023
20260921T213417946637Z_9d5e65dd,HEUR_VOR,10,0.67,5,5,6,5.5,5.5,0.19,0.5,10,2,5760.0,stationary,50,True,79,0.15,0.603235855075897,,1,0.10606601717798211,7.778174593052023
20260921T213417946637Z_9d5e65dd,HEUR_VOR,10,0.67,5,5,6,5.5,5.5,0.19,0.5,10,2,5760.0,stationary,50,True,79,0.2,0.646951357430459,,1,0.1414213562373095,7.778174593052023
20260921T213417946637Z_9d5e65dd,HEUR_VOR,10,0.67,5,5,6,5.5,5.5,0.19,0.5,10,2,5760.0,stationary,50,True,79,0.2442732516826255,0.657264459392966,,1,0.17272727272727273,7.778174593052023
20260921T213417946637Z_9d5e65dd,HEUR_VOR,10,0.67,5,5,6,6.0,5.5,0.19,0.5,10,2,5760.0,stationary,50,True,79,0.1,0.5391292296252419,,1,0.07071067811865475,7.778174593052023
20260921T213417946637Z_9d5e65dd,HEUR_VOR,10,0.67,5,5,6,6.0,5.5,0.19,0.5,10,2,5760.0,stationary,50,True,79,0.15,0.6490202646096751,,1,0.10606601717798211,7.778174593052023
20260921T213417946637Z_9d5e65dd,HEUR_VOR,10,0.67,5,5,6,6.0,5.5,0.19,0.5,10,2,5760.0,stationary,50,True,79,0.2,0.698168234755744,,1,0.1414213562373095,7.778174593052023
20260921T213417946637Z_9d5e65dd,HEUR_VOR,10,0.67,5,5,6,6.0,5.5,0.19,0.5,10,2,5760.0,stationary,50,True,79,0.2442732516826255,0.7103380210120989,,1,0.17272727272727273,7.778174593052023
20260921T213417946637Z_9d5e65dd,HEUR_VOR,10,0.83,5,5,6,5.5,5.5,0.19,0.5,10,2,5760.0,stationary,50,True,79,0.1,0.5673840250616397,,1,0.07071067811865475,7.778174593052023
20260921T213417946637Z_9d5e65dd,HEUR_VOR,10,0.83,5,5,6,5.5,5.5,0.19,0.5,10,2,5760.0,stationary,50,True,79,0.15,0.6115270840157222,,1,0.10606601717798211,7.778174593052023
20260921T213417946637Z_9d5e65dd,HEUR_VOR,10,0.83,5,5,6,5.5,5.5,0.19,0.5,10,2,5760.0,stationary,50,True,79,0.2,0.6230868231774996,,1,0.1414213562373095,7.778174593052023
20260921T213417946637Z_9d5e65dd,HEUR_VOR,10,0.83,5,5,6,5.5,5.5,0.19,0.5,10,2,5760.0,stationary,50,True,79,0.2442732516826255,0.6990031537423957,,1,0.17272727272727273,7.778174593052023
20260921T213417946637Z_9d5e65dd,HEUR_VOR,10,0.83,5,5,6,6.0,5.5,0.19,0.5,10,2,5760.0,stationary,50,True,79,0.1,0.605397598615213,,1,0.07071067811865475,7.778174593052023
20260921T213417946637Z_9d5e65dd,HEUR_VOR,10,0.83,5,5,6,6.0,5.5,0.19,0.5,10,2,5760.0,stationary,50,True,79,0.15,0.6566835501943955,,1,0.10606601717798211,7.778174593052023
20260921T213417946637Z_9d5e65dd,HEUR_VOR,10,0.83,5,5,6,6.0,5.5,0.19,0.5,10,2,5760.0,stationary,50,True,79,0.2,0.6701803581854456,,1,0.1414213562373095,7.778174593052023
20260921T213417946637Z_9d5e65dd,HEUR_VOR,10,0.83,5,5,6,6.0,5.5,0.19,0.5,10,2,5760.0,stationary,50,True,79,0.2442732516826255,0.755158053000676,,1,0.17272727272727273,7.778174593052023
20260921T213417946637Z_9d5e65dd,HEUR_VOR,10,1.0,5,5,6,5.5,5.5,0.19,0.5,10,2,5760.0,stationary,50,True,79,0.1,0.5997012139439986,,1,0.07071067811865475,7.778174593052023
20260921T213417946637Z_9d5e65dd,HEUR_VOR,10,1.0,5,5,6,5.5,5.5,0.19,0.5,10,2,5760.0,stationary,50,True,79,0.15,0.640029990310752,,1,0.10606601717798211,7.778174593052023
20260921T213417946637Z_9d5e65dd,HEUR_VOR,10,1.0,5,5,6,5.5,5.5,0.19,0.5,10,2,5760.0,stationary,50,True,79,0.2,0.6861677552816472,,1,0.1414213562373095,7.778174593052023
20260921T213417946637Z_9d5e65dd,HEUR_VOR,10,1.0,5,5,6,5.5,5.5,0.19,0.5,10,2,5760.0,stationary,50,True,79,0.2442732516826255,0.7083189831756894,,1,0.17272727272727273,7.778174593052023
20260921T213417946637Z_9d5e65dd,HEUR_VOR,10,1.0,5,5,6,6.0,5.5,0.19,0.5,10,2,5760.0,stationary,50,True,79,0.1,0.6398550808481892,,1,0.07071067811865475,7.778174593052023
20260921T213417946637Z_9d5e65dd,HEUR_VOR,10,1.0,5,5,6,6.0,5.5,0.19,0.5,10,2,5760.0,stationary,50,True,79,0.15,0.6868420940686566,,1,0.10606601717798211,7.778174593052023
20260921T213417946637Z_9d5e65dd,HEUR_VOR,10,1.0,5,5,6,6.0,5.5,0.19,0.5,10,2,5760.0,stationary,50,True,79,0.2,0.7395819942376491,,1,0.1414213562373095,7.778174593052023
20260921T213417946637Z_9d5e65dd,HEUR_VOR,10,1.0,5,5,6,6.0,5.5,0.19,0.5,10,2,5760.0,stationary,50,True,79,0.2442732516826255,0.7649003723169406,,1,0.17272727272727273,7.778174593052023
20260921T213417946637Z_9d5e65dd,HEUR_VOR,20,0.33,5,5,6,5.5,5.5,0.19,0.5,10,2,5760.0,stationary,50,True,79,0.1,0.4741143375194208,,1,0.07071067811865475,7.778174593052023
20260921T213417946637Z_9d5e65dd,HEUR_VOR,20,0.33,5,5,6,5.5,5.5,0.19,0.5,10,2,5760.0,stationary,50,True,79,0.15,0.6195705904422469,,1,0.10606601717798211,7.778174593052023
20260921T213417946637Z_9d5e65dd,HEUR_VOR,20,0.33,5,5,6,5.5,5.5,0.19,0.5,10,2,5760.0,stationary,50,True,79,0.2,0.625176110327973,,1,0.1414213562373095,7.778174593052023
20260921T213417946637Z_9d5e65dd,HEUR_VOR,20,0.33,5,5,6,5.5,5.5,0.19,0.5,10,2,5760.0,stationary,50,True,79,0.2442732516826255,0.6450582284040877,,1,0.17272727272727273,7.778174593052023
20260921T213417946637Z_9d5e65dd,HEUR_VOR,20,0.33,5,5,6,6.0,5.5,0.19,0.5,10,2,5760.0,stationary,50,True,79,0.1,0.5086711754064336,,1,0.07071067811865475,7.778174593052023
20260921T213417946637Z_9d5e65dd,HEUR_VOR,20,0.33,5,5,6,6.0,5.5,0.19,0.5,10,2,5760.0,stationary,50,True,79,0.15,0.6707451127019767,,1,0.10606601717798211,7.778174593052023
20260921T213417946637Z_9d5e65dd,HEUR_VOR,20,0.33,5,5,6,6.0,5.5,0.19,0.5,10,2,5760.0,stationary,50,True,79,0.2,0.677906796284753,,1,0.1414213562373095,7.778174593052023
20260921T213417946637Z_9d5e65dd,HEUR_VOR,20,0.33,5,5,6,6.0,5.5,0.19,0.5,10,2,5760.0,stationary,50,True,79,0.2442732516826255,0.6996110834246528,,1,0.17272727272727273,7.778174593052023
20260921T213417946637Z_9d5e65dd,HEUR_VOR,20,0.5,5,5,6,5.5,5.5,0.19,0.5,10,2,5760.0,stationary,50,True,79,0.1,0.5568756775397414,,1,0.07071067811865475,7.778174593052023
20260921T213417946637Z_9d5e65dd,HEUR_VOR,20,0.5,5,5,6,5.5,5.5,0.19,0.5,10,2,5760.0,stationary,50,True,79,0.15,0.6556108845960373,,1,0.10606601717798211,7.778174593052023
20260921T213417946637Z_9d5e65dd,HEUR_VOR,20,0.5,5,5,6,5.5,5.5,0.19,0.5,10,2,5760.0,stationary,50,True,79,0.2,0.7106429197372964,,1,0.1414213562373095,7.778174593052023
20260921T213417946637Z_9d5e65dd,HEUR_VOR,20,0.5,5,5,6,5.5,5.5,0.19,0.5,10,2,5760.0,stationary,50,True,79,0.2442732516826255,0.7239546693687864,,1,0.17272727272727273,7.778174593052023
20260921T213417946637Z_9d5e65dd,HEUR_VOR,20,0.5,5,5,6,6.0,5.5,0.19,0.5,10,2,5760.0,stationary,50,True,79,0.1,0.5978131470272151,,1,0.07071067811865475,7.778174593052023
20260921T213417946637Z_9d5e65dd,HEUR_VOR,20,0.5,5,5,6,6.0,5.5,0.19,0.5,10,2,5760.0,stationary,50,True,79,0.15,0.7090736363558161,,1,0.10606601717798211,7.778174593052023
20260921T213417946637Z_9d5e65dd,HEUR_VOR,20,0.5,5,5,6,6.0,5.5,0.19,0.5,10,2,5760.0,stationary,50,True,79,0.2,0.7709835814542291,,1,0.1414213562373095,7.778174593052023
20260921T213417946637Z_9d5e65dd,HEUR_VOR,20,0.5,5,5,6,6.0,5.5,0.19,0.5,10,2,5760.0,stationary,50,True,79,0.2442732516826255,0.7860515868893269,,1,0.17272727272727273,7.778174593052023
20260921T213417946637Z_9d5e65dd,HEUR_VOR,20,0.67,5,5,6,5.5,5.5,0.19,0.5,10,2,5760.0,stationary,50,True,79,0.1,0.5875830603823623,,1,0.07071067811865475,7.778174593052023
20260921T213417946637Z_9d5e65dd,HEUR_VOR,20,0.67,5,5,6,5.5,5.5,0.19,0.5,10,2,5760.0,stationary,50,True,79,0.15,0.7118395351211245,,1,0.10606601717798211,7.778174593052023
20260921T213417946637Z_9d5e65dd,HEUR_VOR,20,0.67,5,5,6,5.5,5.5,0.19,0.5,10,2,5760.0,stationary,50,True,79,0.2,0.7120651785320598,,1,0.1414213562373095,7.778174593052023
20260921T213417946637Z_9d5e65dd,HEUR_VOR,20,0.67,5,5,6,5.5,5.5,0.19,0.5,10,2,5760.0,stationary,50,True,79,0.2442732516826255,0.7268603538078584,,1,0.17272727272727273,7.778174593052023
20260921T213417946637Z_9d5e65dd,HEUR_VOR,20,0.67,5,5,6,6.0,5.5,0.19,0.5,10,2,5760.0,stationary,50,True,79,0.1,0.6311493055211962,,1,0.07071067811865475,7.778174593052023
20260921T213417946637Z_9d5e65dd,HEUR_VOR,20,0.67,5,5,6,6.0,5.5,0.19,0.5,10,2,5760.0,stationary,50,True,79,0.15,0.7707148197841537,,1,0.10606601717798211,7.778174593052023
20260921T213417946637Z_9d5e65dd,HEUR_VOR,20,0.67,5,5,6,6.0,5.5,0.19,0.5,10,2,5760.0,stationary,50,True,79,0.2,0.7717991100328895,,1,0.1414213562373095,7.778174593052023
20260921T213417946637Z_9d5e65dd,HEUR_VOR,20,0.67,5,5,6,6.0,5.5,0.19,0.5,10,2,5760.0,stationary,50,True,79,0.2442732516826255,0.7884549340852589,,1,0.17272727272727273,7.778174593052023
20260921T213417946637Z_9d5e65dd,HEUR_VOR,20,0.83,5,5,6,5.5,5.5,0.19,0.5,10,2,5760.0,stationary,50,True,79,0.1,0.638727769202229,,1,0.07071067811865475,7.778174593052023
20260921T213417946637Z_9d5e65dd,HEUR_VOR,20,0.83,5,5,6,5.5,5.5,0.19,0.5,10,2,5760.0,stationary,50,True,79,0.15,0.7105266525084714,,1,0.10606601717798211,7.778174593052023
20260921T213417946637Z_9d5e65dd,HEUR_VOR,20,0.83,5,5,6,5.5,5.5,0.19,0.5,10,2,5760.0,stationary,50,True,79,0.2,0.7309404674551105,,1,0.1414213562373095,7.778174593052023
20260921T213417946637Z_9d5e65dd,HEUR_VOR,20,0.83,5,5,6,5.5,5.5,0.19,0.5,10,2,5760.0,stationary,50,True,79,0.2442732516826255,0.7674053389752065,,1,0.17272727272727273,7.778174593052023
20260921T213417946637Z_9d5e65dd,HEUR_VOR,20,0.83,5,5,6,6.0,5.5,0.19,0.5,10,2,5760.0,stationary,50,True,79,0.1,0.6872760768147494,,1,0.07071067811865475,7.778174593052023
20260921T213417946637Z_9d5e65dd,HEUR_VOR,20,0.83,5,5,6,6.0,5.5,0.19,0.5,10,2,5760.0,stationary,50,True,79,0.15,0.7679144985704537,,1,0.10606601717798211,7.778174593052023
20260921T213417946637Z_9d5e65dd,HEUR_VOR,20,0.83,5,5,6,6.0,5.5,0.19,0.5,10,2,5760.0,stationary,50,True,79,0.2,0.7920944567938536,,1,0.1414213562373095,7.778174593052023
20260921T213417946637Z_9d5e65dd,HEUR_VOR,20,0.83,5,5,6,6.0,5.5,0.19,0.5,10,2,5760.0,stationary,50,True,79,0.2442732516826255,0.8330358412710531,,1,0.17272727272727273,7.778174593052023
20260921T213417946637Z_9d5e65dd,HEUR_VOR,20,1.0,5,5,6,5.5,5.5,0.19,0.5,10,2,5760.0,stationary,50,True,79,0.1,0.6536381759216408,,1,0.07071067811865475,7.778174593052023
20260921T213417946637Z_9d5e65dd,HEUR_VOR,20,1.0,5,5,6,5.5,5.5,0.19,0.5,10,2,5760.0,stationary,50,True,79,0.15,0.758705645302325,,1,0.10606601717798211,7.778174593052023
20260921T213417946637Z_9d5e65dd,HEUR_VOR,20,1.0,5,5,6,5.5,5.5,0.19,0.5,10,2,5760.0,stationary,50,True,79,0.2,0.7576348994954784,,1,0.1414213562373095,7.778174593052023
20260921T213417946637Z_9d5e65dd,HEUR_VOR,20,1.0,5,5,6,5.5,5.5,0.19,0.5,10,2,5760.0,stationary,50,True,79,0.2442732516826255,0.7778838899526571,,1,0.17272727272727273,7.778174593052023
20260921T213417946637Z_9d5e65dd,HEUR_VOR,20,1.0,5,5,6,6.0,5.5,0.19,0.5,10,2,5760.0,stationary,50,True,79,0.1,0.7026851875204589,,1,0.07071067811865475,7.778174593052023
20260921T213417946637Z_9d5e65dd,HEUR_VOR,20,1.0,5,5,6,6.0,5.5,0.19,0.5,10,2,5760.0,stationary,50,True,79,0.15,0.8218234865268557,,1,0.10606601717798211,7.778174593052023
20260921T213417946637Z_9d5e65dd,HEUR_VOR,20,1.0,5,5,6,6.0,5.5,0.19,0.5,10,2,5760.0,stationary,50,True,79,0.2,0.8214812717165766,,1,0.1414213562373095,7.778174593052023
20260921T213417946637Z_9d5e65dd,HEUR_VOR,20,1.0,5,5,6,6.0,5.5,0.19,0.5,10,2,5760.0,stationary,50,True,79,0.2442732516826255,0.8440394346897928,,1,0.17272727272727273,7.778174593052023
20260921T213417946637Z_9d5e65dd,HEUR_VOR,30,0.33,5,5,6,5.5,5.5,0.19,0.5,10,2,5760.0,stationary,50,True,79,0.1,0.5805414177389706,,1,0.07071067811865475,7.778174593052023
20260921T213417946637Z_9d5e65dd,HEUR_VOR,30,0.33,5,5,6,5.5,5.5,0.19,0.5,10,2,5760.0,stationary,50,True,79,0.15,0.6481058815235712,,1,0.10606601717798211,7.778174593052023
20260921T213417946637Z_9d5e65dd,HEUR_VOR,30,0.33,5,5,6,5.5,5.5,0.19,0.5,10,2,5760.0,stationary,50,True,79,0.2,0.7197208439778389,,1,0.1414213562373095,7.778174593052023
20260921T213417946637Z_9d5e65dd,HEUR_VOR,30,0.33,5,5,6,5.5,5.5,0.19,0.5,10,2,5760.0,stationary,50,True,79,0.2442732516826255,0.7383497820874447,,1,0.17272727272727273,7.778174593052023
20260921T213417946637Z_9d5e65dd,HEUR_VOR,30,0.33,5,5,6,6.0,5.5,0.19,0.5,10,2,5760.0,stationary,50,True,79,0.1,0.6271612477022059,,1,0.07071067811865475,7.778174593052023
20260921T213417946637Z_9d5e65dd,HEUR_VOR,30,0.33,5,5,6,6.0,5.5,0.19,0.5,10,2,5760.0,stationary,50,True,79,0.15,0.7028285351374579,,1,0.10606601717798211,7.778174593052023
20260921T213417946637Z_9d5e65dd,HEUR_VOR,30,0.33,5,5,6,6.0,5.5,0.19,0.5,10,2,5760.0,stationary,50,True,79,0.2,0.7825503516681719,,1,0.1414213562373095,7.778174593052023
20260921T213417946637Z_9d5e65dd,HEUR_VOR,30,0.33,5,5,6,6.0,5.5,0.19,0.5,10,2,5760.0,stationary,50,True,79,0.2442732516826255,0.803343535215225,,1,0.17272727272727273,7.778174593052023
20260921T213417946637Z_9d5e65dd,HEUR_VOR,30,0.5,5,5,6,5.5,5.5,0.19,0.5,10,2,5760.0,stationary,50,True,79,0.1,0.6337189906898741,,1,0.07071067811865475,7.778174593052023
20260921T213417946637Z_9d5e65dd,HEUR_VOR,30,0.5,5,5,6,5.5,5.5,0.19,0.5,10,2,5760.0,stationary,50,True,79,0.15,0.6975683317862297,,1,0.10606601717798211,7.778174593052023
20260921T213417946637Z_9d5e65dd,HEUR_VOR,30,0.5,5,5,6,5.5,5.5,0.19,0.5,10,2,5760.0,stationary,50,True,79,0.2,0.7577488156289635,,1,0.1414213562373095,7.778174593052023
20260921T213417946637Z_9d5e65dd,HEUR_VOR,30,0.5,5,5,6,5.5,5.5,0.19,0.5,10,2,5760.0,stationary,50,True,79,0.2442732516826255,0.770558578249008,,1,0.17272727272727273,7.778174593052023
20260921T213417946637Z_9d5e65dd,HEUR_VOR,30,0.5,5,5,6,6.0,5.5,0.19,0.5,10,2,5760.0,stationary,50,True,79,0.1,0.6844391048867233,,1,0.07071067811865475,7.778174593052023
20260921T213417946637Z_9d5e65dd,HEUR_VOR,30,0.5,5,5,6,6.0,5.5,0.19,0.5,10,2,5760.0,stationary,50,True,79,0.15,0.7561854822613003,,1,0.10606601717798211,7.778174593052023
20260921T213417946637Z_9d5e65dd,HEUR_VOR,30,0.5,5,5,6,6.0,5.5,0.19,0.5,10,2,5760.0,stationary,50,True,79,0.2,0.823880178056593,,1,0.1414213562373095,7.778174593052023
20260921T213417946637Z_9d5e65dd,HEUR_VOR,30,0.5,5,5,6,6.0,5.5,0.19,0.5,10,2,5760.0,stationary,50,True,79,0.2442732516826255,0.8384560597343347,,1,0.17272727272727273,7.778174593052023
20260921T213417946637Z_9d5e65dd,HEUR_VOR,30,0.67,5,5,6,5.5,5.5,0.19,0.5,10,2,5760.0,stationary,50,True,79,0.1,0.67519589021147,,1,0.07071067811865475,7.778174593052023
20260921T213417946637Z_9d5e65dd,HEUR_VOR,30,0.67,5,5,6,5.5,5.5,0.19,0.5,10,2,5760.0,stationary,50,True,79,0.15,0.7490875496291611,,1,0.10606601717798211,7.778174593052023
20260921T213417946637Z_9d5e65dd,HEUR_VOR,30,0.67,5,5,6,5.5,5.5,0.19,0.5,10,2,5760.0,stationary,50,True,79,0.2,0.7820302001916095,,1,0.1414213562373095,7.778174593052023
20260921T213417946637Z_9d5e65dd,HEUR_VOR,30,0.67,5,5,6,5.5,5.5,0.19,0.5,10,2,5760.0,stationary,50,True,79,0.2442732516826255,0.7933030552400977,,1,0.17272727272727273,7.778174593052023
20260921T213417946637Z_9d5e65dd,HEUR_VOR,30,0.67,5,5,6,6.0,5.5,0.19,0.5,10,2,5760.0,stationary,50,True,79,0.1,0.7288585215857228,,1,0.07071067811865475,7.778174593052023
20260921T213417946637Z_9d5e65dd,HEUR_VOR,30,0.67,5,5,6,6.0,5.5,0.19,0.5,10,2,5760.0,stationary,50,True,79,0.15,0.8125170951060314,,1,0.10606601717798211,7.778174593052023
20260921T213417946637Z_9d5e65dd,HEUR_VOR,30,0.67,5,5,6,6.0,5.5,0.19,0.5,10,2,5760.0,stationary,50,True,79,0.2,0.850187815720153,,1,0.1414213562373095,7.778174593052023
20260921T213417946637Z_9d5e65dd,HEUR_VOR,30,0.67,5,5,6,6.0,5.5,0.19,0.5,10,2,5760.0,stationary,50,True,79,0.2442732516826255,0.8631223108002759,,1,0.17272727272727273,7.778174593052023
20260921T213417946637Z_9d5e65dd,HEUR_VOR,30,0.83,5,5,6,5.5,5.5,0.19,0.5,10,2,5760.0,stationary,50,True,79,0.1,0.6960280492635095,,1,0.07071067811865475,7.778174593052023
20260921T213417946637Z_9d5e65dd,HEUR_VOR,30,0.83,5,5,6,5.5,5.5,0.19,0.5,10,2,5760.0,stationary,50,True,79,0.15,0.7797381767599552,,1,0.10606601717798211,7.778174593052023
20260921T213417946637Z_9d5e65dd,HEUR_VOR,30,0.83,5,5,6,5.5,5.5,0.19,0.5,10,2,5760.0,stationary,50,True,79,0.2,0.7778589946063712,,1,0.1414213562373095,7.778174593052023
20260921T213417946637Z_9d5e65dd,HEUR_VOR,30,0.83,5,5,6,5.5,5.5,0.19,0.5,10,2,5760.0,stationary,50,True,79,0.2442732516826255,0.7886611212863194,,1,0.17272727272727273,7.778174593052023
20260921T213417946637Z_9d5e65dd,HEUR_VOR,30,0.83,5,5,6,6.0,5.5,0.19,0.5,10,2,5760.0,stationary,50,True,79,0.1,0.7511131637480464,,1,0.07071067811865475,7.778174593052023
20260921T213417946637Z_9d5e65dd,HEUR_VOR,30,0.83,5,5,6,6.0,5.5,0.19,0.5,10,2,5760.0,stationary,50,True,79,0.15,0.8461591634122182,,1,0.10606601717798211,7.778174593052023
20260921T213417946637Z_9d5e65dd,HEUR_VOR,30,0.83,5,5,6,6.0,5.5,0.19,0.5,10,2,5760.0,stationary,50,True,79,0.2,0.8452400032800572,,1,0.1414213562373095,7.778174593052023
20260921T213417946637Z_9d5e65dd,HEUR_VOR,30,0.83,5,5,6,6.0,5.5,0.19,0.5,10,2,5760.0,stationary,50,True,79,0.2442732516826255,0.8574072163744512,,1,0.17272727272727273,7.778174593052023
20260921T213417946637Z_9d5e65dd,HEUR_VOR,30,1.0,5,5,6,5.5,5.5,0.19,0.5,10,2,5760.0,stationary,50,True,79,0.1,0.7182781170885699,,1,0.07071067811865475,7.778174593052023
20260921T213417946637Z_9d5e65dd,HEUR_VOR,30,1.0,5,5,6,5.5,5.5,0.19,0.5,10,2,5760.0,stationary,50,True,79,0.15,0.7793943616001441,,1,0.10606601717798211,7.778174593052023
20260921T213417946637Z_9d5e65dd,HEUR_VOR,30,1.0,5,5,6,5.5,5.5,0.19,0.5,10,2,5760.0,stationary,50,True,79,0.2,0.7887732918513142,,1,0.1414213562373095,7.778174593052023
20260921T213417946637Z_9d5e65dd,HEUR_VOR,30,1.0,5,5,6,5.5,5.5,0.19,0.5,10,2,5760.0,stationary,50,True,79,0.2442732516826255,0.8027942270788648,,1,0.17272727272727273,7.778174593052023
20260921T213417946637Z_9d5e65dd,HEUR_VOR,30,1.0,5,5,6,6.0,5.5,0.19,0.5,10,2,5760.0,stationary,50,True,79,0.1,0.774805778860182,,1,0.07071067811865475,7.778174593052023
20260921T213417946637Z_9d5e65dd,HEUR_VOR,30,1.0,5,5,6,6.0,5.5,0.19,0.5,10,2,5760.0,stationary,50,True,79,0.15,0.8453793523877431,,1,0.10606601717798211,7.778174593052023
20260921T213417946637Z_9d5e65dd,HEUR_VOR,30,1.0,5,5,6,6.0,5.5,0.19,0.5,10,2,5760.0,stationary,50,True,79,0.2,0.8568064339018868,,1,0.1414213562373095,7.778174593052023
20260921T213417946637Z_9d5e65dd,HEUR_VOR,30,1.0,5,5,6,6.0,5.5,0.19,0.5,10,2,5760.0,stationary,50,True,79,0.2442732516826255,0.8727815682801411,,1,0.17272727272727273,7.778174593052023
20260921T213417946637Z_9d5e65dd,HEUR_VOR,40,0.33,5,5,6,5.5,5.5,0.19,0.5,10,2,5760.0,stationary,50,True,79,0.1,0.6321286043621067,,1,0.07071067811865475,7.778174593052023
20260921T213417946637Z_9d5e65dd,HEUR_VOR,40,0.33,5,5,6,5.5,5.5,0.19,0.5,10,2,5760.0,stationary,50,True,79,0.15,0.7088271823454849,,1,0.10606601717798211,7.778174593052023
20260921T213417946637Z_9d5e65dd,HEUR_VOR,40,0.33,5,5,6,5.5,5.5,0.19,0.5,10,2,5760.0,stationary,50,True,79,0.2,0.7507141789968265,,1,0.1414213562373095,7.778174593052023
20260921T213417946637Z_9d5e65dd,HEUR_VOR,40,0.33,5,5,6,5.5,5.5,0.19,0.5,10,2,5760.0,stationary,50,True,79,0.2442732516826255,0.7489243659420289,,1,0.17272727272727273,7.778174593052023
20260921T213417946637Z_9d5e65dd,HEUR_VOR,40,0.33,5,5,6,6.0,5.5,0.19,0.5,10,2,5760.0,stationary,50,True,79,0.1,0.6847937394309348,,1,0.07071067811865475,7.778174593052023
20260921T213417946637Z_9d5e65dd,HEUR_VOR,40,0.33,5,5,6,6.0,5.5,0.19,0.5,10,2,5760.0,stationary,50,True,79,0.15,0.7707367384053495,,1,0.10606601717798211,7.778174593052023
20260921T213417946637Z_9d5e65dd,HEUR_VOR,40,0.33,5,5,6,6.0,5.5,0.19,0.5,10,2,5760.0,stationary,50,True,79,0.2,0.8173418993490603,,1,0.1414213562373095,7.778174593052023
20260921T213417946637Z_9d5e65dd,HEUR_VOR,40,0.33,5,5,6,6.0,5.5,0.19,0.5,10,2,5760.0,stationary,50,True,79,0.2442732516826255,0.8155039535273089,,1,0.17272727272727273,7.778174593052023
20260921T213417946637Z_9d5e65dd,HEUR_VOR,40,0.5,5,5,6,5.5,5.5,0.19,0.5,10,2,5760.0,stationary,50,True,79,0.1,0.6942743921172753,,1,0.07071067811865475,7.778174593052023
20260921T213417946637Z_9d5e65dd,HEUR_VOR,40,0.5,5,5,6,5.5,5.5,0.19,0.5,10,2,5760.0,stationary,50,True,79,0.15,0.7575043951807595,,1,0.10606601717798211,7.778174593052023
20260921T213417946637Z_9d5e65dd,HEUR_VOR,40,0.5,5,5,6,5.5,5.5,0.19,0.5,10,2,5760.0,stationary,50,True,79,0.2,0.7913590685402434,,1,0.1414213562373095,7.778174593052023
20260921T213417946637Z_9d5e65dd,HEUR_VOR,40,0.5,5,5,6,5.5,5.5,0.19,0.5,10,2,5760.0,stationary,50,True,79,0.2442732516826255,0.7861515017501007,,1,0.17272727272727273,7.778174593052023
20260921T213417946637Z_9d5e65dd,HEUR_VOR,40,0.5,5,5,6,6.0,5.5,0.19,0.5,10,2,5760.0,stationary,50,True,79,0.1,0.7521283137289326,,1,0.07071067811865475,7.778174593052023
20260921T213417946637Z_9d5e65dd,HEUR_VOR,40,0.5,5,5,6,6.0,5.5,0.19,0.5,10,2,5760.0,stationary,50,True,79,0.15,0.8233624216991328,,1,0.10606601717798211,7.778174593052023
20260921T213417946637Z_9d5e65dd,HEUR_VOR,40,0.5,5,5,6,6.0,5.5,0.19,0.5,10,2,5760.0,stationary,50,True,79,0.2,0.8612077490054354,,1,0.1414213562373095,7.778174593052023
20260921T213417946637Z_9d5e65dd,HEUR_VOR,40,0.5,5,5,6,6.0,5.5,0.19,0.5,10,2,5760.0,stationary,50,True,79,0.2442732516826255,0.8559820298785182,,1,0.17272727272727273,7.778174593052023
20260921T213417946637Z_9d5e65dd,HEUR_VOR,40,0.67,5,5,6,5.5,5.5,0.19,0.5,10,2,5760.0,stationary,50,True,79,0.1,0.7199817063744568,,1,0.07071067811865475,7.778174593052023
20260921T213417946637Z_9d5e65dd,HEUR_VOR,40,0.67,5,5,6,5.5,5.5,0.19,0.5,10,2,5760.0,stationary,50,True,79,0.15,0.7753294928256634,,1,0.10606601717798211,7.778174593052023
20260921T213417946637Z_9d5e65dd,HEUR_VOR,40,0.67,5,5,6,5.5,5.5,0.19,0.5,10,2,5760.0,stationary,50,True,79,0.2,0.7913740912953172,,1,0.1414213562373095,7.778174593052023
20260921T213417946637Z_9d5e65dd,HEUR_VOR,40,0.67,5,5,6,5.5,5.5,0.19,0.5,10,2,5760.0,stationary,50,True,79,0.2442732516826255,0.7972277446086393,,1,0.17272727272727273,7.778174593052023
20260921T213417946637Z_9d5e65dd,HEUR_VOR,40,0.67,5,5,6,6.0,5.5,0.19,0.5,10,2,5760.0,stationary,50,True,79,0.1,0.7798393132793983,,1,0.07071067811865475,7.778174593052023
20260921T213417946637Z_9d5e65dd,HEUR_VOR,40,0.67,5,5,6,6.0,5.5,0.19,0.5,10,2,5760.0,stationary,50,True,79,0.15,0.842372731242825,,1,0.10606601717798211,7.778174593052023
20260921T213417946637Z_9d5e65dd,HEUR_VOR,40,0.67,5,5,6,6.0,5.5,0.19,0.5,10,2,5760.0,stationary,50,True,79,0.2,0.8607334676065794,,1,0.1414213562373095,7.778174593052023
20260921T213417946637Z_9d5e65dd,HEUR_VOR,40,0.67,5,5,6,6.0,5.5,0.19,0.5,10,2,5760.0,stationary,50,True,79,0.2442732516826255,0.867709052136899,,1,0.17272727272727273,7.778174593052023
20260921T213417946637Z_9d5e65dd,HEUR_VOR,40,0.83,5,5,6,5.5,5.5,0.19,0.5,10,2,5760.0,stationary,50,True,79,0.1,0.7221453105158647,,1,0.07071067811865475,7.778174593052023
20260921T213417946637Z_9d5e65dd,HEUR_VOR,40,0.83,5,5,6,5.5,5.5,0.19,0.5,10,2,5760.0,stationary,50,True,79,0.15,0.7940005393049836,,1,0.10606601717798211,7.778174593052023
20260921T213417946637Z_9d5e65dd,HEUR_VOR,40,0.83,5,5,6,5.5,5.5,0.19,0.5,10,2,5760.0,stationary,50,True,79,0.2,0.8011627705719986,,1,0.1414213562373095,7.778174593052023
20260921T213417946637Z_9d5e65dd,HEUR_VOR,40,0.83,5,5,6,5.5,5.5,0.19,0.5,10,2,5760.0,stationary,50,True,79,0.2442732516826255,0.826279807844836,,1,0.17272727272727273,7.778174593052023
20260921T213417946637Z_9d5e65dd,HEUR_VOR,40,0.83,5,5,6,6.0,5.5,0.19,0.5,10,2,5760.0,stationary,50,True,79,0.1,0.7813531323321027,,1,0.07071067811865475,7.778174593052023
20260921T213417946637Z_9d5e65dd,HEUR_VOR,40,0.83,5,5,6,6.0,5.5,0.19,0.5,10,2,5760.0,stationary,50,True,79,0.15,0.8628223384667306,,1,0.10606601717798211,7.778174593052023
20260921T213417946637Z_9d5e65dd,HEUR_VOR,40,0.83,5,5,6,6.0,5.5,0.19,0.5,10,2,5760.0,stationary,50,True,79,0.2,0.8717386882492937,,1,0.1414213562373095,7.778174593052023
20260921T213417946637Z_9d5e65dd,HEUR_VOR,40,0.83,5,5,6,6.0,5.5,0.19,0.5,10,2,5760.0,stationary,50,True,79,0.2442732516826255,0.8998105026417903,,1,0.17272727272727273,7.778174593052023
20260921T213417946637Z_9d5e65dd,HEUR_VOR,40,1.0,5,5,6,5.5,5.5,0.19,0.5,10,2,5760.0,stationary,50,True,79,0.1,0.7732949296214513,,1,0.07071067811865475,7.778174593052023
20260921T213417946637Z_9d5e65dd,HEUR_VOR,40,1.0,5,5,6,5.5,5.5,0.19,0.5,10,2,5760.0,stationary,50,True,79,0.15,0.8186506316754286,,1,0.10606601717798211,7.778174593052023
20260921T213417946637Z_9d5e65dd,HEUR_VOR,40,1.0,5,5,6,5.5,5.5,0.19,0.5,10,2,5760.0,stationary,50,True,79,0.2,0.820286075834299,,1,0.1414213562373095,7.778174593052023
20260921T213417946637Z_9d5e65dd,HEUR_VOR,40,1.0,5,5,6,5.5,5.5,0.19,0.5,10,2,5760.0,stationary,50,True,79,0.2442732516826255,0.8287329835430826,,1,0.17272727272727273,7.778174593052023
20260921T213417946637Z_9d5e65dd,HEUR_VOR,40,1.0,5,5,6,6.0,5.5,0.19,0.5,10,2,5760.0,stationary,50,True,79,0.1,0.8375862200416189,,1,0.07071067811865475,7.778174593052023
20260921T213417946637Z_9d5e65dd,HEUR_VOR,40,1.0,5,5,6,6.0,5.5,0.19,0.5,10,2,5760.0,stationary,50,True,79,0.15,0.889551953862416,,1,0.10606601717798211,7.778174593052023
20260921T213417946637Z_9d5e65dd,HEUR_VOR,40,1.0,5,5,6,6.0,5.5,0.19,0.5,10,2,5760.0,stationary,50,True,79,0.2,0.8921591415620371,,1,0.1414213562373095,7.778174593052023
20260921T213417946637Z_9d5e65dd,HEUR_VOR,40,1.0,5,5,6,6.0,5.5,0.19,0.5,10,2,5760.0,stationary,50,True,79,0.2442732516826255,0.9020711109022975,,1,0.17272727272727273,7.778174593052023
20260921T213417946637Z_9d5e65dd,PURE,2,0.33,5,5,6,5.5,5.5,0.19,0.5,10,2,5760.0,stationary,50,True,79,0.1,0.1847733105218135,,1,0.07071067811865475,7.778174593052023
20260921T213417946637Z_9d5e65dd,PURE,2,0.33,5,5,6,5.5,5.5,0.19,0.5,10,2,5760.0,stationary,50,True,79,0.15,0.1847733105218135,,1,0.10606601717798211,7.778174593052023
20260921T213417946637Z_9d5e65dd,PURE,2,0.33,5,5,6,5.5,5.5,0.19,0.5,10,2,5760.0,stationary,50,True,79,0.2,0.1847733105218135,,1,0.1414213562373095,7.778174593052023
20260921T213417946637Z_9d5e65dd,PURE,2,0.33,5,5,6,5.5,5.5,0.19,0.5,10,2,5760.0,stationary,50,True,79,0.2442732516826255,0.1847733105218135,,1,0.17272727272727273,7.778174593052023
20260921T213417946637Z_9d5e65dd,PURE,2,0.33,5,5,6,6.0,5.5,0.19,0.5,10,2,5760.0,stationary,50,True,79,0.1,0.1847733105218135,,1,0.07071067811865475,7.778174593052023
20260921T213417946637Z_9d5e65dd,PURE,2,0.33,5,5,6,6.0,5.5,0.19,0.5,10,2,5760.0,stationary,50,True,79,0.15,0.1847733105218135,,1,0.10606601717798211,7.778174593052023
20260921T213417946637Z_9d5e65dd,PURE,2,0.33,5,5,6,6.0,5.5,0.19,0.5,10,2,5760.0,stationary,50,True,79,0.2,0.1847733105218135,,1,0.1414213562373095,7.778174593052023
20260921T213417946637Z_9d5e65dd,PURE,2,0.33,5,5,6,6.0,5.5,0.19,0.5,10,2,5760.0,stationary,50,True,79,0.2442732516826255,0.1847733105218135,,1,0.17272727272727273,7.778174593052023
20260921T213417946637Z_9d5e65dd,PURE,2,0.5,5,5,6,5.5,5.5,0.19,0.5,10,2,5760.0,stationary,50,True,79,0.1,0.22877442273534637,,1,0.07071067811865475,7.778174593052023
20260921T213417946637Z_9d5e65dd,PURE,2,0.5,5,5,6,5.5,5.5,0.19,0.5,10,2,5760.0,stationary,50,True,79,0.15,0.22877442273534637,,1,0.10606601717798211,7.778174593052023
20260921T213417946637Z_9d5e65dd,PURE,2,0.5,5,5,6,5.5,5.5,0.19,0.5,10,2,5760.0,stationary,50,True,79,0.2,0.22877442273534637,,1,0.1414213562373095,7.778174593052023
20260921T213417946637Z_9d5e65dd,PURE,2,0.5,5,5,6,5.5,5.5,0.19,0.5,10,2,5760.0,stationary,50,True,79,0.2442732516826255,0.22877442273534637,,1,0.17272727272727273,7.778174593052023
20260921T213417946637Z_9d5e65dd,PURE,2,0.5,5,5,6,6.0,5.5,0.19,0.5,10,2,5760.0,stationary,50,True,79,0.1,0.22877442273534637,,1,0.07071067811865475,7.778174593052023
20260921T213417946637Z_9d5e65dd,PURE,2,0.5,5,5,6,6.0,5.5,0.19,0.5,10,2,5760.0,stationary,50,True,79,0.15,0.22877442273534637,,1,0.10606601717798211,7.778174593052023
20260921T213417946637Z_9d5e65dd,PURE,2,0.5,5,5,6,6.0,5.5,0.19,0.5,10,2,5760.0,stationary,50,True,79,0.2,0.22877442273534637,,1,0.1414213562373095,7.778174593052023
20260921T213417946637Z_9d5e65dd,PURE,2,0.5,5,5,6,6.0,5.5,0.19,0.5,10,2,5760.0,stationary,50,True,79,0.2442732516826255,0.22877442273534637,,1,0.17272727272727273,7.778174593052023
20260921T213417946637Z_9d5e65dd,PURE,2,0.67,5,5,6,5.5,5.5,0.19,0.5,10,2,5760.0,stationary,50,True,79,0.1,0.2575210589651023,,1,0.07071067811865475,7.778174593052023
20260921T213417946637Z_9d5e65dd,PURE,2,0.67,5,5,6,5.5,5.5,0.19,0.5,10,2,5760.0,stationary,50,True,79,0.15,0.2575210589651023,,1,0.10606601717798211,7.778174593052023
20260921T213417946637Z_9d5e65dd,PURE,2,0.67,5,5,6,5.5,5.5,0.19,0.5,10,2,5760.0,stationary,50,True,79,0.2,0.2575210589651023,,1,0.1414213562373095,7.778174593052023
20260921T213417946637Z_9d5e65dd,PURE,2,0.67,5,5,6,5.5,5.5,0.19,0.5,10,2,5760.0,stationary,50,True,79,0.2442732516826255,0.2575210589651023,,1,0.17272727272727273,7.778174593052023
20260921T213417946637Z_9d5e65dd,PURE,2,0.67,5,5,6,6.0,5.5,0.19,0.5,10,2,5760.0,stationary,50,True,79,0.1,0.2575210589651023,,1,0.07071067811865475,7.778174593052023
20260921T213417946637Z_9d5e65dd,PURE,2,0.67,5,5,6,6.0,5.5,0.19,0.5,10,2,5760.0,stationary,50,True,79,0.15,0.2575210589651023,,1,0.10606601717798211,7.778174593052023
20260921T213417946637Z_9d5e65dd,PURE,2,0.67,5,5,6,6.0,5.5,0.19,0.5,10,2,5760.0,stationary,50,True,79,0.2,0.2575210589651023,,1,0.1414213562373095,7.778174593052023
20260921T213417946637Z_9d5e65dd,PURE,2,0.67,5,5,6,6.0,5.5,0.19,0.5,10,2,5760.0,stationary,50,True,79,0.2442732516826255,0.2575210589651023,,1,0.17272727272727273,7.778174593052023
20260921T213417946637Z_9d5e65dd,PURE,2,0.83,5,5,6,5.5,5.5,0.19,0.5,10,2,5760.0,stationary,50,True,79,0.1,0.3001426533523538,,1,0.07071067811865475,7.778174593052023
20260921T213417946637Z_9d5e65dd,PURE,2,0.83,5,5,6,5.5,5.5,0.19,0.5,10,2,5760.0,stationary,50,True,79,0.15,0.3001426533523538,,1,0.10606601717798211,7.778174593052023
20260921T213417946637Z_9d5e65dd,PURE,2,0.83,5,5,6,5.5,5.5,0.19,0.5,10,2,5760.0,stationary,50,True,79,0.2,0.3001426533523538,,1,0.1414213562373095,7.778174593052023
20260921T213417946637Z_9d5e65dd,PURE,2,0.83,5,5,6,5.5,5.5,0.19,0.5,10,2,5760.0,stationary,50,True,79,0.2442732516826255,0.3001426533523538,,1,0.17272727272727273,7.778174593052023
20260921T213417946637Z_9d5e65dd,PURE,2,0.83,5,5,6,6.0,5.5,0.19,0.5,10,2,5760.0,stationary,50,True,79,0.1,0.3001426533523538,,1,0.07071067811865475,7.778174593052023
20260921T213417946637Z_9d5e65dd,PURE,2,0.83,5,5,6,6.0,5.5,0.19,0.5,10,2,5760.0,stationary,50,True,79,0.15,0.3001426533523538,,1,0.10606601717798211,7.778174593052023
20260921T213417946637Z_9d5e65dd,PURE,2,0.83,5,5,6,6.0,5.5,0.19,0.5,10,2,5760.0,stationary,50,True,79,0.2,0.3001426533523538,,1,0.1414213562373095,7.778174593052023
20260921T213417946637Z_9d5e65dd,PURE,2,0.83,5,5,6,6.0,5.5,0.19,0.5,10,2,5760.0,stationary,50,True,79,0.2442732516826255,0.3001426533523538,,1,0.17272727272727273,7.778174593052023
20260921T213417946637Z_9d5e65dd,PURE,2,1.0,5,5,6,5.5,5.5,0.19,0.5,10,2,5760.0,stationary,50,True,79,0.1,0.30268199233716475,,1,0.07071067811865475,7.778174593052023
20260921T213417946637Z_9d5e65dd,PURE,2,1.0,5,5,6,5.5,5.5,0.19,0.5,10,2,5760.0,stationary,50,True,79,0.15,0.30268199233716475,,1,0.10606601717798211,7.778174593052023
20260921T213417946637Z_9d5e65dd,PURE,2,1.0,5,5,6,5.5,5.5,0.19,0.5,10,2,5760.0,stationary,50,True,79,0.2,0.30268199233716475,,1,0.1414213562373095,7.778174593052023
20260921T213417946637Z_9d5e65dd,PURE,2,1.0,5,5,6,5.5,5.5,0.19,0.5,10,2,5760.0,stationary,50,True,79,0.2442732516826255,0.30268199233716475,,1,0.17272727272727273,7.778174593052023
20260921T213417946637Z_9d5e65dd,PURE,2,1.0,5,5,6,6.0,5.5,0.19,0.5,10,2,5760.0,stationary,50,True,79,0.1,0.30268199233716475,,1,0.07071067811865475,7.778174593052023
20260921T213417946637Z_9d5e65dd,PURE,2,1.0,5,5,6,6.0,5.5,0.19,0.5,10,2,5760.0,stationary,50,True,79,0.15,0.30268199233716475,,1,0.10606601717798211,7.778174593052023
20260921T213417946637Z_9d5e65dd,PURE,2,1.0,5,5,6,6.0,5.5,0.19,0.5,10,2,5760.0,stationary,50,True,79,0.2,0.30268199233716475,,1,0.1414213562373095,7.778174593052023
20260921T213417946637Z_9d5e65dd,PURE,2,1.0,5,5,6,6.0,5.5,0.19,0.5,10,2,5760.0,stationary,50,True,79,0.2442732516826255,0.30268199233716475,,1,0.17272727272727273,7.778174593052023
20260921T213417946637Z_9d5e65dd,PURE,5,0.33,5,5,6,5.5,5.5,0.19,0.5,10,2,5760.0,stationary,50,True,79,0.1,0.1847733105218135,,1,0.07071067811865475,7.778174593052023
20260921T213417946637Z_9d5e65dd,PURE,5,0.33,5,5,6,5.5,5.5,0.19,0.5,10,2,5760.0,stationary,50,True,79,0.15,0.1847733105218135,,1,0.10606601717798211,7.778174593052023
20260921T213417946637Z_9d5e65dd,PURE,5,0.33,5,5,6,5.5,5.5,0.19,0.5,10,2,5760.0,stationary,50,True,79,0.2,0.1847733105218135,,1,0.1414213562373095,7.778174593052023
20260921T213417946637Z_9d5e65dd,PURE,5,0.33,5,5,6,5.5,5.5,0.19,0.5,10,2,5760.0,stationary,50,True,79,0.2442732516826255,0.1847733105218135,,1,0.17272727272727273,7.778174593052023
20260921T213417946637Z_9d5e65dd,PURE,5,0.33,5,5,6,6.0,5.5,0.19,0.5,10,2,5760.0,stationary,50,True,79,0.1,0.1847733105218135,,1,0.07071067811865475,7.778174593052023
20260921T213417946637Z_9d5e65dd,PURE,5,0.33,5,5,6,6.0,5.5,0.19,0.5,10,2,5760.0,stationary,50,True,79,0.15,0.1847733105218135,,1,0.10606601717798211,7.778174593052023
20260921T213417946637Z_9d5e65dd,PURE,5,0.33,5,5,6,6.0,5.5,0.19,0.5,10,2,5760.0,stationary,50,True,79,0.2,0.1847733105218135,,1,0.1414213562373095,7.778174593052023
20260921T213417946637Z_9d5e65dd,PURE,5,0.33,5,5,6,6.0,5.5,0.19,0.5,10,2,5760.0,stationary,50,True,79,0.2442732516826255,0.1847733105218135,,1,0.17272727272727273,7.778174593052023
20260921T213417946637Z_9d5e65dd,PURE,5,0.5,5,5,6,5.5,5.5,0.19,0.5,10,2,5760.0,stationary,50,True,79,0.1,0.22877442273534637,,1,0.07071067811865475,7.778174593052023
20260921T213417946637Z_9d5e65dd,PURE,5,0.5,5,5,6,5.5,5.5,0.19,0.5,10,2,5760.0,stationary,50,True,79,0.15,0.22877442273534637,,1,0.10606601717798211,7.778174593052023
20260921T213417946637Z_9d5e65dd,PURE,5,0.5,5,5,6,5.5,5.5,0.19,0.5,10,2,5760.0,stationary,50,True,79,0.2,0.22877442273534637,,1,0.1414213562373095,7.778174593052023
20260921T213417946637Z_9d5e65dd,PURE,5,0.5,5,5,6,5.5,5.5,0.19,0.5,10,2,5760.0,stationary,50,True,79,0.2442732516826255,0.22877442273534637,,1,0.17272727272727273,7.778174593052023
20260921T213417946637Z_9d5e65dd,PURE,5,0.5,5,5,6,6.0,5.5,0.19,0.5,10,2,5760.0,stationary,50,True,79,0.1,0.22877442273534637,,1,0.07071067811865475,7.778174593052023
20260921T213417946637Z_9d5e65dd,PURE,5,0.5,5,5,6,6.0,5.5,0.19,0.5,10,2,5760.0,stationary,50,True,79,0.15,0.22877442273534637,,1,0.10606601717798211,7.778174593052023
20260921T213417946637Z_9d5e65dd,PURE,5,0.5,5,5,6,6.0,5.5,0.19,0.5,10,2,5760.0,stationary,50,True,79,0.2,0.22877442273534637,,1,0.1414213562373095,7.778174593052023
20260921T213417946637Z_9d5e65dd,PURE,5,0.5,5,5,6,6.0,5.5,0.19,0.5,10,2,5760.0,stationary,50,True,79,0.2442732516826255,0.22877442273534637,,1,0.17272727272727273,7.778174593052023
20260921T213417946637Z_9d5e65dd,PURE,5,0.67,5,5,6,5.5,5.5,0.19,0.5,10,2,5760.0,stationary,50,True,79,0.1,0.2575210589651023,,1,0.07071067811865475,7.778174593052023
20260921T213417946637Z_9d5e65dd,PURE,5,0.67,5,5,6,5.5,5.5,0.19,0.5,10,2,5760.0,stationary,50,True,79,0.15,0.2575210589651023,,1,0.10606601717798211,7.778174593052023
20260921T213417946637Z_9d5e65dd,PURE,5,0.67,5,5,6,5.5,5.5,0.19,0.5,10,2,5760.0,stationary,50,True,79,0.2,0.2575210589651023,,1,0.1414213562373095,7.778174593052023
20260921T213417946637Z_9d5e65dd,PURE,5,0.67,5,5,6,5.5,5.5,0.19,0.5,10,2,5760.0,stationary,50,True,79,0.2442732516826255,0.2575210589651023,,1,0.17272727272727273,7.778174593052023
20260921T213417946637Z_9d5e65dd,PURE,5,0.67,5,5,6,6.0,5.5,0.19,0.5,10,2,5760.0,stationary,50,True,79,0.1,0.2575210589651023,,1,0.07071067811865475,7.778174593052023
20260921T213417946637Z_9d5e65dd,PURE,5,0.67,5,5,6,6.0,5.5,0.19,0.5,10,2,5760.0,stationary,50,True,79,0.15,0.2575210589651023,,1,0.10606601717798211,7.778174593052023
20260921T213417946637Z_9d5e65dd,PURE,5,0.67,5,5,6,6.0,5.5,0.19,0.5,10,2,5760.0,stationary,50,True,79,0.2,0.2575210589651023,,1,0.1414213562373095,7.778174593052023
20260921T213417946637Z_9d5e65dd,PURE,5,0.67,5,5,6,6.0,5.5,0.19,0.5,10,2,5760.0,stationary,50,True,79,0.2442732516826255,0.2575210589651023,,1,0.17272727272727273,7.778174593052023
20260921T213417946637Z_9d5e65dd,PURE,5,0.83,5,5,6,5.5,5.5,0.19,0.5,10,2,5760.0,stationary,50,True,79,0.1,0.3001426533523538,,1,0.07071067811865475,7.778174593052023
20260921T213417946637Z_9d5e65dd,PURE,5,0.83,5,5,6,5.5,5.5,0.19,0.5,10,2,5760.0,stationary,50,True,79,0.15,0.3001426533523538,,1,0.10606601717798211,7.778174593052023
20260921T213417946637Z_9d5e65dd,PURE,5,0.83,5,5,6,5.5,5.5,0.19,0.5,10,2,5760.0,stationary,50,True,79,0.2,0.3001426533523538,,1,0.1414213562373095,7.778174593052023
20260921T213417946637Z_9d5e65dd,PURE,5,0.83,5,5,6,5.5,5.5,0.19,0.5,10,2,5760.0,stationary,50,True,79,0.2442732516826255,0.3001426533523538,,1,0.17272727272727273,7.778174593052023
20260921T213417946637Z_9d5e65dd,PURE,5,0.83,5,5,6,6.0,5.5,0.19,0.5,10,2,5760.0,stationary,50,True,79,0.1,0.3001426533523538,,1,0.07071067811865475,7.778174593052023
20260921T213417946637Z_9d5e65dd,PURE,5,0.83,5,5,6,6.0,5.5,0.19,0.5,10,2,5760.0,stationary,50,True,79,0.15,0.3001426533523538,,1,0.10606601717798211,7.778174593052023
20260921T213417946637Z_9d5e65dd,PURE,5,0.83,5,5,6,6.0,5.5,0.19,0.5,10,2,5760.0,stationary,50,True,79,0.2,0.3001426533523538,,1,0.1414213562373095,7.778174593052023
20260921T213417946637Z_9d5e65dd,PURE,5,0.83,5,5,6,6.0,5.5,0.19,0.5,10,2,5760.0,stationary,50,True,79,0.2442732516826255,0.3001426533523538,,1,0.17272727272727273,7.778174593052023
20260921T213417946637Z_9d5e65dd,PURE,5,1.0,5,5,6,5.5,5.5,0.19,0.5,10,2,5760.0,stationary,50,True,79,0.1,0.30268199233716475,,1,0.07071067811865475,7.778174593052023
20260921T213417946637Z_9d5e65dd,PURE,5,1.0,5,5,6,5.5,5.5,0.19,0.5,10,2,5760.0,stationary,50,True,79,0.15,0.30268199233716475,,1,0.10606601717798211,7.778174593052023
20260921T213417946637Z_9d5e65dd,PURE,5,1.0,5,5,6,5.5,5.5,0.19,0.5,10,2,5760.0,stationary,50,True,79,0.2,0.30268199233716475,,1,0.1414213562373095,7.778174593052023
20260921T213417946637Z_9d5e65dd,PURE,5,1.0,5,5,6,5.5,5.5,0.19,0.5,10,2,5760.0,stationary,50,True,79,0.2442732516826255,0.30268199233716475,,1,0.17272727272727273,7.778174593052023
20260921T213417946637Z_9d5e65dd,PURE,5,1.0,5,5,6,6.0,5.5,0.19,0.5,10,2,5760.0,stationary,50,True,79,0.1,0.30268199233716475,,1,0.07071067811865475,7.778174593052023
20260921T213417946637Z_9d5e65dd,PURE,5,1.0,5,5,6,6.0,5.5,0.19,0.5,10,2,5760.0,stationary,50,True,79,0.15,0.30268199233716475,,1,0.10606601717798211,7.778174593052023
20260921T213417946637Z_9d5e65dd,PURE,5,1.0,5,5,6,6.0,5.5,0.19,0.5,10,2,5760.0,stationary,50,True,79,0.2,0.30268199233716475,,1,0.1414213562373095,7.778174593052023
20260921T213417946637Z_9d5e65dd,PURE,5,1.0,5,5,6,6.0,5.5,0.19,0.5,10,2,5760.0,stationary,50,True,79,0.2442732516826255,0.30268199233716475,,1,0.17272727272727273,7.778174593052023
20260921T213417946637Z_9d5e65dd,PURE,10,0.33,5,5,6,5.5,5.5,0.19,0.5,10,2,5760.0,stationary,50,True,79,0.1,0.1847733105218135,,1,0.07071067811865475,7.778174593052023
20260921T213417946637Z_9d5e65dd,PURE,10,0.33,5,5,6,5.5,5.5,0.19,0.5,10,2,5760.0,stationary,50,True,79,0.15,0.1847733105218135,,1,0.10606601717798211,7.778174593052023
20260921T213417946637Z_9d5e65dd,PURE,10,0.33,5,5,6,5.5,5.5,0.19,0.5,10,2,5760.0,stationary,50,True,79,0.2,0.1847733105218135,,1,0.1414213562373095,7.778174593052023
20260921T213417946637Z_9d5e65dd,PURE,10,0.33,5,5,6,5.5,5.5,0.19,0.5,10,2,5760.0,stationary,50,True,79,0.2442732516826255,0.1847733105218135,,1,0.17272727272727273,7.778174593052023
20260921T213417946637Z_9d5e65dd,PURE,10,0.33,5,5,6,6.0,5.5,0.19,0.5,10,2,5760.0,stationary,50,True,79,0.1,0.1847733105218135,,1,0.07071067811865475,7.778174593052023
20260921T213417946637Z_9d5e65dd,PURE,10,0.33,5,5,6,6.0,5.5,0.19,0.5,10,2,5760.0,stationary,50,True,79,0.15,0.1847733105218135,,1,0.10606601717798211,7.778174593052023
20260921T213417946637Z_9d5e65dd,PURE,10,0.33,5,5,6,6.0,5.5,0.19,0.5,10,2,5760.0,stationary,50,True,79,0.2,0.1847733105218135,,1,0.1414213562373095,7.778174593052023
20260921T213417946637Z_9d5e65dd,PURE,10,0.33,5,5,6,6.0,5.5,0.19,0.5,10,2,5760.0,stationary,50,True,79,0.2442732516826255,0.1847733105218135,,1,0.17272727272727273,7.778174593052023
20260921T213417946637Z_9d5e65dd,PURE,10,0.5,5,5,6,5.5,5.5,0.19,0.5,10,2,5760.0,stationary,50,True,79,0.1,0.22877442273534637,,1,0.07071067811865475,7.778174593052023
20260921T213417946637Z_9d5e65dd,PURE,10,0.5,5,5,6,5.5,5.5,0.19,0.5,10,2,5760.0,stationary,50,True,79,0.15,0.22877442273534637,,1,0.10606601717798211,7.778174593052023
20260921T213417946637Z_9d5e65dd,PURE,10,0.5,5,5,6,5.5,5.5,0.19,0.5,10,2,5760.0,stationary,50,True,79,0.2,0.22877442273534637,,1,0.1414213562373095,7.778174593052023
20260921T213417946637Z_9d5e65dd,PURE,10,0.5,5,5,6,5.5,5.5,0.19,0.5,10,2,5760.0,stationary,50,True,79,0.2442732516826255,0.22877442273534637,,1,0.17272727272727273,7.778174593052023
20260921T213417946637Z_9d5e65dd,PURE,10,0.5,5,5,6,6.0,5.5,0.19,0.5,10,2,5760.0,stationary,50,True,79,0.1,0.22877442273534637,,1,0.07071067811865475,7.778174593052023
20260921T213417946637Z_9d5e65dd,PURE,10,0.5,5,5,6,6.0,5.5,0.19,0.5,10,2,5760.0,stationary,50,True,79,0.15,0.22877442273534637,,1,0.10606601717798211,7.778174593052023
20260921T213417946637Z_9d5e65dd,PURE,10,0.5,5,5,6,6.0,5.5,0.19,0.5,10,2,5760.0,stationary,50,True,79,0.2,0.22877442273534637,,1,0.1414213562373095,7.778174593052023
20260921T213417946637Z_9d5e65dd,PURE,10,0.5,5,5,6,6.0,5.5,0.19,0.5,10,2,5760.0,stationary,50,True,79,0.2442732516826255,0.22877442273534637,,1,0.17272727272727273,7.778174593052023
20260921T213417946637Z_9d5e65dd,PURE,10,0.67,5,5,6,5.5,5.5,0.19,0.5,10,2,5760.0,stationary,50,True,79,0.1,0.2575210589651023,,1,0.07071067811865475,7.778174593052023
20260921T213417946637Z_9d5e65dd,PURE,10,0.67,5,5,6,5.5,5.5,0.19,0.5,10,2,5760.0,stationary,50,True,79,0.15,0.2575210589651023,,1,0.10606601717798211,7.778174593052023
20260921T213417946637Z_9d5e65dd,PURE,10,0.67,5,5,6,5.5,5.5,0.19,0.5,10,2,5760.0,stationary,50,True,79,0.2,0.2575210589651023,,1,0.1414213562373095,7.778174593052023
20260921T213417946637Z_9d5e65dd,PURE,10,0.67,5,5,6,5.5,5.5,0.19,0.5,10,2,5760.0,stationary,50,True,79,0.2442732516826255,0.2575210589651023,,1,0.17272727272727273,7.778174593052023
20260921T213417946637Z_9d5e65dd,PURE,10,0.67,5,5,6,6.0,5.5,0.19,0.5,10,2,5760.0,stationary,50,True,79,0.1,0.2575210589651023,,1,0.07071067811865475,7.778174593052023
20260921T213417946637Z_9d5e65dd,PURE,10,0.67,5,5,6,6.0,5.5,0.19,0.5,10,2,5760.0,stationary,50,True,79,0.15,0.2575210589651023,,1,0.10606601717798211,7.778174593052023
20260921T213417946637Z_9d5e65dd,PURE,10,0.67,5,5,6,6.0,5.5,0.19,0.5,10,2,5760.0,stationary,50,True,79,0.2,0.2575210589651023,,1,0.1414213562373095,7.778174593052023
20260921T213417946637Z_9d5e65dd,PURE,10,0.67,5,5,6,6.0,5.5,0.19,0.5,10,2,5760.0,stationary,50,True,79,0.2442732516826255,0.2575210589651023,,1,0.17272727272727273,7.778174593052023
20260921T213417946637Z_9d5e65dd,PURE,10,0.83,5,5,6,5.5,5.5,0.19,0.5,10,2,5760.0,stationary,50,True,79,0.1,0.3001426533523538,,1,0.07071067811865475,7.778174593052023
20260921T213417946637Z_9d5e65dd,PURE,10,0.83,5,5,6,5.5,5.5,0.19,0.5,10,2,5760.0,stationary,50,True,79,0.15,0.3001426533523538,,1,0.10606601717798211,7.778174593052023
20260921T213417946637Z_9d5e65dd,PURE,10,0.83,5,5,6,5.5,5.5,0.19,0.5,10,2,5760.0,stationary,50,True,79,0.2,0.3001426533523538,,1,0.1414213562373095,7.778174593052023
20260921T213417946637Z_9d5e65dd,PURE,10,0.83,5,5,6,5.5,5.5,0.19,0.5,10,2,5760.0,stationary,50,True,79,0.2442732516826255,0.3001426533523538,,1,0.17272727272727273,7.778174593052023
20260921T213417946637Z_9d5e65dd,PURE,10,0.83,5,5,6,6.0,5.5,0.19,0.5,10,2,5760.0,stationary,50,True,79,0.1,0.3001426533523538,,1,0.07071067811865475,7.778174593052023
20260921T213417946637Z_9d5e65dd,PURE,10,0.83,5,5,6,6.0,5.5,0.19,0.5,10,2,5760.0,stationary,50,True,79,0.15,0.3001426533523538,,1,0.10606601717798211,7.778174593052023
20260921T213417946637Z_9d5e65dd,PURE,10,0.83,5,5,6,6.0,5.5,0.19,0.5,10,2,5760.0,stationary,50,True,79,0.2,0.3001426533523538,,1,0.1414213562373095,7.778174593052023
20260921T213417946637Z_9d5e65dd,PURE,10,0.83,5,5,6,6.0,5.5,0.19,0.5,10,2,5760.0,stationary,50,True,79,0.2442732516826255,0.3001426533523538,,1,0.17272727272727273,7.778174593052023
20260921T213417946637Z_9d5e65dd,PURE,10,1.0,5,5,6,5.5,5.5,0.19,0.5,10,2,5760.0,stationary,50,True,79,0.1,0.30268199233716475,,1,0.07071067811865475,7.778174593052023
20260921T213417946637Z_9d5e65dd,PURE,10,1.0,5,5,6,5.5,5.5,0.19,0.5,10,2,5760.0,stationary,50,True,79,0.15,0.30268199233716475,,1,0.10606601717798211,7.778174593052023
20260921T213417946637Z_9d5e65dd,PURE,10,1.0,5,5,6,5.5,5.5,0.19,0.5,10,2,5760.0,stationary,50,True,79,0.2,0.30268199233716475,,1,0.1414213562373095,7.778174593052023
20260921T213417946637Z_9d5e65dd,PURE,10,1.0,5,5,6,5.5,5.5,0.19,0.5,10,2,5760.0,stationary,50,True,79,0.2442732516826255,0.30268199233716475,,1,0.17272727272727273,7.778174593052023
20260921T213417946637Z_9d5e65dd,PURE,10,1.0,5,5,6,6.0,5.5,0.19,0.5,10,2,5760.0,stationary,50,True,79,0.1,0.30268199233716475,,1,0.07071067811865475,7.778174593052023
20260921T213417946637Z_9d5e65dd,PURE,10,1.0,5,5,6,6.0,5.5,0.19,0.5,10,2,5760.0,stationary,50,True,79,0.15,0.30268199233716475,,1,0.10606601717798211,7.778174593052023
20260921T213417946637Z_9d5e65dd,PURE,10,1.0,5,5,6,6.0,5.5,0.19,0.5,10,2,5760.0,stationary,50,True,79,0.2,0.30268199233716475,,1,0.1414213562373095,7.778174593052023
20260921T213417946637Z_9d5e65dd,PURE,10,1.0,5,5,6,6.0,5.5,0.19,0.5,10,2,5760.0,stationary,50,True,79,0.2442732516826255,0.30268199233716475,,1,0.17272727272727273,7.778174593052023
20260921T213417946637Z_9d5e65dd,PURE,20,0.33,5,5,6,5.5,5.5,0.19,0.5,10,2,5760.0,stationary,50,True,79,0.1,0.1847733105218135,,1,0.07071067811865475,7.778174593052023
20260921T213417946637Z_9d5e65dd,PURE,20,0.33,5,5,6,5.5,5.5,0.19,0.5,10,2,5760.0,stationary,50,True,79,0.15,0.1847733105218135,,1,0.10606601717798211,7.778174593052023
20260921T213417946637Z_9d5e65dd,PURE,20,0.33,5,5,6,5.5,5.5,0.19,0.5,10,2,5760.0,stationary,50,True,79,0.2,0.1847733105218135,,1,0.1414213562373095,7.778174593052023
20260921T213417946637Z_9d5e65dd,PURE,20,0.33,5,5,6,5.5,5.5,0.19,0.5,10,2,5760.0,stationary,50,True,79,0.2442732516826255,0.1847733105218135,,1,0.17272727272727273,7.778174593052023
20260921T213417946637Z_9d5e65dd,PURE,20,0.33,5,5,6,6.0,5.5,0.19,0.5,10,2,5760.0,stationary,50,True,79,0.1,0.1847733105218135,,1,0.07071067811865475,7.778174593052023
20260921T213417946637Z_9d5e65dd,PURE,20,0.33,5,5,6,6.0,5.5,0.19,0.5,10,2,5760.0,stationary,50,True,79,0.15,0.1847733105218135,,1,0.10606601717798211,7.778174593052023
20260921T213417946637Z_9d5e65dd,PURE,20,0.33,5,5,6,6.0,5.5,0.19,0.5,10,2,5760.0,stationary,50,True,79,0.2,0.1847733105218135,,1,0.1414213562373095,7.778174593052023
20260921T213417946637Z_9d5e65dd,PURE,20,0.33,5,5,6,6.0,5.5,0.19,0.5,10,2,5760.0,stationary,50,True,79,0.2442732516826255,0.1847733105218135,,1,0.17272727272727273,7.778174593052023
20260921T213417946637Z_9d5e65dd,PURE,20,0.5,5,5,6,5.5,5.5,0.19,0.5,10,2,5760.0,stationary,50,True,79,0.1,0.22877442273534637,,1,0.07071067811865475,7.778174593052023
20260921T213417946637Z_9d5e65dd,PURE,20,0.5,5,5,6,5.5,5.5,0.19,0.5,10,2,5760.0,stationary,50,True,79,0.15,0.22877442273534637,,1,0.10606601717798211,7.778174593052023
20260921T213417946637Z_9d5e65dd,PURE,20,0.5,5,5,6,5.5,5.5,0.19,0.5,10,2,5760.0,stationary,50,True,79,0.2,0.22877442273534637,,1,0.1414213562373095,7.778174593052023
20260921T213417946637Z_9d5e65dd,PURE,20,0.5,5,5,6,5.5,5.5,0.19,0.5,10,2,5760.0,stationary,50,True,79,0.2442732516826255,0.22877442273534637,,1,0.17272727272727273,7.778174593052023
20260921T213417946637Z_9d5e65dd,PURE,20,0.5,5,5,6,6.0,5.5,0.19,0.5,10,2,5760.0,stationary,50,True,79,0.1,0.22877442273534637,,1,0.07071067811865475,7.778174593052023
20260921T213417946637Z_9d5e65dd,PURE,20,0.5,5,5,6,6.0,5.5,0.19,0.5,10,2,5760.0,stationary,50,True,79,0.15,0.22877442273534637,,1,0.10606601717798211,7.778174593052023
20260921T213417946637Z_9d5e65dd,PURE,20,0.5,5,5,6,6.0,5.5,0.19,0.5,10,2,5760.0,stationary,50,True,79,0.2,0.22877442273534637,,1,0.1414213562373095,7.778174593052023
20260921T213417946637Z_9d5e65dd,PURE,20,0.5,5,5,6,6.0,5.5,0.19,0.5,10,2,5760.0,stationary,50,True,79,0.2442732516826255,0.22877442273534637,,1,0.17272727272727273,7.778174593052023
20260921T213417946637Z_9d5e65dd,PURE,20,0.67,5,5,6,5.5,5.5,0.19,0.5,10,2,5760.0,stationary,50,True,79,0.1,0.2575210589651023,,1,0.07071067811865475,7.778174593052023
20260921T213417946637Z_9d5e65dd,PURE,20,0.67,5,5,6,5.5,5.5,0.19,0.5,10,2,5760.0,stationary,50,True,79,0.15,0.2575210589651023,,1,0.10606601717798211,7.778174593052023
20260921T213417946637Z_9d5e65dd,PURE,20,0.67,5,5,6,5.5,5.5,0.19,0.5,10,2,5760.0,stationary,50,True,79,0.2,0.2575210589651023,,1,0.1414213562373095,7.778174593052023
20260921T213417946637Z_9d5e65dd,PURE,20,0.67,5,5,6,5.5,5.5,0.19,0.5,10,2,5760.0,stationary,50,True,79,0.2442732516826255,0.2575210589651023,,1,0.17272727272727273,7.778174593052023
20260921T213417946637Z_9d5e65dd,PURE,20,0.67,5,5,6,6.0,5.5,0.19,0.5,10,2,5760.0,stationary,50,True,79,0.1,0.2575210589651023,,1,0.07071067811865475,7.778174593052023
20260921T213417946637Z_9d5e65dd,PURE,20,0.67,5,5,6,6.0,5.5,0.19,0.5,10,2,5760.0,stationary,50,True,79,0.15,0.2575210589651023,,1,0.10606601717798211,7.778174593052023
20260921T213417946637Z_9d5e65dd,PURE,20,0.67,5,5,6,6.0,5.5,0.19,0.5,10,2,5760.0,stationary,50,True,79,0.2,0.2575210589651023,,1,0.1414213562373095,7.778174593052023
20260921T213417946637Z_9d5e65dd,PURE,20,0.67,5,5,6,6.0,5.5,0.19,0.5,10,2,5760.0,stationary,50,True,79,0.2442732516826255,0.2575210589651023,,1,0.17272727272727273,7.778174593052023
20260921T213417946637Z_9d5e65dd,PURE,20,0.83,5,5,6,5.5,5.5,0.19,0.5,10,2,5760.0,stationary,50,True,79,0.1,0.3001426533523538,,1,0.07071067811865475,7.778174593052023
20260921T213417946637Z_9d5e65dd,PURE,20,0.83,5,5,6,5.5,5.5,0.19,0.5,10,2,5760.0,stationary,50,True,79,0.15,0.3001426533523538,,1,0.10606601717798211,7.778174593052023
20260921T213417946637Z_9d5e65dd,PURE,20,0.83,5,5,6,5.5,5.5,0.19,0.5,10,2,5760.0,stationary,50,True,79,0.2,0.3001426533523538,,1,0.1414213562373095,7.778174593052023
20260921T213417946637Z_9d5e65dd,PURE,20,0.83,5,5,6,5.5,5.5,0.19,0.5,10,2,5760.0,stationary,50,True,79,0.2442732516826255,0.3001426533523538,,1,0.17272727272727273,7.778174593052023
20260921T213417946637Z_9d5e65dd,PURE,20,0.83,5,5,6,6.0,5.5,0.19,0.5,10,2,5760.0,stationary,50,True,79,0.1,0.3001426533523538,,1,0.07071067811865475,7.778174593052023
20260921T213417946637Z_9d5e65dd,PURE,20,0.83,5,5,6,6.0,5.5,0.19,0.5,10,2,5760.0,stationary,50,True,79,0.15,0.3001426533523538,,1,0.10606601717798211,7.778174593052023
20260921T213417946637Z_9d5e65dd,PURE,20,0.83,5,5,6,6.0,5.5,0.19,0.5,10,2,5760.0,stationary,50,True,79,0.2,0.3001426533523538,,1,0.1414213562373095,7.778174593052023
20260921T213417946637Z_9d5e65dd,PURE,20,0.83,5,5,6,6.0,5.5,0.19,0.5,10,2,5760.0,stationary,50,True,79,0.2442732516826255,0.3001426533523538,,1,0.17272727272727273,7.778174593052023
20260921T213417946637Z_9d5e65dd,PURE,20,1.0,5,5,6,5.5,5.5,0.19,0.5,10,2,5760.0,stationary,50,True,79,0.1,0.30268199233716475,,1,0.07071067811865475,7.778174593052023
20260921T213417946637Z_9d5e65dd,PURE,20,1.0,5,5,6,5.5,5.5,0.19,0.5,10,2,5760.0,stationary,50,True,79,0.15,0.30268199233716475,,1,0.10606601717798211,7.778174593052023
20260921T213417946637Z_9d5e65dd,PURE,20,1.0,5,5,6,5.5,5.5,0.19,0.5,10,2,5760.0,stationary,50,True,79,0.2,0.30268199233716475,,1,0.1414213562373095,7.778174593052023
20260921T213417946637Z_9d5e65dd,PURE,20,1.0,5,5,6,5.5,5.5,0.19,0.5,10,2,5760.0,stationary,50,True,79,0.2442732516826255,0.30268199233716475,,1,0.17272727272727273,7.778174593052023
20260921T213417946637Z_9d5e65dd,PURE,20,1.0,5,5,6,6.0,5.5,0.19,0.5,10,2,5760.0,stationary,50,True,79,0.1,0.30268199233716475,,1,0.07071067811865475,7.778174593052023
20260921T213417946637Z_9d5e65dd,PURE,20,1.0,5,5,6,6.0,5.5,0.19,0.5,10,2,5760.0,stationary,50,True,79,0.15,0.30268199233716475,,1,0.10606601717798211,7.778174593052023
20260921T213417946637Z_9d5e65dd,PURE,20,1.0,5,5,6,6.0,5.5,0.19,0.5,10,2,5760.0,stationary,50,True,79,0.2,0.30268199233716475,,1,0.1414213562373095,7.778174593052023
20260921T213417946637Z_9d5e65dd,PURE,20,1.0,5,5,6,6.0,5.5,0.19,0.5,10,2,5760.0,stationary,50,True,79,0.2442732516826255,0.30268199233716475,,1,0.17272727272727273,7.778174593052023
20260921T213417946637Z_9d5e65dd,PURE,30,0.33,5,5,6,5.5,5.5,0.19,0.5,10,2,5760.0,stationary,50,True,79,0.1,0.1847733105218135,,1,0.07071067811865475,7.778174593052023
20260921T213417946637Z_9d5e65dd,PURE,30,0.33,5,5,6,5.5,5.5,0.19,0.5,10,2,5760.0,stationary,50,True,79,0.15,0.1847733105218135,,1,0.10606601717798211,7.778174593052023
20260921T213417946637Z_9d5e65dd,PURE,30,0.33,5,5,6,5.5,5.5,0.19,0.5,10,2,5760.0,stationary,50,True,79,0.2,0.1847733105218135,,1,0.1414213562373095,7.778174593052023
20260921T213417946637Z_9d5e65dd,PURE,30,0.33,5,5,6,5.5,5.5,0.19,0.5,10,2,5760.0,stationary,50,True,79,0.2442732516826255,0.1847733105218135,,1,0.17272727272727273,7.778174593052023
20260921T213417946637Z_9d5e65dd,PURE,30,0.33,5,5,6,6.0,5.5,0.19,0.5,10,2,5760.0,stationary,50,True,79,0.1,0.1847733105218135,,1,0.07071067811865475,7.778174593052023
20260921T213417946637Z_9d5e65dd,PURE,30,0.33,5,5,6,6.0,5.5,0.19,0.5,10,2,5760.0,stationary,50,True,79,0.15,0.1847733105218135,,1,0.10606601717798211,7.778174593052023
20260921T213417946637Z_9d5e65dd,PURE,30,0.33,5,5,6,6.0,5.5,0.19,0.5,10,2,5760.0,stationary,50,True,79,0.2,0.1847733105218135,,1,0.1414213562373095,7.778174593052023
20260921T213417946637Z_9d5e65dd,PURE,30,0.33,5,5,6,6.0,5.5,0.19,0.5,10,2,5760.0,stationary,50,True,79,0.2442732516826255,0.1847733105218135,,1,0.17272727272727273,7.778174593052023
20260921T213417946637Z_9d5e65dd,PURE,30,0.5,5,5,6,5.5,5.5,0.19,0.5,10,2,5760.0,stationary,50,True,79,0.1,0.22877442273534637,,1,0.07071067811865475,7.778174593052023
20260921T213417946637Z_9d5e65dd,PURE,30,0.5,5,5,6,5.5,5.5,0.19,0.5,10,2,5760.0,stationary,50,True,79,0.15,0.22877442273534637,,1,0.10606601717798211,7.778174593052023
20260921T213417946637Z_9d5e65dd,PURE,30,0.5,5,5,6,5.5,5.5,0.19,0.5,10,2,5760.0,stationary,50,True,79,0.2,0.22877442273534637,,1,0.1414213562373095,7.778174593052023
20260921T213417946637Z_9d5e65dd,PURE,30,0.5,5,5,6,5.5,5.5,0.19,0.5,10,2,5760.0,stationary,50,True,79,0.2442732516826255,0.22877442273534637,,1,0.17272727272727273,7.778174593052023
20260921T213417946637Z_9d5e65dd,PURE,30,0.5,5,5,6,6.0,5.5,0.19,0.5,10,2,5760.0,stationary,50,True,79,0.1,0.22877442273534637,,1,0.07071067811865475,7.778174593052023
20260921T213417946637Z_9d5e65dd,PURE,30,0.5,5,5,6,6.0,5.5,0.19,0.5,10,2,5760.0,stationary,50,True,79,0.15,0.22877442273534637,,1,0.10606601717798211,7.778174593052023
20260921T213417946637Z_9d5e65dd,PURE,30,0.5,5,5,6,6.0,5.5,0.19,0.5,10,2,5760.0,stationary,50,True,79,0.2,0.22877442273534637,,1,0.1414213562373095,7.778174593052023
20260921T213417946637Z_9d5e65dd,PURE,30,0.5,5,5,6,6.0,5.5,0.19,0.5,10,2,5760.0,stationary,50,True,79,0.2442732516826255,0.22877442273534637,,1,0.17272727272727273,7.778174593052023
20260921T213417946637Z_9d5e65dd,PURE,30,0.67,5,5,6,5.5,5.5,0.19,0.5,10,2,5760.0,stationary,50,True,79,0.1,0.2575210589651023,,1,0.07071067811865475,7.778174593052023
20260921T213417946637Z_9d5e65dd,PURE,30,0.67,5,5,6,5.5,5.5,0.19,0.5,10,2,5760.0,stationary,50,True,79,0.15,0.2575210589651023,,1,0.10606601717798211,7.778174593052023
20260921T213417946637Z_9d5e65dd,PURE,30,0.67,5,5,6,5.5,5.5,0.19,0.5,10,2,5760.0,stationary,50,True,79,0.2,0.2575210589651023,,1,0.1414213562373095,7.778174593052023
20260921T213417946637Z_9d5e65dd,PURE,30,0.67,5,5,6,5.5,5.5,0.19,0.5,10,2,5760.0,stationary,50,True,79,0.2442732516826255,0.2575210589651023,,1,0.17272727272727273,7.778174593052023
20260921T213417946637Z_9d5e65dd,PURE,30,0.67,5,5,6,6.0,5.5,0.19,0.5,10,2,5760.0,stationary,50,True,79,0.1,0.2575210589651023,,1,0.07071067811865475,7.778174593052023
20260921T213417946637Z_9d5e65dd,PURE,30,0.67,5,5,6,6.0,5.5,0.19,0.5,10,2,5760.0,stationary,50,True,79,0.15,0.2575210589651023,,1,0.10606601717798211,7.778174593052023
20260921T213417946637Z_9d5e65dd,PURE,30,0.67,5,5,6,6.0,5.5,0.19,0.5,10,2,5760.0,stationary,50,True,79,0.2,0.2575210589651023,,1,0.1414213562373095,7.778174593052023
20260921T213417946637Z_9d5e65dd,PURE,30,0.67,5,5,6,6.0,5.5,0.19,0.5,10,2,5760.0,stationary,50,True,79,0.2442732516826255,0.2575210589651023,,1,0.17272727272727273,7.778174593052023
20260921T213417946637Z_9d5e65dd,PURE,30,0.83,5,5,6,5.5,5.5,0.19,0.5,10,2,5760.0,stationary,50,True,79,0.1,0.3001426533523538,,1,0.07071067811865475,7.778174593052023
20260921T213417946637Z_9d5e65dd,PURE,30,0.83,5,5,6,5.5,5.5,0.19,0.5,10,2,5760.0,stationary,50,True,79,0.15,0.3001426533523538,,1,0.10606601717798211,7.778174593052023
20260921T213417946637Z_9d5e65dd,PURE,30,0.83,5,5,6,5.5,5.5,0.19,0.5,10,2,5760.0,stationary,50,True,79,0.2,0.3001426533523538,,1,0.1414213562373095,7.778174593052023
20260921T213417946637Z_9d5e65dd,PURE,30,0.83,5,5,6,5.5,5.5,0.19,0.5,10,2,5760.0,stationary,50,True,79,0.2442732516826255,0.3001426533523538,,1,0.17272727272727273,7.778174593052023
20260921T213417946637Z_9d5e65dd,PURE,30,0.83,5,5,6,6.0,5.5,0.19,0.5,10,2,5760.0,stationary,50,True,79,0.1,0.3001426533523538,,1,0.07071067811865475,7.778174593052023
20260921T213417946637Z_9d5e65dd,PURE,30,0.83,5,5,6,6.0,5.5,0.19,0.5,10,2,5760.0,stationary,50,True,79,0.15,0.3001426533523538,,1,0.10606601717798211,7.778174593052023
20260921T213417946637Z_9d5e65dd,PURE,30,0.83,5,5,6,6.0,5.5,0.19,0.5,10,2,5760.0,stationary,50,True,79,0.2,0.3001426533523538,,1,0.1414213562373095,7.778174593052023
20260921T213417946637Z_9d5e65dd,PURE,30,0.83,5,5,6,6.0,5.5,0.19,0.5,10,2,5760.0,stationary,50,True,79,0.2442732516826255,0.3001426533523538,,1,0.17272727272727273,7.778174593052023
20260921T213417946637Z_9d5e65dd,PURE,30,1.0,5,5,6,5.5,5.5,0.19,0.5,10,2,5760.0,stationary,50,True,79,0.1,0.30268199233716475,,1,0.07071067811865475,7.778174593052023
20260921T213417946637Z_9d5e65dd,PURE,30,1.0,5,5,6,5.5,5.5,0.19,0.5,10,2,5760.0,stationary,50,True,79,0.15,0.30268199233716475,,1,0.10606601717798211,7.778174593052023
20260921T213417946637Z_9d5e65dd,PURE,30,1.0,5,5,6,5.5,5.5,0.19,0.5,10,2,5760.0,stationary,50,True,79,0.2,0.30268199233716475,,1,0.1414213562373095,7.778174593052023
20260921T213417946637Z_9d5e65dd,PURE,30,1.0,5,5,6,5.5,5.5,0.19,0.5,10,2,5760.0,stationary,50,True,79,0.2442732516826255,0.30268199233716475,,1,0.17272727272727273,7.778174593052023
20260921T213417946637Z_9d5e65dd,PURE,30,1.0,5,5,6,6.0,5.5,0.19,0.5,10,2,5760.0,stationary,50,True,79,0.1,0.30268199233716475,,1,0.07071067811865475,7.778174593052023
20260921T213417946637Z_9d5e65dd,PURE,30,1.0,5,5,6,6.0,5.5,0.19,0.5,10,2,5760.0,stationary,50,True,79,0.15,0.30268199233716475,,1,0.10606601717798211,7.778174593052023
20260921T213417946637Z_9d5e65dd,PURE,30,1.0,5,5,6,6.0,5.5,0.19,0.5,10,2,5760.0,stationary,50,True,79,0.2,0.30268199233716475,,1,0.1414213562373095,7.778174593052023
20260921T213417946637Z_9d5e65dd,PURE,30,1.0,5,5,6,6.0,5.5,0.19,0.5,10,2,5760.0,stationary,50,True,79,0.2442732516826255,0.30268199233716475,,1,0.17272727272727273,7.778174593052023
20260921T213417946637Z_9d5e65dd,PURE,40,0.33,5,5,6,5.5,5.5,0.19,0.5,10,2,5760.0,stationary,50,True,79,0.1,0.1847733105218135,,1,0.07071067811865475,7.778174593052023
20260921T213417946637Z_9d5e65dd,PURE,40,0.33,5,5,6,5.5,5.5,0.19,0.5,10,2,5760.0,stationary,50,True,79,0.15,0.1847733105218135,,1,0.10606601717798211,7.778174593052023
20260921T213417946637Z_9d5e65dd,PURE,40,0.33,5,5,6,5.5,5.5,0.19,0.5,10,2,5760.0,stationary,50,True,79,0.2,0.1847733105218135,,1,0.1414213562373095,7.778174593052023
20260921T213417946637Z_9d5e65dd,PURE,40,0.33,5,5,6,5.5,5.5,0.19,0.5,10,2,5760.0,stationary,50,True,79,0.2442732516826255,0.1847733105218135,,1,0.17272727272727273,7.778174593052023
20260921T213417946637Z_9d5e65dd,PURE,40,0.33,5,5,6,6.0,5.5,0.19,0.5,10,2,5760.0,stationary,50,True,79,0.1,0.1847733105218135,,1,0.07071067811865475,7.778174593052023
20260921T213417946637Z_9d5e65dd,PURE,40,0.33,5,5,6,6.0,5.5,0.19,0.5,10,2,5760.0,stationary,50,True,79,0.15,0.1847733105218135,,1,0.10606601717798211,7.778174593052023
20260921T213417946637Z_9d5e65dd,PURE,40,0.33,5,5,6,6.0,5.5,0.19,0.5,10,2,5760.0,stationary,50,True,79,0.2,0.1847733105218135,,1,0.1414213562373095,7.778174593052023
20260921T213417946637Z_9d5e65dd,PURE,40,0.33,5,5,6,6.0,5.5,0.19,0.5,10,2,5760.0,stationary,50,True,79,0.2442732516826255,0.1847733105218135,,1,0.17272727272727273,7.778174593052023
20260921T213417946637Z_9d5e65dd,PURE,40,0.5,5,5,6,5.5,5.5,0.19,0.5,10,2,5760.0,stationary,50,True,79,0.1,0.22877442273534637,,1,0.07071067811865475,7.778174593052023
20260921T213417946637Z_9d5e65dd,PURE,40,0.5,5,5,6,5.5,5.5,0.19,0.5,10,2,5760.0,stationary,50,True,79,0.15,0.22877442273534637,,1,0.10606601717798211,7.778174593052023
20260921T213417946637Z_9d5e65dd,PURE,40,0.5,5,5,6,5.5,5.5,0.19,0.5,10,2,5760.0,stationary,50,True,79,0.2,0.22877442273534637,,1,0.1414213562373095,7.778174593052023
20260921T213417946637Z_9d5e65dd,PURE,40,0.5,5,5,6,5.5,5.5,0.19,0.5,10,2,5760.0,stationary,50,True,79,0.2442732516826255,0.22877442273534637,,1,0.17272727272727273,7.778174593052023
20260921T213417946637Z_9d5e65dd,PURE,40,0.5,5,5,6,6.0,5.5,0.19,0.5,10,2,5760.0,stationary,50,True,79,0.1,0.22877442273534637,,1,0.07071067811865475,7.778174593052023
20260921T213417946637Z_9d5e65dd,PURE,40,0.5,5,5,6,6.0,5.5,0.19,0.5,10,2,5760.0,stationary,50,True,79,0.15,0.22877442273534637,,1,0.10606601717798211,7.778174593052023
20260921T213417946637Z_9d5e65dd,PURE,40,0.5,5,5,6,6.0,5.5,0.19,0.5,10,2,5760.0,stationary,50,True,79,0.2,0.22877442273534637,,1,0.1414213562373095,7.778174593052023
20260921T213417946637Z_9d5e65dd,PURE,40,0.5,5,5,6,6.0,5.5,0.19,0.5,10,2,5760.0,stationary,50,True,79,0.2442732516826255,0.22877442273534637,,1,0.17272727272727273,7.778174593052023
20260921T213417946637Z_9d5e65dd,PURE,40,0.67,5,5,6,5.5,5.5,0.19,0.5,10,2,5760.0,stationary,50,True,79,0.1,0.2575210589651023,,1,0.07071067811865475,7.778174593052023
20260921T213417946637Z_9d5e65dd,PURE,40,0.67,5,5,6,5.5,5.5,0.19,0.5,10,2,5760.0,stationary,50,True,79,0.15,0.2575210589651023,,1,0.10606601717798211,7.778174593052023
20260921T213417946637Z_9d5e65dd,PURE,40,0.67,5,5,6,5.5,5.5,0.19,0.5,10,2,5760.0,stationary,50,True,79,0.2,0.2575210589651023,,1,0.1414213562373095,7.778174593052023
20260921T213417946637Z_9d5e65dd,PURE,40,0.67,5,5,6,5.5,5.5,0.19,0.5,10,2,5760.0,stationary,50,True,79,0.2442732516826255,0.2575210589651023,,1,0.17272727272727273,7.778174593052023
20260921T213417946637Z_9d5e65dd,PURE,40,0.67,5,5,6,6.0,5.5,0.19,0.5,10,2,5760.0,stationary,50,True,79,0.1,0.2575210589651023,,1,0.07071067811865475,7.778174593052023
20260921T213417946637Z_9d5e65dd,PURE,40,0.67,5,5,6,6.0,5.5,0.19,0.5,10,2,5760.0,stationary,50,True,79,0.15,0.2575210589651023,,1,0.10606601717798211,7.778174593052023
20260921T213417946637Z_9d5e65dd,PURE,40,0.67,5,5,6,6.0,5.5,0.19,0.5,10,2,5760.0,stationary,50,True,79,0.2,0.2575210589651023,,1,0.1414213562373095,7.778174593052023
20260921T213417946637Z_9d5e65dd,PURE,40,0.67,5,5,6,6.0,5.5,0.19,0.5,10,2,5760.0,stationary,50,True,79,0.2442732516826255,0.2575210589651023,,1,0.17272727272727273,7.778174593052023
20260921T213417946637Z_9d5e65dd,PURE,40,0.83,5,5,6,5.5,5.5,0.19,0.5,10,2,5760.0,stationary,50,True,79,0.1,0.3001426533523538,,1,0.07071067811865475,7.778174593052023
20260921T213417946637Z_9d5e65dd,PURE,40,0.83,5,5,6,5.5,5.5,0.19,0.5,10,2,5760.0,stationary,50,True,79,0.15,0.3001426533523538,,1,0.10606601717798211,7.778174593052023
20260921T213417946637Z_9d5e65dd,PURE,40,0.83,5,5,6,5.5,5.5,0.19,0.5,10,2,5760.0,stationary,50,True,79,0.2,0.3001426533523538,,1,0.1414213562373095,7.778174593052023
20260921T213417946637Z_9d5e65dd,PURE,40,0.83,5,5,6,5.5,5.5,0.19,0.5,10,2,5760.0,stationary,50,True,79,0.2442732516826255,0.3001426533523538,,1,0.17272727272727273,7.778174593052023
20260921T213417946637Z_9d5e65dd,PURE,40,0.83,5,5,6,6.0,5.5,0.19,0.5,10,2,5760.0,stationary,50,True,79,0.1,0.3001426533523538,,1,0.07071067811865475,7.778174593052023
20260921T213417946637Z_9d5e65dd,PURE,40,0.83,5,5,6,6.0,5.5,0.19,0.5,10,2,5760.0,stationary,50,True,79,0.15,0.3001426533523538,,1,0.10606601717798211,7.778174593052023
20260921T213417946637Z_9d5e65dd,PURE,40,0.83,5,5,6,6.0,5.5,0.19,0.5,10,2,5760.0,stationary,50,True,79,0.2,0.3001426533523538,,1,0.1414213562373095,7.778174593052023
20260921T213417946637Z_9d5e65dd,PURE,40,0.83,5,5,6,6.0,5.5,0.19,0.5,10,2,5760.0,stationary,50,True,79,0.2442732516826255,0.3001426533523538,,1,0.17272727272727273,7.778174593052023
20260921T213417946637Z_9d5e65dd,PURE,40,1.0,5,5,6,5.5,5.5,0.19,0.5,10,2,5760.0,stationary,50,True,79,0.1,0.30268199233716475,,1,0.07071067811865475,7.778174593052023
20260921T213417946637Z_9d5e65dd,PURE,40,1.0,5,5,6,5.5,5.5,0.19,0.5,10,2,5760.0,stationary,50,True,79,0.15,0.30268199233716475,,1,0.10606601717798211,7.778174593052023
20260921T213417946637Z_9d5e65dd,PURE,40,1.0,5,5,6,5.5,5.5,0.19,0.5,10,2,5760.0,stationary,50,True,79,0.2,0.30268199233716475,,1,0.1414213562373095,7.778174593052023
20260921T213417946637Z_9d5e65dd,PURE,40,1.0,5,5,6,5.5,5.5,0.19,0.5,10,2,5760.0,stationary,50,True,79,0.2442732516826255,0.30268199233716475,,1,0.17272727272727273,7.778174593052023
20260921T213417946637Z_9d5e65dd,PURE,40,1.0,5,5,6,6.0,5.5,0.19,0.5,10,2,5760.0,stationary,50,True,79,0.1,0.30268199233716475,,1,0.07071067811865475,7.778174593052023
20260921T213417946637Z_9d5e65dd,PURE,40,1.0,5,5,6,6.0,5.5,0.19,0.5,10,2,5760.0,stationary,50,True,79,0.15,0.30268199233716475,,1,0.10606601717798211,7.778174593052023
20260921T213417946637Z_9d5e65dd,PURE,40,1.0,5,5,6,6.0,5.5,0.19,0.5,10,2,5760.0,stationary,50,True,79,0.2,0.30268199233716475,,1,0.1414213562373095,7.778174593052023
20260921T213417946637Z_9d5e65dd,PURE,40,1.0,5,5,6,6.0,5.5,0.19,0.5,10,2,5760.0,stationary,50,True,79,0.2442732516826255,0.30268199233716475,,1,0.17272727272727273,7.778174593052023
20260921T213417946637Z_9d5e65dd,PURE_OR,2,0.33,5,5,6,5.5,5.5,0.19,0.5,10,2,5760.0,stationary,50,True,79,0.1,0.2169763937719739,,1,0.07071067811865475,7.778174593052023
20260921T213417946637Z_9d5e65dd,PURE_OR,2,0.33,5,5,6,5.5,5.5,0.19,0.5,10,2,5760.0,stationary,50,True,79,0.15,0.2169763937719739,,1,0.10606601717798211,7.778174593052023
20260921T213417946637Z_9d5e65dd,PURE_OR,2,0.33,5,5,6,5.5,5.5,0.19,0.5,10,2,5760.0,stationary,50,True,79,0.2,0.2169763937719739,,1,0.1414213562373095,7.778174593052023
20260921T213417946637Z_9d5e65dd,PURE_OR,2,0.33,5,5,6,5.5,5.5,0.19,0.5,10,2,5760.0,stationary,50,True,79,0.2442732516826255,0.2169763937719739,,1,0.17272727272727273,7.778174593052023
20260921T213417946637Z_9d5e65dd,PURE_OR,2,0.33,5,5,6,6.0,5.5,0.19,0.5,10,2,5760.0,stationary,50,True,79,0.1,0.2169763937719739,,1,0.07071067811865475,7.778174593052023
20260921T213417946637Z_9d5e65dd,PURE_OR,2,0.33,5,5,6,6.0,5.5,0.19,0.5,10,2,5760.0,stationary,50,True,79,0.15,0.2169763937719739,,1,0.10606601717798211,7.778174593052023
20260921T213417946637Z_9d5e65dd,PURE_OR,2,0.33,5,5,6,6.0,5.5,0.19,0.5,10,2,5760.0,stationary,50,True,79,0.2,0.2169763937719739,,1,0.1414213562373095,7.778174593052023
20260921T213417946637Z_9d5e65dd,PURE_OR,2,0.33,5,5,6,6.0,5.5,0.19,0.5,10,2,5760.0,stationary,50,True,79,0.2442732516826255,0.2169763937719739,,1,0.17272727272727273,7.778174593052023
20260921T213417946637Z_9d5e65dd,PURE_OR,2,0.5,5,5,6,5.5,5.5,0.19,0.5,10,2,5760.0,stationary,50,True,79,0.1,0.2765135251180764,,1,0.07071067811865475,7.778174593052023
20260921T213417946637Z_9d5e65dd,PURE_OR,2,0.5,5,5,6,5.5,5.5,0.19,0.5,10,2,5760.0,stationary,50,True,79,0.15,0.27639484978540774,,1,0.10606601717798211,7.778174593052023
20260921T213417946637Z_9d5e65dd,PURE_OR,2,0.5,5,5,6,5.5,5.5,0.19,0.5,10,2,5760.0,stationary,50,True,79,0.2,0.2765135251180764,,1,0.1414213562373095,7.778174593052023
20260921T213417946637Z_9d5e65dd,PURE_OR,2,0.5,5,5,6,5.5,5.5,0.19,0.5,10,2,5760.0,stationary,50,True,79,0.2442732516826255,0.27639484978540774,,1,0.17272727272727273,7.778174593052023
20260921T213417946637Z_9d5e65dd,PURE_OR,2,0.5,5,5,6,6.0,5.5,0.19,0.5,10,2,5760.0,stationary,50,True,79,0.1,0.2765135251180764,,1,0.07071067811865475,7.778174593052023
20260921T213417946637Z_9d5e65dd,PURE_OR,2,0.5,5,5,6,6.0,5.5,0.19,0.5,10,2,5760.0,stationary,50,True,79,0.15,0.27639484978540774,,1,0.10606601717798211,7.778174593052023
20260921T213417946637Z_9d5e65dd,PURE_OR,2,0.5,5,5,6,6.0,5.5,0.19,0.5,10,2,5760.0,stationary,50,True,79,0.2,0.2765135251180764,,1,0.1414213562373095,7.778174593052023
20260921T213417946637Z_9d5e65dd,PURE_OR,2,0.5,5,5,6,6.0,5.5,0.19,0.5,10,2,5760.0,stationary,50,True,79,0.2442732516826255,0.2765135251180764,,1,0.17272727272727273,7.778174593052023
20260921T213417946637Z_9d5e65dd,PURE_OR,2,0.67,5,5,6,5.5,5.5,0.19,0.5,10,2,5760.0,stationary,50,True,79,0.1,0.31082062454611475,,1,0.07071067811865475,7.778174593052023
20260921T213417946637Z_9d5e65dd,PURE_OR,2,0.67,5,5,6,5.5,5.5,0.19,0.5,10,2,5760.0,stationary,50,True,79,0.15,0.31082062454611475,,1,0.10606601717798211,7.778174593052023
20260921T213417946637Z_9d5e65dd,PURE_OR,2,0.67,5,5,6,5.5,5.5,0.19,0.5,10,2,5760.0,stationary,50,True,79,0.2,0.31082062454611475,,1,0.1414213562373095,7.778174593052023
20260921T213417946637Z_9d5e65dd,PURE_OR,2,0.67,5,5,6,5.5,5.5,0.19,0.5,10,2,5760.0,stationary,50,True,79,0.2442732516826255,0.31082062454611475,,1,0.17272727272727273,7.778174593052023
20260921T213417946637Z_9d5e65dd,PURE_OR,2,0.67,5,5,6,6.0,5.5,0.19,0.5,10,2,5760.0,stationary,50,True,79,0.1,0.31082062454611475,,1,0.07071067811865475,7.778174593052023
20260921T213417946637Z_9d5e65dd,PURE_OR,2,0.67,5,5,6,6.0,5.5,0.19,0.5,10,2,5760.0,stationary,50,True,79,0.15,0.31082062454611475,,1,0.10606601717798211,7.778174593052023
20260921T213417946637Z_9d5e65dd,PURE_OR,2,0.67,5,5,6,6.0,5.5,0.19,0.5,10,2,5760.0,stationary,50,True,79,0.2,0.31082062454611475,,1,0.1414213562373095,7.778174593052023
20260921T213417946637Z_9d5e65dd,PURE_OR,2,0.67,5,5,6,6.0,5.5,0.19,0.5,10,2,5760.0,stationary,50,True,79,0.2442732516826255,0.31082062454611475,,1,0.17272727272727273,7.778174593052023
20260921T213417946637Z_9d5e65dd,PURE_OR,2,0.83,5,5,6,5.5,5.5,0.19,0.5,10,2,5760.0,stationary,50,True,79,0.1,0.3373957665169981,,1,0.07071067811865475,7.778174593052023
20260921T213417946637Z_9d5e65dd,PURE_OR,2,0.83,5,5,6,5.5,5.5,0.19,0.5,10,2,5760.0,stationary,50,True,79,0.15,0.3373957665169981,,1,0.10606601717798211,7.778174593052023
20260921T213417946637Z_9d5e65dd,PURE_OR,2,0.83,5,5,6,5.5,5.5,0.19,0.5,10,2,5760.0,stationary,50,True,79,0.2,0.3373957665169981,,1,0.1414213562373095,7.778174593052023
20260921T213417946637Z_9d5e65dd,PURE_OR,2,0.83,5,5,6,5.5,5.5,0.19,0.5,10,2,5760.0,stationary,50,True,79,0.2442732516826255,0.3364246881995523,,1,0.17272727272727273,7.778174593052023
20260921T213417946637Z_9d5e65dd,PURE_OR,2,0.83,5,5,6,6.0,5.5,0.19,0.5,10,2,5760.0,stationary,50,True,79,0.1,0.3373957665169981,,1,0.07071067811865475,7.778174593052023
20260921T213417946637Z_9d5e65dd,PURE_OR,2,0.83,5,5,6,6.0,5.5,0.19,0.5,10,2,5760.0,stationary,50,True,79,0.15,0.3373957665169981,,1,0.10606601717798211,7.778174593052023
20260921T213417946637Z_9d5e65dd,PURE_OR,2,0.83,5,5,6,6.0,5.5,0.19,0.5,10,2,5760.0,stationary,50,True,79,0.2,0.3364246881995523,,1,0.1414213562373095,7.778174593052023
20260921T213417946637Z_9d5e65dd,PURE_OR,2,0.83,5,5,6,6.0,5.5,0.19,0.5,10,2,5760.0,stationary,50,True,79,0.2442732516826255,0.3373957665169981,,1,0.17272727272727273,7.778174593052023
20260921T213417946637Z_9d5e65dd,PURE_OR,2,1.0,5,5,6,5.5,5.5,0.19,0.5,10,2,5760.0,stationary,50,True,79,0.1,0.36574074074074076,,1,0.07071067811865475,7.778174593052023
20260921T213417946637Z_9d5e65dd,PURE_OR,2,1.0,5,5,6,5.5,5.5,0.19,0.5,10,2,5760.0,stationary,50,True,79,0.15,0.36574074074074076,,1,0.10606601717798211,7.778174593052023
20260921T213417946637Z_9d5e65dd,PURE_OR,2,1.0,5,5,6,5.5,5.5,0.19,0.5,10,2,5760.0,stationary,50,True,79,0.2,0.36574074074074076,,1,0.1414213562373095,7.778174593052023
20260921T213417946637Z_9d5e65dd,PURE_OR,2,1.0,5,5,6,5.5,5.5,0.19,0.5,10,2,5760.0,stationary,50,True,79,0.2442732516826255,0.36574074074074076,,1,0.17272727272727273,7.778174593052023
20260921T213417946637Z_9d5e65dd,PURE_OR,2,1.0,5,5,6,6.0,5.5,0.19,0.5,10,2,5760.0,stationary,50,True,79,0.1,0.36574074074074076,,1,0.07071067811865475,7.778174593052023
20260921T213417946637Z_9d5e65dd,PURE_OR,2,1.0,5,5,6,6.0,5.5,0.19,0.5,10,2,5760.0,stationary,50,True,79,0.15,0.36574074074074076,,1,0.10606601717798211,7.778174593052023
20260921T213417946637Z_9d5e65dd,PURE_OR,2,1.0,5,5,6,6.0,5.5,0.19,0.5,10,2,5760.0,stationary,50,True,79,0.2,0.36574074074074076,,1,0.1414213562373095,7.778174593052023
20260921T213417946637Z_9d5e65dd,PURE_OR,2,1.0,5,5,6,6.0,5.5,0.19,0.5,10,2,5760.0,stationary,50,True,79,0.2442732516826255,0.36574074074074076,,1,0.17272727272727273,7.778174593052023
20260921T213417946637Z_9d5e65dd,PURE_OR,5,0.33,5,5,6,5.5,5.5,0.19,0.5,10,2,5760.0,stationary,50,True,79,0.1,0.2169763937719739,,1,0.07071067811865475,7.778174593052023
20260921T213417946637Z_9d5e65dd,PURE_OR,5,0.33,5,5,6,5.5,5.5,0.19,0.5,10,2,5760.0,stationary,50,True,79,0.15,0.2169763937719739,,1,0.10606601717798211,7.778174593052023
20260921T213417946637Z_9d5e65dd,PURE_OR,5,0.33,5,5,6,5.5,5.5,0.19,0.5,10,2,5760.0,stationary,50,True,79,0.2,0.2169763937719739,,1,0.1414213562373095,7.778174593052023
20260921T213417946637Z_9d5e65dd,PURE_OR,5,0.33,5,5,6,5.5,5.5,0.19,0.5,10,2,5760.0,stationary,50,True,79,0.2442732516826255,0.2169763937719739,,1,0.17272727272727273,7.778174593052023
20260921T213417946637Z_9d5e65dd,PURE_OR,5,0.33,5,5,6,6.0,5.5,0.19,0.5,10,2,5760.0,stationary,50,True,79,0.1,0.2169763937719739,,1,0.07071067811865475,7.778174593052023
20260921T213417946637Z_9d5e65dd,PURE_OR,5,0.33,5,5,6,6.0,5.5,0.19,0.5,10,2,5760.0,stationary,50,True,79,0.15,0.2169763937719739,,1,0.10606601717798211,7.778174593052023
20260921T213417946637Z_9d5e65dd,PURE_OR,5,0.33,5,5,6,6.0,5.5,0.19,0.5,10,2,5760.0,stationary,50,True,79,0.2,0.2169763937719739,,1,0.1414213562373095,7.778174593052023
20260921T213417946637Z_9d5e65dd,PURE_OR,5,0.33,5,5,6,6.0,5.5,0.19,0.5,10,2,5760.0,stationary,50,True,79,0.2442732516826255,0.2169763937719739,,1,0.17272727272727273,7.778174593052023
20260921T213417946637Z_9d5e65dd,PURE_OR,5,0.5,5,5,6,5.5,5.5,0.19,0.5,10,2,5760.0,stationary,50,True,79,0.1,0.2765135251180764,,1,0.07071067811865475,7.778174593052023
20260921T213417946637Z_9d5e65dd,PURE_OR,5,0.5,5,5,6,5.5,5.5,0.19,0.5,10,2,5760.0,stationary,50,True,79,0.15,0.27639484978540774,,1,0.10606601717798211,7.778174593052023
20260921T213417946637Z_9d5e65dd,PURE_OR,5,0.5,5,5,6,5.5,5.5,0.19,0.5,10,2,5760.0,stationary,50,True,79,0.2,0.27639484978540774,,1,0.1414213562373095,7.778174593052023
20260921T213417946637Z_9d5e65dd,PURE_OR,5,0.5,5,5,6,5.5,5.5,0.19,0.5,10,2,5760.0,stationary,50,True,79,0.2442732516826255,0.2765135251180764,,1,0.17272727272727273,7.778174593052023
20260921T213417946637Z_9d5e65dd,PURE_OR,5,0.5,5,5,6,6.0,5.5,0.19,0.5,10,2,5760.0,stationary,50,True,79,0.1,0.2765135251180764,,1,0.07071067811865475,7.778174593052023
20260921T213417946637Z_9d5e65dd,PURE_OR,5,0.5,5,5,6,6.0,5.5,0.19,0.5,10,2,5760.0,stationary,50,True,79,0.15,0.27639484978540774,,1,0.10606601717798211,7.778174593052023
20260921T213417946637Z_9d5e65dd,PURE_OR,5,0.5,5,5,6,6.0,5.5,0.19,0.5,10,2,5760.0,stationary,50,True,79,0.2,0.27639484978540774,,1,0.1414213562373095,7.778174593052023
20260921T213417946637Z_9d5e65dd,PURE_OR,5,0.5,5,5,6,6.0,5.5,0.19,0.5,10,2,5760.0,stationary,50,True,79,0.2442732516826255,0.27639484978540774,,1,0.17272727272727273,7.778174593052023
20260921T213417946637Z_9d5e65dd,PURE_OR,5,0.67,5,5,6,5.5,5.5,0.19,0.5,10,2,5760.0,stationary,50,True,79,0.1,0.31082062454611475,,1,0.07071067811865475,7.778174593052023
20260921T213417946637Z_9d5e65dd,PURE_OR,5,0.67,5,5,6,5.5,5.5,0.19,0.5,10,2,5760.0,stationary,50,True,79,0.15,0.31082062454611475,,1,0.10606601717798211,7.778174593052023
20260921T213417946637Z_9d5e65dd,PURE_OR,5,0.67,5,5,6,5.5,5.5,0.19,0.5,10,2,5760.0,stationary,50,True,79,0.2,0.31082062454611475,,1,0.1414213562373095,7.778174593052023
20260921T213417946637Z_9d5e65dd,PURE_OR,5,0.67,5,5,6,5.5,5.5,0.19,0.5,10,2,5760.0,stationary,50,True,79,0.2442732516826255,0.31082062454611475,,1,0.17272727272727273,7.778174593052023
20260921T213417946637Z_9d5e65dd,PURE_OR,5,0.67,5,5,6,6.0,5.5,0.19,0.5,10,2,5760.0,stationary,50,True,79,0.1,0.31082062454611475,,1,0.07071067811865475,7.778174593052023
20260921T213417946637Z_9d5e65dd,PURE_OR,5,0.67,5,5,6,6.0,5.5,0.19,0.5,10,2,5760.0,stationary,50,True,79,0.15,0.31082062454611475,,1,0.10606601717798211,7.778174593052023
20260921T213417946637Z_9d5e65dd,PURE_OR,5,0.67,5,5,6,6.0,5.5,0.19,0.5,10,2,5760.0,stationary,50,True,79,0.2,0.31082062454611475,,1,0.1414213562373095,7.778174593052023
20260921T213417946637Z_9d5e65dd,PURE_OR,5,0.67,5,5,6,6.0,5.5,0.19,0.5,10,2,5760.0,stationary,50,True,79,0.2442732516826255,0.31082062454611475,,1,0.17272727272727273,7.778174593052023
20260921T213417946637Z_9d5e65dd,PURE_OR,5,0.83,5,5,6,5.5,5.5,0.19,0.5,10,2,5760.0,stationary,50,True,79,0.1,0.3373957665169981,,1,0.07071067811865475,7.778174593052023
20260921T213417946637Z_9d5e65dd,PURE_OR,5,0.83,5,5,6,5.5,5.5,0.19,0.5,10,2,5760.0,stationary,50,True,79,0.15,0.3373957665169981,,1,0.10606601717798211,7.778174593052023
20260921T213417946637Z_9d5e65dd,PURE_OR,5,0.83,5,5,6,5.5,5.5,0.19,0.5,10,2,5760.0,stationary,50,True,79,0.2,0.3373957665169981,,1,0.1414213562373095,7.778174593052023
20260921T213417946637Z_9d5e65dd,PURE_OR,5,0.83,5,5,6,5.5,5.5,0.19,0.5,10,2,5760.0,stationary,50,True,79,0.2442732516826255,0.3373957665169981,,1,0.17272727272727273,7.778174593052023
20260921T213417946637Z_9d5e65dd,PURE_OR,5,0.83,5,5,6,6.0,5.5,0.19,0.5,10,2,5760.0,stationary,50,True,79,0.1,0.3373957665169981,,1,0.07071067811865475,7.778174593052023
20260921T213417946637Z_9d5e65dd,PURE_OR,5,0.83,5,5,6,6.0,5.5,0.19,0.5,10,2,5760.0,stationary,50,True,79,0.15,0.3373957665169981,,1,0.10606601717798211,7.778174593052023
20260921T213417946637Z_9d5e65dd,PURE_OR,5,0.83,5,5,6,6.0,5.5,0.19,0.5,10,2,5760.0,stationary,50,True,79,0.2,0.3420026007802341,,1,0.1414213562373095,7.778174593052023
20260921T213417946637Z_9d5e65dd,PURE_OR,5,0.83,5,5,6,6.0,5.5,0.19,0.5,10,2,5760.0,stationary,50,True,79,0.2442732516826255,0.3373957665169981,,1,0.17272727272727273,7.778174593052023
20260921T213417946637Z_9d5e65dd,PURE_OR,5,1.0,5,5,6,5.5,5.5,0.19,0.5,10,2,5760.0,stationary,50,True,79,0.1,0.36574074074074076,,1,0.07071067811865475,7.778174593052023
20260921T213417946637Z_9d5e65dd,PURE_OR,5,1.0,5,5,6,5.5,5.5,0.19,0.5,10,2,5760.0,stationary,50,True,79,0.15,0.36574074074074076,,1,0.10606601717798211,7.778174593052023
20260921T213417946637Z_9d5e65dd,PURE_OR,5,1.0,5,5,6,5.5,5.5,0.19,0.5,10,2,5760.0,stationary,50,True,79,0.2,0.36574074074074076,,1,0.1414213562373095,7.778174593052023
20260921T213417946637Z_9d5e65dd,PURE_OR,5,1.0,5,5,6,5.5,5.5,0.19,0.5,10,2,5760.0,stationary,50,True,79,0.2442732516826255,0.36574074074074076,,1,0.17272727272727273,7.778174593052023
20260921T213417946637Z_9d5e65dd,PURE_OR,5,1.0,5,5,6,6.0,5.5,0.19,0.5,10,2,5760.0,stationary,50,True,79,0.1,0.36574074074074076,,1,0.07071067811865475,7.778174593052023
20260921T213417946637Z_9d5e65dd,PURE_OR,5,1.0,5,5,6,6.0,5.5,0.19,0.5,10,2,5760.0,stationary,50,True,79,0.15,0.36574074074074076,,1,0.10606601717798211,7.778174593052023
20260921T213417946637Z_9d5e65dd,PURE_OR,5,1.0,5,5,6,6.0,5.5,0.19,0.5,10,2,5760.0,stationary,50,True,79,0.2,0.36574074074074076,,1,0.1414213562373095,7.778174593052023
20260921T213417946637Z_9d5e65dd,PURE_OR,5,1.0,5,5,6,6.0,5.5,0.19,0.5,10,2,5760.0,stationary,50,True,79,0.2442732516826255,0.36574074074074076,,1,0.17272727272727273,7.778174593052023
20260921T213417946637Z_9d5e65dd,PURE_OR,10,0.33,5,5,6,5.5,5.5,0.19,0.5,10,2,5760.0,stationary,50,True,79,0.1,0.2169763937719739,,1,0.07071067811865475,7.778174593052023
20260921T213417946637Z_9d5e65dd,PURE_OR,10,0.33,5,5,6,5.5,5.5,0.19,0.5,10,2,5760.0,stationary,50,True,79,0.15,0.2169763937719739,,1,0.10606601717798211,7.778174593052023
20260921T213417946637Z_9d5e65dd,PURE_OR,10,0.33,5,5,6,5.5,5.5,0.19,0.5,10,2,5760.0,stationary,50,True,79,0.2,0.2169763937719739,,1,0.1414213562373095,7.778174593052023
20260921T213417946637Z_9d5e65dd,PURE_OR,10,0.33,5,5,6,5.5,5.5,0.19,0.5,10,2,5760.0,stationary,50,True,79,0.2442732516826255,0.2169763937719739,,1,0.17272727272727273,7.778174593052023
20260921T213417946637Z_9d5e65dd,PURE_OR,10,0.33,5,5,6,6.0,5.5,0.19,0.5,10,2,5760.0,stationary,50,True,79,0.1,0.2169763937719739,,1,0.07071067811865475,7.778174593052023
20260921T213417946637Z_9d5e65dd,PURE_OR,10,0.33,5,5,6,6.0,5.5,0.19,0.5,10,2,5760.0,stationary,50,True,79,0.15,0.2169763937719739,,1,0.10606601717798211,7.778174593052023
20260921T213417946637Z_9d5e65dd,PURE_OR,10,0.33,5,5,6,6.0,5.5,0.19,0.5,10,2,5760.0,stationary,50,True,79,0.2,0.2169763937719739,,1,0.1414213562373095,7.778174593052023
20260921T213417946637Z_9d5e65dd,PURE_OR,10,0.33,5,5,6,6.0,5.5,0.19,0.5,10,2,5760.0,stationary,50,True,79,0.2442732516826255,0.2169763937719739,,1,0.17272727272727273,7.778174593052023
20260921T213417946637Z_9d5e65dd,PURE_OR,10,0.5,5,5,6,5.5,5.5,0.19,0.5,10,2,5760.0,stationary,50,True,79,0.1,0.2765135251180764,,1,0.07071067811865475,7.778174593052023
20260921T213417946637Z_9d5e65dd,PURE_OR,10,0.5,5,5,6,5.5,5.5,0.19,0.5,10,2,5760.0,stationary,50,True,79,0.15,0.2765135251180764,,1,0.10606601717798211,7.778174593052023
20260921T213417946637Z_9d5e65dd,PURE_OR,10,0.5,5,5,6,5.5,5.5,0.19,0.5,10,2,5760.0,stationary,50,True,79,0.2,0.2765135251180764,,1,0.1414213562373095,7.778174593052023
20260921T213417946637Z_9d5e65dd,PURE_OR,10,0.5,5,5,6,5.5,5.5,0.19,0.5,10,2,5760.0,stationary,50,True,79,0.2442732516826255,0.2765135251180764,,1,0.17272727272727273,7.778174593052023
20260921T213417946637Z_9d5e65dd,PURE_OR,10,0.5,5,5,6,6.0,5.5,0.19,0.5,10,2,5760.0,stationary,50,True,79,0.1,0.2765135251180764,,1,0.07071067811865475,7.778174593052023
20260921T213417946637Z_9d5e65dd,PURE_OR,10,0.5,5,5,6,6.0,5.5,0.19,0.5,10,2,5760.0,stationary,50,True,79,0.15,0.2765135251180764,,1,0.10606601717798211,7.778174593052023
20260921T213417946637Z_9d5e65dd,PURE_OR,10,0.5,5,5,6,6.0,5.5,0.19,0.5,10,2,5760.0,stationary,50,True,79,0.2,0.2765135251180764,,1,0.1414213562373095,7.778174593052023
20260921T213417946637Z_9d5e65dd,PURE_OR,10,0.5,5,5,6,6.0,5.5,0.19,0.5,10,2,5760.0,stationary,50,True,79,0.2442732516826255,0.2765135251180764,,1,0.17272727272727273,7.778174593052023
20260921T213417946637Z_9d5e65dd,PURE_OR,10,0.67,5,5,6,5.5,5.5,0.19,0.5,10,2,5760.0,stationary,50,True,79,0.1,0.31082062454611475,,1,0.07071067811865475,7.778174593052023
20260921T213417946637Z_9d5e65dd,PURE_OR,10,0.67,5,5,6,5.5,5.5,0.19,0.5,10,2,5760.0,stationary,50,True,79,0.15,0.31082062454611475,,1,0.10606601717798211,7.778174593052023
20260921T213417946637Z_9d5e65dd,PURE_OR,10,0.67,5,5,6,5.5,5.5,0.19,0.5,10,2,5760.0,stationary,50,True,79,0.2,0.31082062454611475,,1,0.1414213562373095,7.778174593052023
20260921T213417946637Z_9d5e65dd,PURE_OR,10,0.67,5,5,6,5.5,5.5,0.19,0.5,10,2,5760.0,stationary,50,True,79,0.2442732516826255,0.31082062454611475,,1,0.17272727272727273,7.778174593052023
20260921T213417946637Z_9d5e65dd,PURE_OR,10,0.67,5,5,6,6.0,5.5,0.19,0.5,10,2,5760.0,stationary,50,True,79,0.1,0.31082062454611475,,1,0.07071067811865475,7.778174593052023
20260921T213417946637Z_9d5e65dd,PURE_OR,10,0.67,5,5,6,6.0,5.5,0.19,0.5,10,2,5760.0,stationary,50,True,79,0.15,0.31082062454611475,,1,0.10606601717798211,7.778174593052023
20260921T213417946637Z_9d5e65dd,PURE_OR,10,0.67,5,5,6,6.0,5.5,0.19,0.5,10,2,5760.0,stationary,50,True,79,0.2,0.31082062454611475,,1,0.1414213562373095,7.778174593052023
20260921T213417946637Z_9d5e65dd,PURE_OR,10,0.67,5,5,6,6.0,5.5,0.19,0.5,10,2,5760.0,stationary,50,True,79,0.2442732516826255,0.31082062454611475,,1,0.17272727272727273,7.778174593052023
20260921T213417946637Z_9d5e65dd,PURE_OR,10,0.83,5,5,6,5.5,5.5,0.19,0.5,10,2,5760.0,stationary,50,True,79,0.1,0.3371794871794872,,1,0.07071067811865475,7.778174593052023
20260921T213417946637Z_9d5e65dd,PURE_OR,10,0.83,5,5,6,5.5,5.5,0.19,0.5,10,2,5760.0,stationary,50,True,79,0.15,0.3420026007802341,,1,0.10606601717798211,7.778174593052023
20260921T213417946637Z_9d5e65dd,PURE_OR,10,0.83,5,5,6,5.5,5.5,0.19,0.5,10,2,5760.0,stationary,50,True,79,0.2,0.3373957665169981,,1,0.1414213562373095,7.778174593052023
20260921T213417946637Z_9d5e65dd,PURE_OR,10,0.83,5,5,6,5.5,5.5,0.19,0.5,10,2,5760.0,stationary,50,True,79,0.2442732516826255,0.3373957665169981,,1,0.17272727272727273,7.778174593052023
20260921T213417946637Z_9d5e65dd,PURE_OR,10,0.83,5,5,6,6.0,5.5,0.19,0.5,10,2,5760.0,stationary,50,True,79,0.1,0.3371794871794872,,1,0.07071067811865475,7.778174593052023
20260921T213417946637Z_9d5e65dd,PURE_OR,10,0.83,5,5,6,6.0,5.5,0.19,0.5,10,2,5760.0,stationary,50,True,79,0.15,0.3373957665169981,,1,0.10606601717798211,7.778174593052023
20260921T213417946637Z_9d5e65dd,PURE_OR,10,0.83,5,5,6,6.0,5.5,0.19,0.5,10,2,5760.0,stationary,50,True,79,0.2,0.3420026007802341,,1,0.1414213562373095,7.778174593052023
20260921T213417946637Z_9d5e65dd,PURE_OR,10,0.83,5,5,6,6.0,5.5,0.19,0.5,10,2,5760.0,stationary,50,True,79,0.2442732516826255,0.3373957665169981,,1,0.17272727272727273,7.778174593052023
20260921T213417946637Z_9d5e65dd,PURE_OR,10,1.0,5,5,6,5.5,5.5,0.19,0.5,10,2,5760.0,stationary,50,True,79,0.1,0.36574074074074076,,1,0.07071067811865475,7.778174593052023
20260921T213417946637Z_9d5e65dd,PURE_OR,10,1.0,5,5,6,5.5,5.5,0.19,0.5,10,2,5760.0,stationary,50,True,79,0.15,0.36574074074074076,,1,0.10606601717798211,7.778174593052023
20260921T213417946637Z_9d5e65dd,PURE_OR,10,1.0,5,5,6,5.5,5.5,0.19,0.5,10,2,5760.0,stationary,50,True,79,0.2,0.36574074074074076,,1,0.1414213562373095,7.778174593052023
20260921T213417946637Z_9d5e65dd,PURE_OR,10,1.0,5,5,6,5.5,5.5,0.19,0.5,10,2,5760.0,stationary,50,True,79,0.2442732516826255,0.36574074074074076,,1,0.17272727272727273,7.778174593052023
20260921T213417946637Z_9d5e65dd,PURE_OR,10,1.0,5,5,6,6.0,5.5,0.19,0.5,10,2,5760.0,stationary,50,True,79,0.1,0.36574074074074076,,1,0.07071067811865475,7.778174593052023
20260921T213417946637Z_9d5e65dd,PURE_OR,10,1.0,5,5,6,6.0,5.5,0.19,0.5,10,2,5760.0,stationary,50,True,79,0.15,0.36574074074074076,,1,0.10606601717798211,7.778174593052023
20260921T213417946637Z_9d5e65dd,PURE_OR,10,1.0,5,5,6,6.0,5.5,0.19,0.5,10,2,5760.0,stationary,50,True,79,0.2,0.36574074074074076,,1,0.1414213562373095,7.778174593052023
20260921T213417946637Z_9d5e65dd,PURE_OR,10,1.0,5,5,6,6.0,5.5,0.19,0.5,10,2,5760.0,stationary,50,True,79,0.2442732516826255,0.36574074074074076,,1,0.17272727272727273,7.778174593052023
20260921T213417946637Z_9d5e65dd,PURE_OR,20,0.33,5,5,6,5.5,5.5,0.19,0.5,10,2,5760.0,stationary,50,True,79,0.1,0.2169763937719739,,1,0.07071067811865475,7.778174593052023
20260921T213417946637Z_9d5e65dd,PURE_OR,20,0.33,5,5,6,5.5,5.5,0.19,0.5,10,2,5760.0,stationary,50,True,79,0.15,0.2169763937719739,,1,0.10606601717798211,7.778174593052023
20260921T213417946637Z_9d5e65dd,PURE_OR,20,0.33,5,5,6,5.5,5.5,0.19,0.5,10,2,5760.0,stationary,50,True,79,0.2,0.2169763937719739,,1,0.1414213562373095,7.778174593052023
20260921T213417946637Z_9d5e65dd,PURE_OR,20,0.33,5,5,6,5.5,5.5,0.19,0.5,10,2,5760.0,stationary,50,True,79,0.2442732516826255,0.2169763937719739,,1,0.17272727272727273,7.778174593052023
20260921T213417946637Z_9d5e65dd,PURE_OR,20,0.33,5,5,6,6.0,5.5,0.19,0.5,10,2,5760.0,stationary,50,True,79,0.1,0.2169763937719739,,1,0.07071067811865475,7.778174593052023
20260921T213417946637Z_9d5e65dd,PURE_OR,20,0.33,5,5,6,6.0,5.5,0.19,0.5,10,2,5760.0,stationary,50,True,79,0.15,0.2169763937719739,,1,0.10606601717798211,7.778174593052023
20260921T213417946637Z_9d5e65dd,PURE_OR,20,0.33,5,5,6,6.0,5.5,0.19,0.5,10,2,5760.0,stationary,50,True,79,0.2,0.2169763937719739,,1,0.1414213562373095,7.778174593052023
20260921T213417946637Z_9d5e65dd,PURE_OR,20,0.33,5,5,6,6.0,5.5,0.19,0.5,10,2,5760.0,stationary,50,True,79,0.2442732516826255,0.2169763937719739,,1,0.17272727272727273,7.778174593052023
20260921T213417946637Z_9d5e65dd,PURE_OR,20,0.5,5,5,6,5.5,5.5,0.19,0.5,10,2,5760.0,stationary,50,True,79,0.1,0.2765135251180764,,1,0.07071067811865475,7.778174593052023
20260921T213417946637Z_9d5e65dd,PURE_OR,20,0.5,5,5,6,5.5,5.5,0.19,0.5,10,2,5760.0,stationary,50,True,79,0.15,0.2765135251180764,,1,0.10606601717798211,7.778174593052023
20260921T213417946637Z_9d5e65dd,PURE_OR,20,0.5,5,5,6,5.5,5.5,0.19,0.5,10,2,5760.0,stationary,50,True,79,0.2,0.27639484978540774,,1,0.1414213562373095,7.778174593052023
20260921T213417946637Z_9d5e65dd,PURE_OR,20,0.5,5,5,6,5.5,5.5,0.19,0.5,10,2,5760.0,stationary,50,True,79,0.2442732516826255,0.27639484978540774,,1,0.17272727272727273,7.778174593052023
20260921T213417946637Z_9d5e65dd,PURE_OR,20,0.5,5,5,6,6.0,5.5,0.19,0.5,10,2,5760.0,stationary,50,True,79,0.1,0.2765135251180764,,1,0.07071067811865475,7.778174593052023
20260921T213417946637Z_9d5e65dd,PURE_OR,20,0.5,5,5,6,6.0,5.5,0.19,0.5,10,2,5760.0,stationary,50,True,79,0.15,0.2765135251180764,,1,0.10606601717798211,7.778174593052023
20260921T213417946637Z_9d5e65dd,PURE_OR,20,0.5,5,5,6,6.0,5.5,0.19,0.5,10,2,5760.0,stationary,50,True,79,0.2,0.2765135251180764,,1,0.1414213562373095,7.778174593052023
20260921T213417946637Z_9d5e65dd,PURE_OR,20,0.5,5,5,6,6.0,5.5,0.19,0.5,10,2,5760.0,stationary,50,True,79,0.2442732516826255,0.27639484978540774,,1,0.17272727272727273,7.778174593052023
20260921T213417946637Z_9d5e65dd,PURE_OR,20,0.67,5,5,6,5.5,5.5,0.19,0.5,10,2,5760.0,stationary,50,True,79,0.1,0.31082062454611475,,1,0.07071067811865475,7.778174593052023
20260921T213417946637Z_9d5e65dd,PURE_OR,20,0.67,5,5,6,5.5,5.5,0.19,0.5,10,2,5760.0,stationary,50,True,79,0.15,0.31082062454611475,,1,0.10606601717798211,7.778174593052023
20260921T213417946637Z_9d5e65dd,PURE_OR,20,0.67,5,5,6,5.5,5.5,0.19,0.5,10,2,5760.0,stationary,50,True,79,0.2,0.31082062454611475,,1,0.1414213562373095,7.778174593052023
20260921T213417946637Z_9d5e65dd,PURE_OR,20,0.67,5,5,6,5.5,5.5,0.19,0.5,10,2,5760.0,stationary,50,True,79,0.2442732516826255,0.31082062454611475,,1,0.17272727272727273,7.778174593052023
20260921T213417946637Z_9d5e65dd,PURE_OR,20,0.67,5,5,6,6.0,5.5,0.19,0.5,10,2,5760.0,stationary,50,True,79,0.1,0.31082062454611475,,1,0.07071067811865475,7.778174593052023
20260921T213417946637Z_9d5e65dd,PURE_OR,20,0.67,5,5,6,6.0,5.5,0.19,0.5,10,2,5760.0,stationary,50,True,79,0.15,0.31082062454611475,,1,0.10606601717798211,7.778174593052023
20260921T213417946637Z_9d5e65dd,PURE_OR,20,0.67,5,5,6,6.0,5.5,0.19,0.5,10,2,5760.0,stationary,50,True,79,0.2,0.31082062454611475,,1,0.1414213562373095,7.778174593052023
20260921T213417946637Z_9d5e65dd,PURE_OR,20,0.67,5,5,6,6.0,5.5,0.19,0.5,10,2,5760.0,stationary,50,True,79,0.2442732516826255,0.31082062454611475,,1,0.17272727272727273,7.778174593052023
20260921T213417946637Z_9d5e65dd,PURE_OR,20,0.83,5,5,6,5.5,5.5,0.19,0.5,10,2,5760.0,stationary,50,True,79,0.1,0.34278266536331053,,1,0.07071067811865475,7.778174593052023
20260921T213417946637Z_9d5e65dd,PURE_OR,20,0.83,5,5,6,5.5,5.5,0.19,0.5,10,2,5760.0,stationary,50,True,79,0.15,0.34278266536331053,,1,0.10606601717798211,7.778174593052023
20260921T213417946637Z_9d5e65dd,PURE_OR,20,0.83,5,5,6,5.5,5.5,0.19,0.5,10,2,5760.0,stationary,50,True,79,0.2,0.34278266536331053,,1,0.1414213562373095,7.778174593052023
20260921T213417946637Z_9d5e65dd,PURE_OR,20,0.83,5,5,6,5.5,5.5,0.19,0.5,10,2,5760.0,stationary,50,True,79,0.2442732516826255,0.34278266536331053,,1,0.17272727272727273,7.778174593052023
20260921T213417946637Z_9d5e65dd,PURE_OR,20,0.83,5,5,6,6.0,5.5,0.19,0.5,10,2,5760.0,stationary,50,True,79,0.1,0.34278266536331053,,1,0.07071067811865475,7.778174593052023
20260921T213417946637Z_9d5e65dd,PURE_OR,20,0.83,5,5,6,6.0,5.5,0.19,0.5,10,2,5760.0,stationary,50,True,79,0.15,0.34278266536331053,,1,0.10606601717798211,7.778174593052023
20260921T213417946637Z_9d5e65dd,PURE_OR,20,0.83,5,5,6,6.0,5.5,0.19,0.5,10,2,5760.0,stationary,50,True,79,0.2,0.34278266536331053,,1,0.1414213562373095,7.778174593052023
20260921T213417946637Z_9d5e65dd,PURE_OR,20,0.83,5,5,6,6.0,5.5,0.19,0.5,10,2,5760.0,stationary,50,True,79,0.2442732516826255,0.34278266536331053,,1,0.17272727272727273,7.778174593052023
20260921T213417946637Z_9d5e65dd,PURE_OR,20,1.0,5,5,6,5.5,5.5,0.19,0.5,10,2,5760.0,stationary,50,True,79,0.1,0.3665893271461717,,1,0.07071067811865475,7.778174593052023
20260921T213417946637Z_9d5e65dd,PURE_OR,20,1.0,5,5,6,5.5,5.5,0.19,0.5,10,2,5760.0,stationary,50,True,79,0.15,0.3665893271461717,,1,0.10606601717798211,7.778174593052023
20260921T213417946637Z_9d5e65dd,PURE_OR,20,1.0,5,5,6,5.5,5.5,0.19,0.5,10,2,5760.0,stationary,50,True,79,0.2,0.3665893271461717,,1,0.1414213562373095,7.778174593052023
20260921T213417946637Z_9d5e65dd,PURE_OR,20,1.0,5,5,6,5.5,5.5,0.19,0.5,10,2,5760.0,stationary,50,True,79,0.2442732516826255,0.3665893271461717,,1,0.17272727272727273,7.778174593052023
20260921T213417946637Z_9d5e65dd,PURE_OR,20,1.0,5,5,6,6.0,5.5,0.19,0.5,10,2,5760.0,stationary,50,True,79,0.1,0.3665893271461717,,1,0.07071067811865475,7.778174593052023
20260921T213417946637Z_9d5e65dd,PURE_OR,20,1.0,5,5,6,6.0,5.5,0.19,0.5,10,2,5760.0,stationary,50,True,79,0.15,0.3665893271461717,,1,0.10606601717798211,7.778174593052023
20260921T213417946637Z_9d5e65dd,PURE_OR,20,1.0,5,5,6,6.0,5.5,0.19,0.5,10,2,5760.0,stationary,50,True,79,0.2,0.3665893271461717,,1,0.1414213562373095,7.778174593052023
20260921T213417946637Z_9d5e65dd,PURE_OR,20,1.0,5,5,6,6.0,5.5,0.19,0.5,10,2,5760.0,stationary,50,True,79,0.2442732516826255,0.3665893271461717,,1,0.17272727272727273,7.778174593052023
20260921T213417946637Z_9d5e65dd,PURE_OR,30,0.33,5,5,6,5.5,5.5,0.19,0.5,10,2,5760.0,stationary,50,True,79,0.1,0.2169763937719739,,1,0.07071067811865475,7.778174593052023
20260921T213417946637Z_9d5e65dd,PURE_OR,30,0.33,5,5,6,5.5,5.5,0.19,0.5,10,2,5760.0,stationary,50,True,79,0.15,0.2169763937719739,,1,0.10606601717798211,7.778174593052023
20260921T213417946637Z_9d5e65dd,PURE_OR,30,0.33,5,5,6,5.5,5.5,0.19,0.5,10,2,5760.0,stationary,50,True,79,0.2,0.2169763937719739,,1,0.1414213562373095,7.778174593052023
20260921T213417946637Z_9d5e65dd,PURE_OR,30,0.33,5,5,6,5.5,5.5,0.19,0.5,10,2,5760.0,stationary,50,True,79,0.2442732516826255,0.2169763937719739,,1,0.17272727272727273,7.778174593052023
20260921T213417946637Z_9d5e65dd,PURE_OR,30,0.33,5,5,6,6.0,5.5,0.19,0.5,10,2,5760.0,stationary,50,True,79,0.1,0.2169763937719739,,1,0.07071067811865475,7.778174593052023
20260921T213417946637Z_9d5e65dd,PURE_OR,30,0.33,5,5,6,6.0,5.5,0.19,0.5,10,2,5760.0,stationary,50,True,79,0.15,0.2169763937719739,,1,0.10606601717798211,7.778174593052023
20260921T213417946637Z_9d5e65dd,PURE_OR,30,0.33,5,5,6,6.0,5.5,0.19,0.5,10,2,5760.0,stationary,50,True,79,0.2,0.2169763937719739,,1,0.1414213562373095,7.778174593052023
20260921T213417946637Z_9d5e65dd,PURE_OR,30,0.33,5,5,6,6.0,5.5,0.19,0.5,10,2,5760.0,stationary,50,True,79,0.2442732516826255,0.2169763937719739,,1,0.17272727272727273,7.778174593052023
20260921T213417946637Z_9d5e65dd,PURE_OR,30,0.5,5,5,6,5.5,5.5,0.19,0.5,10,2,5760.0,stationary,50,True,79,0.1,0.2765135251180764,,1,0.07071067811865475,7.778174593052023
20260921T213417946637Z_9d5e65dd,PURE_OR,30,0.5,5,5,6,5.5,5.5,0.19,0.5,10,2,5760.0,stationary,50,True,79,0.15,0.2765135251180764,,1,0.10606601717798211,7.778174593052023
20260921T213417946637Z_9d5e65dd,PURE_OR,30,0.5,5,5,6,5.5,5.5,0.19,0.5,10,2,5760.0,stationary,50,True,79,0.2,0.2765135251180764,,1,0.1414213562373095,7.778174593052023
20260921T213417946637Z_9d5e65dd,PURE_OR,30,0.5,5,5,6,5.5,5.5,0.19,0.5,10,2,5760.0,stationary,50,True,79,0.2442732516826255,0.2765135251180764,,1,0.17272727272727273,7.778174593052023
20260921T213417946637Z_9d5e65dd,PURE_OR,30,0.5,5,5,6,6.0,5.5,0.19,0.5,10,2,5760.0,stationary,50,True,79,0.1,0.2765135251180764,,1,0.07071067811865475,7.778174593052023
20260921T213417946637Z_9d5e65dd,PURE_OR,30,0.5,5,5,6,6.0,5.5,0.19,0.5,10,2,5760.0,stationary,50,True,79,0.15,0.2765135251180764,,1,0.10606601717798211,7.778174593052023
20260921T213417946637Z_9d5e65dd,PURE_OR,30,0.5,5,5,6,6.0,5.5,0.19,0.5,10,2,5760.0,stationary,50,True,79,0.2,0.2765135251180764,,1,0.1414213562373095,7.778174593052023
20260921T213417946637Z_9d5e65dd,PURE_OR,30,0.5,5,5,6,6.0,5.5,0.19,0.5,10,2,5760.0,stationary,50,True,79,0.2442732516826255,0.2765135251180764,,1,0.17272727272727273,7.778174593052023
20260921T213417946637Z_9d5e65dd,PURE_OR,30,0.67,5,5,6,5.5,5.5,0.19,0.5,10,2,5760.0,stationary,50,True,79,0.1,0.31082062454611475,,1,0.07071067811865475,7.778174593052023
20260921T213417946637Z_9d5e65dd,PURE_OR,30,0.67,5,5,6,5.5,5.5,0.19,0.5,10,2,5760.0,stationary,50,True,79,0.15,0.31082062454611475,,1,0.10606601717798211,7.778174593052023
20260921T213417946637Z_9d5e65dd,PURE_OR,30,0.67,5,5,6,5.5,5.5,0.19,0.5,10,2,5760.0,stationary,50,True,79,0.2,0.31082062454611475,,1,0.1414213562373095,7.778174593052023
20260921T213417946637Z_9d5e65dd,PURE_OR,30,0.67,5,5,6,5.5,5.5,0.19,0.5,10,2,5760.0,stationary,50,True,79,0.2442732516826255,0.31082062454611475,,1,0.17272727272727273,7.778174593052023
20260921T213417946637Z_9d5e65dd,PURE_OR,30,0.67,5,5,6,6.0,5.5,0.19,0.5,10,2,5760.0,stationary,50,True,79,0.1,0.31082062454611475,,1,0.07071067811865475,7.778174593052023
20260921T213417946637Z_9d5e65dd,PURE_OR,30,0.67,5,5,6,6.0,5.5,0.19,0.5,10,2,5760.0,stationary,50,True,79,0.15,0.31082062454611475,,1,0.10606601717798211,7.778174593052023
20260921T213417946637Z_9d5e65dd,PURE_OR,30,0.67,5,5,6,6.0,5.5,0.19,0.5,10,2,5760.0,stationary,50,True,79,0.2,0.31082062454611475,,1,0.1414213562373095,7.778174593052023
20260921T213417946637Z_9d5e65dd,PURE_OR,30,0.67,5,5,6,6.0,5.5,0.19,0.5,10,2,5760.0,stationary,50,True,79,0.2442732516826255,0.31082062454611475,,1,0.17272727272727273,7.778174593052023
20260921T213417946637Z_9d5e65dd,PURE_OR,30,0.83,5,5,6,5.5,5.5,0.19,0.5,10,2,5760.0,stationary,50,True,79,0.1,0.3364246881995523,,1,0.07071067811865475,7.778174593052023
20260921T213417946637Z_9d5e65dd,PURE_OR,30,0.83,5,5,6,5.5,5.5,0.19,0.5,10,2,5760.0,stationary,50,True,79,0.15,0.3364246881995523,,1,0.10606601717798211,7.778174593052023
20260921T213417946637Z_9d5e65dd,PURE_OR,30,0.83,5,5,6,5.5,5.5,0.19,0.5,10,2,5760.0,stationary,50,True,79,0.2,0.3420026007802341,,1,0.1414213562373095,7.778174593052023
20260921T213417946637Z_9d5e65dd,PURE_OR,30,0.83,5,5,6,5.5,5.5,0.19,0.5,10,2,5760.0,stationary,50,True,79,0.2442732516826255,0.3373957665169981,,1,0.17272727272727273,7.778174593052023
20260921T213417946637Z_9d5e65dd,PURE_OR,30,0.83,5,5,6,6.0,5.5,0.19,0.5,10,2,5760.0,stationary,50,True,79,0.1,0.3373957665169981,,1,0.07071067811865475,7.778174593052023
20260921T213417946637Z_9d5e65dd,PURE_OR,30,0.83,5,5,6,6.0,5.5,0.19,0.5,10,2,5760.0,stationary,50,True,79,0.15,0.3373957665169981,,1,0.10606601717798211,7.778174593052023
20260921T213417946637Z_9d5e65dd,PURE_OR,30,0.83,5,5,6,6.0,5.5,0.19,0.5,10,2,5760.0,stationary,50,True,79,0.2,0.3373957665169981,,1,0.1414213562373095,7.778174593052023
20260921T213417946637Z_9d5e65dd,PURE_OR,30,0.83,5,5,6,6.0,5.5,0.19,0.5,10,2,5760.0,stationary,50,True,79,0.2442732516826255,0.34278266536331053,,1,0.17272727272727273,7.778174593052023
20260921T213417946637Z_9d5e65dd,PURE_OR,30,1.0,5,5,6,5.5,5.5,0.19,0.5,10,2,5760.0,stationary,50,True,79,0.1,0.3665893271461717,,1,0.07071067811865475,7.778174593052023
20260921T213417946637Z_9d5e65dd,PURE_OR,30,1.0,5,5,6,5.5,5.5,0.19,0.5,10,2,5760.0,stationary,50,True,79,0.15,0.3665893271461717,,1,0.10606601717798211,7.778174593052023
20260921T213417946637Z_9d5e65dd,PURE_OR,30,1.0,5,5,6,5.5,5.5,0.19,0.5,10,2,5760.0,stationary,50,True,79,0.2,0.3665893271461717,,1,0.1414213562373095,7.778174593052023
20260921T213417946637Z_9d5e65dd,PURE_OR,30,1.0,5,5,6,5.5,5.5,0.19,0.5,10,2,5760.0,stationary,50,True,79,0.2442732516826255,0.3665893271461717,,1,0.17272727272727273,7.778174593052023
20260921T213417946637Z_9d5e65dd,PURE_OR,30,1.0,5,5,6,6.0,5.5,0.19,0.5,10,2,5760.0,stationary,50,True,79,0.1,0.3665893271461717,,1,0.07071067811865475,7.778174593052023
20260921T213417946637Z_9d5e65dd,PURE_OR,30,1.0,5,5,6,6.0,5.5,0.19,0.5,10,2,5760.0,stationary,50,True,79,0.15,0.3665893271461717,,1,0.10606601717798211,7.778174593052023
20260921T213417946637Z_9d5e65dd,PURE_OR,30,1.0,5,5,6,6.0,5.5,0.19,0.5,10,2,5760.0,stationary,50,True,79,0.2,0.3665893271461717,,1,0.1414213562373095,7.778174593052023
20260921T213417946637Z_9d5e65dd,PURE_OR,30,1.0,5,5,6,6.0,5.5,0.19,0.5,10,2,5760.0,stationary,50,True,79,0.2442732516826255,0.3665893271461717,,1,0.17272727272727273,7.778174593052023
20260921T213417946637Z_9d5e65dd,PURE_OR,40,0.33,5,5,6,5.5,5.5,0.19,0.5,10,2,5760.0,stationary,50,True,79,0.1,0.2169763937719739,,1,0.07071067811865475,7.778174593052023
20260921T213417946637Z_9d5e65dd,PURE_OR,40,0.33,5,5,6,5.5,5.5,0.19,0.5,10,2,5760.0,stationary,50,True,79,0.15,0.2169763937719739,,1,0.10606601717798211,7.778174593052023
20260921T213417946637Z_9d5e65dd,PURE_OR,40,0.33,5,5,6,5.5,5.5,0.19,0.5,10,2,5760.0,stationary,50,True,79,0.2,0.2169763937719739,,1,0.1414213562373095,7.778174593052023
20260921T213417946637Z_9d5e65dd,PURE_OR,40,0.33,5,5,6,5.5,5.5,0.19,0.5,10,2,5760.0,stationary,50,True,79,0.2442732516826255,0.2169763937719739,,1,0.17272727272727273,7.778174593052023
20260921T213417946637Z_9d5e65dd,PURE_OR,40,0.33,5,5,6,6.0,5.5,0.19,0.5,10,2,5760.0,stationary,50,True,79,0.1,0.2169763937719739,,1,0.07071067811865475,7.778174593052023
20260921T213417946637Z_9d5e65dd,PURE_OR,40,0.33,5,5,6,6.0,5.5,0.19,0.5,10,2,5760.0,stationary,50,True,79,0.15,0.2169763937719739,,1,0.10606601717798211,7.778174593052023
20260921T213417946637Z_9d5e65dd,PURE_OR,40,0.33,5,5,6,6.0,5.5,0.19,0.5,10,2,5760.0,stationary,50,True,79,0.2,0.2169763937719739,,1,0.1414213562373095,7.778174593052023
20260921T213417946637Z_9d5e65dd,PURE_OR,40,0.33,5,5,6,6.0,5.5,0.19,0.5,10,2,5760.0,stationary,50,True,79,0.2442732516826255,0.2169763937719739,,1,0.17272727272727273,7.778174593052023
20260921T213417946637Z_9d5e65dd,PURE_OR,40,0.5,5,5,6,5.5,5.5,0.19,0.5,10,2,5760.0,stationary,50,True,79,0.1,0.2765135251180764,,1,0.07071067811865475,7.778174593052023
20260921T213417946637Z_9d5e65dd,PURE_OR,40,0.5,5,5,6,5.5,5.5,0.19,0.5,10,2,5760.0,stationary,50,True,79,0.15,0.2765135251180764,,1,0.10606601717798211,7.778174593052023
20260921T213417946637Z_9d5e65dd,PURE_OR,40,0.5,5,5,6,5.5,5.5,0.19,0.5,10,2,5760.0,stationary,50,True,79,0.2,0.2765135251180764,,1,0.1414213562373095,7.778174593052023
20260921T213417946637Z_9d5e65dd,PURE_OR,40,0.5,5,5,6,5.5,5.5,0.19,0.5,10,2,5760.0,stationary,50,True,79,0.2442732516826255,0.2765135251180764,,1,0.17272727272727273,7.778174593052023
20260921T213417946637Z_9d5e65dd,PURE_OR,40,0.5,5,5,6,6.0,5.5,0.19,0.5,10,2,5760.0,stationary,50,True,79,0.1,0.2765135251180764,,1,0.07071067811865475,7.778174593052023
20260921T213417946637Z_9d5e65dd,PURE_OR,40,0.5,5,5,6,6.0,5.5,0.19,0.5,10,2,5760.0,stationary,50,True,79,0.15,0.2765135251180764,,1,0.10606601717798211,7.778174593052023
20260921T213417946637Z_9d5e65dd,PURE_OR,40,0.5,5,5,6,6.0,5.5,0.19,0.5,10,2,5760.0,stationary,50,True,79,0.2,0.2765135251180764,,1,0.1414213562373095,7.778174593052023
20260921T213417946637Z_9d5e65dd,PURE_OR,40,0.5,5,5,6,6.0,5.5,0.19,0.5,10,2,5760.0,stationary,50,True,79,0.2442732516826255,0.2765135251180764,,1,0.17272727272727273,7.778174593052023
20260921T213417946637Z_9d5e65dd,PURE_OR,40,0.67,5,5,6,5.5,5.5,0.19,0.5,10,2,5760.0,stationary,50,True,79,0.1,0.31082062454611475,,1,0.07071067811865475,7.778174593052023
20260921T213417946637Z_9d5e65dd,PURE_OR,40,0.67,5,5,6,5.5,5.5,0.19,0.5,10,2,5760.0,stationary,50,True,79,0.15,0.31082062454611475,,1,0.10606601717798211,7.778174593052023
20260921T213417946637Z_9d5e65dd,PURE_OR,40,0.67,5,5,6,5.5,5.5,0.19,0.5,10,2,5760.0,stationary,50,True,79,0.2,0.31082062454611475,,1,0.1414213562373095,7.778174593052023
20260921T213417946637Z_9d5e65dd,PURE_OR,40,0.67,5,5,6,5.5,5.5,0.19,0.5,10,2,5760.0,stationary,50,True,79,0.2442732516826255,0.31082062454611475,,1,0.17272727272727273,7.778174593052023
20260921T213417946637Z_9d5e65dd,PURE_OR,40,0.67,5,5,6,6.0,5.5,0.19,0.5,10,2,5760.0,stationary,50,True,79,0.1,0.31082062454611475,,1,0.07071067811865475,7.778174593052023
20260921T213417946637Z_9d5e65dd,PURE_OR,40,0.67,5,5,6,6.0,5.5,0.19,0.5,10,2,5760.0,stationary,50,True,79,0.15,0.31082062454611475,,1,0.10606601717798211,7.778174593052023
20260921T213417946637Z_9d5e65dd,PURE_OR,40,0.67,5,5,6,6.0,5.5,0.19,0.5,10,2,5760.0,stationary,50,True,79,0.2,0.31082062454611475,,1,0.1414213562373095,7.778174593052023
20260921T213417946637Z_9d5e65dd,PURE_OR,40,0.67,5,5,6,6.0,5.5,0.19,0.5,10,2,5760.0,stationary,50,True,79,0.2442732516826255,0.31082062454611475,,1,0.17272727272727273,7.778174593052023
20260921T213417946637Z_9d5e65dd,PURE_OR,40,0.83,5,5,6,5.5,5.5,0.19,0.5,10,2,5760.0,stationary,50,True,79,0.1,0.34278266536331053,,1,0.07071067811865475,7.778174593052023
20260921T213417946637Z_9d5e65dd,PURE_OR,40,0.83,5,5,6,5.5,5.5,0.19,0.5,10,2,5760.0,stationary,50,True,79,0.15,0.34278266536331053,,1,0.10606601717798211,7.778174593052023
20260921T213417946637Z_9d5e65dd,PURE_OR,40,0.83,5,5,6,5.5,5.5,0.19,0.5,10,2,5760.0,stationary,50,True,79,0.2,0.34278266536331053,,1,0.1414213562373095,7.778174593052023
20260921T213417946637Z_9d5e65dd,PURE_OR,40,0.83,5,5,6,5.5,5.5,0.19,0.5,10,2,5760.0,stationary,50,True,79,0.2442732516826255,0.34278266536331053,,1,0.17272727272727273,7.778174593052023
20260921T213417946637Z_9d5e65dd,PURE_OR,40,0.83,5,5,6,6.0,5.5,0.19,0.5,10,2,5760.0,stationary,50,True,79,0.1,0.34278266536331053,,1,0.07071067811865475,7.778174593052023
20260921T213417946637Z_9d5e65dd,PURE_OR,40,0.83,5,5,6,6.0,5.5,0.19,0.5,10,2,5760.0,stationary,50,True,79,0.15,0.34278266536331053,,1,0.10606601717798211,7.778174593052023
20260921T213417946637Z_9d5e65dd,PURE_OR,40,0.83,5,5,6,6.0,5.5,0.19,0.5,10,2,5760.0,stationary,50,True,79,0.2,0.34278266536331053,,1,0.1414213562373095,7.778174593052023
20260921T213417946637Z_9d5e65dd,PURE_OR,40,0.83,5,5,6,6.0,5.5,0.19,0.5,10,2,5760.0,stationary,50,True,79,0.2442732516826255,0.34278266536331053,,1,0.17272727272727273,7.778174593052023
20260921T213417946637Z_9d5e65dd,PURE_OR,40,1.0,5,5,6,5.5,5.5,0.19,0.5,10,2,5760.0,stationary,50,True,79,0.1,0.3665893271461717,,1,0.07071067811865475,7.778174593052023
20260921T213417946637Z_9d5e65dd,PURE_OR,40,1.0,5,5,6,5.5,5.5,0.19,0.5,10,2,5760.0,stationary,50,True,79,0.15,0.3665893271461717,,1,0.10606601717798211,7.778174593052023
20260921T213417946637Z_9d5e65dd,PURE_OR,40,1.0,5,5,6,5.5,5.5,0.19,0.5,10,2,5760.0,stationary,50,True,79,0.2,0.3665893271461717,,1,0.1414213562373095,7.778174593052023
20260921T213417946637Z_9d5e65dd,PURE_OR,40,1.0,5,5,6,5.5,5.5,0.19,0.5,10,2,5760.0,stationary,50,True,79,0.2442732516826255,0.3665893271461717,,1,0.17272727272727273,7.778174593052023
20260921T213417946637Z_9d5e65dd,PURE_OR,40,1.0,5,5,6,6.0,5.5,0.19,0.5,10,2,5760.0,stationary,50,True,79,0.1,0.3665893271461717,,1,0.07071067811865475,7.778174593052023
20260921T213417946637Z_9d5e65dd,PURE_OR,40,1.0,5,5,6,6.0,5.5,0.19,0.5,10,2,5760.0,stationary,50,True,79,0.15,0.3665893271461717,,1,0.10606601717798211,7.778174593052023
20260921T213417946637Z_9d5e65dd,PURE_OR,40,1.0,5,5,6,6.0,5.5,0.19,0.5,10,2,5760.0,stationary,50,True,79,0.2,0.3665893271461717,,1,0.1414213562373095,7.778174593052023
20260921T213417946637Z_9d5e65dd,PURE_OR,40,1.0,5,5,6,6.0,5.5,0.19,0.5,10,2,5760.0,stationary,50,True,79,0.2442732516826255,0.3665893271461717,,1,0.17272727272727273,7.778174593052023
