combo_id,LAMBDA,GAMMA_PACK,R_PICK_ALPHA,RIDE_TTL_MIN,MAX_VISIBLE_RIDES,SWITCH_GRACE_STEPS,RT,R,V,DT,train_seed,replicate,ALPHA_MEMBERS,ALPHA_EFFECTIVE,ALPHA_SATURATION,RIDE_TTL_STEPS,R_PAPER,R_PICK_ALPHA_PAPER,PICKUP_RADIUS,ALPHA_EFFECTIVE_PAPER,ALPHA_SATURATION_PAPER,run_id,RP,HORIZON_MIN,TRAIN_UPDATES,REPORT_UNSCALED,OBS_DIM,DEMAND_PROFILE,algo,reward,rate,ep_rate,terminal_time,avg_finish_time,finish_rate,accepted,time_rides,time_delivery
1,2,0.33,0.1,5,5,6,5.5,5.5,0.19,0.5,42,1,[0.1],0.1,0.2442732516826255,10,7.778174593052023,0.07071067811865475,0.38890872965260115,0.07071067811865475,0.17272727272727273,20260921T213417946637Z_9d5e65dd,2,5760.0,50,True,79,stationary,DRL,99.62620849609375,0.3161733052875079,0.29612705707550047,315.1,315.1,1.0,2.0,69.4,245.7
1,2,0.33,0.1,5,5,6,5.5,5.5,0.19,0.5,42,1,[0.1],0.1,0.2442732516826255,10,7.778174593052023,0.07071067811865475,0.38890872965260115,0.07071067811865475,0.17272727272727273,20260921T213417946637Z_9d5e65dd,2,5760.0,50,True,79,stationary,HEUR,76.13512115478515,0.26695344023416956,0.26365421116352084,285.2,285.2,1.0,1.4,44.3,240.9
1,2,0.33,0.1,5,5,6,5.5,5.5,0.19,0.5,42,1,[0.1],0.1,0.2442732516826255,10,7.778174593052023,0.07071067811865475,0.38890872965260115,0.07071067811865475,0.17272727272727273,20260921T213417946637Z_9d5e65dd,2,5760.0,50,True,79,stationary,HEUR_VOR,63.70794677734375,0.2343065346720991,0.22851453270188848,271.9,271.9,1.0,1.0,27.1,244.8
1,2,0.33,0.1,5,5,6,5.5,5.5,0.19,0.5,42,1,[0.1],0.1,0.2442732516826255,10,7.778174593052023,0.07071067811865475,0.38890872965260115,0.07071067811865475,0.17272727272727273,20260921T213417946637Z_9d5e65dd,2,5760.0,50,True,79,stationary,FOUR_ZONE,51.434706115722655,0.22266106543602882,0.21645567189608225,231.0,231.0,1.0,0.2,8.2,222.8
1,2,0.33,0.1,5,5,6,5.5,5.5,0.19,0.5,42,1,[0.1],0.1,0.2442732516826255,10,7.778174593052023,0.07071067811865475,0.38890872965260115,0.07071067811865475,0.17272727272727273,20260921T213417946637Z_9d5e65dd,2,5760.0,50,True,79,stationary,PURE,43.2,0.1847733105218135,0.18373827772345533,233.8,233.8,1.0,0.0,0.0,233.8
1,2,0.33,0.1,5,5,6,5.5,5.5,0.19,0.5,42,1,[0.1],0.1,0.2442732516826255,10,7.778174593052023,0.07071067811865475,0.38890872965260115,0.07071067811865475,0.17272727272727273,20260921T213417946637Z_9d5e65dd,2,5760.0,50,True,79,stationary,PURE_OR,43.2,0.2169763937719739,0.2154468511187857,199.1,199.1,1.0,0.0,0.0,199.1
2,2,0.33,0.15,5,5,6,5.5,5.5,0.19,0.5,42,1,[0.15],0.15,0.2442732516826255,10,7.778174593052023,0.10606601717798211,0.5833630944789017,0.10606601717798211,0.17272727272727273,20260921T213417946637Z_9d5e65dd,2,5760.0,50,True,79,stationary,DRL,286.32969055175784,0.4564477770632199,0.43391078114509585,627.3,627.3,1.0,8.0,323.6,303.7
2,2,0.33,0.15,5,5,6,5.5,5.5,0.19,0.5,42,1,[0.15],0.15,0.2442732516826255,10,7.778174593052023,0.10606601717798211,0.5833630944789017,0.10606601717798211,0.17272727272727273,20260921T213417946637Z_9d5e65dd,2,5760.0,50,True,79,stationary,HEUR,116.05364227294922,0.3272804350618985,0.3187235802412033,354.6,354.6,1.0,2.4,90.9,263.7
2,2,0.33,0.15,5,5,6,5.5,5.5,0.19,0.5,42,1,[0.15],0.15,0.2442732516826255,10,7.778174593052023,0.10606601717798211,0.5833630944789017,0.10606601717798211,0.17272727272727273,20260921T213417946637Z_9d5e65dd,2,5760.0,50,True,79,stationary,HEUR_VOR,80.57287292480468,0.2801560254687228,0.2566103919910578,287.6,287.6,1.0,1.6,51.0,236.6
2,2,0.33,0.15,5,5,6,5.5,5.5,0.19,0.5,42,1,[0.15],0.15,0.2442732516826255,10,7.778174593052023,0.10606601717798211,0.5833630944789017,0.10606601717798211,0.17272727272727273,20260921T213417946637Z_9d5e65dd,2,5760.0,50,True,79,stationary,FOUR_ZONE,51.434706115722655,0.22266106543602882,0.21645567189608225,231.0,231.0,1.0,0.2,8.2,222.8
2,2,0.33,0.15,5,5,6,5.5,5.5,0.19,0.5,42,1,[0.15],0.15,0.2442732516826255,10,7.778174593052023,0.10606601717798211,0.5833630944789017,0.10606601717798211,0.17272727272727273,20260921T213417946637Z_9d5e65dd,2,5760.0,50,True,79,stationary,PURE,43.2,0.1847733105218135,0.18373827772345533,233.8,233.8,1.0,0.0,0.0,233.8
2,2,0.33,0.15,5,5,6,5.5,5.5,0.19,0.5,42,1,[0.15],0.15,0.2442732516826255,10,7.778174593052023,0.10606601717798211,0.5833630944789017,0.10606601717798211,0.17272727272727273,20260921T213417946637Z_9d5e65dd,2,5760.0,50,True,79,stationary,PURE_OR,43.2,0.2169763937719739,0.2154468511187857,199.1,199.1,1.0,0.0,0.0,199.1
3,2,0.33,0.2,5,5,6,5.5,5.5,0.19,0.5,42,1,[0.2],0.2,0.2442732516826255,10,7.778174593052023,0.1414213562373095,0.7778174593052023,0.1414213562373095,0.17272727272727273,20260921T213417946637Z_9d5e65dd,2,5760.0,50,True,79,stationary,DRL,537.8239074707031,0.5039107162660013,0.518478536605835,1067.3,1067.3,1.0,15.8,726.0,341.3
3,2,0.33,0.2,5,5,6,5.5,5.5,0.19,0.5,42,1,[0.2],0.2,0.2442732516826255,10,7.778174593052023,0.1414213562373095,0.7778174593052023,0.1414213562373095,0.17272727272727273,20260921T213417946637Z_9d5e65dd,2,5760.0,50,True,79,stationary,HEUR,148.89693450927734,0.3923502885619956,0.38709181547164917,379.5,379.5,1.0,3.6,129.4,250.1
3,2,0.33,0.2,5,5,6,5.5,5.5,0.19,0.5,42,1,[0.2],0.2,0.2442732516826255,10,7.778174593052023,0.1414213562373095,0.7778174593052023,0.1414213562373095,0.17272727272727273,20260921T213417946637Z_9d5e65dd,2,5760.0,50,True,79,stationary,HEUR_VOR,115.29676513671875,0.3687136716876199,0.3466968685388565,312.7,312.7,1.0,2.6,88.7,224.0
3,2,0.33,0.2,5,5,6,5.5,5.5,0.19,0.5,42,1,[0.2],0.2,0.2442732516826255,10,7.778174593052023,0.1414213562373095,0.7778174593052023,0.1414213562373095,0.17272727272727273,20260921T213417946637Z_9d5e65dd,2,5760.0,50,True,79,stationary,FOUR_ZONE,61.56976165771484,0.2615537878407597,0.2613016475523904,235.4,235.4,1.0,0.6,19.3,216.1
3,2,0.33,0.2,5,5,6,5.5,5.5,0.19,0.5,42,1,[0.2],0.2,0.2442732516826255,10,7.778174593052023,0.1414213562373095,0.7778174593052023,0.1414213562373095,0.17272727272727273,20260921T213417946637Z_9d5e65dd,2,5760.0,50,True,79,stationary,PURE,43.2,0.1847733105218135,0.18373827772345533,233.8,233.8,1.0,0.0,0.0,233.8
3,2,0.33,0.2,5,5,6,5.5,5.5,0.19,0.5,42,1,[0.2],0.2,0.2442732516826255,10,7.778174593052023,0.1414213562373095,0.7778174593052023,0.1414213562373095,0.17272727272727273,20260921T213417946637Z_9d5e65dd,2,5760.0,50,True,79,stationary,PURE_OR,43.2,0.2169763937719739,0.2154468511187857,199.1,199.1,1.0,0.0,0.0,199.1
4,2,0.33,0.25,5,5,6,5.5,5.5,0.19,0.5,42,1,"[0.25, 0.3, 0.35, 0.4]",0.2442732516826255,0.2442732516826255,10,7.778174593052023,0.17677669529663687,0.9722718241315028,0.17272727272727273,0.17272727272727273,20260921T213417946637Z_9d5e65dd,2,5760.0,50,True,79,stationary,DRL,608.5347290039062,0.5428983218876852,0.5390210270881652,1120.9,1120.9,1.0,20.2,805.3,315.6
4,2,0.33,0.25,5,5,6,5.5,5.5,0.19,0.5,42,1,"[0.25, 0.3, 0.35, 0.4]",0.2442732516826255,0.2442732516826255,10,7.778174593052023,0.17677669529663687,0.9722718241315028,0.17272727272727273,0.17272727272727273,20260921T213417946637Z_9d5e65dd,2,5760.0,50,True,79,stationary,HEUR,162.1483352661133,0.40699883349928034,0.39513362050056455,398.4,398.4,1.0,4.2,150.7,247.7
4,2,0.33,0.25,5,5,6,5.5,5.5,0.19,0.5,42,1,"[0.25, 0.3, 0.35, 0.4]",0.2442732516826255,0.2442732516826255,10,7.778174593052023,0.17677669529663687,0.9722718241315028,0.17272727272727273,0.17272727272727273,20260921T213417946637Z_9d5e65dd,2,5760.0,50,True,79,stationary,HEUR_VOR,118.58992919921874,0.37445509693469764,0.3522822350263596,316.7,316.7,1.0,3.0,103.4,213.3
4,2,0.33,0.25,5,5,6,5.5,5.5,0.19,0.5,42,1,"[0.25, 0.3, 0.35, 0.4]",0.2442732516826255,0.2442732516826255,10,7.778174593052023,0.17677669529663687,0.9722718241315028,0.17272727272727273,0.17272727272727273,20260921T213417946637Z_9d5e65dd,2,5760.0,50,True,79,stationary,FOUR_ZONE,61.56976165771484,0.2615537878407597,0.2613016475523904,235.4,235.4,1.0,0.6,19.3,216.1
4,2,0.33,0.25,5,5,6,5.5,5.5,0.19,0.5,42,1,"[0.25, 0.3, 0.35, 0.4]",0.2442732516826255,0.2442732516826255,10,7.778174593052023,0.17677669529663687,0.9722718241315028,0.17272727272727273,0.17272727272727273,20260921T213417946637Z_9d5e65dd,2,5760.0,50,True,79,stationary,PURE,43.2,0.1847733105218135,0.18373827772345533,233.8,233.8,1.0,0.0,0.0,233.8
4,2,0.33,0.25,5,5,6,5.5,5.5,0.19,0.5,42,1,"[0.25, 0.3, 0.35, 0.4]",0.2442732516826255,0.2442732516826255,10,7.778174593052023,0.17677669529663687,0.9722718241315028,0.17272727272727273,0.17272727272727273,20260921T213417946637Z_9d5e65dd,2,5760.0,50,True,79,stationary,PURE_OR,43.2,0.2169763937719739,0.2154468511187857,199.1,199.1,1.0,0.0,0.0,199.1
5,2,0.33,0.1,5,5,6,6.0,5.5,0.19,0.5,42,1,[0.1],0.1,0.2442732516826255,10,7.778174593052023,0.07071067811865475,0.38890872965260115,0.07071067811865475,0.17272727272727273,20260921T213417946637Z_9d5e65dd,2,5760.0,50,True,79,stationary,DRL,105.06797409057617,0.3334432690910066,0.3113361209630966,315.1,315.1,1.0,2.2,74.8,240.3
5,2,0.33,0.1,5,5,6,6.0,5.5,0.19,0.5,42,1,[0.1],0.1,0.2442732516826255,10,7.778174593052023,0.07071067811865475,0.38890872965260115,0.07071067811865475,0.17272727272727273,20260921T213417946637Z_9d5e65dd,2,5760.0,50,True,79,stationary,HEUR,79.12922897338868,0.27745171449294764,0.27399443089962006,285.2,285.2,1.0,1.4,44.3,240.9
5,2,0.33,0.1,5,5,6,6.0,5.5,0.19,0.5,42,1,[0.1],0.1,0.2442732516826255,10,7.778174593052023,0.07071067811865475,0.38890872965260115,0.07071067811865475,0.17272727272727273,20260921T213417946637Z_9d5e65dd,2,5760.0,50,True,79,stationary,HEUR_VOR,65.57231063842774,0.24116333445541646,0.23492936636678258,271.9,271.9,1.0,1.0,27.1,244.8
5,2,0.33,0.1,5,5,6,6.0,5.5,0.19,0.5,42,1,[0.1],0.1,0.2442732516826255,10,7.778174593052023,0.07071067811865475,0.38890872965260115,0.07071067811865475,0.17272727272727273,20260921T213417946637Z_9d5e65dd,2,5760.0,50,True,79,stationary,FOUR_ZONE,52.18331604003906,0.22590180103913013,0.21909627090845712,231.0,231.0,1.0,0.2,8.2,222.8
5,2,0.33,0.1,5,5,6,6.0,5.5,0.19,0.5,42,1,[0.1],0.1,0.2442732516826255,10,7.778174593052023,0.07071067811865475,0.38890872965260115,0.07071067811865475,0.17272727272727273,20260921T213417946637Z_9d5e65dd,2,5760.0,50,True,79,stationary,PURE,43.2,0.1847733105218135,0.18373827772345533,233.8,233.8,1.0,0.0,0.0,233.8
5,2,0.33,0.1,5,5,6,6.0,5.5,0.19,0.5,42,1,[0.1],0.1,0.2442732516826255,10,7.778174593052023,0.07071067811865475,0.38890872965260115,0.07071067811865475,0.17272727272727273,20260921T213417946637Z_9d5e65dd,2,5760.0,50,True,79,stationary,PURE_OR,43.2,0.2169763937719739,0.2154468511187857,199.1,199.1,1.0,0.0,0.0,199.1
6,2,0.33,0.15,5,5,6,6.0,5.5,0.19,0.5,42,1,[0.15],0.15,0.2442732516826255,10,7.778174593052023,0.10606601717798211,0.5833630944789017,0.10606601717798211,0.17272727272727273,20260921T213417946637Z_9d5e65dd,2,5760.0,50,True,79,stationary,DRL,308.4349029541016,0.4916864386323953,0.4665072560310364,627.3,627.3,1.0,8.0,323.6,303.7
6,2,0.33,0.15,5,5,6,6.0,5.5,0.19,0.5,42,1,[0.15],0.15,0.2442732516826255,10,7.778174593052023,0.10606601717798211,0.5833630944789017,0.10606601717798211,0.17272727272727273,20260921T213417946637Z_9d5e65dd,2,5760.0,50,True,79,stationary,HEUR,122.67679290771484,0.3459582428305551,0.3364766836166382,354.6,354.6,1.0,2.4,90.9,263.7
6,2,0.33,0.15,5,5,6,6.0,5.5,0.19,0.5,42,1,[0.15],0.15,0.2442732516826255,10,7.778174593052023,0.10606601717798211,0.5833630944789017,0.10606601717798211,0.17272727272727273,20260921T213417946637Z_9d5e65dd,2,5760.0,50,True,79,stationary,HEUR_VOR,83.97044525146484,0.29196955928882073,0.26612403537503754,287.6,287.6,1.0,1.6,51.0,236.6
6,2,0.33,0.15,5,5,6,6.0,5.5,0.19,0.5,42,1,[0.15],0.15,0.2442732516826255,10,7.778174593052023,0.10606601717798211,0.5833630944789017,0.10606601717798211,0.17272727272727273,20260921T213417946637Z_9d5e65dd,2,5760.0,50,True,79,stationary,FOUR_ZONE,52.18331604003906,0.22590180103913013,0.21909627090845712,231.0,231.0,1.0,0.2,8.2,222.8
6,2,0.33,0.15,5,5,6,6.0,5.5,0.19,0.5,42,1,[0.15],0.15,0.2442732516826255,10,7.778174593052023,0.10606601717798211,0.5833630944789017,0.10606601717798211,0.17272727272727273,20260921T213417946637Z_9d5e65dd,2,5760.0,50,True,79,stationary,PURE,43.2,0.1847733105218135,0.18373827772345533,233.8,233.8,1.0,0.0,0.0,233.8
6,2,0.33,0.15,5,5,6,6.0,5.5,0.19,0.5,42,1,[0.15],0.15,0.2442732516826255,10,7.778174593052023,0.10606601717798211,0.5833630944789017,0.10606601717798211,0.17272727272727273,20260921T213417946637Z_9d5e65dd,2,5760.0,50,True,79,stationary,PURE_OR,43.2,0.2169763937719739,0.2154468511187857,199.1,199.1,1.0,0.0,0.0,199.1
7,2,0.33,0.2,5,5,6,6.0,5.5,0.19,0.5,42,1,[0.2],0.2,0.2442732516826255,10,7.778174593052023,0.1414213562373095,0.7778174593052023,0.1414213562373095,0.17272727272727273,20260921T213417946637Z_9d5e65dd,2,5760.0,50,True,79,stationary,DRL,711.0903503417969,0.5511901018074543,0.5761048793792725,1290.1,1290.1,1.0,18.6,886.1,404.0
7,2,0.33,0.2,5,5,6,6.0,5.5,0.19,0.5,42,1,[0.2],0.2,0.2442732516826255,10,7.778174593052023,0.1414213562373095,0.7778174593052023,0.1414213562373095,0.17272727272727273,20260921T213417946637Z_9d5e65dd,2,5760.0,50,True,79,stationary,HEUR,158.50589294433593,0.41767033713922513,0.41202964186668395,379.5,379.5,1.0,3.6,129.4,250.1
7,2,0.33,0.2,5,5,6,6.0,5.5,0.19,0.5,42,1,[0.2],0.2,0.2442732516826255,10,7.778174593052023,0.1414213562373095,0.7778174593052023,0.1414213562373095,0.17272727272727273,20260921T213417946637Z_9d5e65dd,2,5760.0,50,True,79,stationary,HEUR_VOR,121.85110626220703,0.38967414858396876,0.3656543046236038,312.7,312.7,1.0,2.6,88.7,224.0
7,2,0.33,0.2,5,5,6,6.0,5.5,0.19,0.5,42,1,[0.2],0.2,0.2442732516826255,10,7.778174593052023,0.1414213562373095,0.7778174593052023,0.1414213562373095,0.17272727272727273,20260921T213417946637Z_9d5e65dd,2,5760.0,50,True,79,stationary,FOUR_ZONE,63.239741516113284,0.26864800983905385,0.2682986070002511,235.4,235.4,1.0,0.6,19.3,216.1
7,2,0.33,0.2,5,5,6,6.0,5.5,0.19,0.5,42,1,[0.2],0.2,0.2442732516826255,10,7.778174593052023,0.1414213562373095,0.7778174593052023,0.1414213562373095,0.17272727272727273,20260921T213417946637Z_9d5e65dd,2,5760.0,50,True,79,stationary,PURE,43.2,0.1847733105218135,0.18373827772345533,233.8,233.8,1.0,0.0,0.0,233.8
7,2,0.33,0.2,5,5,6,6.0,5.5,0.19,0.5,42,1,[0.2],0.2,0.2442732516826255,10,7.778174593052023,0.1414213562373095,0.7778174593052023,0.1414213562373095,0.17272727272727273,20260921T213417946637Z_9d5e65dd,2,5760.0,50,True,79,stationary,PURE_OR,43.2,0.2169763937719739,0.2154468511187857,199.1,199.1,1.0,0.0,0.0,199.1
8,2,0.33,0.25,5,5,6,6.0,5.5,0.19,0.5,42,1,"[0.25, 0.3, 0.35, 0.4]",0.2442732516826255,0.2442732516826255,10,7.778174593052023,0.17677669529663687,0.9722718241315028,0.17272727272727273,0.17272727272727273,20260921T213417946637Z_9d5e65dd,2,5760.0,50,True,79,stationary,DRL,647.4954956054687,0.582280121947364,0.5855079054832458,1112.0,1112.0,1.0,18.8,808.7,303.3
8,2,0.33,0.25,5,5,6,6.0,5.5,0.19,0.5,42,1,"[0.25, 0.3, 0.35, 0.4]",0.2442732516826255,0.2442732516826255,10,7.778174593052023,0.17677669529663687,0.9722718241315028,0.17272727272727273,0.17272727272727273,20260921T213417946637Z_9d5e65dd,2,5760.0,50,True,79,stationary,HEUR,172.96195068359376,0.43414144247889996,0.42127749919891355,398.4,398.4,1.0,4.2,150.7,247.7
8,2,0.33,0.25,5,5,6,6.0,5.5,0.19,0.5,42,1,"[0.25, 0.3, 0.35, 0.4]",0.2442732516826255,0.2442732516826255,10,7.778174593052023,0.17677669529663687,0.9722718241315028,0.17272727272727273,0.17272727272727273,20260921T213417946637Z_9d5e65dd,2,5760.0,50,True,79,stationary,HEUR_VOR,125.44365081787109,0.3960961503563975,0.3719150573015213,316.7,316.7,1.0,3.0,103.4,213.3
8,2,0.33,0.25,5,5,6,6.0,5.5,0.19,0.5,42,1,"[0.25, 0.3, 0.35, 0.4]",0.2442732516826255,0.2442732516826255,10,7.778174593052023,0.17677669529663687,0.9722718241315028,0.17272727272727273,0.17272727272727273,20260921T213417946637Z_9d5e65dd,2,5760.0,50,True,79,stationary,FOUR_ZONE,63.239741516113284,0.26864800983905385,0.2682986070002511,235.4,235.4,1.0,0.6,19.3,216.1
8,2,0.33,0.25,5,5,6,6.0,5.5,0.19,0.5,42,1,"[0.25, 0.3, 0.35, 0.4]",0.2442732516826255,0.2442732516826255,10,7.778174593052023,0.17677669529663687,0.9722718241315028,0.17272727272727273,0.17272727272727273,20260921T213417946637Z_9d5e65dd,2,5760.0,50,True,79,stationary,PURE,43.2,0.1847733105218135,0.18373827772345533,233.8,233.8,1.0,0.0,0.0,233.8
8,2,0.33,0.25,5,5,6,6.0,5.5,0.19,0.5,42,1,"[0.25, 0.3, 0.35, 0.4]",0.2442732516826255,0.2442732516826255,10,7.778174593052023,0.17677669529663687,0.9722718241315028,0.17272727272727273,0.17272727272727273,20260921T213417946637Z_9d5e65dd,2,5760.0,50,True,79,stationary,PURE_OR,43.2,0.2169763937719739,0.2154468511187857,199.1,199.1,1.0,0.0,0.0,199.1
9,2,0.5,0.1,5,5,6,5.5,5.5,0.19,0.5,42,1,[0.1],0.1,0.2442732516826255,10,7.778174593052023,0.07071067811865475,0.38890872965260115,0.07071067811865475,0.17272727272727273,20260921T213417946637Z_9d5e65dd,2,5760.0,50,True,79,stationary,DRL,220.0354217529297,0.44166082246673966,0.42483349545954796,498.2,498.2,1.0,5.0,199.4,298.8
9,2,0.5,0.1,5,5,6,5.5,5.5,0.19,0.5,42,1,[0.1],0.1,0.2442732516826255,10,7.778174593052023,0.07071067811865475,0.38890872965260115,0.07071067811865475,0.17272727272727273,20260921T213417946637Z_9d5e65dd,2,5760.0,50,True,79,stationary,HEUR,145.8925003051758,0.378646510005647,0.36208962901591396,385.3,385.3,1.0,3.0,97.5,287.8
9,2,0.5,0.1,5,5,6,5.5,5.5,0.19,0.5,42,1,[0.1],0.1,0.2442732516826255,10,7.778174593052023,0.07071067811865475,0.38890872965260115,0.07071067811865475,0.17272727272727273,20260921T213417946637Z_9d5e65dd,2,5760.0,50,True,79,stationary,HEUR_VOR,113.02668151855468,0.35188879675764223,0.3397369514322195,321.2,321.2,1.0,2.0,59.2,262.0
9,2,0.5,0.1,5,5,6,5.5,5.5,0.19,0.5,42,1,[0.1],0.1,0.2442732516826255,10,7.778174593052023,0.07071067811865475,0.38890872965260115,0.07071067811865475,0.17272727272727273,20260921T213417946637Z_9d5e65dd,2,5760.0,50,True,79,stationary,FOUR_ZONE,64.4,0.24357034795763993,0.2427664587207187,264.4,264.4,1.0,0.0,0.0,264.4
9,2,0.5,0.1,5,5,6,5.5,5.5,0.19,0.5,42,1,[0.1],0.1,0.2442732516826255,10,7.778174593052023,0.07071067811865475,0.38890872965260115,0.07071067811865475,0.17272727272727273,20260921T213417946637Z_9d5e65dd,2,5760.0,50,True,79,stationary,PURE,64.4,0.22877442273534637,0.2272855885843997,281.5,281.5,1.0,0.0,0.0,281.5
9,2,0.5,0.1,5,5,6,5.5,5.5,0.19,0.5,42,1,[0.1],0.1,0.2442732516826255,10,7.778174593052023,0.07071067811865475,0.38890872965260115,0.07071067811865475,0.17272727272727273,20260921T213417946637Z_9d5e65dd,2,5760.0,50,True,79,stationary,PURE_OR,64.4,0.2765135251180764,0.275331215943522,232.9,232.9,1.0,0.0,0.0,232.9
10,2,0.5,0.15,5,5,6,5.5,5.5,0.19,0.5,42,1,[0.15],0.15,0.2442732516826255,10,7.778174593052023,0.10606601717798211,0.5833630944789017,0.10606601717798211,0.17272727272727273,20260921T213417946637Z_9d5e65dd,2,5760.0,50,True,79,stationary,DRL,305.5636749267578,0.48006861732405,0.4696728825569153,636.5,636.5,1.0,8.8,313.6,322.9
10,2,0.5,0.15,5,5,6,5.5,5.5,0.19,0.5,42,1,[0.15],0.15,0.2442732516826255,10,7.778174593052023,0.10606601717798211,0.5833630944789017,0.10606601717798211,0.17272727272727273,20260921T213417946637Z_9d5e65dd,2,5760.0,50,True,79,stationary,HEUR,218.56119384765626,0.44395936186808094,0.43163563013076783,492.3,492.3,1.0,5.0,183.7,308.6
10,2,0.5,0.15,5,5,6,5.5,5.5,0.19,0.5,42,1,[0.15],0.15,0.2442732516826255,10,7.778174593052023,0.10606601717798211,0.5833630944789017,0.10606601717798211,0.17272727272727273,20260921T213417946637Z_9d5e65dd,2,5760.0,50,True,79,stationary,HEUR_VOR,132.75272674560546,0.3705071915869536,0.36898365020751955,358.3,358.3,1.0,2.6,83.6,274.7
10,2,0.5,0.15,5,5,6,5.5,5.5,0.19,0.5,42,1,[0.15],0.15,0.2442732516826255,10,7.778174593052023,0.10606601717798211,0.5833630944789017,0.10606601717798211,0.17272727272727273,20260921T213417946637Z_9d5e65dd,2,5760.0,50,True,79,stationary,FOUR_ZONE,83.90625305175782,0.295756972336122,0.28352058114838713,283.7,283.7,1.0,0.2,19.3,264.4
10,2,0.5,0.15,5,5,6,5.5,5.5,0.19,0.5,42,1,[0.15],0.15,0.2442732516826255,10,7.778174593052023,0.10606601717798211,0.5833630944789017,0.10606601717798211,0.17272727272727273,20260921T213417946637Z_9d5e65dd,2,5760.0,50,True,79,stationary,PURE,64.4,0.22877442273534637,0.2272855885843997,281.5,281.5,1.0,0.0,0.0,281.5
10,2,0.5,0.15,5,5,6,5.5,5.5,0.19,0.5,42,1,[0.15],0.15,0.2442732516826255,10,7.778174593052023,0.10606601717798211,0.5833630944789017,0.10606601717798211,0.17272727272727273,20260921T213417946637Z_9d5e65dd,2,5760.0,50,True,79,stationary,PURE_OR,64.4,0.27639484978540774,0.27522707886125375,233.0,233.0,1.0,0.0,0.0,233.0
11,2,0.5,0.2,5,5,6,5.5,5.5,0.19,0.5,42,1,[0.2],0.2,0.2442732516826255,10,7.778174593052023,0.1414213562373095,0.7778174593052023,0.1414213562373095,0.17272727272727273,20260921T213417946637Z_9d5e65dd,2,5760.0,50,True,79,stationary,DRL,525.0259887695313,0.5653952065146793,0.5592466175556183,928.6,928.6,1.0,15.2,598.0,330.6
11,2,0.5,0.2,5,5,6,5.5,5.5,0.19,0.5,42,1,[0.2],0.2,0.2442732516826255,10,7.778174593052023,0.1414213562373095,0.7778174593052023,0.1414213562373095,0.17272727272727273,20260921T213417946637Z_9d5e65dd,2,5760.0,50,True,79,stationary,HEUR,262.2773406982422,0.4730832263676807,0.4752202808856964,554.4,554.4,1.0,6.4,249.4,305.0
11,2,0.5,0.2,5,5,6,5.5,5.5,0.19,0.5,42,1,[0.2],0.2,0.2442732516826255,10,7.778174593052023,0.1414213562373095,0.7778174593052023,0.1414213562373095,0.17272727272727273,20260921T213417946637Z_9d5e65dd,2,5760.0,50,True,79,stationary,HEUR_VOR,168.12601470947266,0.4022153461949107,0.39843464493751524,418.0,418.0,1.0,3.4,124.3,293.7
11,2,0.5,0.2,5,5,6,5.5,5.5,0.19,0.5,42,1,[0.2],0.2,0.2442732516826255,10,7.778174593052023,0.1414213562373095,0.7778174593052023,0.1414213562373095,0.17272727272727273,20260921T213417946637Z_9d5e65dd,2,5760.0,50,True,79,stationary,FOUR_ZONE,115.7631103515625,0.3853632168826981,0.3796168450555653,300.4,300.4,1.0,1.2,53.9,246.5
11,2,0.5,0.2,5,5,6,5.5,5.5,0.19,0.5,42,1,[0.2],0.2,0.2442732516826255,10,7.778174593052023,0.1414213562373095,0.7778174593052023,0.1414213562373095,0.17272727272727273,20260921T213417946637Z_9d5e65dd,2,5760.0,50,True,79,stationary,PURE,64.4,0.22877442273534637,0.2272855885843997,281.5,281.5,1.0,0.0,0.0,281.5
11,2,0.5,0.2,5,5,6,5.5,5.5,0.19,0.5,42,1,[0.2],0.2,0.2442732516826255,10,7.778174593052023,0.1414213562373095,0.7778174593052023,0.1414213562373095,0.17272727272727273,20260921T213417946637Z_9d5e65dd,2,5760.0,50,True,79,stationary,PURE_OR,64.4,0.2765135251180764,0.275331215943522,232.9,232.9,1.0,0.0,0.0,232.9
12,2,0.5,0.25,5,5,6,5.5,5.5,0.19,0.5,42,1,"[0.25, 0.3, 0.35, 0.4]",0.2442732516826255,0.2442732516826255,10,7.778174593052023,0.17677669529663687,0.9722718241315028,0.17272727272727273,0.17272727272727273,20260921T213417946637Z_9d5e65dd,2,5760.0,50,True,79,stationary,DRL,708.8090454101563,0.5812292295286234,0.5769474983215332,1219.5,1219.5,1.0,22.8,864.8,354.7
12,2,0.5,0.25,5,5,6,5.5,5.5,0.19,0.5,42,1,"[0.25, 0.3, 0.35, 0.4]",0.2442732516826255,0.2442732516826255,10,7.778174593052023,0.17677669529663687,0.9722718241315028,0.17272727272727273,0.17272727272727273,20260921T213417946637Z_9d5e65dd,2,5760.0,50,True,79,stationary,HEUR,283.68341369628905,0.4780643978703894,0.47368931770324707,593.4,593.4,1.0,7.2,262.9,330.5
12,2,0.5,0.25,5,5,6,5.5,5.5,0.19,0.5,42,1,"[0.25, 0.3, 0.35, 0.4]",0.2442732516826255,0.2442732516826255,10,7.778174593052023,0.17677669529663687,0.9722718241315028,0.17272727272727273,0.17272727272727273,20260921T213417946637Z_9d5e65dd,2,5760.0,50,True,79,stationary,HEUR_VOR,206.35419311523438,0.46941354211836755,0.4622670948505402,439.6,439.6,1.0,4.8,178.3,261.3
12,2,0.5,0.25,5,5,6,5.5,5.5,0.19,0.5,42,1,"[0.25, 0.3, 0.35, 0.4]",0.2442732516826255,0.2442732516826255,10,7.778174593052023,0.17677669529663687,0.9722718241315028,0.17272727272727273,0.17272727272727273,20260921T213417946637Z_9d5e65dd,2,5760.0,50,True,79,stationary,FOUR_ZONE,110.6948974609375,0.36910602687875127,0.3633138243398518,299.9,299.9,1.0,1.2,49.2,250.7
12,2,0.5,0.25,5,5,6,5.5,5.5,0.19,0.5,42,1,"[0.25, 0.3, 0.35, 0.4]",0.2442732516826255,0.2442732516826255,10,7.778174593052023,0.17677669529663687,0.9722718241315028,0.17272727272727273,0.17272727272727273,20260921T213417946637Z_9d5e65dd,2,5760.0,50,True,79,stationary,PURE,64.4,0.22877442273534637,0.2272855885843997,281.5,281.5,1.0,0.0,0.0,281.5
12,2,0.5,0.25,5,5,6,5.5,5.5,0.19,0.5,42,1,"[0.25, 0.3, 0.35, 0.4]",0.2442732516826255,0.2442732516826255,10,7.778174593052023,0.17677669529663687,0.9722718241315028,0.17272727272727273,0.17272727272727273,20260921T213417946637Z_9d5e65dd,2,5760.0,50,True,79,stationary,PURE_OR,64.4,0.27639484978540774,0.27522707886125375,233.0,233.0,1.0,0.0,0.0,233.0
13,2,0.5,0.1,5,5,6,6.0,5.5,0.19,0.5,42,1,[0.1],0.1,0.2442732516826255,10,7.778174593052023,0.07071067811865475,0.38890872965260115,0.07071067811865475,0.17272727272727273,20260921T213417946637Z_9d5e65dd,2,5760.0,50,True,79,stationary,DRL,234.18439636230468,0.4700610123691383,0.4504164825296316,498.2,498.2,1.0,5.0,199.4,298.8
13,2,0.5,0.1,5,5,6,6.0,5.5,0.19,0.5,42,1,[0.1],0.1,0.2442732516826255,10,7.778174593052023,0.07071067811865475,0.38890872965260115,0.07071067811865475,0.17272727272727273,20260921T213417946637Z_9d5e65dd,2,5760.0,50,True,79,stationary,HEUR,153.30098571777344,0.39787434652938863,0.37869020803927517,385.3,385.3,1.0,3.0,97.5,287.8
13,2,0.5,0.1,5,5,6,6.0,5.5,0.19,0.5,42,1,[0.1],0.1,0.2442732516826255,10,7.778174593052023,0.07071067811865475,0.38890872965260115,0.07071067811865475,0.17272727272727273,20260921T213417946637Z_9d5e65dd,2,5760.0,50,True,79,stationary,HEUR_VOR,117.44732666015625,0.365651701930748,0.35202028258799645,321.2,321.2,1.0,2.0,59.2,262.0
13,2,0.5,0.1,5,5,6,6.0,5.5,0.19,0.5,42,1,[0.1],0.1,0.2442732516826255,10,7.778174593052023,0.07071067811865475,0.38890872965260115,0.07071067811865475,0.17272727272727273,20260921T213417946637Z_9d5e65dd,2,5760.0,50,True,79,stationary,FOUR_ZONE,64.4,0.24357034795763993,0.2427664587207187,264.4,264.4,1.0,0.0,0.0,264.4
13,2,0.5,0.1,5,5,6,6.0,5.5,0.19,0.5,42,1,[0.1],0.1,0.2442732516826255,10,7.778174593052023,0.07071067811865475,0.38890872965260115,0.07071067811865475,0.17272727272727273,20260921T213417946637Z_9d5e65dd,2,5760.0,50,True,79,stationary,PURE,64.4,0.22877442273534637,0.2272855885843997,281.5,281.5,1.0,0.0,0.0,281.5
13,2,0.5,0.1,5,5,6,6.0,5.5,0.19,0.5,42,1,[0.1],0.1,0.2442732516826255,10,7.778174593052023,0.07071067811865475,0.38890872965260115,0.07071067811865475,0.17272727272727273,20260921T213417946637Z_9d5e65dd,2,5760.0,50,True,79,stationary,PURE_OR,64.4,0.2765135251180764,0.275331215943522,232.9,232.9,1.0,0.0,0.0,232.9
14,2,0.5,0.15,5,5,6,6.0,5.5,0.19,0.5,42,1,[0.15],0.15,0.2442732516826255,10,7.778174593052023,0.10606601717798211,0.5833630944789017,0.10606601717798211,0.17272727272727273,20260921T213417946637Z_9d5e65dd,2,5760.0,50,True,79,stationary,DRL,327.4898223876953,0.5145166101927656,0.5028402745723725,636.5,636.5,1.0,8.8,314.0,322.5
14,2,0.5,0.15,5,5,6,6.0,5.5,0.19,0.5,42,1,[0.15],0.15,0.2442732516826255,10,7.778174593052023,0.10606601717798211,0.5833630944789017,0.10606601717798211,0.17272727272727273,20260921T213417946637Z_9d5e65dd,2,5760.0,50,True,79,stationary,HEUR,232.57662963867188,0.4724286606513749,0.45839256048202515,492.3,492.3,1.0,5.0,183.7,308.6
14,2,0.5,0.15,5,5,6,6.0,5.5,0.19,0.5,42,1,[0.15],0.15,0.2442732516826255,10,7.778174593052023,0.10606601717798211,0.5833630944789017,0.10606601717798211,0.17272727272727273,20260921T213417946637Z_9d5e65dd,2,5760.0,50,True,79,stationary,HEUR_VOR,138.96668853759766,0.38785009360200295,0.3860365033149719,358.3,358.3,1.0,2.6,83.6,274.7
14,2,0.5,0.15,5,5,6,6.0,5.5,0.19,0.5,42,1,[0.15],0.15,0.2442732516826255,10,7.778174593052023,0.10606601717798211,0.5833630944789017,0.10606601717798211,0.17272727272727273,20260921T213417946637Z_9d5e65dd,2,5760.0,50,True,79,stationary,FOUR_ZONE,85.67955017089844,0.3020075790303082,0.288653137109996,283.7,283.7,1.0,0.2,19.3,264.4
14,2,0.5,0.15,5,5,6,6.0,5.5,0.19,0.5,42,1,[0.15],0.15,0.2442732516826255,10,7.778174593052023,0.10606601717798211,0.5833630944789017,0.10606601717798211,0.17272727272727273,20260921T213417946637Z_9d5e65dd,2,5760.0,50,True,79,stationary,PURE,64.4,0.22877442273534637,0.2272855885843997,281.5,281.5,1.0,0.0,0.0,281.5
14,2,0.5,0.15,5,5,6,6.0,5.5,0.19,0.5,42,1,[0.15],0.15,0.2442732516826255,10,7.778174593052023,0.10606601717798211,0.5833630944789017,0.10606601717798211,0.17272727272727273,20260921T213417946637Z_9d5e65dd,2,5760.0,50,True,79,stationary,PURE_OR,64.4,0.27639484978540774,0.27522707886125375,233.0,233.0,1.0,0.0,0.0,233.0
15,2,0.5,0.2,5,5,6,6.0,5.5,0.19,0.5,42,1,[0.2],0.2,0.2442732516826255,10,7.778174593052023,0.1414213562373095,0.7778174593052023,0.1414213562373095,0.17272727272727273,20260921T213417946637Z_9d5e65dd,2,5760.0,50,True,79,stationary,DRL,592.1620239257812,0.6082814832314137,0.6035918414592742,973.5,973.5,1.0,16.2,633.1,340.4
15,2,0.5,0.2,5,5,6,6.0,5.5,0.19,0.5,42,1,[0.2],0.2,0.2442732516826255,10,7.778174593052023,0.1414213562373095,0.7778174593052023,0.1414213562373095,0.17272727272727273,20260921T213417946637Z_9d5e65dd,2,5760.0,50,True,79,stationary,HEUR,280.2669677734375,0.5055320486533865,0.5075579404830932,554.4,554.4,1.0,6.4,249.4,305.0
15,2,0.5,0.2,5,5,6,6.0,5.5,0.19,0.5,42,1,[0.2],0.2,0.2442732516826255,10,7.778174593052023,0.1414213562373095,0.7778174593052023,0.1414213562373095,0.17272727272727273,20260921T213417946637Z_9d5e65dd,2,5760.0,50,True,79,stationary,HEUR_VOR,177.55579681396483,0.4247746335262317,0.42061216235160825,418.0,418.0,1.0,3.4,124.3,293.7
15,2,0.5,0.2,5,5,6,6.0,5.5,0.19,0.5,42,1,[0.2],0.2,0.2442732516826255,10,7.778174593052023,0.1414213562373095,0.7778174593052023,0.1414213562373095,0.17272727272727273,20260921T213417946637Z_9d5e65dd,2,5760.0,50,True,79,stationary,FOUR_ZONE,120.43252410888672,0.40090720409083463,0.39468972723101087,300.4,300.4,1.0,1.2,53.9,246.5
15,2,0.5,0.2,5,5,6,6.0,5.5,0.19,0.5,42,1,[0.2],0.2,0.2442732516826255,10,7.778174593052023,0.1414213562373095,0.7778174593052023,0.1414213562373095,0.17272727272727273,20260921T213417946637Z_9d5e65dd,2,5760.0,50,True,79,stationary,PURE,64.4,0.22877442273534637,0.2272855885843997,281.5,281.5,1.0,0.0,0.0,281.5
15,2,0.5,0.2,5,5,6,6.0,5.5,0.19,0.5,42,1,[0.2],0.2,0.2442732516826255,10,7.778174593052023,0.1414213562373095,0.7778174593052023,0.1414213562373095,0.17272727272727273,20260921T213417946637Z_9d5e65dd,2,5760.0,50,True,79,stationary,PURE_OR,64.4,0.2765135251180764,0.275331215943522,232.9,232.9,1.0,0.0,0.0,232.9
16,2,0.5,0.25,5,5,6,6.0,5.5,0.19,0.5,42,1,"[0.25, 0.3, 0.35, 0.4]",0.2442732516826255,0.2442732516826255,10,7.778174593052023,0.17677669529663687,0.9722718241315028,0.17272727272727273,0.17272727272727273,20260921T213417946637Z_9d5e65dd,2,5760.0,50,True,79,stationary,DRL,902.5772216796875,0.6116679463809214,0.6092705368995667,1475.6,1475.6,1.0,26.8,1087.6,388.0
16,2,0.5,0.25,5,5,6,6.0,5.5,0.19,0.5,42,1,"[0.25, 0.3, 0.35, 0.4]",0.2442732516826255,0.2442732516826255,10,7.778174593052023,0.17677669529663687,0.9722718241315028,0.17272727272727273,0.17272727272727273,20260921T213417946637Z_9d5e65dd,2,5760.0,50,True,79,stationary,HEUR,303.61951599121096,0.511660795401434,0.5067446112632752,593.4,593.4,1.0,7.2,262.9,330.5
16,2,0.5,0.25,5,5,6,6.0,5.5,0.19,0.5,42,1,"[0.25, 0.3, 0.35, 0.4]",0.2442732516826255,0.2442732516826255,10,7.778174593052023,0.17677669529663687,0.9722718241315028,0.17272727272727273,0.17272727272727273,20260921T213417946637Z_9d5e65dd,2,5760.0,50,True,79,stationary,HEUR_VOR,219.25931701660156,0.49877005690764686,0.49079781770706177,439.6,439.6,1.0,4.8,178.3,261.3
16,2,0.5,0.25,5,5,6,6.0,5.5,0.19,0.5,42,1,"[0.25, 0.3, 0.35, 0.4]",0.2442732516826255,0.2442732516826255,10,7.778174593052023,0.17677669529663687,0.9722718241315028,0.17272727272727273,0.17272727272727273,20260921T213417946637Z_9d5e65dd,2,5760.0,50,True,79,stationary,FOUR_ZONE,114.9035629272461,0.3831395896206939,0.3768654171666951,299.9,299.9,1.0,1.2,49.2,250.7
16,2,0.5,0.25,5,5,6,6.0,5.5,0.19,0.5,42,1,"[0.25, 0.3, 0.35, 0.4]",0.2442732516826255,0.2442732516826255,10,7.778174593052023,0.17677669529663687,0.9722718241315028,0.17272727272727273,0.17272727272727273,20260921T213417946637Z_9d5e65dd,2,5760.0,50,True,79,stationary,PURE,64.4,0.22877442273534637,0.2272855885843997,281.5,281.5,1.0,0.0,0.0,281.5
16,2,0.5,0.25,5,5,6,6.0,5.5,0.19,0.5,42,1,"[0.25, 0.3, 0.35, 0.4]",0.2442732516826255,0.2442732516826255,10,7.778174593052023,0.17677669529663687,0.9722718241315028,0.17272727272727273,0.17272727272727273,20260921T213417946637Z_9d5e65dd,2,5760.0,50,True,79,stationary,PURE_OR,64.4,0.2765135251180764,0.275331215943522,232.9,232.9,1.0,0.0,0.0,232.9
17,2,0.67,0.1,5,5,6,5.5,5.5,0.19,0.5,42,1,[0.1],0.1,0.2442732516826255,10,7.778174593052023,0.07071067811865475,0.38890872965260115,0.07071067811865475,0.17272727272727273,20260921T213417946637Z_9d5e65dd,2,5760.0,50,True,79,stationary,DRL,211.3935791015625,0.39139710998252636,0.39251525402069093,540.1,540.1,1.0,5.0,180.6,359.5
17,2,0.67,0.1,5,5,6,5.5,5.5,0.19,0.5,42,1,[0.1],0.1,0.2442732516826255,10,7.778174593052023,0.07071067811865475,0.38890872965260115,0.07071067811865475,0.17272727272727273,20260921T213417946637Z_9d5e65dd,2,5760.0,50,True,79,stationary,HEUR,167.94695892333985,0.38014250548515127,0.3573801446729138,441.8,441.8,1.0,2.8,93.8,348.0
17,2,0.67,0.1,5,5,6,5.5,5.5,0.19,0.5,42,1,[0.1],0.1,0.2442732516826255,10,7.778174593052023,0.07071067811865475,0.38890872965260115,0.07071067811865475,0.17272727272727273,20260921T213417946637Z_9d5e65dd,2,5760.0,50,True,79,stationary,HEUR_VOR,141.57667388916016,0.3599712023624718,0.3444498408608868,393.3,393.3,1.0,2.2,66.3,327.0
17,2,0.67,0.1,5,5,6,5.5,5.5,0.19,0.5,42,1,[0.1],0.1,0.2442732516826255,10,7.778174593052023,0.07071067811865475,0.38890872965260115,0.07071067811865475,0.17272727272727273,20260921T213417946637Z_9d5e65dd,2,5760.0,50,True,79,stationary,FOUR_ZONE,92.06718444824219,0.29283455613308584,0.29123026031699545,314.4,314.4,1.0,0.4,7.0,307.4
17,2,0.67,0.1,5,5,6,5.5,5.5,0.19,0.5,42,1,[0.1],0.1,0.2442732516826255,10,7.778174593052023,0.07071067811865475,0.38890872965260115,0.07071067811865475,0.17272727272727273,20260921T213417946637Z_9d5e65dd,2,5760.0,50,True,79,stationary,PURE,85.6,0.2575210589651023,0.2594351070775064,332.4,332.4,1.0,0.0,0.0,332.4
17,2,0.67,0.1,5,5,6,5.5,5.5,0.19,0.5,42,1,[0.1],0.1,0.2442732516826255,10,7.778174593052023,0.07071067811865475,0.38890872965260115,0.07071067811865475,0.17272727272727273,20260921T213417946637Z_9d5e65dd,2,5760.0,50,True,79,stationary,PURE_OR,85.6,0.31082062454611475,0.310014222554246,275.4,275.4,1.0,0.0,0.0,275.4
18,2,0.67,0.15,5,5,6,5.5,5.5,0.19,0.5,42,1,[0.15],0.15,0.2442732516826255,10,7.778174593052023,0.10606601717798211,0.5833630944789017,0.10606601717798211,0.17272727272727273,20260921T213417946637Z_9d5e65dd,2,5760.0,50,True,79,stationary,DRL,420.50505981445315,0.5123112327174136,0.511311936378479,820.8,820.8,1.0,11.6,436.9,383.9
18,2,0.67,0.15,5,5,6,5.5,5.5,0.19,0.5,42,1,[0.15],0.15,0.2442732516826255,10,7.778174593052023,0.10606601717798211,0.5833630944789017,0.10606601717798211,0.17272727272727273,20260921T213417946637Z_9d5e65dd,2,5760.0,50,True,79,stationary,HEUR,295.6343078613281,0.46366735862818087,0.45396865606307985,637.6,637.6,1.0,7.6,241.8,395.8
18,2,0.67,0.15,5,5,6,5.5,5.5,0.19,0.5,42,1,[0.15],0.15,0.2442732516826255,10,7.778174593052023,0.10606601717798211,0.5833630944789017,0.10606601717798211,0.17272727272727273,20260921T213417946637Z_9d5e65dd,2,5760.0,50,True,79,stationary,HEUR_VOR,193.47098388671876,0.40902956424253434,0.39527692198753356,473.0,473.0,1.0,4.0,128.4,344.6
18,2,0.67,0.15,5,5,6,5.5,5.5,0.19,0.5,42,1,[0.15],0.15,0.2442732516826255,10,7.778174593052023,0.10606601717798211,0.5833630944789017,0.10606601717798211,0.17272727272727273,20260921T213417946637Z_9d5e65dd,2,5760.0,50,True,79,stationary,FOUR_ZONE,97.86529235839843,0.3034582708787548,0.30057414033012914,322.5,322.5,1.0,0.6,13.2,309.3
18,2,0.67,0.15,5,5,6,5.5,5.5,0.19,0.5,42,1,[0.15],0.15,0.2442732516826255,10,7.778174593052023,0.10606601717798211,0.5833630944789017,0.10606601717798211,0.17272727272727273,20260921T213417946637Z_9d5e65dd,2,5760.0,50,True,79,stationary,PURE,85.6,0.2575210589651023,0.2594351070775064,332.4,332.4,1.0,0.0,0.0,332.4
18,2,0.67,0.15,5,5,6,5.5,5.5,0.19,0.5,42,1,[0.15],0.15,0.2442732516826255,10,7.778174593052023,0.10606601717798211,0.5833630944789017,0.10606601717798211,0.17272727272727273,20260921T213417946637Z_9d5e65dd,2,5760.0,50,True,79,stationary,PURE_OR,85.6,0.31082062454611475,0.310014222554246,275.4,275.4,1.0,0.0,0.0,275.4
19,2,0.67,0.2,5,5,6,5.5,5.5,0.19,0.5,42,1,[0.2],0.2,0.2442732516826255,10,7.778174593052023,0.1414213562373095,0.7778174593052023,0.1414213562373095,0.17272727272727273,20260921T213417946637Z_9d5e65dd,2,5760.0,50,True,79,stationary,DRL,736.94814453125,0.5400074335247673,0.552795672416687,1364.7,1364.7,1.0,22.2,900.3,464.4
19,2,0.67,0.2,5,5,6,5.5,5.5,0.19,0.5,42,1,[0.2],0.2,0.2442732516826255,10,7.778174593052023,0.1414213562373095,0.7778174593052023,0.1414213562373095,0.17272727272727273,20260921T213417946637Z_9d5e65dd,2,5760.0,50,True,79,stationary,HEUR,296.43623046875,0.4768155548797652,0.46975248456001284,621.7,621.7,1.0,8.0,253.6,368.1
19,2,0.67,0.2,5,5,6,5.5,5.5,0.19,0.5,42,1,[0.2],0.2,0.2442732516826255,10,7.778174593052023,0.1414213562373095,0.7778174593052023,0.1414213562373095,0.17272727272727273,20260921T213417946637Z_9d5e65dd,2,5760.0,50,True,79,stationary,HEUR_VOR,220.48567657470704,0.43436894518263797,0.4218454122543335,507.6,507.6,1.0,5.0,153.7,353.9
19,2,0.67,0.2,5,5,6,5.5,5.5,0.19,0.5,42,1,[0.2],0.2,0.2442732516826255,10,7.778174593052023,0.1414213562373095,0.7778174593052023,0.1414213562373095,0.17272727272727273,20260921T213417946637Z_9d5e65dd,2,5760.0,50,True,79,stationary,FOUR_ZONE,120.01029510498047,0.352971456191119,0.35458353551289507,340.0,340.0,1.0,1.4,38.0,302.0
19,2,0.67,0.2,5,5,6,5.5,5.5,0.19,0.5,42,1,[0.2],0.2,0.2442732516826255,10,7.778174593052023,0.1414213562373095,0.7778174593052023,0.1414213562373095,0.17272727272727273,20260921T213417946637Z_9d5e65dd,2,5760.0,50,True,79,stationary,PURE,85.6,0.2575210589651023,0.2594351070775064,332.4,332.4,1.0,0.0,0.0,332.4
19,2,0.67,0.2,5,5,6,5.5,5.5,0.19,0.5,42,1,[0.2],0.2,0.2442732516826255,10,7.778174593052023,0.1414213562373095,0.7778174593052023,0.1414213562373095,0.17272727272727273,20260921T213417946637Z_9d5e65dd,2,5760.0,50,True,79,stationary,PURE_OR,85.6,0.31082062454611475,0.310014222554246,275.4,275.4,1.0,0.0,0.0,275.4
20,2,0.67,0.25,5,5,6,5.5,5.5,0.19,0.5,42,1,"[0.25, 0.3, 0.35, 0.4]",0.2442732516826255,0.2442732516826255,10,7.778174593052023,0.17677669529663687,0.9722718241315028,0.17272727272727273,0.17272727272727273,20260921T213417946637Z_9d5e65dd,2,5760.0,50,True,79,stationary,DRL,867.8699951171875,0.5826977273514082,0.585362684726715,1489.4,1489.4,1.0,26.8,1029.5,459.9
20,2,0.67,0.25,5,5,6,5.5,5.5,0.19,0.5,42,1,"[0.25, 0.3, 0.35, 0.4]",0.2442732516826255,0.2442732516826255,10,7.778174593052023,0.17677669529663687,0.9722718241315028,0.17272727272727273,0.17272727272727273,20260921T213417946637Z_9d5e65dd,2,5760.0,50,True,79,stationary,HEUR,357.1545715332031,0.5178404690926535,0.5132270634174347,689.7,689.7,1.0,9.6,324.3,365.4
20,2,0.67,0.25,5,5,6,5.5,5.5,0.19,0.5,42,1,"[0.25, 0.3, 0.35, 0.4]",0.2442732516826255,0.2442732516826255,10,7.778174593052023,0.17677669529663687,0.9722718241315028,0.17272727272727273,0.17272727272727273,20260921T213417946637Z_9d5e65dd,2,5760.0,50,True,79,stationary,HEUR_VOR,249.11216583251954,0.47549564006970707,0.4610262274742126,523.9,523.9,1.0,6.0,194.0,329.9
20,2,0.67,0.25,5,5,6,5.5,5.5,0.19,0.5,42,1,"[0.25, 0.3, 0.35, 0.4]",0.2442732516826255,0.2442732516826255,10,7.778174593052023,0.17677669529663687,0.9722718241315028,0.17272727272727273,0.17272727272727273,20260921T213417946637Z_9d5e65dd,2,5760.0,50,True,79,stationary,FOUR_ZONE,120.01029510498047,0.352971456191119,0.35458353551289507,340.0,340.0,1.0,1.4,38.0,302.0
20,2,0.67,0.25,5,5,6,5.5,5.5,0.19,0.5,42,1,"[0.25, 0.3, 0.35, 0.4]",0.2442732516826255,0.2442732516826255,10,7.778174593052023,0.17677669529663687,0.9722718241315028,0.17272727272727273,0.17272727272727273,20260921T213417946637Z_9d5e65dd,2,5760.0,50,True,79,stationary,PURE,85.6,0.2575210589651023,0.2594351070775064,332.4,332.4,1.0,0.0,0.0,332.4
20,2,0.67,0.25,5,5,6,5.5,5.5,0.19,0.5,42,1,"[0.25, 0.3, 0.35, 0.4]",0.2442732516826255,0.2442732516826255,10,7.778174593052023,0.17677669529663687,0.9722718241315028,0.17272727272727273,0.17272727272727273,20260921T213417946637Z_9d5e65dd,2,5760.0,50,True,79,stationary,PURE_OR,85.6,0.31082062454611475,0.310014222554246,275.4,275.4,1.0,0.0,0.0,275.4
21,2,0.67,0.1,5,5,6,6.0,5.5,0.19,0.5,42,1,[0.1],0.1,0.2442732516826255,10,7.778174593052023,0.07071067811865475,0.38890872965260115,0.07071067811865475,0.17272727272727273,20260921T213417946637Z_9d5e65dd,2,5760.0,50,True,79,stationary,DRL,222.82948303222656,0.41257078880249315,0.4137883007526398,540.1,540.1,1.0,5.0,180.6,359.5
21,2,0.67,0.1,5,5,6,6.0,5.5,0.19,0.5,42,1,[0.1],0.1,0.2442732516826255,10,7.778174593052023,0.07071067811865475,0.38890872965260115,0.07071067811865475,0.17272727272727273,20260921T213417946637Z_9d5e65dd,2,5760.0,50,True,79,stationary,HEUR,175.4333038330078,0.3970876048732635,0.3715342987351849,441.8,441.8,1.0,2.8,93.8,348.0
21,2,0.67,0.1,5,5,6,6.0,5.5,0.19,0.5,42,1,[0.1],0.1,0.2442732516826255,10,7.778174593052023,0.07071067811865475,0.38890872965260115,0.07071067811865475,0.17272727272727273,20260921T213417946637Z_9d5e65dd,2,5760.0,50,True,79,stationary,HEUR_VOR,146.66554565429686,0.37291010845231853,0.35582386143736383,393.3,393.3,1.0,2.2,66.3,327.0
21,2,0.67,0.1,5,5,6,6.0,5.5,0.19,0.5,42,1,[0.1],0.1,0.2442732516826255,10,7.778174593052023,0.07071067811865475,0.38890872965260115,0.07071067811865475,0.17272727272727273,20260921T213417946637Z_9d5e65dd,2,5760.0,50,True,79,stationary,FOUR_ZONE,92.65511474609374,0.29470456344177404,0.29294184941497214,314.4,314.4,1.0,0.4,7.0,307.4
21,2,0.67,0.1,5,5,6,6.0,5.5,0.19,0.5,42,1,[0.1],0.1,0.2442732516826255,10,7.778174593052023,0.07071067811865475,0.38890872965260115,0.07071067811865475,0.17272727272727273,20260921T213417946637Z_9d5e65dd,2,5760.0,50,True,79,stationary,PURE,85.6,0.2575210589651023,0.2594351070775064,332.4,332.4,1.0,0.0,0.0,332.4
21,2,0.67,0.1,5,5,6,6.0,5.5,0.19,0.5,42,1,[0.1],0.1,0.2442732516826255,10,7.778174593052023,0.07071067811865475,0.38890872965260115,0.07071067811865475,0.17272727272727273,20260921T213417946637Z_9d5e65dd,2,5760.0,50,True,79,stationary,PURE_OR,85.6,0.31082062454611475,0.310014222554246,275.4,275.4,1.0,0.0,0.0,275.4
22,2,0.67,0.15,5,5,6,6.0,5.5,0.19,0.5,42,1,[0.15],0.15,0.2442732516826255,10,7.778174593052023,0.10606601717798211,0.5833630944789017,0.10606601717798211,0.17272727272727273,20260921T213417946637Z_9d5e65dd,2,5760.0,50,True,79,stationary,DRL,450.95411376953126,0.5494080333449455,0.5480132162570953,820.8,820.8,1.0,11.6,436.9,383.9
22,2,0.67,0.15,5,5,6,6.0,5.5,0.19,0.5,42,1,[0.15],0.15,0.2442732516826255,10,7.778174593052023,0.10606601717798211,0.5833630944789017,0.10606601717798211,0.17272727272727273,20260921T213417946637Z_9d5e65dd,2,5760.0,50,True,79,stationary,HEUR,314.73004455566405,0.4936167574586952,0.48279574513435364,637.6,637.6,1.0,7.6,241.8,395.8
22,2,0.67,0.15,5,5,6,6.0,5.5,0.19,0.5,42,1,[0.15],0.15,0.2442732516826255,10,7.778174593052023,0.10606601717798211,0.5833630944789017,0.10606601717798211,0.17272727272727273,20260921T213417946637Z_9d5e65dd,2,5760.0,50,True,79,stationary,HEUR_VOR,203.27772674560546,0.4297626358258044,0.41455751061439516,473.0,473.0,1.0,4.0,128.4,344.6
22,2,0.67,0.15,5,5,6,6.0,5.5,0.19,0.5,42,1,[0.15],0.15,0.2442732516826255,10,7.778174593052023,0.10606601717798211,0.5833630944789017,0.10606601717798211,0.17272727272727273,20260921T213417946637Z_9d5e65dd,2,5760.0,50,True,79,stationary,FOUR_ZONE,98.980322265625,0.3069157279554264,0.3036151156623893,322.5,322.5,1.0,0.6,13.2,309.3
22,2,0.67,0.15,5,5,6,6.0,5.5,0.19,0.5,42,1,[0.15],0.15,0.2442732516826255,10,7.778174593052023,0.10606601717798211,0.5833630944789017,0.10606601717798211,0.17272727272727273,20260921T213417946637Z_9d5e65dd,2,5760.0,50,True,79,stationary,PURE,85.6,0.2575210589651023,0.2594351070775064,332.4,332.4,1.0,0.0,0.0,332.4
22,2,0.67,0.15,5,5,6,6.0,5.5,0.19,0.5,42,1,[0.15],0.15,0.2442732516826255,10,7.778174593052023,0.10606601717798211,0.5833630944789017,0.10606601717798211,0.17272727272727273,20260921T213417946637Z_9d5e65dd,2,5760.0,50,True,79,stationary,PURE_OR,85.6,0.31082062454611475,0.310014222554246,275.4,275.4,1.0,0.0,0.0,275.4
23,2,0.67,0.2,5,5,6,6.0,5.5,0.19,0.5,42,1,[0.2],0.2,0.2442732516826255,10,7.778174593052023,0.1414213562373095,0.7778174593052023,0.1414213562373095,0.17272727272727273,20260921T213417946637Z_9d5e65dd,2,5760.0,50,True,79,stationary,DRL,769.5510131835938,0.5891976213028051,0.6000457525253295,1306.1,1306.1,1.0,21.6,836.2,469.9
23,2,0.67,0.2,5,5,6,6.0,5.5,0.19,0.5,42,1,[0.2],0.2,0.2442732516826255,10,7.778174593052023,0.1414213562373095,0.7778174593052023,0.1414213562373095,0.17272727272727273,20260921T213417946637Z_9d5e65dd,2,5760.0,50,True,79,stationary,HEUR,315.6044494628906,0.5076474979296938,0.4998437762260437,621.7,621.7,1.0,8.0,253.6,368.1
23,2,0.67,0.2,5,5,6,6.0,5.5,0.19,0.5,42,1,[0.2],0.2,0.2442732516826255,10,7.778174593052023,0.1414213562373095,0.7778174593052023,0.1414213562373095,0.17272727272727273,20260921T213417946637Z_9d5e65dd,2,5760.0,50,True,79,stationary,HEUR_VOR,232.74847106933595,0.4585273267717414,0.4447655975818634,507.6,507.6,1.0,5.0,153.7,353.9
23,2,0.67,0.2,5,5,6,6.0,5.5,0.19,0.5,42,1,[0.2],0.2,0.2442732516826255,10,7.778174593052023,0.1414213562373095,0.7778174593052023,0.1414213562373095,0.17272727272727273,20260921T213417946637Z_9d5e65dd,2,5760.0,50,True,79,stationary,FOUR_ZONE,123.13854370117187,0.36217218735638784,0.3638696173038191,340.0,340.0,1.0,1.4,38.0,302.0
23,2,0.67,0.2,5,5,6,6.0,5.5,0.19,0.5,42,1,[0.2],0.2,0.2442732516826255,10,7.778174593052023,0.1414213562373095,0.7778174593052023,0.1414213562373095,0.17272727272727273,20260921T213417946637Z_9d5e65dd,2,5760.0,50,True,79,stationary,PURE,85.6,0.2575210589651023,0.2594351070775064,332.4,332.4,1.0,0.0,0.0,332.4
23,2,0.67,0.2,5,5,6,6.0,5.5,0.19,0.5,42,1,[0.2],0.2,0.2442732516826255,10,7.778174593052023,0.1414213562373095,0.7778174593052023,0.1414213562373095,0.17272727272727273,20260921T213417946637Z_9d5e65dd,2,5760.0,50,True,79,stationary,PURE_OR,85.6,0.31082062454611475,0.310014222554246,275.4,275.4,1.0,0.0,0.0,275.4
24,2,0.67,0.25,5,5,6,6.0,5.5,0.19,0.5,42,1,"[0.25, 0.3, 0.35, 0.4]",0.2442732516826255,0.2442732516826255,10,7.778174593052023,0.17677669529663687,0.9722718241315028,0.17272727272727273,0.17272727272727273,20260921T213417946637Z_9d5e65dd,2,5760.0,50,True,79,stationary,DRL,1030.03974609375,0.6446209062480444,0.6461814045906067,1597.9,1597.9,1.0,28.4,1153.5,444.4
24,2,0.67,0.25,5,5,6,6.0,5.5,0.19,0.5,42,1,"[0.25, 0.3, 0.35, 0.4]",0.2442732516826255,0.2442732516826255,10,7.778174593052023,0.17677669529663687,0.9722718241315028,0.17272727272727273,0.17272727272727273,20260921T213417946637Z_9d5e65dd,2,5760.0,50,True,79,stationary,HEUR,381.84398498535154,0.5536377917722946,0.5482782661914826,689.7,689.7,1.0,9.6,324.3,365.4
24,2,0.67,0.25,5,5,6,6.0,5.5,0.19,0.5,42,1,"[0.25, 0.3, 0.35, 0.4]",0.2442732516826255,0.2442732516826255,10,7.778174593052023,0.17677669529663687,0.9722718241315028,0.17272727272727273,0.17272727272727273,20260921T213417946637Z_9d5e65dd,2,5760.0,50,True,79,stationary,HEUR_VOR,263.97743530273436,0.5038698898696973,0.4879322648048401,523.9,523.9,1.0,6.0,194.0,329.9
24,2,0.67,0.25,5,5,6,6.0,5.5,0.19,0.5,42,1,"[0.25, 0.3, 0.35, 0.4]",0.2442732516826255,0.2442732516826255,10,7.778174593052023,0.17677669529663687,0.9722718241315028,0.17272727272727273,0.17272727272727273,20260921T213417946637Z_9d5e65dd,2,5760.0,50,True,79,stationary,FOUR_ZONE,123.13854370117187,0.36217218735638784,0.3638696173038191,340.0,340.0,1.0,1.4,38.0,302.0
24,2,0.67,0.25,5,5,6,6.0,5.5,0.19,0.5,42,1,"[0.25, 0.3, 0.35, 0.4]",0.2442732516826255,0.2442732516826255,10,7.778174593052023,0.17677669529663687,0.9722718241315028,0.17272727272727273,0.17272727272727273,20260921T213417946637Z_9d5e65dd,2,5760.0,50,True,79,stationary,PURE,85.6,0.2575210589651023,0.2594351070775064,332.4,332.4,1.0,0.0,0.0,332.4
24,2,0.67,0.25,5,5,6,6.0,5.5,0.19,0.5,42,1,"[0.25, 0.3, 0.35, 0.4]",0.2442732516826255,0.2442732516826255,10,7.778174593052023,0.17677669529663687,0.9722718241315028,0.17272727272727273,0.17272727272727273,20260921T213417946637Z_9d5e65dd,2,5760.0,50,True,79,stationary,PURE_OR,85.6,0.31082062454611475,0.310014222554246,275.4,275.4,1.0,0.0,0.0,275.4
25,2,0.83,0.1,5,5,6,5.5,5.5,0.19,0.5,42,1,[0.1],0.1,0.2442732516826255,10,7.778174593052023,0.07071067811865475,0.38890872965260115,0.07071067811865475,0.17272727272727273,20260921T213417946637Z_9d5e65dd,2,5760.0,50,True,79,stationary,DRL,300.95272064208984,0.4903107211503582,0.46524577140808104,613.8,613.8,1.0,6.6,220.2,393.6
25,2,0.83,0.1,5,5,6,5.5,5.5,0.19,0.5,42,1,[0.1],0.1,0.2442732516826255,10,7.778174593052023,0.07071067811865475,0.38890872965260115,0.07071067811865475,0.17272727272727273,20260921T213417946637Z_9d5e65dd,2,5760.0,50,True,79,stationary,HEUR,229.07980194091797,0.43100621249467164,0.416982364654541,531.5,531.5,1.0,3.8,138.1,393.4
25,2,0.83,0.1,5,5,6,5.5,5.5,0.19,0.5,42,1,[0.1],0.1,0.2442732516826255,10,7.778174593052023,0.07071067811865475,0.38890872965260115,0.07071067811865475,0.17272727272727273,20260921T213417946637Z_9d5e65dd,2,5760.0,50,True,79,stationary,HEUR_VOR,164.07219390869142,0.38254183704521194,0.3767638623714447,428.9,428.9,1.0,1.8,63.9,365.0
25,2,0.83,0.1,5,5,6,5.5,5.5,0.19,0.5,42,1,[0.1],0.1,0.2442732516826255,10,7.778174593052023,0.07071067811865475,0.38890872965260115,0.07071067811865475,0.17272727272727273,20260921T213417946637Z_9d5e65dd,2,5760.0,50,True,79,stationary,FOUR_ZONE,112.31281127929688,0.3257332113668703,0.323611513392896,344.8,344.8,1.0,0.2,7.2,337.6
25,2,0.83,0.1,5,5,6,5.5,5.5,0.19,0.5,42,1,[0.1],0.1,0.2442732516826255,10,7.778174593052023,0.07071067811865475,0.38890872965260115,0.07071067811865475,0.17272727272727273,20260921T213417946637Z_9d5e65dd,2,5760.0,50,True,79,stationary,PURE,105.2,0.3001426533523538,0.30346051279269637,350.5,350.5,1.0,0.0,0.0,350.5
25,2,0.83,0.1,5,5,6,5.5,5.5,0.19,0.5,42,1,[0.1],0.1,0.2442732516826255,10,7.778174593052023,0.07071067811865475,0.38890872965260115,0.07071067811865475,0.17272727272727273,20260921T213417946637Z_9d5e65dd,2,5760.0,50,True,79,stationary,PURE_OR,105.2,0.3373957665169981,0.33751659185869975,311.8,311.8,1.0,0.0,0.0,311.8
26,2,0.83,0.15,5,5,6,5.5,5.5,0.19,0.5,42,1,[0.15],0.15,0.2442732516826255,10,7.778174593052023,0.10606601717798211,0.5833630944789017,0.10606601717798211,0.17272727272727273,20260921T213417946637Z_9d5e65dd,2,5760.0,50,True,79,stationary,DRL,457.5675811767578,0.5229343784877232,0.5102463304996491,875.0,875.0,1.0,12.8,439.5,435.5
26,2,0.83,0.15,5,5,6,5.5,5.5,0.19,0.5,42,1,[0.15],0.15,0.2442732516826255,10,7.778174593052023,0.10606601717798211,0.5833630944789017,0.10606601717798211,0.17272727272727273,20260921T213417946637Z_9d5e65dd,2,5760.0,50,True,79,stationary,HEUR,323.92267456054685,0.4763568743537454,0.47205705046653745,680.0,680.0,1.0,8.8,272.4,407.6
26,2,0.83,0.15,5,5,6,5.5,5.5,0.19,0.5,42,1,[0.15],0.15,0.2442732516826255,10,7.778174593052023,0.10606601717798211,0.5833630944789017,0.10606601717798211,0.17272727272727273,20260921T213417946637Z_9d5e65dd,2,5760.0,50,True,79,stationary,HEUR_VOR,232.5542755126953,0.44679015468337235,0.43759862184524534,520.5,520.5,1.0,4.2,145.4,375.1
26,2,0.83,0.15,5,5,6,5.5,5.5,0.19,0.5,42,1,[0.15],0.15,0.2442732516826255,10,7.778174593052023,0.10606601717798211,0.5833630944789017,0.10606601717798211,0.17272727272727273,20260921T213417946637Z_9d5e65dd,2,5760.0,50,True,79,stationary,FOUR_ZONE,112.31281127929688,0.3257332113668703,0.323611513392896,344.8,344.8,1.0,0.2,7.2,337.6
26,2,0.83,0.15,5,5,6,5.5,5.5,0.19,0.5,42,1,[0.15],0.15,0.2442732516826255,10,7.778174593052023,0.10606601717798211,0.5833630944789017,0.10606601717798211,0.17272727272727273,20260921T213417946637Z_9d5e65dd,2,5760.0,50,True,79,stationary,PURE,105.2,0.3001426533523538,0.30346051279269637,350.5,350.5,1.0,0.0,0.0,350.5
26,2,0.83,0.15,5,5,6,5.5,5.5,0.19,0.5,42,1,[0.15],0.15,0.2442732516826255,10,7.778174593052023,0.10606601717798211,0.5833630944789017,0.10606601717798211,0.17272727272727273,20260921T213417946637Z_9d5e65dd,2,5760.0,50,True,79,stationary,PURE_OR,105.2,0.3373957665169981,0.33751659185869975,311.8,311.8,1.0,0.0,0.0,311.8
27,2,0.83,0.2,5,5,6,5.5,5.5,0.19,0.5,42,1,[0.2],0.2,0.2442732516826255,10,7.778174593052023,0.1414213562373095,0.7778174593052023,0.1414213562373095,0.17272727272727273,20260921T213417946637Z_9d5e65dd,2,5760.0,50,True,79,stationary,DRL,650.8461547851563,0.5887879091597216,0.5863236308097839,1105.4,1105.4,1.0,17.2,669.9,435.5
27,2,0.83,0.2,5,5,6,5.5,5.5,0.19,0.5,42,1,[0.2],0.2,0.2442732516826255,10,7.778174593052023,0.1414213562373095,0.7778174593052023,0.1414213562373095,0.17272727272727273,20260921T213417946637Z_9d5e65dd,2,5760.0,50,True,79,stationary,HEUR,417.7397766113281,0.5053099995298513,0.49257113337516784,826.7,826.7,1.0,11.4,359.4,467.3
27,2,0.83,0.2,5,5,6,5.5,5.5,0.19,0.5,42,1,[0.2],0.2,0.2442732516826255,10,7.778174593052023,0.1414213562373095,0.7778174593052023,0.1414213562373095,0.17272727272727273,20260921T213417946637Z_9d5e65dd,2,5760.0,50,True,79,stationary,HEUR_VOR,257.0410217285156,0.4651484287522903,0.4538792610168457,552.6,552.6,1.0,5.2,176.1,376.5
27,2,0.83,0.2,5,5,6,5.5,5.5,0.19,0.5,42,1,[0.2],0.2,0.2442732516826255,10,7.778174593052023,0.1414213562373095,0.7778174593052023,0.1414213562373095,0.17272727272727273,20260921T213417946637Z_9d5e65dd,2,5760.0,50,True,79,stationary,FOUR_ZONE,115.88289794921874,0.3322330789828519,0.3300682328349349,348.8,348.8,1.0,0.4,11.4,337.4
27,2,0.83,0.2,5,5,6,5.5,5.5,0.19,0.5,42,1,[0.2],0.2,0.2442732516826255,10,7.778174593052023,0.1414213562373095,0.7778174593052023,0.1414213562373095,0.17272727272727273,20260921T213417946637Z_9d5e65dd,2,5760.0,50,True,79,stationary,PURE,105.2,0.3001426533523538,0.30346051279269637,350.5,350.5,1.0,0.0,0.0,350.5
27,2,0.83,0.2,5,5,6,5.5,5.5,0.19,0.5,42,1,[0.2],0.2,0.2442732516826255,10,7.778174593052023,0.1414213562373095,0.7778174593052023,0.1414213562373095,0.17272727272727273,20260921T213417946637Z_9d5e65dd,2,5760.0,50,True,79,stationary,PURE_OR,105.2,0.3373957665169981,0.33751659185869975,311.8,311.8,1.0,0.0,0.0,311.8
28,2,0.83,0.25,5,5,6,5.5,5.5,0.19,0.5,42,1,"[0.25, 0.3, 0.35, 0.4]",0.2442732516826255,0.2442732516826255,10,7.778174593052023,0.17677669529663687,0.9722718241315028,0.17272727272727273,0.17272727272727273,20260921T213417946637Z_9d5e65dd,2,5760.0,50,True,79,stationary,DRL,913.2035034179687,0.6029337801518346,0.5976474285125732,1514.6,1514.6,1.0,26.8,1048.2,466.4
28,2,0.83,0.25,5,5,6,5.5,5.5,0.19,0.5,42,1,"[0.25, 0.3, 0.35, 0.4]",0.2442732516826255,0.2442732516826255,10,7.778174593052023,0.17677669529663687,0.9722718241315028,0.17272727272727273,0.17272727272727273,20260921T213417946637Z_9d5e65dd,2,5760.0,50,True,79,stationary,HEUR,401.6124969482422,0.5030216645143314,0.49729210138320923,798.4,798.4,1.0,11.2,367.1,431.3
28,2,0.83,0.25,5,5,6,5.5,5.5,0.19,0.5,42,1,"[0.25, 0.3, 0.35, 0.4]",0.2442732516826255,0.2442732516826255,10,7.778174593052023,0.17677669529663687,0.9722718241315028,0.17272727272727273,0.17272727272727273,20260921T213417946637Z_9d5e65dd,2,5760.0,50,True,79,stationary,HEUR_VOR,307.3287689208984,0.5020071364274721,0.4996462643146515,612.2,612.2,1.0,6.6,231.1,381.1
28,2,0.83,0.25,5,5,6,5.5,5.5,0.19,0.5,42,1,"[0.25, 0.3, 0.35, 0.4]",0.2442732516826255,0.2442732516826255,10,7.778174593052023,0.17677669529663687,0.9722718241315028,0.17272727272727273,0.17272727272727273,20260921T213417946637Z_9d5e65dd,2,5760.0,50,True,79,stationary,FOUR_ZONE,115.88289794921874,0.3322330789828519,0.3300682328349349,348.8,348.8,1.0,0.4,11.4,337.4
28,2,0.83,0.25,5,5,6,5.5,5.5,0.19,0.5,42,1,"[0.25, 0.3, 0.35, 0.4]",0.2442732516826255,0.2442732516826255,10,7.778174593052023,0.17677669529663687,0.9722718241315028,0.17272727272727273,0.17272727272727273,20260921T213417946637Z_9d5e65dd,2,5760.0,50,True,79,stationary,PURE,105.2,0.3001426533523538,0.30346051279269637,350.5,350.5,1.0,0.0,0.0,350.5
28,2,0.83,0.25,5,5,6,5.5,5.5,0.19,0.5,42,1,"[0.25, 0.3, 0.35, 0.4]",0.2442732516826255,0.2442732516826255,10,7.778174593052023,0.17677669529663687,0.9722718241315028,0.17272727272727273,0.17272727272727273,20260921T213417946637Z_9d5e65dd,2,5760.0,50,True,79,stationary,PURE_OR,105.2,0.3364246881995523,0.3365157683299051,312.7,312.7,1.0,0.0,0.0,312.7
29,2,0.83,0.1,5,5,6,6.0,5.5,0.19,0.5,42,1,[0.1],0.1,0.2442732516826255,10,7.778174593052023,0.07071067811865475,0.38890872965260115,0.07071067811865475,0.17272727272727273,20260921T213417946637Z_9d5e65dd,2,5760.0,50,True,79,stationary,DRL,318.7502380371094,0.5193063506632606,0.4911087155342102,613.8,613.8,1.0,6.6,220.2,393.6
29,2,0.83,0.1,5,5,6,6.0,5.5,0.19,0.5,42,1,[0.1],0.1,0.2442732516826255,10,7.778174593052023,0.07071067811865475,0.38890872965260115,0.07071067811865475,0.17272727272727273,20260921T213417946637Z_9d5e65dd,2,5760.0,50,True,79,stationary,HEUR,240.3422058105469,0.45219605985051153,0.43633352518081664,531.5,531.5,1.0,3.8,138.1,393.4
29,2,0.83,0.1,5,5,6,6.0,5.5,0.19,0.5,42,1,[0.1],0.1,0.2442732516826255,10,7.778174593052023,0.07071067811865475,0.38890872965260115,0.07071067811865475,0.17272727272727273,20260921T213417946637Z_9d5e65dd,2,5760.0,50,True,79,stationary,HEUR_VOR,169.42426452636718,0.3950204348947708,0.38844199776649474,428.9,428.9,1.0,1.8,63.9,365.0
29,2,0.83,0.1,5,5,6,6.0,5.5,0.19,0.5,42,1,[0.1],0.1,0.2442732516826255,10,7.778174593052023,0.07071067811865475,0.38890872965260115,0.07071067811865475,0.17272727272727273,20260921T213417946637Z_9d5e65dd,2,5760.0,50,True,79,stationary,FOUR_ZONE,112.95943298339844,0.3276085643370024,0.3252845323252386,344.8,344.8,1.0,0.2,7.2,337.6
29,2,0.83,0.1,5,5,6,6.0,5.5,0.19,0.5,42,1,[0.1],0.1,0.2442732516826255,10,7.778174593052023,0.07071067811865475,0.38890872965260115,0.07071067811865475,0.17272727272727273,20260921T213417946637Z_9d5e65dd,2,5760.0,50,True,79,stationary,PURE,105.2,0.3001426533523538,0.30346051279269637,350.5,350.5,1.0,0.0,0.0,350.5
29,2,0.83,0.1,5,5,6,6.0,5.5,0.19,0.5,42,1,[0.1],0.1,0.2442732516826255,10,7.778174593052023,0.07071067811865475,0.38890872965260115,0.07071067811865475,0.17272727272727273,20260921T213417946637Z_9d5e65dd,2,5760.0,50,True,79,stationary,PURE_OR,105.2,0.3373957665169981,0.33751659185869975,311.8,311.8,1.0,0.0,0.0,311.8
30,2,0.83,0.15,5,5,6,6.0,5.5,0.19,0.5,42,1,[0.15],0.15,0.2442732516826255,10,7.778174593052023,0.10606601717798211,0.5833630944789017,0.10606601717798211,0.17272727272727273,20260921T213417946637Z_9d5e65dd,2,5760.0,50,True,79,stationary,DRL,489.60407104492185,0.559547509765625,0.5449510633945465,875.0,875.0,1.0,12.8,439.5,435.5
30,2,0.83,0.15,5,5,6,6.0,5.5,0.19,0.5,42,1,[0.15],0.15,0.2442732516826255,10,7.778174593052023,0.10606601717798211,0.5833630944789017,0.10606601717798211,0.17272727272727273,20260921T213417946637Z_9d5e65dd,2,5760.0,50,True,79,stationary,HEUR,343.8080108642578,0.5056000159768497,0.500683170557022,680.0,680.0,1.0,8.8,272.4,407.6
30,2,0.83,0.15,5,5,6,6.0,5.5,0.19,0.5,42,1,[0.15],0.15,0.2442732516826255,10,7.778174593052023,0.10606601717798211,0.5833630944789017,0.10606601717798211,0.17272727272727273,20260921T213417946637Z_9d5e65dd,2,5760.0,50,True,79,stationary,HEUR_VOR,244.13204345703124,0.46903370500870556,0.4588536500930786,520.5,520.5,1.0,4.2,145.4,375.1
30,2,0.83,0.15,5,5,6,6.0,5.5,0.19,0.5,42,1,[0.15],0.15,0.2442732516826255,10,7.778174593052023,0.10606601717798211,0.5833630944789017,0.10606601717798211,0.17272727272727273,20260921T213417946637Z_9d5e65dd,2,5760.0,50,True,79,stationary,FOUR_ZONE,112.95943298339844,0.3276085643370024,0.3252845323252386,344.8,344.8,1.0,0.2,7.2,337.6
30,2,0.83,0.15,5,5,6,6.0,5.5,0.19,0.5,42,1,[0.15],0.15,0.2442732516826255,10,7.778174593052023,0.10606601717798211,0.5833630944789017,0.10606601717798211,0.17272727272727273,20260921T213417946637Z_9d5e65dd,2,5760.0,50,True,79,stationary,PURE,105.2,0.3001426533523538,0.30346051279269637,350.5,350.5,1.0,0.0,0.0,350.5
30,2,0.83,0.15,5,5,6,6.0,5.5,0.19,0.5,42,1,[0.15],0.15,0.2442732516826255,10,7.778174593052023,0.10606601717798211,0.5833630944789017,0.10606601717798211,0.17272727272727273,20260921T213417946637Z_9d5e65dd,2,5760.0,50,True,79,stationary,PURE_OR,105.2,0.3373957665169981,0.33751659185869975,311.8,311.8,1.0,0.0,0.0,311.8
31,2,0.83,0.2,5,5,6,6.0,5.5,0.19,0.5,42,1,[0.2],0.2,0.2442732516826255,10,7.778174593052023,0.1414213562373095,0.7778174593052023,0.1414213562373095,0.17272727272727273,20260921T213417946637Z_9d5e65dd,2,5760.0,50,True,79,stationary,DRL,844.04638671875,0.6361519345182017,0.6285122513771058,1326.8,1326.8,1.0,23.4,855.7,471.1
31,2,0.83,0.2,5,5,6,6.0,5.5,0.19,0.5,42,1,[0.2],0.2,0.2442732516826255,10,7.778174593052023,0.1414213562373095,0.7778174593052023,0.1414213562373095,0.17272727272727273,20260921T213417946637Z_9d5e65dd,2,5760.0,50,True,79,stationary,HEUR,446.15577087402346,0.539682800137926,0.5253733634948731,826.7,826.7,1.0,11.4,359.4,467.3
31,2,0.83,0.2,5,5,6,6.0,5.5,0.19,0.5,42,1,[0.2],0.2,0.2442732516826255,10,7.778174593052023,0.1414213562373095,0.7778174593052023,0.1414213562373095,0.17272727272727273,20260921T213417946637Z_9d5e65dd,2,5760.0,50,True,79,stationary,HEUR_VOR,270.8453430175781,0.49012910426633755,0.4775804340839386,552.6,552.6,1.0,5.2,176.1,376.5
31,2,0.83,0.2,5,5,6,6.0,5.5,0.19,0.5,42,1,[0.2],0.2,0.2442732516826255,10,7.778174593052023,0.1414213562373095,0.7778174593052023,0.1414213562373095,0.17272727272727273,20260921T213417946637Z_9d5e65dd,2,5760.0,50,True,79,stationary,FOUR_ZONE,116.85407409667968,0.3350174142680037,0.3326440475589034,348.8,348.8,1.0,0.4,11.4,337.4
31,2,0.83,0.2,5,5,6,6.0,5.5,0.19,0.5,42,1,[0.2],0.2,0.2442732516826255,10,7.778174593052023,0.1414213562373095,0.7778174593052023,0.1414213562373095,0.17272727272727273,20260921T213417946637Z_9d5e65dd,2,5760.0,50,True,79,stationary,PURE,105.2,0.3001426533523538,0.30346051279269637,350.5,350.5,1.0,0.0,0.0,350.5
31,2,0.83,0.2,5,5,6,6.0,5.5,0.19,0.5,42,1,[0.2],0.2,0.2442732516826255,10,7.778174593052023,0.1414213562373095,0.7778174593052023,0.1414213562373095,0.17272727272727273,20260921T213417946637Z_9d5e65dd,2,5760.0,50,True,79,stationary,PURE_OR,105.2,0.3364246881995523,0.3365157683299051,312.7,312.7,1.0,0.0,0.0,312.7
32,2,0.83,0.25,5,5,6,6.0,5.5,0.19,0.5,42,1,"[0.25, 0.3, 0.35, 0.4]",0.2442732516826255,0.2442732516826255,10,7.778174593052023,0.17677669529663687,0.9722718241315028,0.17272727272727273,0.17272727272727273,20260921T213417946637Z_9d5e65dd,2,5760.0,50,True,79,stationary,DRL,1039.9000854492188,0.6440605013311153,0.6418635010719299,1614.6,1614.6,1.0,32.0,1110.3,504.3
32,2,0.83,0.25,5,5,6,6.0,5.5,0.19,0.5,42,1,"[0.25, 0.3, 0.35, 0.4]",0.2442732516826255,0.2442732516826255,10,7.778174593052023,0.17677669529663687,0.9722718241315028,0.17272727272727273,0.17272727272727273,20260921T213417946637Z_9d5e65dd,2,5760.0,50,True,79,stationary,HEUR,428.5625305175781,0.5367767165801329,0.5302999377250671,798.4,798.4,1.0,11.2,367.1,431.3
32,2,0.83,0.25,5,5,6,6.0,5.5,0.19,0.5,42,1,"[0.25, 0.3, 0.35, 0.4]",0.2442732516826255,0.2442732516826255,10,7.778174593052023,0.17677669529663687,0.9722718241315028,0.17272727272727273,0.17272727272727273,20260921T213417946637Z_9d5e65dd,2,5760.0,50,True,79,stationary,HEUR_VOR,325.70509948730466,0.5320240109233987,0.5294176578521729,612.2,612.2,1.0,6.6,231.1,381.1
32,2,0.83,0.25,5,5,6,6.0,5.5,0.19,0.5,42,1,"[0.25, 0.3, 0.35, 0.4]",0.2442732516826255,0.2442732516826255,10,7.778174593052023,0.17677669529663687,0.9722718241315028,0.17272727272727273,0.17272727272727273,20260921T213417946637Z_9d5e65dd,2,5760.0,50,True,79,stationary,FOUR_ZONE,116.85407409667968,0.3350174142680037,0.3326440475589034,348.8,348.8,1.0,0.4,11.4,337.4
32,2,0.83,0.25,5,5,6,6.0,5.5,0.19,0.5,42,1,"[0.25, 0.3, 0.35, 0.4]",0.2442732516826255,0.2442732516826255,10,7.778174593052023,0.17677669529663687,0.9722718241315028,0.17272727272727273,0.17272727272727273,20260921T213417946637Z_9d5e65dd,2,5760.0,50,True,79,stationary,PURE,105.2,0.3001426533523538,0.30346051279269637,350.5,350.5,1.0,0.0,0.0,350.5
32,2,0.83,0.25,5,5,6,6.0,5.5,0.19,0.5,42,1,"[0.25, 0.3, 0.35, 0.4]",0.2442732516826255,0.2442732516826255,10,7.778174593052023,0.17677669529663687,0.9722718241315028,0.17272727272727273,0.17272727272727273,20260921T213417946637Z_9d5e65dd,2,5760.0,50,True,79,stationary,PURE_OR,105.2,0.3373957665169981,0.33751659185869975,311.8,311.8,1.0,0.0,0.0,311.8
33,2,1.0,0.1,5,5,6,5.5,5.5,0.19,0.5,42,1,[0.1],0.1,0.2442732516826255,10,7.778174593052023,0.07071067811865475,0.38890872965260115,0.07071067811865475,0.17272727272727273,20260921T213417946637Z_9d5e65dd,2,5760.0,50,True,79,stationary,DRL,309.936279296875,0.47405365447671305,0.4732849419116974,653.8,653.8,1.0,6.2,220.6,433.2
33,2,1.0,0.1,5,5,6,5.5,5.5,0.19,0.5,42,1,[0.1],0.1,0.2442732516826255,10,7.778174593052023,0.07071067811865475,0.38890872965260115,0.07071067811865475,0.17272727272727273,20260921T213417946637Z_9d5e65dd,2,5760.0,50,True,79,stationary,HEUR,251.1900146484375,0.44521448891959853,0.4417195677757263,564.2,564.2,1.0,4.2,135.5,428.7
33,2,1.0,0.1,5,5,6,5.5,5.5,0.19,0.5,42,1,[0.1],0.1,0.2442732516826255,10,7.778174593052023,0.07071067811865475,0.38890872965260115,0.07071067811865475,0.17272727272727273,20260921T213417946637Z_9d5e65dd,2,5760.0,50,True,79,stationary,HEUR_VOR,230.29473876953125,0.4422791218927045,0.43840203285217283,520.7,520.7,1.0,3.0,118.0,402.7
33,2,1.0,0.1,5,5,6,5.5,5.5,0.19,0.5,42,1,[0.1],0.1,0.2442732516826255,10,7.778174593052023,0.07071067811865475,0.38890872965260115,0.07071067811865475,0.17272727272727273,20260921T213417946637Z_9d5e65dd,2,5760.0,50,True,79,stationary,FOUR_ZONE,126.4,0.3371565750866898,0.3362678515993862,374.9,374.9,1.0,0.0,0.0,374.9
33,2,1.0,0.1,5,5,6,5.5,5.5,0.19,0.5,42,1,[0.1],0.1,0.2442732516826255,10,7.778174593052023,0.07071067811865475,0.38890872965260115,0.07071067811865475,0.17272727272727273,20260921T213417946637Z_9d5e65dd,2,5760.0,50,True,79,stationary,PURE,126.4,0.30268199233716475,0.3020488391073032,417.6,417.6,1.0,0.0,0.0,417.6
33,2,1.0,0.1,5,5,6,5.5,5.5,0.19,0.5,42,1,[0.1],0.1,0.2442732516826255,10,7.778174593052023,0.07071067811865475,0.38890872965260115,0.07071067811865475,0.17272727272727273,20260921T213417946637Z_9d5e65dd,2,5760.0,50,True,79,stationary,PURE_OR,126.4,0.36574074074074076,0.36483605402721103,345.6,345.6,1.0,0.0,0.0,345.6
34,2,1.0,0.15,5,5,6,5.5,5.5,0.19,0.5,42,1,[0.15],0.15,0.2442732516826255,10,7.778174593052023,0.10606601717798211,0.5833630944789017,0.10606601717798211,0.17272727272727273,20260921T213417946637Z_9d5e65dd,2,5760.0,50,True,79,stationary,DRL,491.50791015625,0.5365806879435043,0.5348487257957458,916.0,916.0,1.0,12.0,461.0,455.0
34,2,1.0,0.15,5,5,6,5.5,5.5,0.19,0.5,42,1,[0.15],0.15,0.2442732516826255,10,7.778174593052023,0.10606601717798211,0.5833630944789017,0.10606601717798211,0.17272727272727273,20260921T213417946637Z_9d5e65dd,2,5760.0,50,True,79,stationary,HEUR,390.87620849609374,0.5020888998023041,0.4988894283771515,778.5,778.5,1.0,9.6,303.6,474.9
34,2,1.0,0.15,5,5,6,5.5,5.5,0.19,0.5,42,1,[0.15],0.15,0.2442732516826255,10,7.778174593052023,0.10606601717798211,0.5833630944789017,0.10606601717798211,0.17272727272727273,20260921T213417946637Z_9d5e65dd,2,5760.0,50,True,79,stationary,HEUR_VOR,241.20745544433595,0.44676320697228367,0.4475774884223938,539.9,539.9,1.0,4.4,126.7,413.2
34,2,1.0,0.15,5,5,6,5.5,5.5,0.19,0.5,42,1,[0.15],0.15,0.2442732516826255,10,7.778174593052023,0.10606601717798211,0.5833630944789017,0.10606601717798211,0.17272727272727273,20260921T213417946637Z_9d5e65dd,2,5760.0,50,True,79,stationary,FOUR_ZONE,137.5364532470703,0.3518456209953193,0.3487485470018799,390.9,390.9,1.0,0.4,11.7,379.2
34,2,1.0,0.15,5,5,6,5.5,5.5,0.19,0.5,42,1,[0.15],0.15,0.2442732516826255,10,7.778174593052023,0.10606601717798211,0.5833630944789017,0.10606601717798211,0.17272727272727273,20260921T213417946637Z_9d5e65dd,2,5760.0,50,True,79,stationary,PURE,126.4,0.30268199233716475,0.3020488391073032,417.6,417.6,1.0,0.0,0.0,417.6
34,2,1.0,0.15,5,5,6,5.5,5.5,0.19,0.5,42,1,[0.15],0.15,0.2442732516826255,10,7.778174593052023,0.10606601717798211,0.5833630944789017,0.10606601717798211,0.17272727272727273,20260921T213417946637Z_9d5e65dd,2,5760.0,50,True,79,stationary,PURE_OR,126.4,0.36574074074074076,0.36483605402721103,345.6,345.6,1.0,0.0,0.0,345.6
35,2,1.0,0.2,5,5,6,5.5,5.5,0.19,0.5,42,1,[0.2],0.2,0.2442732516826255,10,7.778174593052023,0.1414213562373095,0.7778174593052023,0.1414213562373095,0.17272727272727273,20260921T213417946637Z_9d5e65dd,2,5760.0,50,True,79,stationary,DRL,795.5426208496094,0.5668276600282218,0.5711261868476868,1403.5,1403.5,1.0,23.4,911.0,492.5
35,2,1.0,0.2,5,5,6,5.5,5.5,0.19,0.5,42,1,[0.2],0.2,0.2442732516826255,10,7.778174593052023,0.1414213562373095,0.7778174593052023,0.1414213562373095,0.17272727272727273,20260921T213417946637Z_9d5e65dd,2,5760.0,50,True,79,stationary,HEUR,442.18292236328125,0.5074979024024805,0.5040943682193756,871.3,871.3,1.0,11.2,365.4,505.9
35,2,1.0,0.2,5,5,6,5.5,5.5,0.19,0.5,42,1,[0.2],0.2,0.2442732516826255,10,7.778174593052023,0.1414213562373095,0.7778174593052023,0.1414213562373095,0.17272727272727273,20260921T213417946637Z_9d5e65dd,2,5760.0,50,True,79,stationary,HEUR_VOR,261.51909790039065,0.4428773884849968,0.42925685048103335,590.5,590.5,1.0,5.2,156.4,434.1
35,2,1.0,0.2,5,5,6,5.5,5.5,0.19,0.5,42,1,[0.2],0.2,0.2442732516826255,10,7.778174593052023,0.1414213562373095,0.7778174593052023,0.1414213562373095,0.17272727272727273,20260921T213417946637Z_9d5e65dd,2,5760.0,50,True,79,stationary,FOUR_ZONE,137.5364532470703,0.3518456209953193,0.3487485470018799,390.9,390.9,1.0,0.4,11.7,379.2
35,2,1.0,0.2,5,5,6,5.5,5.5,0.19,0.5,42,1,[0.2],0.2,0.2442732516826255,10,7.778174593052023,0.1414213562373095,0.7778174593052023,0.1414213562373095,0.17272727272727273,20260921T213417946637Z_9d5e65dd,2,5760.0,50,True,79,stationary,PURE,126.4,0.30268199233716475,0.3020488391073032,417.6,417.6,1.0,0.0,0.0,417.6
35,2,1.0,0.2,5,5,6,5.5,5.5,0.19,0.5,42,1,[0.2],0.2,0.2442732516826255,10,7.778174593052023,0.1414213562373095,0.7778174593052023,0.1414213562373095,0.17272727272727273,20260921T213417946637Z_9d5e65dd,2,5760.0,50,True,79,stationary,PURE_OR,126.4,0.36574074074074076,0.36483605402721103,345.6,345.6,1.0,0.0,0.0,345.6
36,2,1.0,0.25,5,5,6,5.5,5.5,0.19,0.5,42,1,"[0.25, 0.3, 0.35, 0.4]",0.2442732516826255,0.2442732516826255,10,7.778174593052023,0.17677669529663687,0.9722718241315028,0.17272727272727273,0.17272727272727273,20260921T213417946637Z_9d5e65dd,2,5760.0,50,True,79,stationary,DRL,992.904052734375,0.6004499593217072,0.6020330309867858,1653.6,1653.6,1.0,30.2,1143.8,509.8
36,2,1.0,0.25,5,5,6,5.5,5.5,0.19,0.5,42,1,"[0.25, 0.3, 0.35, 0.4]",0.2442732516826255,0.2442732516826255,10,7.778174593052023,0.17677669529663687,0.9722718241315028,0.17272727272727273,0.17272727272727273,20260921T213417946637Z_9d5e65dd,2,5760.0,50,True,79,stationary,HEUR,534.4160827636719,0.5510580354337717,0.5506048679351807,969.8,969.8,1.0,14.2,481.4,488.4
36,2,1.0,0.25,5,5,6,5.5,5.5,0.19,0.5,42,1,"[0.25, 0.3, 0.35, 0.4]",0.2442732516826255,0.2442732516826255,10,7.778174593052023,0.17677669529663687,0.9722718241315028,0.17272727272727273,0.17272727272727273,20260921T213417946637Z_9d5e65dd,2,5760.0,50,True,79,stationary,HEUR_VOR,399.31658935546875,0.5473839470260023,0.5456622838973999,729.5,729.5,1.0,8.4,309.7,419.8
36,2,1.0,0.25,5,5,6,5.5,5.5,0.19,0.5,42,1,"[0.25, 0.3, 0.35, 0.4]",0.2442732516826255,0.2442732516826255,10,7.778174593052023,0.17677669529663687,0.9722718241315028,0.17272727272727273,0.17272727272727273,20260921T213417946637Z_9d5e65dd,2,5760.0,50,True,79,stationary,FOUR_ZONE,141.90196838378907,0.36190249524047197,0.361006393356945,392.1,392.1,1.0,0.6,16.9,375.2
36,2,1.0,0.25,5,5,6,5.5,5.5,0.19,0.5,42,1,"[0.25, 0.3, 0.35, 0.4]",0.2442732516826255,0.2442732516826255,10,7.778174593052023,0.17677669529663687,0.9722718241315028,0.17272727272727273,0.17272727272727273,20260921T213417946637Z_9d5e65dd,2,5760.0,50,True,79,stationary,PURE,126.4,0.30268199233716475,0.3020488391073032,417.6,417.6,1.0,0.0,0.0,417.6
36,2,1.0,0.25,5,5,6,5.5,5.5,0.19,0.5,42,1,"[0.25, 0.3, 0.35, 0.4]",0.2442732516826255,0.2442732516826255,10,7.778174593052023,0.17677669529663687,0.9722718241315028,0.17272727272727273,0.17272727272727273,20260921T213417946637Z_9d5e65dd,2,5760.0,50,True,79,stationary,PURE_OR,126.4,0.36574074074074076,0.36483605402721103,345.6,345.6,1.0,0.0,0.0,345.6
37,2,1.0,0.1,5,5,6,6.0,5.5,0.19,0.5,42,1,[0.1],0.1,0.2442732516826255,10,7.778174593052023,0.07071067811865475,0.38890872965260115,0.07071067811865475,0.17272727272727273,20260921T213417946637Z_9d5e65dd,2,5760.0,50,True,79,stationary,DRL,326.62293701171876,0.49957622669274815,0.49784702658653257,653.8,653.8,1.0,6.2,220.6,433.2
37,2,1.0,0.1,5,5,6,6.0,5.5,0.19,0.5,42,1,[0.1],0.1,0.2442732516826255,10,7.778174593052023,0.07071067811865475,0.38890872965260115,0.07071067811865475,0.17272727272727273,20260921T213417946637Z_9d5e65dd,2,5760.0,50,True,79,stationary,HEUR,262.53468322753906,0.465322019190959,0.46096031069755555,564.2,564.2,1.0,4.2,135.5,428.7
37,2,1.0,0.1,5,5,6,6.0,5.5,0.19,0.5,42,1,[0.1],0.1,0.2442732516826255,10,7.778174593052023,0.07071067811865475,0.38890872965260115,0.07071067811865475,0.17272727272727273,20260921T213417946637Z_9d5e65dd,2,5760.0,50,True,79,stationary,HEUR_VOR,239.73983764648438,0.46041835538022735,0.4557580053806305,520.7,520.7,1.0,3.0,118.0,402.7
37,2,1.0,0.1,5,5,6,6.0,5.5,0.19,0.5,42,1,[0.1],0.1,0.2442732516826255,10,7.778174593052023,0.07071067811865475,0.38890872965260115,0.07071067811865475,0.17272727272727273,20260921T213417946637Z_9d5e65dd,2,5760.0,50,True,79,stationary,FOUR_ZONE,126.4,0.3371565750866898,0.3362678515993862,374.9,374.9,1.0,0.0,0.0,374.9
37,2,1.0,0.1,5,5,6,6.0,5.5,0.19,0.5,42,1,[0.1],0.1,0.2442732516826255,10,7.778174593052023,0.07071067811865475,0.38890872965260115,0.07071067811865475,0.17272727272727273,20260921T213417946637Z_9d5e65dd,2,5760.0,50,True,79,stationary,PURE,126.4,0.30268199233716475,0.3020488391073032,417.6,417.6,1.0,0.0,0.0,417.6
37,2,1.0,0.1,5,5,6,6.0,5.5,0.19,0.5,42,1,[0.1],0.1,0.2442732516826255,10,7.778174593052023,0.07071067811865475,0.38890872965260115,0.07071067811865475,0.17272727272727273,20260921T213417946637Z_9d5e65dd,2,5760.0,50,True,79,stationary,PURE_OR,126.4,0.36574074074074076,0.36483605402721103,345.6,345.6,1.0,0.0,0.0,345.6
38,2,1.0,0.15,5,5,6,6.0,5.5,0.19,0.5,42,1,[0.15],0.15,0.2442732516826255,10,7.778174593052023,0.10606601717798211,0.5833630944789017,0.10606601717798211,0.17272727272727273,20260921T213417946637Z_9d5e65dd,2,5760.0,50,True,79,stationary,DRL,594.3380310058594,0.5980459156830945,0.5946785807609558,993.8,993.8,1.0,14.6,544.2,449.6
38,2,1.0,0.15,5,5,6,6.0,5.5,0.19,0.5,42,1,[0.15],0.15,0.2442732516826255,10,7.778174593052023,0.10606601717798211,0.5833630944789017,0.10606601717798211,0.17272727272727273,20260921T213417946637Z_9d5e65dd,2,5760.0,50,True,79,stationary,HEUR,414.9227294921875,0.5329771734003693,0.5289115309715271,778.5,778.5,1.0,9.6,303.6,474.9
38,2,1.0,0.15,5,5,6,6.0,5.5,0.19,0.5,42,1,[0.15],0.15,0.2442732516826255,10,7.778174593052023,0.10606601717798211,0.5833630944789017,0.10606601717798211,0.17272727272727273,20260921T213417946637Z_9d5e65dd,2,5760.0,50,True,79,stationary,HEUR_VOR,251.64461975097657,0.4660948689590231,0.46692649126052854,539.9,539.9,1.0,4.4,126.7,413.2
38,2,1.0,0.15,5,5,6,6.0,5.5,0.19,0.5,42,1,[0.15],0.15,0.2442732516826255,10,7.778174593052023,0.10606601717798211,0.5833630944789017,0.10606601717798211,0.17272727272727273,20260921T213417946637Z_9d5e65dd,2,5760.0,50,True,79,stationary,FOUR_ZONE,138.54886169433593,0.3544355633009361,0.3510370971403534,390.9,390.9,1.0,0.4,11.7,379.2
38,2,1.0,0.15,5,5,6,6.0,5.5,0.19,0.5,42,1,[0.15],0.15,0.2442732516826255,10,7.778174593052023,0.10606601717798211,0.5833630944789017,0.10606601717798211,0.17272727272727273,20260921T213417946637Z_9d5e65dd,2,5760.0,50,True,79,stationary,PURE,126.4,0.30268199233716475,0.3020488391073032,417.6,417.6,1.0,0.0,0.0,417.6
38,2,1.0,0.15,5,5,6,6.0,5.5,0.19,0.5,42,1,[0.15],0.15,0.2442732516826255,10,7.778174593052023,0.10606601717798211,0.5833630944789017,0.10606601717798211,0.17272727272727273,20260921T213417946637Z_9d5e65dd,2,5760.0,50,True,79,stationary,PURE_OR,126.4,0.36574074074074076,0.36483605402721103,345.6,345.6,1.0,0.0,0.0,345.6
39,2,1.0,0.2,5,5,6,6.0,5.5,0.19,0.5,42,1,[0.2],0.2,0.2442732516826255,10,7.778174593052023,0.1414213562373095,0.7778174593052023,0.1414213562373095,0.17272727272727273,20260921T213417946637Z_9d5e65dd,2,5760.0,50,True,79,stationary,DRL,856.3703125,0.6101676612041326,0.6139935612678528,1403.5,1403.5,1.0,23.4,911.0,492.5
39,2,1.0,0.2,5,5,6,6.0,5.5,0.19,0.5,42,1,[0.2],0.2,0.2442732516826255,10,7.778174593052023,0.1414213562373095,0.7778174593052023,0.1414213562373095,0.17272727272727273,20260921T213417946637Z_9d5e65dd,2,5760.0,50,True,79,stationary,HEUR,470.89459228515625,0.540450582216408,0.5364688694477081,871.3,871.3,1.0,11.2,365.4,505.9
39,2,1.0,0.2,5,5,6,6.0,5.5,0.19,0.5,42,1,[0.2],0.2,0.2442732516826255,10,7.778174593052023,0.1414213562373095,0.7778174593052023,0.1414213562373095,0.17272727272727273,20260921T213417946637Z_9d5e65dd,2,5760.0,50,True,79,stationary,HEUR_VOR,273.803564453125,0.4636808881509314,0.448250013589859,590.5,590.5,1.0,5.2,156.4,434.1
39,2,1.0,0.2,5,5,6,6.0,5.5,0.19,0.5,42,1,[0.2],0.2,0.2442732516826255,10,7.778174593052023,0.1414213562373095,0.7778174593052023,0.1414213562373095,0.17272727272727273,20260921T213417946637Z_9d5e65dd,2,5760.0,50,True,79,stationary,FOUR_ZONE,138.54886169433593,0.3544355633009361,0.3510370971403534,390.9,390.9,1.0,0.4,11.7,379.2
39,2,1.0,0.2,5,5,6,6.0,5.5,0.19,0.5,42,1,[0.2],0.2,0.2442732516826255,10,7.778174593052023,0.1414213562373095,0.7778174593052023,0.1414213562373095,0.17272727272727273,20260921T213417946637Z_9d5e65dd,2,5760.0,50,True,79,stationary,PURE,126.4,0.30268199233716475,0.3020488391073032,417.6,417.6,1.0,0.0,0.0,417.6
39,2,1.0,0.2,5,5,6,6.0,5.5,0.19,0.5,42,1,[0.2],0.2,0.2442732516826255,10,7.778174593052023,0.1414213562373095,0.7778174593052023,0.1414213562373095,0.17272727272727273,20260921T213417946637Z_9d5e65dd,2,5760.0,50,True,79,stationary,PURE_OR,126.4,0.36574074074074076,0.36483605402721103,345.6,345.6,1.0,0.0,0.0,345.6
40,2,1.0,0.25,5,5,6,6.0,5.5,0.19,0.5,42,1,"[0.25, 0.3, 0.35, 0.4]",0.2442732516826255,0.2442732516826255,10,7.778174593052023,0.17677669529663687,0.9722718241315028,0.17272727272727273,0.17272727272727273,20260921T213417946637Z_9d5e65dd,2,5760.0,50,True,79,stationary,DRL,1179.0082153320313,0.6452187464193243,0.6428264021873474,1827.3,1827.3,1.0,36.0,1268.2,559.1
40,2,1.0,0.25,5,5,6,6.0,5.5,0.19,0.5,42,1,"[0.25, 0.3, 0.35, 0.4]",0.2442732516826255,0.2442732516826255,10,7.778174593052023,0.17677669529663687,0.9722718241315028,0.17272727272727273,0.17272727272727273,20260921T213417946637Z_9d5e65dd,2,5760.0,50,True,79,stationary,HEUR,571.5131713867188,0.5893103437685283,0.5887429594993592,969.8,969.8,1.0,14.2,481.4,488.4
40,2,1.0,0.25,5,5,6,6.0,5.5,0.19,0.5,42,1,"[0.25, 0.3, 0.35, 0.4]",0.2442732516826255,0.2442732516826255,10,7.778174593052023,0.17677669529663687,0.9722718241315028,0.17272727272727273,0.17272727272727273,20260921T213417946637Z_9d5e65dd,2,5760.0,50,True,79,stationary,HEUR_VOR,424.129833984375,0.5813979903829678,0.5792261362075806,729.5,729.5,1.0,8.4,309.7,419.8
40,2,1.0,0.25,5,5,6,6.0,5.5,0.19,0.5,42,1,"[0.25, 0.3, 0.35, 0.4]",0.2442732516826255,0.2442732516826255,10,7.778174593052023,0.17677669529663687,0.9722718241315028,0.17272727272727273,0.17272727272727273,20260921T213417946637Z_9d5e65dd,2,5760.0,50,True,79,stationary,FOUR_ZONE,143.31124267578124,0.36549666583978896,0.364514192267086,392.1,392.1,1.0,0.6,16.9,375.2
40,2,1.0,0.25,5,5,6,6.0,5.5,0.19,0.5,42,1,"[0.25, 0.3, 0.35, 0.4]",0.2442732516826255,0.2442732516826255,10,7.778174593052023,0.17677669529663687,0.9722718241315028,0.17272727272727273,0.17272727272727273,20260921T213417946637Z_9d5e65dd,2,5760.0,50,True,79,stationary,PURE,126.4,0.30268199233716475,0.3020488391073032,417.6,417.6,1.0,0.0,0.0,417.6
40,2,1.0,0.25,5,5,6,6.0,5.5,0.19,0.5,42,1,"[0.25, 0.3, 0.35, 0.4]",0.2442732516826255,0.2442732516826255,10,7.778174593052023,0.17677669529663687,0.9722718241315028,0.17272727272727273,0.17272727272727273,20260921T213417946637Z_9d5e65dd,2,5760.0,50,True,79,stationary,PURE_OR,126.4,0.36574074074074076,0.36483605402721103,345.6,345.6,1.0,0.0,0.0,345.6
41,5,0.33,0.1,5,5,6,5.5,5.5,0.19,0.5,42,1,[0.1],0.1,0.2442732516826255,10,7.778174593052023,0.07071067811865475,0.38890872965260115,0.07071067811865475,0.17272727272727273,20260921T213417946637Z_9d5e65dd,2,5760.0,50,True,79,stationary,DRL,321.06170043945315,0.48229187387630035,0.4756836354732513,665.7,665.7,1.0,8.8,355.9,309.8
41,5,0.33,0.1,5,5,6,5.5,5.5,0.19,0.5,42,1,[0.1],0.1,0.2442732516826255,10,7.778174593052023,0.07071067811865475,0.38890872965260115,0.07071067811865475,0.17272727272727273,20260921T213417946637Z_9d5e65dd,2,5760.0,50,True,79,stationary,HEUR,198.86607818603517,0.4336373270519737,0.41312469244003297,458.6,458.6,1.0,5.0,178.0,280.6
41,5,0.33,0.1,5,5,6,5.5,5.5,0.19,0.5,42,1,[0.1],0.1,0.2442732516826255,10,7.778174593052023,0.07071067811865475,0.38890872965260115,0.07071067811865475,0.17272727272727273,20260921T213417946637Z_9d5e65dd,2,5760.0,50,True,79,stationary,HEUR_VOR,126.137646484375,0.37474048272244503,0.36106144189834594,336.6,336.6,1.0,2.4,96.0,240.6
41,5,0.33,0.1,5,5,6,5.5,5.5,0.19,0.5,42,1,[0.1],0.1,0.2442732516826255,10,7.778174593052023,0.07071067811865475,0.38890872965260115,0.07071067811865475,0.17272727272727273,20260921T213417946637Z_9d5e65dd,2,5760.0,50,True,79,stationary,FOUR_ZONE,59.08328018188477,0.25970672607421874,0.2525347834388949,227.5,227.5,1.0,0.6,16.2,211.3
41,5,0.33,0.1,5,5,6,5.5,5.5,0.19,0.5,42,1,[0.1],0.1,0.2442732516826255,10,7.778174593052023,0.07071067811865475,0.38890872965260115,0.07071067811865475,0.17272727272727273,20260921T213417946637Z_9d5e65dd,2,5760.0,50,True,79,stationary,PURE,43.2,0.1847733105218135,0.18373827772345533,233.8,233.8,1.0,0.0,0.0,233.8
41,5,0.33,0.1,5,5,6,5.5,5.5,0.19,0.5,42,1,[0.1],0.1,0.2442732516826255,10,7.778174593052023,0.07071067811865475,0.38890872965260115,0.07071067811865475,0.17272727272727273,20260921T213417946637Z_9d5e65dd,2,5760.0,50,True,79,stationary,PURE_OR,43.2,0.2169763937719739,0.2154468511187857,199.1,199.1,1.0,0.0,0.0,199.1
42,5,0.33,0.15,5,5,6,5.5,5.5,0.19,0.5,42,1,[0.15],0.15,0.2442732516826255,10,7.778174593052023,0.10606601717798211,0.5833630944789017,0.10606601717798211,0.17272727272727273,20260921T213417946637Z_9d5e65dd,2,5760.0,50,True,79,stationary,DRL,726.7882995605469,0.5608799965739674,0.5604471206665039,1295.8,1295.8,1.0,21.8,972.1,323.7
42,5,0.33,0.15,5,5,6,5.5,5.5,0.19,0.5,42,1,[0.15],0.15,0.2442732516826255,10,7.778174593052023,0.10606601717798211,0.5833630944789017,0.10606601717798211,0.17272727272727273,20260921T213417946637Z_9d5e65dd,2,5760.0,50,True,79,stationary,HEUR,239.9639678955078,0.4511448917005223,0.443888396024704,531.9,531.9,1.0,6.8,256.0,275.9
42,5,0.33,0.15,5,5,6,5.5,5.5,0.19,0.5,42,1,[0.15],0.15,0.2442732516826255,10,7.778174593052023,0.10606601717798211,0.5833630944789017,0.10606601717798211,0.17272727272727273,20260921T213417946637Z_9d5e65dd,2,5760.0,50,True,79,stationary,HEUR_VOR,170.1063003540039,0.4456544415876445,0.43981788158416746,381.7,381.7,1.0,3.8,147.1,234.6
42,5,0.33,0.15,5,5,6,5.5,5.5,0.19,0.5,42,1,[0.15],0.15,0.2442732516826255,10,7.778174593052023,0.10606601717798211,0.5833630944789017,0.10606601717798211,0.17272727272727273,20260921T213417946637Z_9d5e65dd,2,5760.0,50,True,79,stationary,FOUR_ZONE,58.60996017456055,0.25807996554187823,0.2513302093307711,227.1,227.1,1.0,0.6,16.2,210.9
42,5,0.33,0.15,5,5,6,5.5,5.5,0.19,0.5,42,1,[0.15],0.15,0.2442732516826255,10,7.778174593052023,0.10606601717798211,0.5833630944789017,0.10606601717798211,0.17272727272727273,20260921T213417946637Z_9d5e65dd,2,5760.0,50,True,79,stationary,PURE,43.2,0.1847733105218135,0.18373827772345533,233.8,233.8,1.0,0.0,0.0,233.8
42,5,0.33,0.15,5,5,6,5.5,5.5,0.19,0.5,42,1,[0.15],0.15,0.2442732516826255,10,7.778174593052023,0.10606601717798211,0.5833630944789017,0.10606601717798211,0.17272727272727273,20260921T213417946637Z_9d5e65dd,2,5760.0,50,True,79,stationary,PURE_OR,43.2,0.2169763937719739,0.2154468511187857,199.1,199.1,1.0,0.0,0.0,199.1
43,5,0.33,0.2,5,5,6,5.5,5.5,0.19,0.5,42,1,[0.2],0.2,0.2442732516826255,10,7.778174593052023,0.1414213562373095,0.7778174593052023,0.1414213562373095,0.17272727272727273,20260921T213417946637Z_9d5e65dd,2,5760.0,50,True,79,stationary,DRL,1437.1571655273438,0.5809042706254421,0.5852954745292663,2474.0,2474.0,1.0,44.6,2059.3,414.7
43,5,0.33,0.2,5,5,6,5.5,5.5,0.19,0.5,42,1,[0.2],0.2,0.2442732516826255,10,7.778174593052023,0.1414213562373095,0.7778174593052023,0.1414213562373095,0.17272727272727273,20260921T213417946637Z_9d5e65dd,2,5760.0,50,True,79,stationary,HEUR,369.99791259765624,0.5081690874847634,0.4999337613582611,728.1,728.1,1.0,12.4,393.1,335.0
43,5,0.33,0.2,5,5,6,5.5,5.5,0.19,0.5,42,1,[0.2],0.2,0.2442732516826255,10,7.778174593052023,0.1414213562373095,0.7778174593052023,0.1414213562373095,0.17272727272727273,20260921T213417946637Z_9d5e65dd,2,5760.0,50,True,79,stationary,HEUR_VOR,241.100830078125,0.5011449388445749,0.49948421120643616,481.1,481.1,1.0,7.0,243.9,237.2
43,5,0.33,0.2,5,5,6,5.5,5.5,0.19,0.5,42,1,[0.2],0.2,0.2442732516826255,10,7.778174593052023,0.1414213562373095,0.7778174593052023,0.1414213562373095,0.17272727272727273,20260921T213417946637Z_9d5e65dd,2,5760.0,50,True,79,stationary,FOUR_ZONE,67.80255126953125,0.28963071879338426,0.28056143723747995,234.1,234.1,1.0,0.8,26.3,207.8
43,5,0.33,0.2,5,5,6,5.5,5.5,0.19,0.5,42,1,[0.2],0.2,0.2442732516826255,10,7.778174593052023,0.1414213562373095,0.7778174593052023,0.1414213562373095,0.17272727272727273,20260921T213417946637Z_9d5e65dd,2,5760.0,50,True,79,stationary,PURE,43.2,0.1847733105218135,0.18373827772345533,233.8,233.8,1.0,0.0,0.0,233.8
43,5,0.33,0.2,5,5,6,5.5,5.5,0.19,0.5,42,1,[0.2],0.2,0.2442732516826255,10,7.778174593052023,0.1414213562373095,0.7778174593052023,0.1414213562373095,0.17272727272727273,20260921T213417946637Z_9d5e65dd,2,5760.0,50,True,79,stationary,PURE_OR,43.2,0.2169763937719739,0.2154468511187857,199.1,199.1,1.0,0.0,0.0,199.1
44,5,0.33,0.25,5,5,6,5.5,5.5,0.19,0.5,42,1,"[0.25, 0.3, 0.35, 0.4]",0.2442732516826255,0.2442732516826255,10,7.778174593052023,0.17677669529663687,0.9722718241315028,0.17272727272727273,0.17272727272727273,20260921T213417946637Z_9d5e65dd,2,5760.0,50,True,79,stationary,DRL,2029.7466064453124,0.6052801951587381,0.6064239501953125,3353.4,2751.75,0.8,64.6,2885.2,468.2
44,5,0.33,0.25,5,5,6,5.5,5.5,0.19,0.5,42,1,"[0.25, 0.3, 0.35, 0.4]",0.2442732516826255,0.2442732516826255,10,7.778174593052023,0.17677669529663687,0.9722718241315028,0.17272727272727273,0.17272727272727273,20260921T213417946637Z_9d5e65dd,2,5760.0,50,True,79,stationary,HEUR,409.830126953125,0.5217442736513367,0.5239063024520874,785.5,785.5,1.0,14.0,475.5,310.0
44,5,0.33,0.25,5,5,6,5.5,5.5,0.19,0.5,42,1,"[0.25, 0.3, 0.35, 0.4]",0.2442732516826255,0.2442732516826255,10,7.778174593052023,0.17677669529663687,0.9722718241315028,0.17272727272727273,0.17272727272727273,20260921T213417946637Z_9d5e65dd,2,5760.0,50,True,79,stationary,HEUR_VOR,271.6231994628906,0.5374420250551852,0.5338762044906616,505.4,505.4,1.0,8.6,278.8,226.6
44,5,0.33,0.25,5,5,6,5.5,5.5,0.19,0.5,42,1,"[0.25, 0.3, 0.35, 0.4]",0.2442732516826255,0.2442732516826255,10,7.778174593052023,0.17677669529663687,0.9722718241315028,0.17272727272727273,0.17272727272727273,20260921T213417946637Z_9d5e65dd,2,5760.0,50,True,79,stationary,FOUR_ZONE,89.13875274658203,0.3585629635823895,0.3513135584664504,248.6,248.6,1.0,1.6,50.1,198.5
44,5,0.33,0.25,5,5,6,5.5,5.5,0.19,0.5,42,1,"[0.25, 0.3, 0.35, 0.4]",0.2442732516826255,0.2442732516826255,10,7.778174593052023,0.17677669529663687,0.9722718241315028,0.17272727272727273,0.17272727272727273,20260921T213417946637Z_9d5e65dd,2,5760.0,50,True,79,stationary,PURE,43.2,0.1847733105218135,0.18373827772345533,233.8,233.8,1.0,0.0,0.0,233.8
44,5,0.33,0.25,5,5,6,5.5,5.5,0.19,0.5,42,1,"[0.25, 0.3, 0.35, 0.4]",0.2442732516826255,0.2442732516826255,10,7.778174593052023,0.17677669529663687,0.9722718241315028,0.17272727272727273,0.17272727272727273,20260921T213417946637Z_9d5e65dd,2,5760.0,50,True,79,stationary,PURE_OR,43.2,0.2169763937719739,0.2154468511187857,199.1,199.1,1.0,0.0,0.0,199.1
45,5,0.33,0.1,5,5,6,6.0,5.5,0.19,0.5,42,1,[0.1],0.1,0.2442732516826255,10,7.778174593052023,0.07071067811865475,0.38890872965260115,0.07071067811865475,0.17272727272727273,20260921T213417946637Z_9d5e65dd,2,5760.0,50,True,79,stationary,DRL,335.58467559814454,0.5183575464908009,0.5030504286289215,647.4,647.4,1.0,8.8,340.9,306.5
45,5,0.33,0.1,5,5,6,6.0,5.5,0.19,0.5,42,1,[0.1],0.1,0.2442732516826255,10,7.778174593052023,0.07071067811865475,0.38890872965260115,0.07071067811865475,0.17272727272727273,20260921T213417946637Z_9d5e65dd,2,5760.0,50,True,79,stationary,HEUR,213.01840362548828,0.46449717319120865,0.44185265302658083,458.6,458.6,1.0,5.0,178.0,280.6
45,5,0.33,0.1,5,5,6,6.0,5.5,0.19,0.5,42,1,[0.1],0.1,0.2442732516826255,10,7.778174593052023,0.07071067811865475,0.38890872965260115,0.07071067811865475,0.17272727272727273,20260921T213417946637Z_9d5e65dd,2,5760.0,50,True,79,stationary,HEUR_VOR,133.67752990722656,0.39714061172675746,0.3817796647548676,336.6,336.6,1.0,2.4,96.0,240.6
45,5,0.33,0.1,5,5,6,6.0,5.5,0.19,0.5,42,1,[0.1],0.1,0.2442732516826255,10,7.778174593052023,0.07071067811865475,0.38890872965260115,0.07071067811865475,0.17272727272727273,20260921T213417946637Z_9d5e65dd,2,5760.0,50,True,79,stationary,FOUR_ZONE,60.52722854614258,0.2660537518511762,0.2583410268585421,227.5,227.5,1.0,0.6,16.2,211.3
45,5,0.33,0.1,5,5,6,6.0,5.5,0.19,0.5,42,1,[0.1],0.1,0.2442732516826255,10,7.778174593052023,0.07071067811865475,0.38890872965260115,0.07071067811865475,0.17272727272727273,20260921T213417946637Z_9d5e65dd,2,5760.0,50,True,79,stationary,PURE,43.2,0.1847733105218135,0.18373827772345533,233.8,233.8,1.0,0.0,0.0,233.8
45,5,0.33,0.1,5,5,6,6.0,5.5,0.19,0.5,42,1,[0.1],0.1,0.2442732516826255,10,7.778174593052023,0.07071067811865475,0.38890872965260115,0.07071067811865475,0.17272727272727273,20260921T213417946637Z_9d5e65dd,2,5760.0,50,True,79,stationary,PURE_OR,43.2,0.2169763937719739,0.2154468511187857,199.1,199.1,1.0,0.0,0.0,199.1
46,5,0.33,0.15,5,5,6,6.0,5.5,0.19,0.5,42,1,[0.15],0.15,0.2442732516826255,10,7.778174593052023,0.10606601717798211,0.5833630944789017,0.10606601717798211,0.17272727272727273,20260921T213417946637Z_9d5e65dd,2,5760.0,50,True,79,stationary,DRL,876.7219848632812,0.6178449505731369,0.6027966499328613,1419.0,1419.0,1.0,23.8,1057.3,361.7
46,5,0.33,0.15,5,5,6,6.0,5.5,0.19,0.5,42,1,[0.15],0.15,0.2442732516826255,10,7.778174593052023,0.10606601717798211,0.5833630944789017,0.10606601717798211,0.17272727272727273,20260921T213417946637Z_9d5e65dd,2,5760.0,50,True,79,stationary,HEUR,257.85223388671875,0.4847757734286873,0.47688618302345276,531.9,531.9,1.0,6.8,256.0,275.9
46,5,0.33,0.15,5,5,6,6.0,5.5,0.19,0.5,42,1,[0.15],0.15,0.2442732516826255,10,7.778174593052023,0.10606601717798211,0.5833630944789017,0.10606601717798211,0.17272727272727273,20260921T213417946637Z_9d5e65dd,2,5760.0,50,True,79,stationary,HEUR_VOR,181.6433883666992,0.47587998000183185,0.4694643259048462,381.7,381.7,1.0,3.8,147.1,234.6
46,5,0.33,0.15,5,5,6,6.0,5.5,0.19,0.5,42,1,[0.15],0.15,0.2442732516826255,10,7.778174593052023,0.10606601717798211,0.5833630944789017,0.10606601717798211,0.17272727272727273,20260921T213417946637Z_9d5e65dd,2,5760.0,50,True,79,stationary,FOUR_ZONE,60.01087875366211,0.2642486955247121,0.25700299199030174,227.1,227.1,1.0,0.6,16.2,210.9
46,5,0.33,0.15,5,5,6,6.0,5.5,0.19,0.5,42,1,[0.15],0.15,0.2442732516826255,10,7.778174593052023,0.10606601717798211,0.5833630944789017,0.10606601717798211,0.17272727272727273,20260921T213417946637Z_9d5e65dd,2,5760.0,50,True,79,stationary,PURE,43.2,0.1847733105218135,0.18373827772345533,233.8,233.8,1.0,0.0,0.0,233.8
46,5,0.33,0.15,5,5,6,6.0,5.5,0.19,0.5,42,1,[0.15],0.15,0.2442732516826255,10,7.778174593052023,0.10606601717798211,0.5833630944789017,0.10606601717798211,0.17272727272727273,20260921T213417946637Z_9d5e65dd,2,5760.0,50,True,79,stationary,PURE_OR,43.2,0.2169763937719739,0.2154468511187857,199.1,199.1,1.0,0.0,0.0,199.1
47,5,0.33,0.2,5,5,6,6.0,5.5,0.19,0.5,42,1,[0.2],0.2,0.2442732516826255,10,7.778174593052023,0.1414213562373095,0.7778174593052023,0.1414213562373095,0.17272727272727273,20260921T213417946637Z_9d5e65dd,2,5760.0,50,True,79,stationary,DRL,1379.268115234375,0.6792082115695942,0.679249930381775,2030.7,2030.7,1.0,41.8,1663.3,367.4
47,5,0.33,0.2,5,5,6,6.0,5.5,0.19,0.5,42,1,[0.2],0.2,0.2442732516826255,10,7.778174593052023,0.1414213562373095,0.7778174593052023,0.1414213562373095,0.17272727272727273,20260921T213417946637Z_9d5e65dd,2,5760.0,50,True,79,stationary,HEUR,399.70903930664065,0.5489754694501313,0.5396363973617554,728.1,728.1,1.0,12.4,393.1,335.0
47,5,0.33,0.2,5,5,6,6.0,5.5,0.19,0.5,42,1,[0.2],0.2,0.2442732516826255,10,7.778174593052023,0.1414213562373095,0.7778174593052023,0.1414213562373095,0.17272727272727273,20260921T213417946637Z_9d5e65dd,2,5760.0,50,True,79,stationary,HEUR_VOR,259.09214477539064,0.5385411448251728,0.5367159068584442,481.1,481.1,1.0,7.0,243.9,237.2
47,5,0.33,0.2,5,5,6,6.0,5.5,0.19,0.5,42,1,[0.2],0.2,0.2442732516826255,10,7.778174593052023,0.1414213562373095,0.7778174593052023,0.1414213562373095,0.17272727272727273,20260921T213417946637Z_9d5e65dd,2,5760.0,50,True,79,stationary,FOUR_ZONE,70.03916015625,0.2991847934910295,0.2894152959468153,234.1,234.1,1.0,0.8,26.3,207.8
47,5,0.33,0.2,5,5,6,6.0,5.5,0.19,0.5,42,1,[0.2],0.2,0.2442732516826255,10,7.778174593052023,0.1414213562373095,0.7778174593052023,0.1414213562373095,0.17272727272727273,20260921T213417946637Z_9d5e65dd,2,5760.0,50,True,79,stationary,PURE,43.2,0.1847733105218135,0.18373827772345533,233.8,233.8,1.0,0.0,0.0,233.8
47,5,0.33,0.2,5,5,6,6.0,5.5,0.19,0.5,42,1,[0.2],0.2,0.2442732516826255,10,7.778174593052023,0.1414213562373095,0.7778174593052023,0.1414213562373095,0.17272727272727273,20260921T213417946637Z_9d5e65dd,2,5760.0,50,True,79,stationary,PURE_OR,43.2,0.2169763937719739,0.2154468511187857,199.1,199.1,1.0,0.0,0.0,199.1
48,5,0.33,0.25,5,5,6,6.0,5.5,0.19,0.5,42,1,"[0.25, 0.3, 0.35, 0.4]",0.2442732516826255,0.2442732516826255,10,7.778174593052023,0.17677669529663687,0.9722718241315028,0.17272727272727273,0.17272727272727273,20260921T213417946637Z_9d5e65dd,2,5760.0,50,True,79,stationary,DRL,1746.2975952148438,0.6269467922793293,0.626058840751648,2785.4,2785.4,1.0,47.8,2216.0,569.4
48,5,0.33,0.25,5,5,6,6.0,5.5,0.19,0.5,42,1,"[0.25, 0.3, 0.35, 0.4]",0.2442732516826255,0.2442732516826255,10,7.778174593052023,0.17677669529663687,0.9722718241315028,0.17272727272727273,0.17272727272727273,20260921T213417946637Z_9d5e65dd,2,5760.0,50,True,79,stationary,HEUR,443.16478271484374,0.5641817730297183,0.5665479183197022,785.5,785.5,1.0,14.0,475.5,310.0
48,5,0.33,0.25,5,5,6,6.0,5.5,0.19,0.5,42,1,"[0.25, 0.3, 0.35, 0.4]",0.2442732516826255,0.2442732516826255,10,7.778174593052023,0.17677669529663687,0.9722718241315028,0.17272727272727273,0.17272727272727273,20260921T213417946637Z_9d5e65dd,2,5760.0,50,True,79,stationary,HEUR_VOR,292.3898498535156,0.5785315588712221,0.5746845245361328,505.4,505.4,1.0,8.6,278.8,226.6
48,5,0.33,0.25,5,5,6,6.0,5.5,0.19,0.5,42,1,"[0.25, 0.3, 0.35, 0.4]",0.2442732516826255,0.2442732516826255,10,7.778174593052023,0.17677669529663687,0.9722718241315028,0.17272727272727273,0.17272727272727273,20260921T213417946637Z_9d5e65dd,2,5760.0,50,True,79,stationary,FOUR_ZONE,93.31504974365234,0.37536222744832,0.3674661191773574,248.6,248.6,1.0,1.6,50.1,198.5
48,5,0.33,0.25,5,5,6,6.0,5.5,0.19,0.5,42,1,"[0.25, 0.3, 0.35, 0.4]",0.2442732516826255,0.2442732516826255,10,7.778174593052023,0.17677669529663687,0.9722718241315028,0.17272727272727273,0.17272727272727273,20260921T213417946637Z_9d5e65dd,2,5760.0,50,True,79,stationary,PURE,43.2,0.1847733105218135,0.18373827772345533,233.8,233.8,1.0,0.0,0.0,233.8
48,5,0.33,0.25,5,5,6,6.0,5.5,0.19,0.5,42,1,"[0.25, 0.3, 0.35, 0.4]",0.2442732516826255,0.2442732516826255,10,7.778174593052023,0.17677669529663687,0.9722718241315028,0.17272727272727273,0.17272727272727273,20260921T213417946637Z_9d5e65dd,2,5760.0,50,True,79,stationary,PURE_OR,43.2,0.2169763937719739,0.2154468511187857,199.1,199.1,1.0,0.0,0.0,199.1
49,5,0.5,0.1,5,5,6,5.5,5.5,0.19,0.5,42,1,[0.1],0.1,0.2442732516826255,10,7.778174593052023,0.07071067811865475,0.38890872965260115,0.07071067811865475,0.17272727272727273,20260921T213417946637Z_9d5e65dd,2,5760.0,50,True,79,stationary,DRL,460.21864013671876,0.5124358536206645,0.5198005020618439,898.1,898.1,1.0,14.0,538.7,359.4
49,5,0.5,0.1,5,5,6,5.5,5.5,0.19,0.5,42,1,[0.1],0.1,0.2442732516826255,10,7.778174593052023,0.07071067811865475,0.38890872965260115,0.07071067811865475,0.17272727272727273,20260921T213417946637Z_9d5e65dd,2,5760.0,50,True,79,stationary,HEUR,259.5421630859375,0.4914640467448163,0.48309171199798584,528.1,528.1,1.0,6.4,224.2,303.9
49,5,0.5,0.1,5,5,6,5.5,5.5,0.19,0.5,42,1,[0.1],0.1,0.2442732516826255,10,7.778174593052023,0.07071067811865475,0.38890872965260115,0.07071067811865475,0.17272727272727273,20260921T213417946637Z_9d5e65dd,2,5760.0,50,True,79,stationary,HEUR_VOR,181.53681640625,0.4230641258593568,0.4168031573295593,429.1,429.1,1.0,4.2,137.5,291.6
49,5,0.5,0.1,5,5,6,5.5,5.5,0.19,0.5,42,1,[0.1],0.1,0.2442732516826255,10,7.778174593052023,0.07071067811865475,0.38890872965260115,0.07071067811865475,0.17272727272727273,20260921T213417946637Z_9d5e65dd,2,5760.0,50,True,79,stationary,FOUR_ZONE,82.35210723876953,0.30276510014253505,0.30224561948351397,272.0,272.0,1.0,0.6,18.0,254.0
49,5,0.5,0.1,5,5,6,5.5,5.5,0.19,0.5,42,1,[0.1],0.1,0.2442732516826255,10,7.778174593052023,0.07071067811865475,0.38890872965260115,0.07071067811865475,0.17272727272727273,20260921T213417946637Z_9d5e65dd,2,5760.0,50,True,79,stationary,PURE,64.4,0.22877442273534637,0.2272855885843997,281.5,281.5,1.0,0.0,0.0,281.5
49,5,0.5,0.1,5,5,6,5.5,5.5,0.19,0.5,42,1,[0.1],0.1,0.2442732516826255,10,7.778174593052023,0.07071067811865475,0.38890872965260115,0.07071067811865475,0.17272727272727273,20260921T213417946637Z_9d5e65dd,2,5760.0,50,True,79,stationary,PURE_OR,64.4,0.2765135251180764,0.275331215943522,232.9,232.9,1.0,0.0,0.0,232.9
50,5,0.5,0.15,5,5,6,5.5,5.5,0.19,0.5,42,1,[0.15],0.15,0.2442732516826255,10,7.778174593052023,0.10606601717798211,0.5833630944789017,0.10606601717798211,0.17272727272727273,20260921T213417946637Z_9d5e65dd,2,5760.0,50,True,79,stationary,DRL,737.6764404296875,0.5871817562920382,0.5860638499259949,1256.3,1256.3,1.0,22.6,904.9,351.4
50,5,0.5,0.15,5,5,6,5.5,5.5,0.19,0.5,42,1,[0.15],0.15,0.2442732516826255,10,7.778174593052023,0.10606601717798211,0.5833630944789017,0.10606601717798211,0.17272727272727273,20260921T213417946637Z_9d5e65dd,2,5760.0,50,True,79,stationary,HEUR,357.29306945800784,0.5177410077641035,0.5050567150115967,690.1,690.1,1.0,10.6,354.2,335.9
50,5,0.5,0.15,5,5,6,5.5,5.5,0.19,0.5,42,1,[0.15],0.15,0.2442732516826255,10,7.778174593052023,0.10606601717798211,0.5833630944789017,0.10606601717798211,0.17272727272727273,20260921T213417946637Z_9d5e65dd,2,5760.0,50,True,79,stationary,HEUR_VOR,232.44537963867188,0.48456406011814024,0.4665877282619476,479.7,479.7,1.0,6.2,195.4,284.3
50,5,0.5,0.15,5,5,6,5.5,5.5,0.19,0.5,42,1,[0.15],0.15,0.2442732516826255,10,7.778174593052023,0.10606601717798211,0.5833630944789017,0.10606601717798211,0.17272727272727273,20260921T213417946637Z_9d5e65dd,2,5760.0,50,True,79,stationary,FOUR_ZONE,92.91816864013671,0.3322065378624838,0.3272572512552925,279.7,279.7,1.0,1.0,29.6,250.1
50,5,0.5,0.15,5,5,6,5.5,5.5,0.19,0.5,42,1,[0.15],0.15,0.2442732516826255,10,7.778174593052023,0.10606601717798211,0.5833630944789017,0.10606601717798211,0.17272727272727273,20260921T213417946637Z_9d5e65dd,2,5760.0,50,True,79,stationary,PURE,64.4,0.22877442273534637,0.2272855885843997,281.5,281.5,1.0,0.0,0.0,281.5
50,5,0.5,0.15,5,5,6,5.5,5.5,0.19,0.5,42,1,[0.15],0.15,0.2442732516826255,10,7.778174593052023,0.10606601717798211,0.5833630944789017,0.10606601717798211,0.17272727272727273,20260921T213417946637Z_9d5e65dd,2,5760.0,50,True,79,stationary,PURE_OR,64.4,0.27639484978540774,0.27522707886125375,233.0,233.0,1.0,0.0,0.0,233.0
51,5,0.5,0.2,5,5,6,5.5,5.5,0.19,0.5,42,1,[0.2],0.2,0.2442732516826255,10,7.778174593052023,0.1414213562373095,0.7778174593052023,0.1414213562373095,0.17272727272727273,20260921T213417946637Z_9d5e65dd,2,5760.0,50,True,79,stationary,DRL,1849.9068115234375,0.6153229149559065,0.6169256210327149,3006.4,3006.4,1.0,54.8,2512.8,493.6
51,5,0.5,0.2,5,5,6,5.5,5.5,0.19,0.5,42,1,[0.2],0.2,0.2442732516826255,10,7.778174593052023,0.1414213562373095,0.7778174593052023,0.1414213562373095,0.17272727272727273,20260921T213417946637Z_9d5e65dd,2,5760.0,50,True,79,stationary,HEUR,551.8682067871093,0.5550877155372252,0.5393661916255951,994.2,994.2,1.0,17.2,583.6,410.6
51,5,0.5,0.2,5,5,6,5.5,5.5,0.19,0.5,42,1,[0.2],0.2,0.2442732516826255,10,7.778174593052023,0.1414213562373095,0.7778174593052023,0.1414213562373095,0.17272727272727273,20260921T213417946637Z_9d5e65dd,2,5760.0,50,True,79,stationary,HEUR_VOR,320.5520965576172,0.538290674320096,0.5297897517681122,595.5,595.5,1.0,9.2,315.7,279.8
51,5,0.5,0.2,5,5,6,5.5,5.5,0.19,0.5,42,1,[0.2],0.2,0.2442732516826255,10,7.778174593052023,0.1414213562373095,0.7778174593052023,0.1414213562373095,0.17272727272727273,20260921T213417946637Z_9d5e65dd,2,5760.0,50,True,79,stationary,FOUR_ZONE,106.45738983154297,0.36296416580819285,0.35829623937606814,293.3,293.3,1.0,1.6,45.0,248.3
51,5,0.5,0.2,5,5,6,5.5,5.5,0.19,0.5,42,1,[0.2],0.2,0.2442732516826255,10,7.778174593052023,0.1414213562373095,0.7778174593052023,0.1414213562373095,0.17272727272727273,20260921T213417946637Z_9d5e65dd,2,5760.0,50,True,79,stationary,PURE,64.4,0.22877442273534637,0.2272855885843997,281.5,281.5,1.0,0.0,0.0,281.5
51,5,0.5,0.2,5,5,6,5.5,5.5,0.19,0.5,42,1,[0.2],0.2,0.2442732516826255,10,7.778174593052023,0.1414213562373095,0.7778174593052023,0.1414213562373095,0.17272727272727273,20260921T213417946637Z_9d5e65dd,2,5760.0,50,True,79,stationary,PURE_OR,64.4,0.27639484978540774,0.27522707886125375,233.0,233.0,1.0,0.0,0.0,233.0
52,5,0.5,0.25,5,5,6,5.5,5.5,0.19,0.5,42,1,"[0.25, 0.3, 0.35, 0.4]",0.2442732516826255,0.2442732516826255,10,7.778174593052023,0.17677669529663687,0.9722718241315028,0.17272727272727273,0.17272727272727273,20260921T213417946637Z_9d5e65dd,2,5760.0,50,True,79,stationary,DRL,2542.4380615234377,0.6084425552872822,0.6221835851669312,4178.6,3124.3333333333335,0.6,76.0,3437.6,741.0
52,5,0.5,0.25,5,5,6,5.5,5.5,0.19,0.5,42,1,"[0.25, 0.3, 0.35, 0.4]",0.2442732516826255,0.2442732516826255,10,7.778174593052023,0.17677669529663687,0.9722718241315028,0.17272727272727273,0.17272727272727273,20260921T213417946637Z_9d5e65dd,2,5760.0,50,True,79,stationary,HEUR,747.2921875,0.6175968491735537,0.6143447637557984,1210.0,1210.0,1.0,24.4,816.9,393.1
52,5,0.5,0.25,5,5,6,5.5,5.5,0.19,0.5,42,1,"[0.25, 0.3, 0.35, 0.4]",0.2442732516826255,0.2442732516826255,10,7.778174593052023,0.17677669529663687,0.9722718241315028,0.17272727272727273,0.17272727272727273,20260921T213417946637Z_9d5e65dd,2,5760.0,50,True,79,stationary,HEUR_VOR,348.480859375,0.5567676296133568,0.5526438474655151,625.9,625.9,1.0,10.2,329.9,296.0
52,5,0.5,0.25,5,5,6,5.5,5.5,0.19,0.5,42,1,"[0.25, 0.3, 0.35, 0.4]",0.2442732516826255,0.2442732516826255,10,7.778174593052023,0.17677669529663687,0.9722718241315028,0.17272727272727273,0.17272727272727273,20260921T213417946637Z_9d5e65dd,2,5760.0,50,True,79,stationary,FOUR_ZONE,106.81356658935547,0.3618345751671933,0.35731340050697324,295.2,295.2,1.0,1.6,45.6,249.6
52,5,0.5,0.25,5,5,6,5.5,5.5,0.19,0.5,42,1,"[0.25, 0.3, 0.35, 0.4]",0.2442732516826255,0.2442732516826255,10,7.778174593052023,0.17677669529663687,0.9722718241315028,0.17272727272727273,0.17272727272727273,20260921T213417946637Z_9d5e65dd,2,5760.0,50,True,79,stationary,PURE,64.4,0.22877442273534637,0.2272855885843997,281.5,281.5,1.0,0.0,0.0,281.5
52,5,0.5,0.25,5,5,6,5.5,5.5,0.19,0.5,42,1,"[0.25, 0.3, 0.35, 0.4]",0.2442732516826255,0.2442732516826255,10,7.778174593052023,0.17677669529663687,0.9722718241315028,0.17272727272727273,0.17272727272727273,20260921T213417946637Z_9d5e65dd,2,5760.0,50,True,79,stationary,PURE_OR,64.4,0.2765135251180764,0.275331215943522,232.9,232.9,1.0,0.0,0.0,232.9
53,5,0.5,0.1,5,5,6,6.0,5.5,0.19,0.5,42,1,[0.1],0.1,0.2442732516826255,10,7.778174593052023,0.07071067811865475,0.38890872965260115,0.07071067811865475,0.17272727272727273,20260921T213417946637Z_9d5e65dd,2,5760.0,50,True,79,stationary,DRL,496.2073059082031,0.552507856483914,0.5603164613246918,898.1,898.1,1.0,14.0,538.7,359.4
53,5,0.5,0.1,5,5,6,6.0,5.5,0.19,0.5,42,1,[0.1],0.1,0.2442732516826255,10,7.778174593052023,0.07071067811865475,0.38890872965260115,0.07071067811865475,0.17272727272727273,20260921T213417946637Z_9d5e65dd,2,5760.0,50,True,79,stationary,HEUR,277.2834167480469,0.525058543359301,0.51540048122406,528.1,528.1,1.0,6.4,224.2,303.9
53,5,0.5,0.1,5,5,6,6.0,5.5,0.19,0.5,42,1,[0.1],0.1,0.2442732516826255,10,7.778174593052023,0.07071067811865475,0.38890872965260115,0.07071067811865475,0.17272727272727273,20260921T213417946637Z_9d5e65dd,2,5760.0,50,True,79,stationary,HEUR_VOR,192.1857666015625,0.4478810687521848,0.44083123803138735,429.1,429.1,1.0,4.2,137.5,291.6
53,5,0.5,0.1,5,5,6,6.0,5.5,0.19,0.5,42,1,[0.1],0.1,0.2442732516826255,10,7.778174593052023,0.07071067811865475,0.38890872965260115,0.07071067811865475,0.17272727272727273,20260921T213417946637Z_9d5e65dd,2,5760.0,50,True,79,stationary,FOUR_ZONE,83.98412322998047,0.3087651589337517,0.3082123960929347,272.0,272.0,1.0,0.6,18.0,254.0
53,5,0.5,0.1,5,5,6,6.0,5.5,0.19,0.5,42,1,[0.1],0.1,0.2442732516826255,10,7.778174593052023,0.07071067811865475,0.38890872965260115,0.07071067811865475,0.17272727272727273,20260921T213417946637Z_9d5e65dd,2,5760.0,50,True,79,stationary,PURE,64.4,0.22877442273534637,0.2272855885843997,281.5,281.5,1.0,0.0,0.0,281.5
53,5,0.5,0.1,5,5,6,6.0,5.5,0.19,0.5,42,1,[0.1],0.1,0.2442732516826255,10,7.778174593052023,0.07071067811865475,0.38890872965260115,0.07071067811865475,0.17272727272727273,20260921T213417946637Z_9d5e65dd,2,5760.0,50,True,79,stationary,PURE_OR,64.4,0.2765135251180764,0.275331215943522,232.9,232.9,1.0,0.0,0.0,232.9
54,5,0.5,0.15,5,5,6,6.0,5.5,0.19,0.5,42,1,[0.15],0.15,0.2442732516826255,10,7.778174593052023,0.10606601717798211,0.5833630944789017,0.10606601717798211,0.17272727272727273,20260921T213417946637Z_9d5e65dd,2,5760.0,50,True,79,stationary,DRL,978.4879943847657,0.6290504624781521,0.6102376639842987,1555.5,1555.5,1.0,26.8,1193.7,361.8
54,5,0.5,0.15,5,5,6,6.0,5.5,0.19,0.5,42,1,[0.15],0.15,0.2442732516826255,10,7.778174593052023,0.10606601717798211,0.5833630944789017,0.10606601717798211,0.17272727272727273,20260921T213417946637Z_9d5e65dd,2,5760.0,50,True,79,stationary,HEUR,383.9228881835937,0.5563293554319573,0.5423446357250213,690.1,690.1,1.0,10.6,354.2,335.9
54,5,0.5,0.15,5,5,6,6.0,5.5,0.19,0.5,42,1,[0.15],0.15,0.2442732516826255,10,7.778174593052023,0.10606601717798211,0.5833630944789017,0.10606601717798211,0.17272727272727273,20260921T213417946637Z_9d5e65dd,2,5760.0,50,True,79,stationary,HEUR_VOR,247.7230651855469,0.5164124769346401,0.4962618947029114,479.7,479.7,1.0,6.2,195.4,284.3
54,5,0.5,0.15,5,5,6,6.0,5.5,0.19,0.5,42,1,[0.15],0.15,0.2442732516826255,10,7.778174593052023,0.10606601717798211,0.5833630944789017,0.10606601717798211,0.17272727272727273,20260921T213417946637Z_9d5e65dd,2,5760.0,50,True,79,stationary,FOUR_ZONE,95.51076202392578,0.3414757312260486,0.3360221083090492,279.7,279.7,1.0,1.0,29.6,250.1
54,5,0.5,0.15,5,5,6,6.0,5.5,0.19,0.5,42,1,[0.15],0.15,0.2442732516826255,10,7.778174593052023,0.10606601717798211,0.5833630944789017,0.10606601717798211,0.17272727272727273,20260921T213417946637Z_9d5e65dd,2,5760.0,50,True,79,stationary,PURE,64.4,0.22877442273534637,0.2272855885843997,281.5,281.5,1.0,0.0,0.0,281.5
54,5,0.5,0.15,5,5,6,6.0,5.5,0.19,0.5,42,1,[0.15],0.15,0.2442732516826255,10,7.778174593052023,0.10606601717798211,0.5833630944789017,0.10606601717798211,0.17272727272727273,20260921T213417946637Z_9d5e65dd,2,5760.0,50,True,79,stationary,PURE_OR,64.4,0.27639484978540774,0.27522707886125375,233.0,233.0,1.0,0.0,0.0,233.0
55,5,0.5,0.2,5,5,6,6.0,5.5,0.19,0.5,42,1,[0.2],0.2,0.2442732516826255,10,7.778174593052023,0.1414213562373095,0.7778174593052023,0.1414213562373095,0.17272727272727273,20260921T213417946637Z_9d5e65dd,2,5760.0,50,True,79,stationary,DRL,1721.514306640625,0.6747861032614554,0.680472457408905,2551.2,2551.2,1.0,51.2,2087.1,464.1
55,5,0.5,0.2,5,5,6,6.0,5.5,0.19,0.5,42,1,[0.2],0.2,0.2442732516826255,10,7.778174593052023,0.1414213562373095,0.7778174593052023,0.1414213562373095,0.17272727272727273,20260921T213417946637Z_9d5e65dd,2,5760.0,50,True,79,stationary,HEUR,596.1853759765625,0.5996634238348043,0.582254821062088,994.2,994.2,1.0,17.2,583.6,410.6
55,5,0.5,0.2,5,5,6,6.0,5.5,0.19,0.5,42,1,[0.2],0.2,0.2442732516826255,10,7.778174593052023,0.1414213562373095,0.7778174593052023,0.1414213562373095,0.17272727272727273,20260921T213417946637Z_9d5e65dd,2,5760.0,50,True,79,stationary,HEUR_VOR,343.8405731201172,0.5773981076744201,0.5681128203868866,595.5,595.5,1.0,9.2,315.7,279.8
55,5,0.5,0.2,5,5,6,6.0,5.5,0.19,0.5,42,1,[0.2],0.2,0.2442732516826255,10,7.778174593052023,0.1414213562373095,0.7778174593052023,0.1414213562373095,0.17272727272727273,20260921T213417946637Z_9d5e65dd,2,5760.0,50,True,79,stationary,FOUR_ZONE,110.28082580566407,0.3760000879838529,0.3708075284957886,293.3,293.3,1.0,1.6,45.0,248.3
55,5,0.5,0.2,5,5,6,6.0,5.5,0.19,0.5,42,1,[0.2],0.2,0.2442732516826255,10,7.778174593052023,0.1414213562373095,0.7778174593052023,0.1414213562373095,0.17272727272727273,20260921T213417946637Z_9d5e65dd,2,5760.0,50,True,79,stationary,PURE,64.4,0.22877442273534637,0.2272855885843997,281.5,281.5,1.0,0.0,0.0,281.5
55,5,0.5,0.2,5,5,6,6.0,5.5,0.19,0.5,42,1,[0.2],0.2,0.2442732516826255,10,7.778174593052023,0.1414213562373095,0.7778174593052023,0.1414213562373095,0.17272727272727273,20260921T213417946637Z_9d5e65dd,2,5760.0,50,True,79,stationary,PURE_OR,64.4,0.27639484978540774,0.27522707886125375,233.0,233.0,1.0,0.0,0.0,233.0
56,5,0.5,0.25,5,5,6,6.0,5.5,0.19,0.5,42,1,"[0.25, 0.3, 0.35, 0.4]",0.2442732516826255,0.2442732516826255,10,7.778174593052023,0.17677669529663687,0.9722718241315028,0.17272727272727273,0.17272727272727273,20260921T213417946637Z_9d5e65dd,2,5760.0,50,True,79,stationary,DRL,3033.57568359375,0.6999482426381518,0.7012498497962951,4334.0,4334.0,1.0,90.2,3657.8,676.2
56,5,0.5,0.25,5,5,6,6.0,5.5,0.19,0.5,42,1,"[0.25, 0.3, 0.35, 0.4]",0.2442732516826255,0.2442732516826255,10,7.778174593052023,0.17677669529663687,0.9722718241315028,0.17272727272727273,0.17272727272727273,20260921T213417946637Z_9d5e65dd,2,5760.0,50,True,79,stationary,HEUR,809.3741333007813,0.6689042423973399,0.6653745293617248,1210.0,1210.0,1.0,24.4,816.9,393.1
56,5,0.5,0.25,5,5,6,6.0,5.5,0.19,0.5,42,1,"[0.25, 0.3, 0.35, 0.4]",0.2442732516826255,0.2442732516826255,10,7.778174593052023,0.17677669529663687,0.9722718241315028,0.17272727272727273,0.17272727272727273,20260921T213417946637Z_9d5e65dd,2,5760.0,50,True,79,stationary,HEUR_VOR,374.308544921875,0.5980325050677026,0.5935644507408142,625.9,625.9,1.0,10.2,329.9,296.0
56,5,0.5,0.25,5,5,6,6.0,5.5,0.19,0.5,42,1,"[0.25, 0.3, 0.35, 0.4]",0.2442732516826255,0.2442732516826255,10,7.778174593052023,0.17677669529663687,0.9722718241315028,0.17272727272727273,0.17272727272727273,20260921T213417946637Z_9d5e65dd,2,5760.0,50,True,79,stationary,FOUR_ZONE,110.6693832397461,0.37489628468748676,0.3699092149734497,295.2,295.2,1.0,1.6,45.6,249.6
56,5,0.5,0.25,5,5,6,6.0,5.5,0.19,0.5,42,1,"[0.25, 0.3, 0.35, 0.4]",0.2442732516826255,0.2442732516826255,10,7.778174593052023,0.17677669529663687,0.9722718241315028,0.17272727272727273,0.17272727272727273,20260921T213417946637Z_9d5e65dd,2,5760.0,50,True,79,stationary,PURE,64.4,0.22877442273534637,0.2272855885843997,281.5,281.5,1.0,0.0,0.0,281.5
56,5,0.5,0.25,5,5,6,6.0,5.5,0.19,0.5,42,1,"[0.25, 0.3, 0.35, 0.4]",0.2442732516826255,0.2442732516826255,10,7.778174593052023,0.17677669529663687,0.9722718241315028,0.17272727272727273,0.17272727272727273,20260921T213417946637Z_9d5e65dd,2,5760.0,50,True,79,stationary,PURE_OR,64.4,0.27639484978540774,0.27522707886125375,233.0,233.0,1.0,0.0,0.0,233.0
57,5,0.67,0.1,5,5,6,5.5,5.5,0.19,0.5,42,1,[0.1],0.1,0.2442732516826255,10,7.778174593052023,0.07071067811865475,0.38890872965260115,0.07071067811865475,0.17272727272727273,20260921T213417946637Z_9d5e65dd,2,5760.0,50,True,79,stationary,DRL,456.8025207519531,0.5248190725550932,0.5191890597343445,870.4,870.4,1.0,11.0,468.7,401.7
57,5,0.67,0.1,5,5,6,5.5,5.5,0.19,0.5,42,1,[0.1],0.1,0.2442732516826255,10,7.778174593052023,0.07071067811865475,0.38890872965260115,0.07071067811865475,0.17272727272727273,20260921T213417946637Z_9d5e65dd,2,5760.0,50,True,79,stationary,HEUR,351.8485382080078,0.5115564672986447,0.5020998239517211,687.8,687.8,1.0,9.4,305.4,382.4
57,5,0.67,0.1,5,5,6,5.5,5.5,0.19,0.5,42,1,[0.1],0.1,0.2442732516826255,10,7.778174593052023,0.07071067811865475,0.38890872965260115,0.07071067811865475,0.17272727272727273,20260921T213417946637Z_9d5e65dd,2,5760.0,50,True,79,stationary,HEUR_VOR,209.40890808105468,0.44822112174883283,0.42962260246276857,467.2,467.2,1.0,4.6,137.4,329.8
57,5,0.67,0.1,5,5,6,5.5,5.5,0.19,0.5,42,1,[0.1],0.1,0.2442732516826255,10,7.778174593052023,0.07071067811865475,0.38890872965260115,0.07071067811865475,0.17272727272727273,20260921T213417946637Z_9d5e65dd,2,5760.0,50,True,79,stationary,FOUR_ZONE,112.69434051513672,0.34108456572377943,0.34159627423220107,330.4,330.4,1.0,0.8,27.3,303.1
57,5,0.67,0.1,5,5,6,5.5,5.5,0.19,0.5,42,1,[0.1],0.1,0.2442732516826255,10,7.778174593052023,0.07071067811865475,0.38890872965260115,0.07071067811865475,0.17272727272727273,20260921T213417946637Z_9d5e65dd,2,5760.0,50,True,79,stationary,PURE,85.6,0.2575210589651023,0.2594351070775064,332.4,332.4,1.0,0.0,0.0,332.4
57,5,0.67,0.1,5,5,6,5.5,5.5,0.19,0.5,42,1,[0.1],0.1,0.2442732516826255,10,7.778174593052023,0.07071067811865475,0.38890872965260115,0.07071067811865475,0.17272727272727273,20260921T213417946637Z_9d5e65dd,2,5760.0,50,True,79,stationary,PURE_OR,85.6,0.31082062454611475,0.310014222554246,275.4,275.4,1.0,0.0,0.0,275.4
58,5,0.67,0.15,5,5,6,5.5,5.5,0.19,0.5,42,1,[0.15],0.15,0.2442732516826255,10,7.778174593052023,0.10606601717798211,0.5833630944789017,0.10606601717798211,0.17272727272727273,20260921T213417946637Z_9d5e65dd,2,5760.0,50,True,79,stationary,DRL,1032.4844787597656,0.5953664391418323,0.583004641532898,1734.2,1734.2,1.0,32.4,1286.8,447.4
58,5,0.67,0.15,5,5,6,5.5,5.5,0.19,0.5,42,1,[0.15],0.15,0.2442732516826255,10,7.778174593052023,0.10606601717798211,0.5833630944789017,0.10606601717798211,0.17272727272727273,20260921T213417946637Z_9d5e65dd,2,5760.0,50,True,79,stationary,HEUR,491.9172088623047,0.5577292617486448,0.5505422949790955,882.0,882.0,1.0,13.2,486.8,395.2
58,5,0.67,0.15,5,5,6,5.5,5.5,0.19,0.5,42,1,[0.15],0.15,0.2442732516826255,10,7.778174593052023,0.10606601717798211,0.5833630944789017,0.10606601717798211,0.17272727272727273,20260921T213417946637Z_9d5e65dd,2,5760.0,50,True,79,stationary,HEUR_VOR,271.44520568847656,0.507279397661141,0.4964516580104828,535.1,535.1,1.0,7.0,217.3,317.8
58,5,0.67,0.15,5,5,6,5.5,5.5,0.19,0.5,42,1,[0.15],0.15,0.2442732516826255,10,7.778174593052023,0.10606601717798211,0.5833630944789017,0.10606601717798211,0.17272727272727273,20260921T213417946637Z_9d5e65dd,2,5760.0,50,True,79,stationary,FOUR_ZONE,132.6049377441406,0.39174279983497967,0.3896679447644277,338.5,338.5,1.0,1.4,48.4,290.1
58,5,0.67,0.15,5,5,6,5.5,5.5,0.19,0.5,42,1,[0.15],0.15,0.2442732516826255,10,7.778174593052023,0.10606601717798211,0.5833630944789017,0.10606601717798211,0.17272727272727273,20260921T213417946637Z_9d5e65dd,2,5760.0,50,True,79,stationary,PURE,85.6,0.2575210589651023,0.2594351070775064,332.4,332.4,1.0,0.0,0.0,332.4
58,5,0.67,0.15,5,5,6,5.5,5.5,0.19,0.5,42,1,[0.15],0.15,0.2442732516826255,10,7.778174593052023,0.10606601717798211,0.5833630944789017,0.10606601717798211,0.17272727272727273,20260921T213417946637Z_9d5e65dd,2,5760.0,50,True,79,stationary,PURE_OR,85.6,0.31082062454611475,0.310014222554246,275.4,275.4,1.0,0.0,0.0,275.4
59,5,0.67,0.2,5,5,6,5.5,5.5,0.19,0.5,42,1,[0.2],0.2,0.2442732516826255,10,7.778174593052023,0.1414213562373095,0.7778174593052023,0.1414213562373095,0.17272727272727273,20260921T213417946637Z_9d5e65dd,2,5760.0,50,True,79,stationary,DRL,2231.6301513671874,0.6317424349234784,0.6336542010307312,3532.5,3532.5,1.0,75.8,2961.3,571.2
59,5,0.67,0.2,5,5,6,5.5,5.5,0.19,0.5,42,1,[0.2],0.2,0.2442732516826255,10,7.778174593052023,0.1414213562373095,0.7778174593052023,0.1414213562373095,0.17272727272727273,20260921T213417946637Z_9d5e65dd,2,5760.0,50,True,79,stationary,HEUR,679.1756713867187,0.5917710825012797,0.5856001257896424,1147.7,1147.7,1.0,20.2,677.6,470.1
59,5,0.67,0.2,5,5,6,5.5,5.5,0.19,0.5,42,1,[0.2],0.2,0.2442732516826255,10,7.778174593052023,0.1414213562373095,0.7778174593052023,0.1414213562373095,0.17272727272727273,20260921T213417946637Z_9d5e65dd,2,5760.0,50,True,79,stationary,HEUR_VOR,357.49095764160154,0.5410790943568966,0.5361520171165466,660.7,660.7,1.0,10.4,324.6,336.1
59,5,0.67,0.2,5,5,6,5.5,5.5,0.19,0.5,42,1,[0.2],0.2,0.2442732516826255,10,7.778174593052023,0.1414213562373095,0.7778174593052023,0.1414213562373095,0.17272727272727273,20260921T213417946637Z_9d5e65dd,2,5760.0,50,True,79,stationary,FOUR_ZONE,114.23168029785157,0.34211344803190047,0.3434323714726491,333.9,333.9,1.0,1.0,30.6,303.3
59,5,0.67,0.2,5,5,6,5.5,5.5,0.19,0.5,42,1,[0.2],0.2,0.2442732516826255,10,7.778174593052023,0.1414213562373095,0.7778174593052023,0.1414213562373095,0.17272727272727273,20260921T213417946637Z_9d5e65dd,2,5760.0,50,True,79,stationary,PURE,85.6,0.2575210589651023,0.2594351070775064,332.4,332.4,1.0,0.0,0.0,332.4
59,5,0.67,0.2,5,5,6,5.5,5.5,0.19,0.5,42,1,[0.2],0.2,0.2442732516826255,10,7.778174593052023,0.1414213562373095,0.7778174593052023,0.1414213562373095,0.17272727272727273,20260921T213417946637Z_9d5e65dd,2,5760.0,50,True,79,stationary,PURE_OR,85.6,0.31082062454611475,0.310014222554246,275.4,275.4,1.0,0.0,0.0,275.4
60,5,0.67,0.25,5,5,6,5.5,5.5,0.19,0.5,42,1,"[0.25, 0.3, 0.35, 0.4]",0.2442732516826255,0.2442732516826255,10,7.778174593052023,0.17677669529663687,0.9722718241315028,0.17272727272727273,0.17272727272727273,20260921T213417946637Z_9d5e65dd,2,5760.0,50,True,79,stationary,DRL,2462.837841796875,0.6263734687547687,0.6318365693092346,3931.9,3474.875,0.8,66.4,3149.6,782.3
60,5,0.67,0.25,5,5,6,5.5,5.5,0.19,0.5,42,1,"[0.25, 0.3, 0.35, 0.4]",0.2442732516826255,0.2442732516826255,10,7.778174593052023,0.17677669529663687,0.9722718241315028,0.17272727272727273,0.17272727272727273,20260921T213417946637Z_9d5e65dd,2,5760.0,50,True,79,stationary,HEUR,835.4829223632812,0.6103761852449454,0.6112175107002258,1368.8,1368.8,1.0,26.2,886.1,482.7
60,5,0.67,0.25,5,5,6,5.5,5.5,0.19,0.5,42,1,"[0.25, 0.3, 0.35, 0.4]",0.2442732516826255,0.2442732516826255,10,7.778174593052023,0.17677669529663687,0.9722718241315028,0.17272727272727273,0.17272727272727273,20260921T213417946637Z_9d5e65dd,2,5760.0,50,True,79,stationary,HEUR_VOR,595.2397888183593,0.645386304693006,0.6407101154327393,922.3,922.3,1.0,16.2,577.3,345.0
60,5,0.67,0.25,5,5,6,5.5,5.5,0.19,0.5,42,1,"[0.25, 0.3, 0.35, 0.4]",0.2442732516826255,0.2442732516826255,10,7.778174593052023,0.17677669529663687,0.9722718241315028,0.17272727272727273,0.17272727272727273,20260921T213417946637Z_9d5e65dd,2,5760.0,50,True,79,stationary,FOUR_ZONE,114.23168029785157,0.34211344803190047,0.3434323714726491,333.9,333.9,1.0,1.0,30.6,303.3
60,5,0.67,0.25,5,5,6,5.5,5.5,0.19,0.5,42,1,"[0.25, 0.3, 0.35, 0.4]",0.2442732516826255,0.2442732516826255,10,7.778174593052023,0.17677669529663687,0.9722718241315028,0.17272727272727273,0.17272727272727273,20260921T213417946637Z_9d5e65dd,2,5760.0,50,True,79,stationary,PURE,85.6,0.2575210589651023,0.2594351070775064,332.4,332.4,1.0,0.0,0.0,332.4
60,5,0.67,0.25,5,5,6,5.5,5.5,0.19,0.5,42,1,"[0.25, 0.3, 0.35, 0.4]",0.2442732516826255,0.2442732516826255,10,7.778174593052023,0.17677669529663687,0.9722718241315028,0.17272727272727273,0.17272727272727273,20260921T213417946637Z_9d5e65dd,2,5760.0,50,True,79,stationary,PURE_OR,85.6,0.31082062454611475,0.310014222554246,275.4,275.4,1.0,0.0,0.0,275.4
61,5,0.67,0.1,5,5,6,6.0,5.5,0.19,0.5,42,1,[0.1],0.1,0.2442732516826255,10,7.778174593052023,0.07071067811865475,0.38890872965260115,0.07071067811865475,0.17272727272727273,20260921T213417946637Z_9d5e65dd,2,5760.0,50,True,79,stationary,DRL,490.5507507324219,0.5635923147201538,0.5569792628288269,870.4,870.4,1.0,11.0,468.6,401.8
61,5,0.67,0.1,5,5,6,6.0,5.5,0.19,0.5,42,1,[0.1],0.1,0.2442732516826255,10,7.778174593052023,0.07071067811865475,0.38890872965260115,0.07071067811865475,0.17272727272727273,20260921T213417946637Z_9d5e65dd,2,5760.0,50,True,79,stationary,HEUR,376.05535888671875,0.5467510306582127,0.5362235844135285,687.8,687.8,1.0,9.4,305.4,382.4
61,5,0.67,0.1,5,5,6,6.0,5.5,0.19,0.5,42,1,[0.1],0.1,0.2442732516826255,10,7.778174593052023,0.07071067811865475,0.38890872965260115,0.07071067811865475,0.17272727272727273,20260921T213417946637Z_9d5e65dd,2,5760.0,50,True,79,stationary,HEUR_VOR,220.66449432373048,0.4723127018915464,0.45136252641677854,467.2,467.2,1.0,4.6,137.4,329.8
61,5,0.67,0.1,5,5,6,6.0,5.5,0.19,0.5,42,1,[0.1],0.1,0.2442732516826255,10,7.778174593052023,0.07071067811865475,0.38890872965260115,0.07071067811865475,0.17272727272727273,20260921T213417946637Z_9d5e65dd,2,5760.0,50,True,79,stationary,FOUR_ZONE,115.15746002197265,0.3485395279115395,0.3491522596829457,330.4,330.4,1.0,0.8,27.3,303.1
61,5,0.67,0.1,5,5,6,6.0,5.5,0.19,0.5,42,1,[0.1],0.1,0.2442732516826255,10,7.778174593052023,0.07071067811865475,0.38890872965260115,0.07071067811865475,0.17272727272727273,20260921T213417946637Z_9d5e65dd,2,5760.0,50,True,79,stationary,PURE,85.6,0.2575210589651023,0.2594351070775064,332.4,332.4,1.0,0.0,0.0,332.4
61,5,0.67,0.1,5,5,6,6.0,5.5,0.19,0.5,42,1,[0.1],0.1,0.2442732516826255,10,7.778174593052023,0.07071067811865475,0.38890872965260115,0.07071067811865475,0.17272727272727273,20260921T213417946637Z_9d5e65dd,2,5760.0,50,True,79,stationary,PURE_OR,85.6,0.31082062454611475,0.310014222554246,275.4,275.4,1.0,0.0,0.0,275.4
62,5,0.67,0.15,5,5,6,6.0,5.5,0.19,0.5,42,1,[0.15],0.15,0.2442732516826255,10,7.778174593052023,0.10606601717798211,0.5833630944789017,0.10606601717798211,0.17272727272727273,20260921T213417946637Z_9d5e65dd,2,5760.0,50,True,79,stationary,DRL,1076.1208068847657,0.6487345110228874,0.6367279648780823,1658.8,1658.8,1.0,31.4,1230.3,428.5
62,5,0.67,0.15,5,5,6,6.0,5.5,0.19,0.5,42,1,[0.15],0.15,0.2442732516826255,10,7.778174593052023,0.10606601717798211,0.5833630944789017,0.10606601717798211,0.17272727272727273,20260921T213417946637Z_9d5e65dd,2,5760.0,50,True,79,stationary,HEUR,528.858056640625,0.5996123091163549,0.5910732030868531,882.0,882.0,1.0,13.2,486.8,395.2
62,5,0.67,0.15,5,5,6,6.0,5.5,0.19,0.5,42,1,[0.15],0.15,0.2442732516826255,10,7.778174593052023,0.10606601717798211,0.5833630944789017,0.10606601717798211,0.17272727272727273,20260921T213417946637Z_9d5e65dd,2,5760.0,50,True,79,stationary,HEUR_VOR,288.3412170410156,0.5388548253429557,0.5267237663269043,535.1,535.1,1.0,7.0,217.3,317.8
62,5,0.67,0.15,5,5,6,6.0,5.5,0.19,0.5,42,1,[0.15],0.15,0.2442732516826255,10,7.778174593052023,0.10606601717798211,0.5833630944789017,0.10606601717798211,0.17272727272727273,20260921T213417946637Z_9d5e65dd,2,5760.0,50,True,79,stationary,FOUR_ZONE,136.87816467285157,0.40436680848700607,0.40217363104753917,338.5,338.5,1.0,1.4,48.4,290.1
62,5,0.67,0.15,5,5,6,6.0,5.5,0.19,0.5,42,1,[0.15],0.15,0.2442732516826255,10,7.778174593052023,0.10606601717798211,0.5833630944789017,0.10606601717798211,0.17272727272727273,20260921T213417946637Z_9d5e65dd,2,5760.0,50,True,79,stationary,PURE,85.6,0.2575210589651023,0.2594351070775064,332.4,332.4,1.0,0.0,0.0,332.4
62,5,0.67,0.15,5,5,6,6.0,5.5,0.19,0.5,42,1,[0.15],0.15,0.2442732516826255,10,7.778174593052023,0.10606601717798211,0.5833630944789017,0.10606601717798211,0.17272727272727273,20260921T213417946637Z_9d5e65dd,2,5760.0,50,True,79,stationary,PURE_OR,85.6,0.31082062454611475,0.310014222554246,275.4,275.4,1.0,0.0,0.0,275.4
63,5,0.67,0.2,5,5,6,6.0,5.5,0.19,0.5,42,1,[0.2],0.2,0.2442732516826255,10,7.778174593052023,0.1414213562373095,0.7778174593052023,0.1414213562373095,0.17272727272727273,20260921T213417946637Z_9d5e65dd,2,5760.0,50,True,79,stationary,DRL,2796.72236328125,0.6426882901188643,0.643260657787323,4351.6,3999.5,0.8,80.6,3664.2,687.4
63,5,0.67,0.2,5,5,6,6.0,5.5,0.19,0.5,42,1,[0.2],0.2,0.2442732516826255,10,7.778174593052023,0.1414213562373095,0.7778174593052023,0.1414213562373095,0.17272727272727273,20260921T213417946637Z_9d5e65dd,2,5760.0,50,True,79,stationary,HEUR,733.138720703125,0.6387895100663283,0.6319121479988098,1147.7,1147.7,1.0,20.2,677.6,470.1
63,5,0.67,0.2,5,5,6,6.0,5.5,0.19,0.5,42,1,[0.2],0.2,0.2442732516826255,10,7.778174593052023,0.1414213562373095,0.7778174593052023,0.1414213562373095,0.17272727272727273,20260921T213417946637Z_9d5e65dd,2,5760.0,50,True,79,stationary,HEUR_VOR,382.2105377197266,0.5784933218097874,0.5731013536453247,660.7,660.7,1.0,10.4,324.6,336.1
63,5,0.67,0.2,5,5,6,6.0,5.5,0.19,0.5,42,1,[0.2],0.2,0.2442732516826255,10,7.778174593052023,0.1414213562373095,0.7778174593052023,0.1414213562373095,0.17272727272727273,20260921T213417946637Z_9d5e65dd,2,5760.0,50,True,79,stationary,FOUR_ZONE,116.83456726074219,0.3499088567257927,0.3514556036942525,333.9,333.9,1.0,1.0,30.6,303.3
63,5,0.67,0.2,5,5,6,6.0,5.5,0.19,0.5,42,1,[0.2],0.2,0.2442732516826255,10,7.778174593052023,0.1414213562373095,0.7778174593052023,0.1414213562373095,0.17272727272727273,20260921T213417946637Z_9d5e65dd,2,5760.0,50,True,79,stationary,PURE,85.6,0.2575210589651023,0.2594351070775064,332.4,332.4,1.0,0.0,0.0,332.4
63,5,0.67,0.2,5,5,6,6.0,5.5,0.19,0.5,42,1,[0.2],0.2,0.2442732516826255,10,7.778174593052023,0.1414213562373095,0.7778174593052023,0.1414213562373095,0.17272727272727273,20260921T213417946637Z_9d5e65dd,2,5760.0,50,True,79,stationary,PURE_OR,85.6,0.31082062454611475,0.310014222554246,275.4,275.4,1.0,0.0,0.0,275.4
64,5,0.67,0.25,5,5,6,6.0,5.5,0.19,0.5,42,1,"[0.25, 0.3, 0.35, 0.4]",0.2442732516826255,0.2442732516826255,10,7.778174593052023,0.17677669529663687,0.9722718241315028,0.17272727272727273,0.17272727272727273,20260921T213417946637Z_9d5e65dd,2,5760.0,50,True,79,stationary,DRL,2953.98798828125,0.6748424801318735,0.6837675213813782,4377.3,4377.3,1.0,85.8,3684.6,692.7
64,5,0.67,0.25,5,5,6,6.0,5.5,0.19,0.5,42,1,"[0.25, 0.3, 0.35, 0.4]",0.2442732516826255,0.2442732516826255,10,7.778174593052023,0.17677669529663687,0.9722718241315028,0.17272727272727273,0.17272727272727273,20260921T213417946637Z_9d5e65dd,2,5760.0,50,True,79,stationary,HEUR,903.65126953125,0.6601777246721581,0.6609795928001404,1368.8,1368.8,1.0,26.2,886.1,482.7
64,5,0.67,0.25,5,5,6,6.0,5.5,0.19,0.5,42,1,"[0.25, 0.3, 0.35, 0.4]",0.2442732516826255,0.2442732516826255,10,7.778174593052023,0.17677669529663687,0.9722718241315028,0.17272727272727273,0.17272727272727273,20260921T213417946637Z_9d5e65dd,2,5760.0,50,True,79,stationary,HEUR_VOR,641.5746032714844,0.6956246376141,0.6904419422149658,922.3,922.3,1.0,16.2,577.3,345.0
64,5,0.67,0.25,5,5,6,6.0,5.5,0.19,0.5,42,1,"[0.25, 0.3, 0.35, 0.4]",0.2442732516826255,0.2442732516826255,10,7.778174593052023,0.17677669529663687,0.9722718241315028,0.17272727272727273,0.17272727272727273,20260921T213417946637Z_9d5e65dd,2,5760.0,50,True,79,stationary,FOUR_ZONE,116.83456726074219,0.3499088567257927,0.3514556036942525,333.9,333.9,1.0,1.0,30.6,303.3
64,5,0.67,0.25,5,5,6,6.0,5.5,0.19,0.5,42,1,"[0.25, 0.3, 0.35, 0.4]",0.2442732516826255,0.2442732516826255,10,7.778174593052023,0.17677669529663687,0.9722718241315028,0.17272727272727273,0.17272727272727273,20260921T213417946637Z_9d5e65dd,2,5760.0,50,True,79,stationary,PURE,85.6,0.2575210589651023,0.2594351070775064,332.4,332.4,1.0,0.0,0.0,332.4
64,5,0.67,0.25,5,5,6,6.0,5.5,0.19,0.5,42,1,"[0.25, 0.3, 0.35, 0.4]",0.2442732516826255,0.2442732516826255,10,7.778174593052023,0.17677669529663687,0.9722718241315028,0.17272727272727273,0.17272727272727273,20260921T213417946637Z_9d5e65dd,2,5760.0,50,True,79,stationary,PURE_OR,85.6,0.31082062454611475,0.310014222554246,275.4,275.4,1.0,0.0,0.0,275.4
65,5,0.83,0.1,5,5,6,5.5,5.5,0.19,0.5,42,1,[0.1],0.1,0.2442732516826255,10,7.778174593052023,0.07071067811865475,0.38890872965260115,0.07071067811865475,0.17272727272727273,20260921T213417946637Z_9d5e65dd,2,5760.0,50,True,79,stationary,DRL,561.8092041015625,0.5431256806859653,0.538345217704773,1034.4,1034.4,1.0,14.4,592.2,442.2
65,5,0.83,0.1,5,5,6,5.5,5.5,0.19,0.5,42,1,[0.1],0.1,0.2442732516826255,10,7.778174593052023,0.07071067811865475,0.38890872965260115,0.07071067811865475,0.17272727272727273,20260921T213417946637Z_9d5e65dd,2,5760.0,50,True,79,stationary,HEUR,426.5271484375,0.5273579975735658,0.5240000665187836,808.8,808.8,1.0,10.2,356.0,452.8
65,5,0.83,0.1,5,5,6,5.5,5.5,0.19,0.5,42,1,[0.1],0.1,0.2442732516826255,10,7.778174593052023,0.07071067811865475,0.38890872965260115,0.07071067811865475,0.17272727272727273,20260921T213417946637Z_9d5e65dd,2,5760.0,50,True,79,stationary,HEUR_VOR,234.4376708984375,0.4446001723846719,0.43587872982025144,527.3,527.3,1.0,4.0,149.9,377.4
65,5,0.83,0.1,5,5,6,5.5,5.5,0.19,0.5,42,1,[0.1],0.1,0.2442732516826255,10,7.778174593052023,0.07071067811865475,0.38890872965260115,0.07071067811865475,0.17272727272727273,20260921T213417946637Z_9d5e65dd,2,5760.0,50,True,79,stationary,FOUR_ZONE,114.63406982421876,0.32837029454087296,0.3266760073148385,349.1,349.1,1.0,0.2,9.2,339.9
65,5,0.83,0.1,5,5,6,5.5,5.5,0.19,0.5,42,1,[0.1],0.1,0.2442732516826255,10,7.778174593052023,0.07071067811865475,0.38890872965260115,0.07071067811865475,0.17272727272727273,20260921T213417946637Z_9d5e65dd,2,5760.0,50,True,79,stationary,PURE,105.2,0.3001426533523538,0.30346051279269637,350.5,350.5,1.0,0.0,0.0,350.5
65,5,0.83,0.1,5,5,6,5.5,5.5,0.19,0.5,42,1,[0.1],0.1,0.2442732516826255,10,7.778174593052023,0.07071067811865475,0.38890872965260115,0.07071067811865475,0.17272727272727273,20260921T213417946637Z_9d5e65dd,2,5760.0,50,True,79,stationary,PURE_OR,105.2,0.3373957665169981,0.33751659185869975,311.8,311.8,1.0,0.0,0.0,311.8
66,5,0.83,0.15,5,5,6,5.5,5.5,0.19,0.5,42,1,[0.15],0.15,0.2442732516826255,10,7.778174593052023,0.10606601717798211,0.5833630944789017,0.10606601717798211,0.17272727272727273,20260921T213417946637Z_9d5e65dd,2,5760.0,50,True,79,stationary,DRL,1206.1386352539062,0.5909257925892442,0.5972944855690002,2041.1,2041.1,1.0,36.6,1498.4,542.7
66,5,0.83,0.15,5,5,6,5.5,5.5,0.19,0.5,42,1,[0.15],0.15,0.2442732516826255,10,7.778174593052023,0.10606601717798211,0.5833630944789017,0.10606601717798211,0.17272727272727273,20260921T213417946637Z_9d5e65dd,2,5760.0,50,True,79,stationary,HEUR,754.1866943359375,0.5897612561275708,0.5915906071662903,1278.8,1278.8,1.0,20.6,764.7,514.1
66,5,0.83,0.15,5,5,6,5.5,5.5,0.19,0.5,42,1,[0.15],0.15,0.2442732516826255,10,7.778174593052023,0.10606601717798211,0.5833630944789017,0.10606601717798211,0.17272727272727273,20260921T213417946637Z_9d5e65dd,2,5760.0,50,True,79,stationary,HEUR_VOR,445.2006896972656,0.5881118754257142,0.5852417826652527,757.0,757.0,1.0,12.2,394.3,362.7
66,5,0.83,0.15,5,5,6,5.5,5.5,0.19,0.5,42,1,[0.15],0.15,0.2442732516826255,10,7.778174593052023,0.10606601717798211,0.5833630944789017,0.10606601717798211,0.17272727272727273,20260921T213417946637Z_9d5e65dd,2,5760.0,50,True,79,stationary,FOUR_ZONE,123.33446655273437,0.3453779517018605,0.34333978140315574,357.1,357.1,1.0,0.4,18.1,339.0
66,5,0.83,0.15,5,5,6,5.5,5.5,0.19,0.5,42,1,[0.15],0.15,0.2442732516826255,10,7.778174593052023,0.10606601717798211,0.5833630944789017,0.10606601717798211,0.17272727272727273,20260921T213417946637Z_9d5e65dd,2,5760.0,50,True,79,stationary,PURE,105.2,0.3001426533523538,0.30346051279269637,350.5,350.5,1.0,0.0,0.0,350.5
66,5,0.83,0.15,5,5,6,5.5,5.5,0.19,0.5,42,1,[0.15],0.15,0.2442732516826255,10,7.778174593052023,0.10606601717798211,0.5833630944789017,0.10606601717798211,0.17272727272727273,20260921T213417946637Z_9d5e65dd,2,5760.0,50,True,79,stationary,PURE_OR,105.2,0.3373957665169981,0.33751659185869975,311.8,311.8,1.0,0.0,0.0,311.8
67,5,0.83,0.2,5,5,6,5.5,5.5,0.19,0.5,42,1,[0.2],0.2,0.2442732516826255,10,7.778174593052023,0.1414213562373095,0.7778174593052023,0.1414213562373095,0.17272727272727273,20260921T213417946637Z_9d5e65dd,2,5760.0,50,True,79,stationary,DRL,1995.22626953125,0.6400289566726278,0.6395332455635071,3117.4,3117.4,1.0,68.6,2561.2,556.2
67,5,0.83,0.2,5,5,6,5.5,5.5,0.19,0.5,42,1,[0.2],0.2,0.2442732516826255,10,7.778174593052023,0.1414213562373095,0.7778174593052023,0.1414213562373095,0.17272727272727273,20260921T213417946637Z_9d5e65dd,2,5760.0,50,True,79,stationary,HEUR,914.36728515625,0.622103201222105,0.6245898962020874,1469.8,1469.8,1.0,26.6,919.6,550.2
67,5,0.83,0.2,5,5,6,5.5,5.5,0.19,0.5,42,1,[0.2],0.2,0.2442732516826255,10,7.778174593052023,0.1414213562373095,0.7778174593052023,0.1414213562373095,0.17272727272727273,20260921T213417946637Z_9d5e65dd,2,5760.0,50,True,79,stationary,HEUR_VOR,416.5542785644531,0.5796747544732161,0.5783350586891174,718.6,718.6,1.0,10.4,357.3,361.3
67,5,0.83,0.2,5,5,6,5.5,5.5,0.19,0.5,42,1,[0.2],0.2,0.2442732516826255,10,7.778174593052023,0.1414213562373095,0.7778174593052023,0.1414213562373095,0.17272727272727273,20260921T213417946637Z_9d5e65dd,2,5760.0,50,True,79,stationary,FOUR_ZONE,129.96819458007812,0.3577434477844154,0.3548068210044442,363.3,363.3,1.0,0.6,25.2,338.1
67,5,0.83,0.2,5,5,6,5.5,5.5,0.19,0.5,42,1,[0.2],0.2,0.2442732516826255,10,7.778174593052023,0.1414213562373095,0.7778174593052023,0.1414213562373095,0.17272727272727273,20260921T213417946637Z_9d5e65dd,2,5760.0,50,True,79,stationary,PURE,105.2,0.3001426533523538,0.30346051279269637,350.5,350.5,1.0,0.0,0.0,350.5
67,5,0.83,0.2,5,5,6,5.5,5.5,0.19,0.5,42,1,[0.2],0.2,0.2442732516826255,10,7.778174593052023,0.1414213562373095,0.7778174593052023,0.1414213562373095,0.17272727272727273,20260921T213417946637Z_9d5e65dd,2,5760.0,50,True,79,stationary,PURE_OR,105.2,0.3373957665169981,0.33751659185869975,311.8,311.8,1.0,0.0,0.0,311.8
68,5,0.83,0.25,5,5,6,5.5,5.5,0.19,0.5,42,1,"[0.25, 0.3, 0.35, 0.4]",0.2442732516826255,0.2442732516826255,10,7.778174593052023,0.17677669529663687,0.9722718241315028,0.17272727272727273,0.17272727272727273,20260921T213417946637Z_9d5e65dd,2,5760.0,50,True,79,stationary,DRL,3442.94921875,0.6480967582919208,0.6471591353416443,5312.4,4641.0,0.4,109.0,4488.8,823.6
68,5,0.83,0.25,5,5,6,5.5,5.5,0.19,0.5,42,1,"[0.25, 0.3, 0.35, 0.4]",0.2442732516826255,0.2442732516826255,10,7.778174593052023,0.17677669529663687,0.9722718241315028,0.17272727272727273,0.17272727272727273,20260921T213417946637Z_9d5e65dd,2,5760.0,50,True,79,stationary,HEUR,940.0047241210938,0.6024898885534506,0.603464937210083,1560.2,1560.2,1.0,29.4,995.2,565.0
68,5,0.83,0.25,5,5,6,5.5,5.5,0.19,0.5,42,1,"[0.25, 0.3, 0.35, 0.4]",0.2442732516826255,0.2442732516826255,10,7.778174593052023,0.17677669529663687,0.9722718241315028,0.17272727272727273,0.17272727272727273,20260921T213417946637Z_9d5e65dd,2,5760.0,50,True,79,stationary,HEUR_VOR,564.474951171875,0.6235225352611012,0.6198715448379517,905.3,905.3,1.0,15.6,532.1,373.2
68,5,0.83,0.25,5,5,6,5.5,5.5,0.19,0.5,42,1,"[0.25, 0.3, 0.35, 0.4]",0.2442732516826255,0.2442732516826255,10,7.778174593052023,0.17677669529663687,0.9722718241315028,0.17272727272727273,0.17272727272727273,20260921T213417946637Z_9d5e65dd,2,5760.0,50,True,79,stationary,FOUR_ZONE,137.53435363769532,0.37051280613603266,0.36988826138632636,371.2,371.2,1.0,1.0,34.4,336.8
68,5,0.83,0.25,5,5,6,5.5,5.5,0.19,0.5,42,1,"[0.25, 0.3, 0.35, 0.4]",0.2442732516826255,0.2442732516826255,10,7.778174593052023,0.17677669529663687,0.9722718241315028,0.17272727272727273,0.17272727272727273,20260921T213417946637Z_9d5e65dd,2,5760.0,50,True,79,stationary,PURE,105.2,0.3001426533523538,0.30346051279269637,350.5,350.5,1.0,0.0,0.0,350.5
68,5,0.83,0.25,5,5,6,5.5,5.5,0.19,0.5,42,1,"[0.25, 0.3, 0.35, 0.4]",0.2442732516826255,0.2442732516826255,10,7.778174593052023,0.17677669529663687,0.9722718241315028,0.17272727272727273,0.17272727272727273,20260921T213417946637Z_9d5e65dd,2,5760.0,50,True,79,stationary,PURE_OR,105.2,0.3373957665169981,0.33751659185869975,311.8,311.8,1.0,0.0,0.0,311.8
69,5,0.83,0.1,5,5,6,6.0,5.5,0.19,0.5,42,1,[0.1],0.1,0.2442732516826255,10,7.778174593052023,0.07071067811865475,0.38890872965260115,0.07071067811865475,0.17272727272727273,20260921T213417946637Z_9d5e65dd,2,5760.0,50,True,79,stationary,DRL,642.4621337890625,0.6140911238664333,0.6076153635978698,1046.2,1046.2,1.0,16.6,612.6,433.6
69,5,0.83,0.1,5,5,6,6.0,5.5,0.19,0.5,42,1,[0.1],0.1,0.2442732516826255,10,7.778174593052023,0.07071067811865475,0.38890872965260115,0.07071067811865475,0.17272727272727273,20260921T213417946637Z_9d5e65dd,2,5760.0,50,True,79,stationary,HEUR,455.743115234375,0.5634806073619869,0.559745478630066,808.8,808.8,1.0,10.2,356.0,452.8
69,5,0.83,0.1,5,5,6,6.0,5.5,0.19,0.5,42,1,[0.1],0.1,0.2442732516826255,10,7.778174593052023,0.07071067811865475,0.38890872965260115,0.07071067811865475,0.17272727272727273,20260921T213417946637Z_9d5e65dd,2,5760.0,50,True,79,stationary,HEUR_VOR,246.18683166503905,0.46688191099002285,0.4569108784198761,527.3,527.3,1.0,4.0,149.9,377.4
69,5,0.83,0.1,5,5,6,6.0,5.5,0.19,0.5,42,1,[0.1],0.1,0.2442732516826255,10,7.778174593052023,0.07071067811865475,0.38890872965260115,0.07071067811865475,0.17272727272727273,20260921T213417946637Z_9d5e65dd,2,5760.0,50,True,79,stationary,FOUR_ZONE,115.49171142578125,0.33082701640155043,0.3289389155351296,349.1,349.1,1.0,0.2,9.2,339.9
69,5,0.83,0.1,5,5,6,6.0,5.5,0.19,0.5,42,1,[0.1],0.1,0.2442732516826255,10,7.778174593052023,0.07071067811865475,0.38890872965260115,0.07071067811865475,0.17272727272727273,20260921T213417946637Z_9d5e65dd,2,5760.0,50,True,79,stationary,PURE,105.2,0.3001426533523538,0.30346051279269637,350.5,350.5,1.0,0.0,0.0,350.5
69,5,0.83,0.1,5,5,6,6.0,5.5,0.19,0.5,42,1,[0.1],0.1,0.2442732516826255,10,7.778174593052023,0.07071067811865475,0.38890872965260115,0.07071067811865475,0.17272727272727273,20260921T213417946637Z_9d5e65dd,2,5760.0,50,True,79,stationary,PURE_OR,105.2,0.3373957665169981,0.33751659185869975,311.8,311.8,1.0,0.0,0.0,311.8
70,5,0.83,0.15,5,5,6,6.0,5.5,0.19,0.5,42,1,[0.15],0.15,0.2442732516826255,10,7.778174593052023,0.10606601717798211,0.5833630944789017,0.10606601717798211,0.17272727272727273,20260921T213417946637Z_9d5e65dd,2,5760.0,50,True,79,stationary,DRL,1311.2596069335937,0.6830544392007052,0.681539785861969,1919.7,1919.7,1.0,36.8,1449.3,470.4
70,5,0.83,0.15,5,5,6,6.0,5.5,0.19,0.5,42,1,[0.15],0.15,0.2442732516826255,10,7.778174593052023,0.10606601717798211,0.5833630944789017,0.10606601717798211,0.17272727272727273,20260921T213417946637Z_9d5e65dd,2,5760.0,50,True,79,stationary,HEUR,813.1856567382813,0.6358974481844551,0.6376584887504577,1278.8,1278.8,1.0,20.6,764.7,514.1
70,5,0.83,0.15,5,5,6,6.0,5.5,0.19,0.5,42,1,[0.15],0.15,0.2442732516826255,10,7.778174593052023,0.10606601717798211,0.5833630944789017,0.10606601717798211,0.17272727272727273,20260921T213417946637Z_9d5e65dd,2,5760.0,50,True,79,stationary,HEUR_VOR,476.1135559082031,0.6289478941984189,0.6255572319030762,757.0,757.0,1.0,12.2,394.3,362.7
70,5,0.83,0.15,5,5,6,6.0,5.5,0.19,0.5,42,1,[0.15],0.15,0.2442732516826255,10,7.778174593052023,0.10606601717798211,0.5833630944789017,0.10606601717798211,0.17272727272727273,20260921T213417946637Z_9d5e65dd,2,5760.0,50,True,79,stationary,FOUR_ZONE,124.983056640625,0.3499945579407029,0.34773176157435937,357.1,357.1,1.0,0.4,18.1,339.0
70,5,0.83,0.15,5,5,6,6.0,5.5,0.19,0.5,42,1,[0.15],0.15,0.2442732516826255,10,7.778174593052023,0.10606601717798211,0.5833630944789017,0.10606601717798211,0.17272727272727273,20260921T213417946637Z_9d5e65dd,2,5760.0,50,True,79,stationary,PURE,105.2,0.3001426533523538,0.30346051279269637,350.5,350.5,1.0,0.0,0.0,350.5
70,5,0.83,0.15,5,5,6,6.0,5.5,0.19,0.5,42,1,[0.15],0.15,0.2442732516826255,10,7.778174593052023,0.10606601717798211,0.5833630944789017,0.10606601717798211,0.17272727272727273,20260921T213417946637Z_9d5e65dd,2,5760.0,50,True,79,stationary,PURE_OR,105.2,0.3373957665169981,0.33751659185869975,311.8,311.8,1.0,0.0,0.0,311.8
71,5,0.83,0.2,5,5,6,6.0,5.5,0.19,0.5,42,1,[0.2],0.2,0.2442732516826255,10,7.778174593052023,0.1414213562373095,0.7778174593052023,0.1414213562373095,0.17272727272727273,20260921T213417946637Z_9d5e65dd,2,5760.0,50,True,79,stationary,DRL,2167.2228271484373,0.6975515231093493,0.6968940973281861,3106.9,3106.9,1.0,61.4,2472.0,634.9
71,5,0.83,0.2,5,5,6,6.0,5.5,0.19,0.5,42,1,[0.2],0.2,0.2442732516826255,10,7.778174593052023,0.1414213562373095,0.7778174593052023,0.1414213562373095,0.17272727272727273,20260921T213417946637Z_9d5e65dd,2,5760.0,50,True,79,stationary,HEUR,987.9212890625,0.6721467472190094,0.6747840285301209,1469.8,1469.8,1.0,26.6,919.6,550.2
71,5,0.83,0.2,5,5,6,6.0,5.5,0.19,0.5,42,1,[0.2],0.2,0.2442732516826255,10,7.778174593052023,0.1414213562373095,0.7778174593052023,0.1414213562373095,0.17272727272727273,20260921T213417946637Z_9d5e65dd,2,5760.0,50,True,79,stationary,HEUR_VOR,444.8627563476563,0.6190686840351465,0.6175420641899109,718.6,718.6,1.0,10.4,357.3,361.3
71,5,0.83,0.2,5,5,6,6.0,5.5,0.19,0.5,42,1,[0.2],0.2,0.2442732516826255,10,7.778174593052023,0.1414213562373095,0.7778174593052023,0.1414213562373095,0.17272727272727273,20260921T213417946637Z_9d5e65dd,2,5760.0,50,True,79,stationary,FOUR_ZONE,132.21985473632813,0.36394124617761664,0.3607083603301583,363.3,363.3,1.0,0.6,25.2,338.1
71,5,0.83,0.2,5,5,6,6.0,5.5,0.19,0.5,42,1,[0.2],0.2,0.2442732516826255,10,7.778174593052023,0.1414213562373095,0.7778174593052023,0.1414213562373095,0.17272727272727273,20260921T213417946637Z_9d5e65dd,2,5760.0,50,True,79,stationary,PURE,105.2,0.3001426533523538,0.30346051279269637,350.5,350.5,1.0,0.0,0.0,350.5
71,5,0.83,0.2,5,5,6,6.0,5.5,0.19,0.5,42,1,[0.2],0.2,0.2442732516826255,10,7.778174593052023,0.1414213562373095,0.7778174593052023,0.1414213562373095,0.17272727272727273,20260921T213417946637Z_9d5e65dd,2,5760.0,50,True,79,stationary,PURE_OR,105.2,0.3420026007802341,0.3420869093236185,307.6,307.6,1.0,0.0,0.0,307.6
72,5,0.83,0.25,5,5,6,6.0,5.5,0.19,0.5,42,1,"[0.25, 0.3, 0.35, 0.4]",0.2442732516826255,0.2442732516826255,10,7.778174593052023,0.17677669529663687,0.9722718241315028,0.17272727272727273,0.17272727272727273,20260921T213417946637Z_9d5e65dd,2,5760.0,50,True,79,stationary,DRL,2584.402978515625,0.6879266872113567,0.6989464521408081,3756.8,3256.0,0.8,74.8,3051.2,705.6
72,5,0.83,0.25,5,5,6,6.0,5.5,0.19,0.5,42,1,"[0.25, 0.3, 0.35, 0.4]",0.2442732516826255,0.2442732516826255,10,7.778174593052023,0.17677669529663687,0.9722718241315028,0.17272727272727273,0.17272727272727273,20260921T213417946637Z_9d5e65dd,2,5760.0,50,True,79,stationary,HEUR,1015.888037109375,0.6511268024031375,0.6521566271781921,1560.2,1560.2,1.0,29.4,995.2,565.0
72,5,0.83,0.25,5,5,6,6.0,5.5,0.19,0.5,42,1,"[0.25, 0.3, 0.35, 0.4]",0.2442732516826255,0.2442732516826255,10,7.778174593052023,0.17677669529663687,0.9722718241315028,0.17272727272727273,0.17272727272727273,20260921T213417946637Z_9d5e65dd,2,5760.0,50,True,79,stationary,HEUR_VOR,606.2320983886718,0.6696477393004219,0.6656450986862182,905.3,905.3,1.0,15.6,532.1,373.2
72,5,0.83,0.25,5,5,6,6.0,5.5,0.19,0.5,42,1,"[0.25, 0.3, 0.35, 0.4]",0.2442732516826255,0.2442732516826255,10,7.778174593052023,0.17677669529663687,0.9722718241315028,0.17272727272727273,0.17272727272727273,20260921T213417946637Z_9d5e65dd,2,5760.0,50,True,79,stationary,FOUR_ZONE,140.47384796142578,0.3784317024822893,0.37777363998549324,371.2,371.2,1.0,1.0,34.4,336.8
72,5,0.83,0.25,5,5,6,6.0,5.5,0.19,0.5,42,1,"[0.25, 0.3, 0.35, 0.4]",0.2442732516826255,0.2442732516826255,10,7.778174593052023,0.17677669529663687,0.9722718241315028,0.17272727272727273,0.17272727272727273,20260921T213417946637Z_9d5e65dd,2,5760.0,50,True,79,stationary,PURE,105.2,0.3001426533523538,0.30346051279269637,350.5,350.5,1.0,0.0,0.0,350.5
72,5,0.83,0.25,5,5,6,6.0,5.5,0.19,0.5,42,1,"[0.25, 0.3, 0.35, 0.4]",0.2442732516826255,0.2442732516826255,10,7.778174593052023,0.17677669529663687,0.9722718241315028,0.17272727272727273,0.17272727272727273,20260921T213417946637Z_9d5e65dd,2,5760.0,50,True,79,stationary,PURE_OR,105.2,0.3373957665169981,0.33751659185869975,311.8,311.8,1.0,0.0,0.0,311.8
73,5,1.0,0.1,5,5,6,5.5,5.5,0.19,0.5,42,1,[0.1],0.1,0.2442732516826255,10,7.778174593052023,0.07071067811865475,0.38890872965260115,0.07071067811865475,0.17272727272727273,20260921T213417946637Z_9d5e65dd,2,5760.0,50,True,79,stationary,DRL,730.9056274414063,0.5637094149632934,0.5683009207248688,1296.6,1296.6,1.0,18.8,753.1,543.5
73,5,1.0,0.1,5,5,6,5.5,5.5,0.19,0.5,42,1,[0.1],0.1,0.2442732516826255,10,7.778174593052023,0.07071067811865475,0.38890872965260115,0.07071067811865475,0.17272727272727273,20260921T213417946637Z_9d5e65dd,2,5760.0,50,True,79,stationary,HEUR,526.7244506835938,0.5588588336165451,0.55832759141922,942.5,942.5,1.0,13.8,455.8,486.7
73,5,1.0,0.1,5,5,6,5.5,5.5,0.19,0.5,42,1,[0.1],0.1,0.2442732516826255,10,7.778174593052023,0.07071067811865475,0.38890872965260115,0.07071067811865475,0.17272727272727273,20260921T213417946637Z_9d5e65dd,2,5760.0,50,True,79,stationary,HEUR_VOR,315.9949462890625,0.4980219799670016,0.4817239880561829,634.5,634.5,1.0,6.4,207.8,426.7
73,5,1.0,0.1,5,5,6,5.5,5.5,0.19,0.5,42,1,[0.1],0.1,0.2442732516826255,10,7.778174593052023,0.07071067811865475,0.38890872965260115,0.07071067811865475,0.17272727272727273,20260921T213417946637Z_9d5e65dd,2,5760.0,50,True,79,stationary,FOUR_ZONE,147.8698974609375,0.3695823480653274,0.36578425481843563,400.1,400.1,1.0,0.6,21.7,378.4
73,5,1.0,0.1,5,5,6,5.5,5.5,0.19,0.5,42,1,[0.1],0.1,0.2442732516826255,10,7.778174593052023,0.07071067811865475,0.38890872965260115,0.07071067811865475,0.17272727272727273,20260921T213417946637Z_9d5e65dd,2,5760.0,50,True,79,stationary,PURE,126.4,0.30268199233716475,0.3020488391073032,417.6,417.6,1.0,0.0,0.0,417.6
73,5,1.0,0.1,5,5,6,5.5,5.5,0.19,0.5,42,1,[0.1],0.1,0.2442732516826255,10,7.778174593052023,0.07071067811865475,0.38890872965260115,0.07071067811865475,0.17272727272727273,20260921T213417946637Z_9d5e65dd,2,5760.0,50,True,79,stationary,PURE_OR,126.4,0.36574074074074076,0.36483605402721103,345.6,345.6,1.0,0.0,0.0,345.6
74,5,1.0,0.15,5,5,6,5.5,5.5,0.19,0.5,42,1,[0.15],0.15,0.2442732516826255,10,7.778174593052023,0.10606601717798211,0.5833630944789017,0.10606601717798211,0.17272727272727273,20260921T213417946637Z_9d5e65dd,2,5760.0,50,True,79,stationary,DRL,1526.2333618164062,0.5888018833441635,0.5884060025215149,2592.1,2592.1,1.0,45.4,1989.8,602.3
74,5,1.0,0.15,5,5,6,5.5,5.5,0.19,0.5,42,1,[0.15],0.15,0.2442732516826255,10,7.778174593052023,0.10606601717798211,0.5833630944789017,0.10606601717798211,0.17272727272727273,20260921T213417946637Z_9d5e65dd,2,5760.0,50,True,79,stationary,HEUR,676.3379272460937,0.5868951121538474,0.5773371279239654,1152.4,1152.4,1.0,20.0,635.0,517.4
74,5,1.0,0.15,5,5,6,5.5,5.5,0.19,0.5,42,1,[0.15],0.15,0.2442732516826255,10,7.778174593052023,0.10606601717798211,0.5833630944789017,0.10606601717798211,0.17272727272727273,20260921T213417946637Z_9d5e65dd,2,5760.0,50,True,79,stationary,HEUR_VOR,435.63933715820315,0.5749496333089654,0.5717022180557251,757.7,757.7,1.0,10.0,340.8,416.9
74,5,1.0,0.15,5,5,6,5.5,5.5,0.19,0.5,42,1,[0.15],0.15,0.2442732516826255,10,7.778174593052023,0.10606601717798211,0.5833630944789017,0.10606601717798211,0.17272727272727273,20260921T213417946637Z_9d5e65dd,2,5760.0,50,True,79,stationary,FOUR_ZONE,161.11651916503905,0.39644812786672995,0.39099430823363424,406.4,406.4,1.0,1.0,35.8,370.6
74,5,1.0,0.15,5,5,6,5.5,5.5,0.19,0.5,42,1,[0.15],0.15,0.2442732516826255,10,7.778174593052023,0.10606601717798211,0.5833630944789017,0.10606601717798211,0.17272727272727273,20260921T213417946637Z_9d5e65dd,2,5760.0,50,True,79,stationary,PURE,126.4,0.30268199233716475,0.3020488391073032,417.6,417.6,1.0,0.0,0.0,417.6
74,5,1.0,0.15,5,5,6,5.5,5.5,0.19,0.5,42,1,[0.15],0.15,0.2442732516826255,10,7.778174593052023,0.10606601717798211,0.5833630944789017,0.10606601717798211,0.17272727272727273,20260921T213417946637Z_9d5e65dd,2,5760.0,50,True,79,stationary,PURE_OR,126.4,0.36574074074074076,0.36483605402721103,345.6,345.6,1.0,0.0,0.0,345.6
75,5,1.0,0.2,5,5,6,5.5,5.5,0.19,0.5,42,1,[0.2],0.2,0.2442732516826255,10,7.778174593052023,0.1414213562373095,0.7778174593052023,0.1414213562373095,0.17272727272727273,20260921T213417946637Z_9d5e65dd,2,5760.0,50,True,79,stationary,DRL,2049.1714599609377,0.6007890993200825,0.6230139553546905,3410.8,3410.8,1.0,56.4,2671.6,739.2
75,5,1.0,0.2,5,5,6,5.5,5.5,0.19,0.5,42,1,[0.2],0.2,0.2442732516826255,10,7.778174593052023,0.1414213562373095,0.7778174593052023,0.1414213562373095,0.17272727272727273,20260921T213417946637Z_9d5e65dd,2,5760.0,50,True,79,stationary,HEUR,884.6489868164062,0.6234752179973263,0.6125462174415588,1418.9,1418.9,1.0,28.6,913.3,505.6
75,5,1.0,0.2,5,5,6,5.5,5.5,0.19,0.5,42,1,[0.2],0.2,0.2442732516826255,10,7.778174593052023,0.1414213562373095,0.7778174593052023,0.1414213562373095,0.17272727272727273,20260921T213417946637Z_9d5e65dd,2,5760.0,50,True,79,stationary,HEUR_VOR,635.879052734375,0.6480626301817927,0.639820659160614,981.2,981.2,1.0,17.4,564.1,417.1
75,5,1.0,0.2,5,5,6,5.5,5.5,0.19,0.5,42,1,[0.2],0.2,0.2442732516826255,10,7.778174593052023,0.1414213562373095,0.7778174593052023,0.1414213562373095,0.17272727272727273,20260921T213417946637Z_9d5e65dd,2,5760.0,50,True,79,stationary,FOUR_ZONE,188.33849182128907,0.4329620501638829,0.4236681082252419,435.0,435.0,1.0,1.6,64.2,370.8
75,5,1.0,0.2,5,5,6,5.5,5.5,0.19,0.5,42,1,[0.2],0.2,0.2442732516826255,10,7.778174593052023,0.1414213562373095,0.7778174593052023,0.1414213562373095,0.17272727272727273,20260921T213417946637Z_9d5e65dd,2,5760.0,50,True,79,stationary,PURE,126.4,0.30268199233716475,0.3020488391073032,417.6,417.6,1.0,0.0,0.0,417.6
75,5,1.0,0.2,5,5,6,5.5,5.5,0.19,0.5,42,1,[0.2],0.2,0.2442732516826255,10,7.778174593052023,0.1414213562373095,0.7778174593052023,0.1414213562373095,0.17272727272727273,20260921T213417946637Z_9d5e65dd,2,5760.0,50,True,79,stationary,PURE_OR,126.4,0.36574074074074076,0.36483605402721103,345.6,345.6,1.0,0.0,0.0,345.6
76,5,1.0,0.25,5,5,6,5.5,5.5,0.19,0.5,42,1,"[0.25, 0.3, 0.35, 0.4]",0.2442732516826255,0.2442732516826255,10,7.778174593052023,0.17677669529663687,0.9722718241315028,0.17272727272727273,0.17272727272727273,20260921T213417946637Z_9d5e65dd,2,5760.0,50,True,79,stationary,DRL,3539.731103515625,0.6728503466232559,0.675133228302002,5260.8,4928.0,0.6,117.0,4540.0,720.8
76,5,1.0,0.25,5,5,6,5.5,5.5,0.19,0.5,42,1,"[0.25, 0.3, 0.35, 0.4]",0.2442732516826255,0.2442732516826255,10,7.778174593052023,0.17677669529663687,0.9722718241315028,0.17272727272727273,0.17272727272727273,20260921T213417946637Z_9d5e65dd,2,5760.0,50,True,79,stationary,HEUR,1229.8671142578125,0.6621088098292396,0.6580649971961975,1857.5,1857.5,1.0,37.8,1283.5,574.0
76,5,1.0,0.25,5,5,6,5.5,5.5,0.19,0.5,42,1,"[0.25, 0.3, 0.35, 0.4]",0.2442732516826255,0.2442732516826255,10,7.778174593052023,0.17677669529663687,0.9722718241315028,0.17272727272727273,0.17272727272727273,20260921T213417946637Z_9d5e65dd,2,5760.0,50,True,79,stationary,HEUR_VOR,742.7318115234375,0.6481645968439109,0.6444543123245239,1145.9,1145.9,1.0,22.0,709.2,436.7
76,5,1.0,0.25,5,5,6,5.5,5.5,0.19,0.5,42,1,"[0.25, 0.3, 0.35, 0.4]",0.2442732516826255,0.2442732516826255,10,7.778174593052023,0.17677669529663687,0.9722718241315028,0.17272727272727273,0.17272727272727273,20260921T213417946637Z_9d5e65dd,2,5760.0,50,True,79,stationary,FOUR_ZONE,211.36337890625,0.4702188629727475,0.4678210735321045,449.5,449.5,1.0,2.2,89.5,360.0
76,5,1.0,0.25,5,5,6,5.5,5.5,0.19,0.5,42,1,"[0.25, 0.3, 0.35, 0.4]",0.2442732516826255,0.2442732516826255,10,7.778174593052023,0.17677669529663687,0.9722718241315028,0.17272727272727273,0.17272727272727273,20260921T213417946637Z_9d5e65dd,2,5760.0,50,True,79,stationary,PURE,126.4,0.30268199233716475,0.3020488391073032,417.6,417.6,1.0,0.0,0.0,417.6
76,5,1.0,0.25,5,5,6,5.5,5.5,0.19,0.5,42,1,"[0.25, 0.3, 0.35, 0.4]",0.2442732516826255,0.2442732516826255,10,7.778174593052023,0.17677669529663687,0.9722718241315028,0.17272727272727273,0.17272727272727273,20260921T213417946637Z_9d5e65dd,2,5760.0,50,True,79,stationary,PURE_OR,126.4,0.36574074074074076,0.36483605402721103,345.6,345.6,1.0,0.0,0.0,345.6
77,5,1.0,0.1,5,5,6,6.0,5.5,0.19,0.5,42,1,[0.1],0.1,0.2442732516826255,10,7.778174593052023,0.07071067811865475,0.38890872965260115,0.07071067811865475,0.17272727272727273,20260921T213417946637Z_9d5e65dd,2,5760.0,50,True,79,stationary,DRL,892.0576171875,0.6380043035241739,0.6383530855178833,1398.2,1398.2,1.0,20.6,848.5,549.7
77,5,1.0,0.1,5,5,6,6.0,5.5,0.19,0.5,42,1,[0.1],0.1,0.2442732516826255,10,7.778174593052023,0.07071067811865475,0.38890872965260115,0.07071067811865475,0.17272727272727273,20260921T213417946637Z_9d5e65dd,2,5760.0,50,True,79,stationary,HEUR,563.1226135253906,0.5974775740322447,0.59687420129776,942.5,942.5,1.0,13.8,455.8,486.7
77,5,1.0,0.1,5,5,6,6.0,5.5,0.19,0.5,42,1,[0.1],0.1,0.2442732516826255,10,7.778174593052023,0.07071067811865475,0.38890872965260115,0.07071067811865475,0.17272727272727273,20260921T213417946637Z_9d5e65dd,2,5760.0,50,True,79,stationary,HEUR_VOR,333.23228454589844,0.5251887857303363,0.5070576310157776,634.5,634.5,1.0,6.4,207.8,426.7
77,5,1.0,0.1,5,5,6,6.0,5.5,0.19,0.5,42,1,[0.1],0.1,0.2442732516826255,10,7.778174593052023,0.07071067811865475,0.38890872965260115,0.07071067811865475,0.17272727272727273,20260921T213417946637Z_9d5e65dd,2,5760.0,50,True,79,stationary,FOUR_ZONE,149.82170715332032,0.37446065272012075,0.3702919395260772,400.1,400.1,1.0,0.6,21.7,378.4
77,5,1.0,0.1,5,5,6,6.0,5.5,0.19,0.5,42,1,[0.1],0.1,0.2442732516826255,10,7.778174593052023,0.07071067811865475,0.38890872965260115,0.07071067811865475,0.17272727272727273,20260921T213417946637Z_9d5e65dd,2,5760.0,50,True,79,stationary,PURE,126.4,0.30268199233716475,0.3020488391073032,417.6,417.6,1.0,0.0,0.0,417.6
77,5,1.0,0.1,5,5,6,6.0,5.5,0.19,0.5,42,1,[0.1],0.1,0.2442732516826255,10,7.778174593052023,0.07071067811865475,0.38890872965260115,0.07071067811865475,0.17272727272727273,20260921T213417946637Z_9d5e65dd,2,5760.0,50,True,79,stationary,PURE_OR,126.4,0.36574074074074076,0.36483605402721103,345.6,345.6,1.0,0.0,0.0,345.6
78,5,1.0,0.15,5,5,6,6.0,5.5,0.19,0.5,42,1,[0.15],0.15,0.2442732516826255,10,7.778174593052023,0.10606601717798211,0.5833630944789017,0.10606601717798211,0.17272727272727273,20260921T213417946637Z_9d5e65dd,2,5760.0,50,True,79,stationary,DRL,1552.1587890625,0.6558047951083742,0.6747770667076111,2366.8,2366.8,1.0,41.4,1787.5,579.3
78,5,1.0,0.15,5,5,6,6.0,5.5,0.19,0.5,42,1,[0.15],0.15,0.2442732516826255,10,7.778174593052023,0.10606601717798211,0.5833630944789017,0.10606601717798211,0.17272727272727273,20260921T213417946637Z_9d5e65dd,2,5760.0,50,True,79,stationary,HEUR,726.3321716308594,0.6302778302940467,0.6192939281463623,1152.4,1152.4,1.0,20.0,635.0,517.4
78,5,1.0,0.15,5,5,6,6.0,5.5,0.19,0.5,42,1,[0.15],0.15,0.2442732516826255,10,7.778174593052023,0.10606601717798211,0.5833630944789017,0.10606601717798211,0.17272727272727273,20260921T213417946637Z_9d5e65dd,2,5760.0,50,True,79,stationary,HEUR_VOR,463.7555847167969,0.6120569944790774,0.6083522319793702,757.7,757.7,1.0,10.0,340.8,416.9
78,5,1.0,0.15,5,5,6,6.0,5.5,0.19,0.5,42,1,[0.15],0.15,0.2442732516826255,10,7.778174593052023,0.10606601717798211,0.5833630944789017,0.10606601717798211,0.17272727272727273,20260921T213417946637Z_9d5e65dd,2,5760.0,50,True,79,stationary,FOUR_ZONE,164.2725860595703,0.4042140405009112,0.3981857159141457,406.4,406.4,1.0,1.0,35.8,370.6
78,5,1.0,0.15,5,5,6,6.0,5.5,0.19,0.5,42,1,[0.15],0.15,0.2442732516826255,10,7.778174593052023,0.10606601717798211,0.5833630944789017,0.10606601717798211,0.17272727272727273,20260921T213417946637Z_9d5e65dd,2,5760.0,50,True,79,stationary,PURE,126.4,0.30268199233716475,0.3020488391073032,417.6,417.6,1.0,0.0,0.0,417.6
78,5,1.0,0.15,5,5,6,6.0,5.5,0.19,0.5,42,1,[0.15],0.15,0.2442732516826255,10,7.778174593052023,0.10606601717798211,0.5833630944789017,0.10606601717798211,0.17272727272727273,20260921T213417946637Z_9d5e65dd,2,5760.0,50,True,79,stationary,PURE_OR,126.4,0.36574074074074076,0.36483605402721103,345.6,345.6,1.0,0.0,0.0,345.6
79,5,1.0,0.2,5,5,6,6.0,5.5,0.19,0.5,42,1,[0.2],0.2,0.2442732516826255,10,7.778174593052023,0.1414213562373095,0.7778174593052023,0.1414213562373095,0.17272727272727273,20260921T213417946637Z_9d5e65dd,2,5760.0,50,True,79,stationary,DRL,2826.9037109375,0.6365896617509627,0.6499527096748352,4440.7,4110.875,0.8,77.4,3671.4,769.3
79,5,1.0,0.2,5,5,6,6.0,5.5,0.19,0.5,42,1,[0.2],0.2,0.2442732516826255,10,7.778174593052023,0.1414213562373095,0.7778174593052023,0.1414213562373095,0.17272727272727273,20260921T213417946637Z_9d5e65dd,2,5760.0,50,True,79,stationary,HEUR,953.5769653320312,0.6720536791402011,0.6598939776420594,1418.9,1418.9,1.0,28.6,913.3,505.6
79,5,1.0,0.2,5,5,6,6.0,5.5,0.19,0.5,42,1,[0.2],0.2,0.2442732516826255,10,7.778174593052023,0.1414213562373095,0.7778174593052023,0.1414213562373095,0.17272727272727273,20260921T213417946637Z_9d5e65dd,2,5760.0,50,True,79,stationary,HEUR_VOR,682.1981140136719,0.6952691744941621,0.6858482122421264,981.2,981.2,1.0,17.4,564.1,417.1
79,5,1.0,0.2,5,5,6,6.0,5.5,0.19,0.5,42,1,[0.2],0.2,0.2442732516826255,10,7.778174593052023,0.1414213562373095,0.7778174593052023,0.1414213562373095,0.17272727272727273,20260921T213417946637Z_9d5e65dd,2,5760.0,50,True,79,stationary,FOUR_ZONE,193.96930847167968,0.4459064562567349,0.43562725567855,435.0,435.0,1.0,1.6,64.2,370.8
79,5,1.0,0.2,5,5,6,6.0,5.5,0.19,0.5,42,1,[0.2],0.2,0.2442732516826255,10,7.778174593052023,0.1414213562373095,0.7778174593052023,0.1414213562373095,0.17272727272727273,20260921T213417946637Z_9d5e65dd,2,5760.0,50,True,79,stationary,PURE,126.4,0.30268199233716475,0.3020488391073032,417.6,417.6,1.0,0.0,0.0,417.6
79,5,1.0,0.2,5,5,6,6.0,5.5,0.19,0.5,42,1,[0.2],0.2,0.2442732516826255,10,7.778174593052023,0.1414213562373095,0.7778174593052023,0.1414213562373095,0.17272727272727273,20260921T213417946637Z_9d5e65dd,2,5760.0,50,True,79,stationary,PURE_OR,126.4,0.36574074074074076,0.36483605402721103,345.6,345.6,1.0,0.0,0.0,345.6
80,5,1.0,0.25,5,5,6,6.0,5.5,0.19,0.5,42,1,"[0.25, 0.3, 0.35, 0.4]",0.2442732516826255,0.2442732516826255,10,7.778174593052023,0.17677669529663687,0.9722718241315028,0.17272727272727273,0.17272727272727273,20260921T213417946637Z_9d5e65dd,2,5760.0,50,True,79,stationary,DRL,3845.0630859375,0.728963369658464,0.7296582579612731,5274.7,4546.75,0.4,124.0,4644.3,630.4
80,5,1.0,0.25,5,5,6,6.0,5.5,0.19,0.5,42,1,"[0.25, 0.3, 0.35, 0.4]",0.2442732516826255,0.2442732516826255,10,7.778174593052023,0.17677669529663687,0.9722718241315028,0.17272727272727273,0.17272727272727273,20260921T213417946637Z_9d5e65dd,2,5760.0,50,True,79,stationary,HEUR,1330.1652465820312,0.7161051125609859,0.7116349458694458,1857.5,1857.5,1.0,37.8,1283.5,574.0
80,5,1.0,0.25,5,5,6,6.0,5.5,0.19,0.5,42,1,"[0.25, 0.3, 0.35, 0.4]",0.2442732516826255,0.2442732516826255,10,7.778174593052023,0.17677669529663687,0.9722718241315028,0.17272727272727273,0.17272727272727273,20260921T213417946637Z_9d5e65dd,2,5760.0,50,True,79,stationary,HEUR_VOR,798.7639404296875,0.6970625189193538,0.6929800868034363,1145.9,1145.9,1.0,22.0,709.2,436.7
80,5,1.0,0.25,5,5,6,6.0,5.5,0.19,0.5,42,1,"[0.25, 0.3, 0.35, 0.4]",0.2442732516826255,0.2442732516826255,10,7.778174593052023,0.17677669529663687,0.9722718241315028,0.17272727272727273,0.17272727272727273,20260921T213417946637Z_9d5e65dd,2,5760.0,50,True,79,stationary,FOUR_ZONE,219.08736877441407,0.4874023776961381,0.48482295870780945,449.5,449.5,1.0,2.2,89.5,360.0
80,5,1.0,0.25,5,5,6,6.0,5.5,0.19,0.5,42,1,"[0.25, 0.3, 0.35, 0.4]",0.2442732516826255,0.2442732516826255,10,7.778174593052023,0.17677669529663687,0.9722718241315028,0.17272727272727273,0.17272727272727273,20260921T213417946637Z_9d5e65dd,2,5760.0,50,True,79,stationary,PURE,126.4,0.30268199233716475,0.3020488391073032,417.6,417.6,1.0,0.0,0.0,417.6
80,5,1.0,0.25,5,5,6,6.0,5.5,0.19,0.5,42,1,"[0.25, 0.3, 0.35, 0.4]",0.2442732516826255,0.2442732516826255,10,7.778174593052023,0.17677669529663687,0.9722718241315028,0.17272727272727273,0.17272727272727273,20260921T213417946637Z_9d5e65dd,2,5760.0,50,True,79,stationary,PURE_OR,126.4,0.36574074074074076,0.36483605402721103,345.6,345.6,1.0,0.0,0.0,345.6
81,10,0.33,0.1,5,5,6,5.5,5.5,0.19,0.5,42,1,[0.1],0.1,0.2442732516826255,10,7.778174593052023,0.07071067811865475,0.38890872965260115,0.07071067811865475,0.17272727272727273,20260921T213417946637Z_9d5e65dd,2,5760.0,50,True,79,stationary,DRL,902.8720153808594,0.5457728437289847,0.5447047710418701,1654.3,1654.3,1.0,24.8,1228.7,425.6
81,10,0.33,0.1,5,5,6,5.5,5.5,0.19,0.5,42,1,[0.1],0.1,0.2442732516826255,10,7.778174593052023,0.07071067811865475,0.38890872965260115,0.07071067811865475,0.17272727272727273,20260921T213417946637Z_9d5e65dd,2,5760.0,50,True,79,stationary,HEUR,350.07611694335935,0.5123315043807396,0.5081065416336059,683.3,683.3,1.0,8.8,351.7,331.6
81,10,0.33,0.1,5,5,6,5.5,5.5,0.19,0.5,42,1,[0.1],0.1,0.2442732516826255,10,7.778174593052023,0.07071067811865475,0.38890872965260115,0.07071067811865475,0.17272727272727273,20260921T213417946637Z_9d5e65dd,2,5760.0,50,True,79,stationary,HEUR_VOR,176.49274291992188,0.43621538042491814,0.4311275601387024,404.6,404.6,1.0,4.2,149.7,254.9
81,10,0.33,0.1,5,5,6,5.5,5.5,0.19,0.5,42,1,[0.1],0.1,0.2442732516826255,10,7.778174593052023,0.07071067811865475,0.38890872965260115,0.07071067811865475,0.17272727272727273,20260921T213417946637Z_9d5e65dd,2,5760.0,50,True,79,stationary,FOUR_ZONE,90.56976928710938,0.35657389483113927,0.3407670843412505,254.0,254.0,1.0,1.2,47.7,206.3
81,10,0.33,0.1,5,5,6,5.5,5.5,0.19,0.5,42,1,[0.1],0.1,0.2442732516826255,10,7.778174593052023,0.07071067811865475,0.38890872965260115,0.07071067811865475,0.17272727272727273,20260921T213417946637Z_9d5e65dd,2,5760.0,50,True,79,stationary,PURE,43.2,0.1847733105218135,0.18373827772345533,233.8,233.8,1.0,0.0,0.0,233.8
81,10,0.33,0.1,5,5,6,5.5,5.5,0.19,0.5,42,1,[0.1],0.1,0.2442732516826255,10,7.778174593052023,0.07071067811865475,0.38890872965260115,0.07071067811865475,0.17272727272727273,20260921T213417946637Z_9d5e65dd,2,5760.0,50,True,79,stationary,PURE_OR,43.2,0.2169763937719739,0.2154468511187857,199.1,199.1,1.0,0.0,0.0,199.1
82,10,0.33,0.15,5,5,6,5.5,5.5,0.19,0.5,42,1,[0.15],0.15,0.2442732516826255,10,7.778174593052023,0.10606601717798211,0.5833630944789017,0.10606601717798211,0.17272727272727273,20260921T213417946637Z_9d5e65dd,2,5760.0,50,True,79,stationary,DRL,2041.176171875,0.5955465285274553,0.5966123342514038,3427.4,3427.4,1.0,61.8,2972.2,455.2
82,10,0.33,0.15,5,5,6,5.5,5.5,0.19,0.5,42,1,[0.15],0.15,0.2442732516826255,10,7.778174593052023,0.10606601717798211,0.5833630944789017,0.10606601717798211,0.17272727272727273,20260921T213417946637Z_9d5e65dd,2,5760.0,50,True,79,stationary,HEUR,495.237890625,0.5461981809032757,0.5460720539093018,906.7,906.7,1.0,16.0,526.1,380.6
82,10,0.33,0.15,5,5,6,5.5,5.5,0.19,0.5,42,1,[0.15],0.15,0.2442732516826255,10,7.778174593052023,0.10606601717798211,0.5833630944789017,0.10606601717798211,0.17272727272727273,20260921T213417946637Z_9d5e65dd,2,5760.0,50,True,79,stationary,HEUR_VOR,265.9827423095703,0.5338874795455044,0.5255949199199677,498.2,498.2,1.0,7.0,247.3,250.9
82,10,0.33,0.15,5,5,6,5.5,5.5,0.19,0.5,42,1,[0.15],0.15,0.2442732516826255,10,7.778174593052023,0.10606601717798211,0.5833630944789017,0.10606601717798211,0.17272727272727273,20260921T213417946637Z_9d5e65dd,2,5760.0,50,True,79,stationary,FOUR_ZONE,99.5015151977539,0.3740658466080974,0.35761569617291555,266.0,266.0,1.0,1.6,58.3,207.7
82,10,0.33,0.15,5,5,6,5.5,5.5,0.19,0.5,42,1,[0.15],0.15,0.2442732516826255,10,7.778174593052023,0.10606601717798211,0.5833630944789017,0.10606601717798211,0.17272727272727273,20260921T213417946637Z_9d5e65dd,2,5760.0,50,True,79,stationary,PURE,43.2,0.1847733105218135,0.18373827772345533,233.8,233.8,1.0,0.0,0.0,233.8
82,10,0.33,0.15,5,5,6,5.5,5.5,0.19,0.5,42,1,[0.15],0.15,0.2442732516826255,10,7.778174593052023,0.10606601717798211,0.5833630944789017,0.10606601717798211,0.17272727272727273,20260921T213417946637Z_9d5e65dd,2,5760.0,50,True,79,stationary,PURE_OR,43.2,0.2169763937719739,0.2154468511187857,199.1,199.1,1.0,0.0,0.0,199.1
83,10,0.33,0.2,5,5,6,5.5,5.5,0.19,0.5,42,1,[0.2],0.2,0.2442732516826255,10,7.778174593052023,0.1414213562373095,0.7778174593052023,0.1414213562373095,0.17272727272727273,20260921T213417946637Z_9d5e65dd,2,5760.0,50,True,79,stationary,DRL,3958.086669921875,0.6871678246392144,0.6871678352355957,5760.0,,0.0,129.4,5301.4,458.6
83,10,0.33,0.2,5,5,6,5.5,5.5,0.19,0.5,42,1,[0.2],0.2,0.2442732516826255,10,7.778174593052023,0.1414213562373095,0.7778174593052023,0.1414213562373095,0.17272727272727273,20260921T213417946637Z_9d5e65dd,2,5760.0,50,True,79,stationary,HEUR,765.3336547851562,0.6159627000282948,0.6106085062026978,1242.5,1242.5,1.0,24.2,838.9,403.6
83,10,0.33,0.2,5,5,6,5.5,5.5,0.19,0.5,42,1,[0.2],0.2,0.2442732516826255,10,7.778174593052023,0.1414213562373095,0.7778174593052023,0.1414213562373095,0.17272727272727273,20260921T213417946637Z_9d5e65dd,2,5760.0,50,True,79,stationary,HEUR_VOR,343.1848876953125,0.5778496172677429,0.5566319823265076,593.9,593.9,1.0,10.8,355.3,238.6
83,10,0.33,0.2,5,5,6,5.5,5.5,0.19,0.5,42,1,[0.2],0.2,0.2442732516826255,10,7.778174593052023,0.1414213562373095,0.7778174593052023,0.1414213562373095,0.17272727272727273,20260921T213417946637Z_9d5e65dd,2,5760.0,50,True,79,stationary,FOUR_ZONE,104.42587127685547,0.377807059612357,0.3782316505908966,276.4,276.4,1.0,2.0,65.3,211.1
83,10,0.33,0.2,5,5,6,5.5,5.5,0.19,0.5,42,1,[0.2],0.2,0.2442732516826255,10,7.778174593052023,0.1414213562373095,0.7778174593052023,0.1414213562373095,0.17272727272727273,20260921T213417946637Z_9d5e65dd,2,5760.0,50,True,79,stationary,PURE,43.2,0.1847733105218135,0.18373827772345533,233.8,233.8,1.0,0.0,0.0,233.8
83,10,0.33,0.2,5,5,6,5.5,5.5,0.19,0.5,42,1,[0.2],0.2,0.2442732516826255,10,7.778174593052023,0.1414213562373095,0.7778174593052023,0.1414213562373095,0.17272727272727273,20260921T213417946637Z_9d5e65dd,2,5760.0,50,True,79,stationary,PURE_OR,43.2,0.2169763937719739,0.2154468511187857,199.1,199.1,1.0,0.0,0.0,199.1
84,10,0.33,0.25,5,5,6,5.5,5.5,0.19,0.5,42,1,"[0.25, 0.3, 0.35, 0.4]",0.2442732516826255,0.2442732516826255,10,7.778174593052023,0.17677669529663687,0.9722718241315028,0.17272727272727273,0.17272727272727273,20260921T213417946637Z_9d5e65dd,2,5760.0,50,True,79,stationary,DRL,4078.976025390625,0.7081555599636502,0.7081555485725403,5760.0,,0.0,136.8,5360.0,400.0
84,10,0.33,0.25,5,5,6,5.5,5.5,0.19,0.5,42,1,"[0.25, 0.3, 0.35, 0.4]",0.2442732516826255,0.2442732516826255,10,7.778174593052023,0.17677669529663687,0.9722718241315028,0.17272727272727273,0.17272727272727273,20260921T213417946637Z_9d5e65dd,2,5760.0,50,True,79,stationary,HEUR,839.8067749023437,0.61587472492105,0.6124592304229737,1363.6,1363.6,1.0,26.4,950.4,413.2
84,10,0.33,0.25,5,5,6,5.5,5.5,0.19,0.5,42,1,"[0.25, 0.3, 0.35, 0.4]",0.2442732516826255,0.2442732516826255,10,7.778174593052023,0.17677669529663687,0.9722718241315028,0.17272727272727273,0.17272727272727273,20260921T213417946637Z_9d5e65dd,2,5760.0,50,True,79,stationary,HEUR_VOR,436.1067138671875,0.6123374246941695,0.6014485120773315,712.2,712.2,1.0,13.4,465.9,246.3
84,10,0.33,0.25,5,5,6,5.5,5.5,0.19,0.5,42,1,"[0.25, 0.3, 0.35, 0.4]",0.2442732516826255,0.2442732516826255,10,7.778174593052023,0.17677669529663687,0.9722718241315028,0.17272727272727273,0.17272727272727273,20260921T213417946637Z_9d5e65dd,2,5760.0,50,True,79,stationary,FOUR_ZONE,138.47802124023437,0.4582330285911131,0.44981086254119873,302.2,302.2,1.0,2.4,103.1,199.1
84,10,0.33,0.25,5,5,6,5.5,5.5,0.19,0.5,42,1,"[0.25, 0.3, 0.35, 0.4]",0.2442732516826255,0.2442732516826255,10,7.778174593052023,0.17677669529663687,0.9722718241315028,0.17272727272727273,0.17272727272727273,20260921T213417946637Z_9d5e65dd,2,5760.0,50,True,79,stationary,PURE,43.2,0.1847733105218135,0.18373827772345533,233.8,233.8,1.0,0.0,0.0,233.8
84,10,0.33,0.25,5,5,6,5.5,5.5,0.19,0.5,42,1,"[0.25, 0.3, 0.35, 0.4]",0.2442732516826255,0.2442732516826255,10,7.778174593052023,0.17677669529663687,0.9722718241315028,0.17272727272727273,0.17272727272727273,20260921T213417946637Z_9d5e65dd,2,5760.0,50,True,79,stationary,PURE_OR,43.2,0.2169763937719739,0.2154468511187857,199.1,199.1,1.0,0.0,0.0,199.1
85,10,0.33,0.1,5,5,6,6.0,5.5,0.19,0.5,42,1,[0.1],0.1,0.2442732516826255,10,7.778174593052023,0.07071067811865475,0.38890872965260115,0.07071067811865475,0.17272727272727273,20260921T213417946637Z_9d5e65dd,2,5760.0,50,True,79,stationary,DRL,732.4909423828125,0.6040166095347674,0.6020431756973267,1212.7,1212.7,1.0,21.2,907.7,305.0
85,10,0.33,0.1,5,5,6,6.0,5.5,0.19,0.5,42,1,[0.1],0.1,0.2442732516826255,10,7.778174593052023,0.07071067811865475,0.38890872965260115,0.07071067811865475,0.17272727272727273,20260921T213417946637Z_9d5e65dd,2,5760.0,50,True,79,stationary,HEUR,377.9768981933594,0.553163907790662,0.5484454751014709,683.3,683.3,1.0,8.8,351.7,331.6
85,10,0.33,0.1,5,5,6,6.0,5.5,0.19,0.5,42,1,[0.1],0.1,0.2442732516826255,10,7.778174593052023,0.07071067811865475,0.38890872965260115,0.07071067811865475,0.17272727272727273,20260921T213417946637Z_9d5e65dd,2,5760.0,50,True,79,stationary,HEUR_VOR,188.61044006347657,0.46616520035461334,0.4604636013507843,404.6,404.6,1.0,4.2,149.7,254.9
85,10,0.33,0.1,5,5,6,6.0,5.5,0.19,0.5,42,1,[0.1],0.1,0.2442732516826255,10,7.778174593052023,0.07071067811865475,0.38890872965260115,0.07071067811865475,0.17272727272727273,20260921T213417946637Z_9d5e65dd,2,5760.0,50,True,79,stationary,FOUR_ZONE,94.87615051269532,0.3735281516247847,0.3563595819284545,254.0,254.0,1.0,1.2,47.7,206.3
85,10,0.33,0.1,5,5,6,6.0,5.5,0.19,0.5,42,1,[0.1],0.1,0.2442732516826255,10,7.778174593052023,0.07071067811865475,0.38890872965260115,0.07071067811865475,0.17272727272727273,20260921T213417946637Z_9d5e65dd,2,5760.0,50,True,79,stationary,PURE,43.2,0.1847733105218135,0.18373827772345533,233.8,233.8,1.0,0.0,0.0,233.8
85,10,0.33,0.1,5,5,6,6.0,5.5,0.19,0.5,42,1,[0.1],0.1,0.2442732516826255,10,7.778174593052023,0.07071067811865475,0.38890872965260115,0.07071067811865475,0.17272727272727273,20260921T213417946637Z_9d5e65dd,2,5760.0,50,True,79,stationary,PURE_OR,43.2,0.2169763937719739,0.2154468511187857,199.1,199.1,1.0,0.0,0.0,199.1
86,10,0.33,0.15,5,5,6,6.0,5.5,0.19,0.5,42,1,[0.15],0.15,0.2442732516826255,10,7.778174593052023,0.10606601717798211,0.5833630944789017,0.10606601717798211,0.17272727272727273,20260921T213417946637Z_9d5e65dd,2,5760.0,50,True,79,stationary,DRL,2521.73857421875,0.6370439747931667,0.6437548875808716,3958.5,3508.125,0.8,75.4,3446.0,512.5
86,10,0.33,0.15,5,5,6,6.0,5.5,0.19,0.5,42,1,[0.15],0.15,0.2442732516826255,10,7.778174593052023,0.10606601717798211,0.5833630944789017,0.10606601717798211,0.17272727272727273,20260921T213417946637Z_9d5e65dd,2,5760.0,50,True,79,stationary,HEUR,536.3376831054687,0.5915271678675071,0.591385018825531,906.7,906.7,1.0,16.0,526.1,380.6
86,10,0.33,0.15,5,5,6,6.0,5.5,0.19,0.5,42,1,[0.15],0.15,0.2442732516826255,10,7.778174593052023,0.10606601717798211,0.5833630944789017,0.10606601717798211,0.17272727272727273,20260921T213417946637Z_9d5e65dd,2,5760.0,50,True,79,stationary,HEUR_VOR,286.23670349121096,0.5745417573087334,0.5653499841690064,498.2,498.2,1.0,7.0,247.3,250.9
86,10,0.33,0.15,5,5,6,6.0,5.5,0.19,0.5,42,1,[0.15],0.15,0.2442732516826255,10,7.778174593052023,0.10606601717798211,0.5833630944789017,0.10606601717798211,0.17272727272727273,20260921T213417946637Z_9d5e65dd,2,5760.0,50,True,79,stationary,FOUR_ZONE,104.6198944091797,0.3933078737187206,0.37545433519383536,266.0,266.0,1.0,1.6,58.3,207.7
86,10,0.33,0.15,5,5,6,6.0,5.5,0.19,0.5,42,1,[0.15],0.15,0.2442732516826255,10,7.778174593052023,0.10606601717798211,0.5833630944789017,0.10606601717798211,0.17272727272727273,20260921T213417946637Z_9d5e65dd,2,5760.0,50,True,79,stationary,PURE,43.2,0.1847733105218135,0.18373827772345533,233.8,233.8,1.0,0.0,0.0,233.8
86,10,0.33,0.15,5,5,6,6.0,5.5,0.19,0.5,42,1,[0.15],0.15,0.2442732516826255,10,7.778174593052023,0.10606601717798211,0.5833630944789017,0.10606601717798211,0.17272727272727273,20260921T213417946637Z_9d5e65dd,2,5760.0,50,True,79,stationary,PURE_OR,43.2,0.2169763937719739,0.2154468511187857,199.1,199.1,1.0,0.0,0.0,199.1
87,10,0.33,0.2,5,5,6,6.0,5.5,0.19,0.5,42,1,[0.2],0.2,0.2442732516826255,10,7.778174593052023,0.1414213562373095,0.7778174593052023,0.1414213562373095,0.17272727272727273,20260921T213417946637Z_9d5e65dd,2,5760.0,50,True,79,stationary,DRL,3439.9821533203126,0.689665420982841,0.6901317954063415,4987.9,3829.75,0.4,94.6,4311.5,676.4
87,10,0.33,0.2,5,5,6,6.0,5.5,0.19,0.5,42,1,[0.2],0.2,0.2442732516826255,10,7.778174593052023,0.1414213562373095,0.7778174593052023,0.1414213562373095,0.17272727272727273,20260921T213417946637Z_9d5e65dd,2,5760.0,50,True,79,stationary,HEUR,830.9808959960938,0.6687975018077214,0.6629280686378479,1242.5,1242.5,1.0,24.2,838.9,403.6
87,10,0.33,0.2,5,5,6,6.0,5.5,0.19,0.5,42,1,[0.2],0.2,0.2442732516826255,10,7.778174593052023,0.1414213562373095,0.7778174593052023,0.1414213562373095,0.17272727272727273,20260921T213417946637Z_9d5e65dd,2,5760.0,50,True,79,stationary,HEUR_VOR,370.4594421386719,0.6237741069854721,0.600419569015503,593.9,593.9,1.0,10.8,355.3,238.6
87,10,0.33,0.2,5,5,6,6.0,5.5,0.19,0.5,42,1,[0.2],0.2,0.2442732516826255,10,7.778174593052023,0.1414213562373095,0.7778174593052023,0.1414213562373095,0.17272727272727273,20260921T213417946637Z_9d5e65dd,2,5760.0,50,True,79,stationary,FOUR_ZONE,109.99189910888671,0.39794464221739045,0.3984732925891876,276.4,276.4,1.0,2.0,65.3,211.1
87,10,0.33,0.2,5,5,6,6.0,5.5,0.19,0.5,42,1,[0.2],0.2,0.2442732516826255,10,7.778174593052023,0.1414213562373095,0.7778174593052023,0.1414213562373095,0.17272727272727273,20260921T213417946637Z_9d5e65dd,2,5760.0,50,True,79,stationary,PURE,43.2,0.1847733105218135,0.18373827772345533,233.8,233.8,1.0,0.0,0.0,233.8
87,10,0.33,0.2,5,5,6,6.0,5.5,0.19,0.5,42,1,[0.2],0.2,0.2442732516826255,10,7.778174593052023,0.1414213562373095,0.7778174593052023,0.1414213562373095,0.17272727272727273,20260921T213417946637Z_9d5e65dd,2,5760.0,50,True,79,stationary,PURE_OR,43.2,0.2169763937719739,0.2154468511187857,199.1,199.1,1.0,0.0,0.0,199.1
88,10,0.33,0.25,5,5,6,6.0,5.5,0.19,0.5,42,1,"[0.25, 0.3, 0.35, 0.4]",0.2442732516826255,0.2442732516826255,10,7.778174593052023,0.17677669529663687,0.9722718241315028,0.17272727272727273,0.17272727272727273,20260921T213417946637Z_9d5e65dd,2,5760.0,50,True,79,stationary,DRL,4433.63193359375,0.7697277662489149,0.7697277665138245,5760.0,,0.0,140.2,5378.4,381.6
88,10,0.33,0.25,5,5,6,6.0,5.5,0.19,0.5,42,1,"[0.25, 0.3, 0.35, 0.4]",0.2442732516826255,0.2442732516826255,10,7.778174593052023,0.17677669529663687,0.9722718241315028,0.17272727272727273,0.17272727272727273,20260921T213417946637Z_9d5e65dd,2,5760.0,50,True,79,stationary,HEUR,912.2232421875,0.6689815504455119,0.6652819514274597,1363.6,1363.6,1.0,26.4,950.4,413.2
88,10,0.33,0.25,5,5,6,6.0,5.5,0.19,0.5,42,1,"[0.25, 0.3, 0.35, 0.4]",0.2442732516826255,0.2442732516826255,10,7.778174593052023,0.17677669529663687,0.9722718241315028,0.17272727272727273,0.17272727272727273,20260921T213417946637Z_9d5e65dd,2,5760.0,50,True,79,stationary,HEUR_VOR,471.8300506591797,0.662496560880623,0.6503064751625061,712.2,712.2,1.0,13.4,465.9,246.3
88,10,0.33,0.25,5,5,6,6.0,5.5,0.19,0.5,42,1,"[0.25, 0.3, 0.35, 0.4]",0.2442732516826255,0.2442732516826255,10,7.778174593052023,0.17677669529663687,0.9722718241315028,0.17272727272727273,0.17272727272727273,20260921T213417946637Z_9d5e65dd,2,5760.0,50,True,79,stationary,FOUR_ZONE,147.13975830078124,0.4868952955022543,0.47766061425209044,302.2,302.2,1.0,2.4,103.1,199.1
88,10,0.33,0.25,5,5,6,6.0,5.5,0.19,0.5,42,1,"[0.25, 0.3, 0.35, 0.4]",0.2442732516826255,0.2442732516826255,10,7.778174593052023,0.17677669529663687,0.9722718241315028,0.17272727272727273,0.17272727272727273,20260921T213417946637Z_9d5e65dd,2,5760.0,50,True,79,stationary,PURE,43.2,0.1847733105218135,0.18373827772345533,233.8,233.8,1.0,0.0,0.0,233.8
88,10,0.33,0.25,5,5,6,6.0,5.5,0.19,0.5,42,1,"[0.25, 0.3, 0.35, 0.4]",0.2442732516826255,0.2442732516826255,10,7.778174593052023,0.17677669529663687,0.9722718241315028,0.17272727272727273,0.17272727272727273,20260921T213417946637Z_9d5e65dd,2,5760.0,50,True,79,stationary,PURE_OR,43.2,0.2169763937719739,0.2154468511187857,199.1,199.1,1.0,0.0,0.0,199.1
89,10,0.5,0.1,5,5,6,5.5,5.5,0.19,0.5,42,1,[0.1],0.1,0.2442732516826255,10,7.778174593052023,0.07071067811865475,0.38890872965260115,0.07071067811865475,0.17272727272727273,20260921T213417946637Z_9d5e65dd,2,5760.0,50,True,79,stationary,DRL,765.6150451660156,0.5808474661755676,0.57670578956604,1318.1,1318.1,1.0,23.4,960.8,357.3
89,10,0.5,0.1,5,5,6,5.5,5.5,0.19,0.5,42,1,[0.1],0.1,0.2442732516826255,10,7.778174593052023,0.07071067811865475,0.38890872965260115,0.07071067811865475,0.17272727272727273,20260921T213417946637Z_9d5e65dd,2,5760.0,50,True,79,stationary,HEUR,384.6809997558594,0.534130796661843,0.5159231185913086,720.2,720.2,1.0,10.4,365.7,354.5
89,10,0.5,0.1,5,5,6,5.5,5.5,0.19,0.5,42,1,[0.1],0.1,0.2442732516826255,10,7.778174593052023,0.07071067811865475,0.38890872965260115,0.07071067811865475,0.17272727272727273,20260921T213417946637Z_9d5e65dd,2,5760.0,50,True,79,stationary,HEUR_VOR,219.98130645751954,0.4874391900233094,0.47713087797164916,451.3,451.3,1.0,5.2,174.1,277.2
89,10,0.5,0.1,5,5,6,5.5,5.5,0.19,0.5,42,1,[0.1],0.1,0.2442732516826255,10,7.778174593052023,0.07071067811865475,0.38890872965260115,0.07071067811865475,0.17272727272727273,20260921T213417946637Z_9d5e65dd,2,5760.0,50,True,79,stationary,FOUR_ZONE,85.489697265625,0.31064570227334665,0.30816796679071917,275.2,275.2,1.0,0.4,21.0,254.2
89,10,0.5,0.1,5,5,6,5.5,5.5,0.19,0.5,42,1,[0.1],0.1,0.2442732516826255,10,7.778174593052023,0.07071067811865475,0.38890872965260115,0.07071067811865475,0.17272727272727273,20260921T213417946637Z_9d5e65dd,2,5760.0,50,True,79,stationary,PURE,64.4,0.22877442273534637,0.2272855885843997,281.5,281.5,1.0,0.0,0.0,281.5
89,10,0.5,0.1,5,5,6,5.5,5.5,0.19,0.5,42,1,[0.1],0.1,0.2442732516826255,10,7.778174593052023,0.07071067811865475,0.38890872965260115,0.07071067811865475,0.17272727272727273,20260921T213417946637Z_9d5e65dd,2,5760.0,50,True,79,stationary,PURE_OR,64.4,0.2765135251180764,0.275331215943522,232.9,232.9,1.0,0.0,0.0,232.9
90,10,0.5,0.15,5,5,6,5.5,5.5,0.19,0.5,42,1,[0.15],0.15,0.2442732516826255,10,7.778174593052023,0.10606601717798211,0.5833630944789017,0.10606601717798211,0.17272727272727273,20260921T213417946637Z_9d5e65dd,2,5760.0,50,True,79,stationary,DRL,2275.4292724609377,0.6320636867947048,0.6315819978713989,3600.0,3060.0,0.8,71.2,2998.6,601.4
90,10,0.5,0.15,5,5,6,5.5,5.5,0.19,0.5,42,1,[0.15],0.15,0.2442732516826255,10,7.778174593052023,0.10606601717798211,0.5833630944789017,0.10606601717798211,0.17272727272727273,20260921T213417946637Z_9d5e65dd,2,5760.0,50,True,79,stationary,HEUR,738.8256652832031,0.6236921030585878,0.6172769069671631,1184.6,1184.6,1.0,22.6,806.2,378.4
90,10,0.5,0.15,5,5,6,5.5,5.5,0.19,0.5,42,1,[0.15],0.15,0.2442732516826255,10,7.778174593052023,0.10606601717798211,0.5833630944789017,0.10606601717798211,0.17272727272727273,20260921T213417946637Z_9d5e65dd,2,5760.0,50,True,79,stationary,HEUR_VOR,403.0791290283203,0.5978628434119257,0.5856128096580505,674.2,674.2,1.0,12.2,386.7,287.5
90,10,0.5,0.15,5,5,6,5.5,5.5,0.19,0.5,42,1,[0.15],0.15,0.2442732516826255,10,7.778174593052023,0.10606601717798211,0.5833630944789017,0.10606601717798211,0.17272727272727273,20260921T213417946637Z_9d5e65dd,2,5760.0,50,True,79,stationary,FOUR_ZONE,104.13365783691407,0.36550950451707287,0.36246477074935485,284.9,284.9,1.0,1.0,41.0,243.9
90,10,0.5,0.15,5,5,6,5.5,5.5,0.19,0.5,42,1,[0.15],0.15,0.2442732516826255,10,7.778174593052023,0.10606601717798211,0.5833630944789017,0.10606601717798211,0.17272727272727273,20260921T213417946637Z_9d5e65dd,2,5760.0,50,True,79,stationary,PURE,64.4,0.22877442273534637,0.2272855885843997,281.5,281.5,1.0,0.0,0.0,281.5
90,10,0.5,0.15,5,5,6,5.5,5.5,0.19,0.5,42,1,[0.15],0.15,0.2442732516826255,10,7.778174593052023,0.10606601717798211,0.5833630944789017,0.10606601717798211,0.17272727272727273,20260921T213417946637Z_9d5e65dd,2,5760.0,50,True,79,stationary,PURE_OR,64.4,0.2765135251180764,0.275331215943522,232.9,232.9,1.0,0.0,0.0,232.9
91,10,0.5,0.2,5,5,6,5.5,5.5,0.19,0.5,42,1,[0.2],0.2,0.2442732516826255,10,7.778174593052023,0.1414213562373095,0.7778174593052023,0.1414213562373095,0.17272727272727273,20260921T213417946637Z_9d5e65dd,2,5760.0,50,True,79,stationary,DRL,3716.0880859375,0.6614021688951678,0.6611443996429444,5618.5,5052.5,0.2,123.8,4976.8,641.7
91,10,0.5,0.2,5,5,6,5.5,5.5,0.19,0.5,42,1,[0.2],0.2,0.2442732516826255,10,7.778174593052023,0.1414213562373095,0.7778174593052023,0.1414213562373095,0.17272727272727273,20260921T213417946637Z_9d5e65dd,2,5760.0,50,True,79,stationary,HEUR,1125.7231079101562,0.6553283897486065,0.6517925024032593,1717.8,1717.8,1.0,36.2,1234.9,482.9
91,10,0.5,0.2,5,5,6,5.5,5.5,0.19,0.5,42,1,[0.2],0.2,0.2442732516826255,10,7.778174593052023,0.1414213562373095,0.7778174593052023,0.1414213562373095,0.17272727272727273,20260921T213417946637Z_9d5e65dd,2,5760.0,50,True,79,stationary,HEUR_VOR,549.2210693359375,0.6353048806662088,0.6230576515197754,864.5,864.5,1.0,16.6,564.5,300.0
91,10,0.5,0.2,5,5,6,5.5,5.5,0.19,0.5,42,1,[0.2],0.2,0.2442732516826255,10,7.778174593052023,0.1414213562373095,0.7778174593052023,0.1414213562373095,0.17272727272727273,20260921T213417946637Z_9d5e65dd,2,5760.0,50,True,79,stationary,FOUR_ZONE,136.0876953125,0.41976463699105493,0.410456404164577,324.2,324.2,1.0,1.6,74.2,250.0
91,10,0.5,0.2,5,5,6,5.5,5.5,0.19,0.5,42,1,[0.2],0.2,0.2442732516826255,10,7.778174593052023,0.1414213562373095,0.7778174593052023,0.1414213562373095,0.17272727272727273,20260921T213417946637Z_9d5e65dd,2,5760.0,50,True,79,stationary,PURE,64.4,0.22877442273534637,0.2272855885843997,281.5,281.5,1.0,0.0,0.0,281.5
91,10,0.5,0.2,5,5,6,5.5,5.5,0.19,0.5,42,1,[0.2],0.2,0.2442732516826255,10,7.778174593052023,0.1414213562373095,0.7778174593052023,0.1414213562373095,0.17272727272727273,20260921T213417946637Z_9d5e65dd,2,5760.0,50,True,79,stationary,PURE_OR,64.4,0.2765135251180764,0.275331215943522,232.9,232.9,1.0,0.0,0.0,232.9
92,10,0.5,0.25,5,5,6,5.5,5.5,0.19,0.5,42,1,"[0.25, 0.3, 0.35, 0.4]",0.2442732516826255,0.2442732516826255,10,7.778174593052023,0.17677669529663687,0.9722718241315028,0.17272727272727273,0.17272727272727273,20260921T213417946637Z_9d5e65dd,2,5760.0,50,True,79,stationary,DRL,4334.801806640625,0.7525697580973307,0.7525697708129883,5760.0,,0.0,147.0,5323.2,436.8
92,10,0.5,0.25,5,5,6,5.5,5.5,0.19,0.5,42,1,"[0.25, 0.3, 0.35, 0.4]",0.2442732516826255,0.2442732516826255,10,7.778174593052023,0.17677669529663687,0.9722718241315028,0.17272727272727273,0.17272727272727273,20260921T213417946637Z_9d5e65dd,2,5760.0,50,True,79,stationary,HEUR,1319.0195068359376,0.6454707642945621,0.6421764850616455,2043.5,2043.5,1.0,42.4,1482.2,561.3
92,10,0.5,0.25,5,5,6,5.5,5.5,0.19,0.5,42,1,"[0.25, 0.3, 0.35, 0.4]",0.2442732516826255,0.2442732516826255,10,7.778174593052023,0.17677669529663687,0.9722718241315028,0.17272727272727273,0.17272727272727273,20260921T213417946637Z_9d5e65dd,2,5760.0,50,True,79,stationary,HEUR_VOR,677.8031127929687,0.6607556178523775,0.6581828951835632,1025.8,1025.8,1.0,23.2,734.4,291.4
92,10,0.5,0.25,5,5,6,5.5,5.5,0.19,0.5,42,1,"[0.25, 0.3, 0.35, 0.4]",0.2442732516826255,0.2442732516826255,10,7.778174593052023,0.17677669529663687,0.9722718241315028,0.17272727272727273,0.17272727272727273,20260921T213417946637Z_9d5e65dd,2,5760.0,50,True,79,stationary,FOUR_ZONE,153.90411071777345,0.4573673424005154,0.44506467290237,336.5,336.5,1.0,2.0,93.0,243.5
92,10,0.5,0.25,5,5,6,5.5,5.5,0.19,0.5,42,1,"[0.25, 0.3, 0.35, 0.4]",0.2442732516826255,0.2442732516826255,10,7.778174593052023,0.17677669529663687,0.9722718241315028,0.17272727272727273,0.17272727272727273,20260921T213417946637Z_9d5e65dd,2,5760.0,50,True,79,stationary,PURE,64.4,0.22877442273534637,0.2272855885843997,281.5,281.5,1.0,0.0,0.0,281.5
92,10,0.5,0.25,5,5,6,5.5,5.5,0.19,0.5,42,1,"[0.25, 0.3, 0.35, 0.4]",0.2442732516826255,0.2442732516826255,10,7.778174593052023,0.17677669529663687,0.9722718241315028,0.17272727272727273,0.17272727272727273,20260921T213417946637Z_9d5e65dd,2,5760.0,50,True,79,stationary,PURE_OR,64.4,0.2765135251180764,0.275331215943522,232.9,232.9,1.0,0.0,0.0,232.9
93,10,0.5,0.1,5,5,6,6.0,5.5,0.19,0.5,42,1,[0.1],0.1,0.2442732516826255,10,7.778174593052023,0.07071067811865475,0.38890872965260115,0.07071067811865475,0.17272727272727273,20260921T213417946637Z_9d5e65dd,2,5760.0,50,True,79,stationary,DRL,656.0956726074219,0.6299526381252251,0.6163269639015198,1041.5,1041.5,1.0,19.4,720.8,320.7
93,10,0.5,0.1,5,5,6,6.0,5.5,0.19,0.5,42,1,[0.1],0.1,0.2442732516826255,10,7.778174593052023,0.07071067811865475,0.38890872965260115,0.07071067811865475,0.17272727272727273,20260921T213417946637Z_9d5e65dd,2,5760.0,50,True,79,stationary,HEUR,413.8013488769531,0.5745644944139866,0.5544671237468719,720.2,720.2,1.0,10.4,365.7,354.5
93,10,0.5,0.1,5,5,6,6.0,5.5,0.19,0.5,42,1,[0.1],0.1,0.2442732516826255,10,7.778174593052023,0.07071067811865475,0.38890872965260115,0.07071067811865475,0.17272727272727273,20260921T213417946637Z_9d5e65dd,2,5760.0,50,True,79,stationary,HEUR_VOR,234.12540740966796,0.5187799853970041,0.5073066174983978,451.3,451.3,1.0,5.2,174.1,277.2
93,10,0.5,0.1,5,5,6,6.0,5.5,0.19,0.5,42,1,[0.1],0.1,0.2442732516826255,10,7.778174593052023,0.07071067811865475,0.38890872965260115,0.07071067811865475,0.17272727272727273,20260921T213417946637Z_9d5e65dd,2,5760.0,50,True,79,stationary,FOUR_ZONE,87.40694122314453,0.31761243177014725,0.31490362543634903,275.2,275.2,1.0,0.4,21.0,254.2
93,10,0.5,0.1,5,5,6,6.0,5.5,0.19,0.5,42,1,[0.1],0.1,0.2442732516826255,10,7.778174593052023,0.07071067811865475,0.38890872965260115,0.07071067811865475,0.17272727272727273,20260921T213417946637Z_9d5e65dd,2,5760.0,50,True,79,stationary,PURE,64.4,0.22877442273534637,0.2272855885843997,281.5,281.5,1.0,0.0,0.0,281.5
93,10,0.5,0.1,5,5,6,6.0,5.5,0.19,0.5,42,1,[0.1],0.1,0.2442732516826255,10,7.778174593052023,0.07071067811865475,0.38890872965260115,0.07071067811865475,0.17272727272727273,20260921T213417946637Z_9d5e65dd,2,5760.0,50,True,79,stationary,PURE_OR,64.4,0.2765135251180764,0.275331215943522,232.9,232.9,1.0,0.0,0.0,232.9
94,10,0.5,0.15,5,5,6,6.0,5.5,0.19,0.5,42,1,[0.15],0.15,0.2442732516826255,10,7.778174593052023,0.10606601717798211,0.5833630944789017,0.10606601717798211,0.17272727272727273,20260921T213417946637Z_9d5e65dd,2,5760.0,50,True,79,stationary,DRL,2480.409228515625,0.6580207530217868,0.6832650065422058,3769.5,3271.875,0.8,70.0,3300.9,468.6
94,10,0.5,0.15,5,5,6,6.0,5.5,0.19,0.5,42,1,[0.15],0.15,0.2442732516826255,10,7.778174593052023,0.10606601717798211,0.5833630944789017,0.10606601717798211,0.17272727272727273,20260921T213417946637Z_9d5e65dd,2,5760.0,50,True,79,stationary,HEUR,800.1372314453125,0.6754492921199666,0.6683037996292114,1184.6,1184.6,1.0,22.6,806.2,378.4
94,10,0.5,0.15,5,5,6,6.0,5.5,0.19,0.5,42,1,[0.15],0.15,0.2442732516826255,10,7.778174593052023,0.10606601717798211,0.5833630944789017,0.10606601717798211,0.17272727272727273,20260921T213417946637Z_9d5e65dd,2,5760.0,50,True,79,stationary,HEUR_VOR,433.87176818847655,0.6435356988853108,0.6300639986991883,674.2,674.2,1.0,12.2,386.7,287.5
94,10,0.5,0.15,5,5,6,6.0,5.5,0.19,0.5,42,1,[0.15],0.15,0.2442732516826255,10,7.778174593052023,0.10606601717798211,0.5833630944789017,0.10606601717798211,0.17272727272727273,20260921T213417946637Z_9d5e65dd,2,5760.0,50,True,79,stationary,FOUR_ZONE,107.74582061767578,0.37818820855625057,0.374906358197475,284.9,284.9,1.0,1.0,41.0,243.9
94,10,0.5,0.15,5,5,6,6.0,5.5,0.19,0.5,42,1,[0.15],0.15,0.2442732516826255,10,7.778174593052023,0.10606601717798211,0.5833630944789017,0.10606601717798211,0.17272727272727273,20260921T213417946637Z_9d5e65dd,2,5760.0,50,True,79,stationary,PURE,64.4,0.22877442273534637,0.2272855885843997,281.5,281.5,1.0,0.0,0.0,281.5
94,10,0.5,0.15,5,5,6,6.0,5.5,0.19,0.5,42,1,[0.15],0.15,0.2442732516826255,10,7.778174593052023,0.10606601717798211,0.5833630944789017,0.10606601717798211,0.17272727272727273,20260921T213417946637Z_9d5e65dd,2,5760.0,50,True,79,stationary,PURE_OR,64.4,0.2765135251180764,0.275331215943522,232.9,232.9,1.0,0.0,0.0,232.9
95,10,0.5,0.2,5,5,6,6.0,5.5,0.19,0.5,42,1,[0.2],0.2,0.2442732516826255,10,7.778174593052023,0.1414213562373095,0.7778174593052023,0.1414213562373095,0.17272727272727273,20260921T213417946637Z_9d5e65dd,2,5760.0,50,True,79,stationary,DRL,4285.5076171875,0.7440117390950521,0.7440117239952088,5760.0,,0.0,125.4,5128.6,631.4
95,10,0.5,0.2,5,5,6,6.0,5.5,0.19,0.5,42,1,[0.2],0.2,0.2442732516826255,10,7.778174593052023,0.1414213562373095,0.7778174593052023,0.1414213562373095,0.17272727272727273,20260921T213417946637Z_9d5e65dd,2,5760.0,50,True,79,stationary,HEUR,1222.1909057617188,0.7114861484234013,0.7076215147972107,1717.8,1717.8,1.0,36.2,1234.9,482.9
95,10,0.5,0.2,5,5,6,6.0,5.5,0.19,0.5,42,1,[0.2],0.2,0.2442732516826255,10,7.778174593052023,0.1414213562373095,0.7778174593052023,0.1414213562373095,0.17272727272727273,20260921T213417946637Z_9d5e65dd,2,5760.0,50,True,79,stationary,HEUR_VOR,593.2983459472656,0.6862907414080575,0.6726069569587707,864.5,864.5,1.0,16.6,564.5,300.0
95,10,0.5,0.2,5,5,6,6.0,5.5,0.19,0.5,42,1,[0.2],0.2,0.2442732516826255,10,7.778174593052023,0.1414213562373095,0.7778174593052023,0.1414213562373095,0.17272727272727273,20260921T213417946637Z_9d5e65dd,2,5760.0,50,True,79,stationary,FOUR_ZONE,142.60482482910157,0.43986682550617384,0.42956528373076963,324.2,324.2,1.0,1.6,74.2,250.0
95,10,0.5,0.2,5,5,6,6.0,5.5,0.19,0.5,42,1,[0.2],0.2,0.2442732516826255,10,7.778174593052023,0.1414213562373095,0.7778174593052023,0.1414213562373095,0.17272727272727273,20260921T213417946637Z_9d5e65dd,2,5760.0,50,True,79,stationary,PURE,64.4,0.22877442273534637,0.2272855885843997,281.5,281.5,1.0,0.0,0.0,281.5
95,10,0.5,0.2,5,5,6,6.0,5.5,0.19,0.5,42,1,[0.2],0.2,0.2442732516826255,10,7.778174593052023,0.1414213562373095,0.7778174593052023,0.1414213562373095,0.17272727272727273,20260921T213417946637Z_9d5e65dd,2,5760.0,50,True,79,stationary,PURE_OR,64.4,0.2765135251180764,0.275331215943522,232.9,232.9,1.0,0.0,0.0,232.9
96,10,0.5,0.25,5,5,6,6.0,5.5,0.19,0.5,42,1,"[0.25, 0.3, 0.35, 0.4]",0.2442732516826255,0.2442732516826255,10,7.778174593052023,0.17677669529663687,0.9722718241315028,0.17272727272727273,0.17272727272727273,20260921T213417946637Z_9d5e65dd,2,5760.0,50,True,79,stationary,DRL,4837.45537109375,0.8398360019259983,0.8398360013961792,5760.0,,0.0,151.8,5392.9,367.1
96,10,0.5,0.25,5,5,6,6.0,5.5,0.19,0.5,42,1,"[0.25, 0.3, 0.35, 0.4]",0.2442732516826255,0.2442732516826255,10,7.778174593052023,0.17677669529663687,0.9722718241315028,0.17272727272727273,0.17272727272727273,20260921T213417946637Z_9d5e65dd,2,5760.0,50,True,79,stationary,HEUR,1433.0533935546875,0.701273987548171,0.6976372718811035,2043.5,2043.5,1.0,42.4,1482.2,561.3
96,10,0.5,0.25,5,5,6,6.0,5.5,0.19,0.5,42,1,"[0.25, 0.3, 0.35, 0.4]",0.2442732516826255,0.2442732516826255,10,7.778174593052023,0.17677669529663687,0.9722718241315028,0.17272727272727273,0.17272727272727273,20260921T213417946637Z_9d5e65dd,2,5760.0,50,True,79,stationary,HEUR_VOR,733.5704711914062,0.7151203657549291,0.7122828841209412,1025.8,1025.8,1.0,23.2,734.4,291.4
96,10,0.5,0.25,5,5,6,6.0,5.5,0.19,0.5,42,1,"[0.25, 0.3, 0.35, 0.4]",0.2442732516826255,0.2442732516826255,10,7.778174593052023,0.17677669529663687,0.9722718241315028,0.17272727272727273,0.17272727272727273,20260921T213417946637Z_9d5e65dd,2,5760.0,50,True,79,stationary,FOUR_ZONE,162.04094543457032,0.4815481290774749,0.467864886000896,336.5,336.5,1.0,2.0,93.0,243.5
96,10,0.5,0.25,5,5,6,6.0,5.5,0.19,0.5,42,1,"[0.25, 0.3, 0.35, 0.4]",0.2442732516826255,0.2442732516826255,10,7.778174593052023,0.17677669529663687,0.9722718241315028,0.17272727272727273,0.17272727272727273,20260921T213417946637Z_9d5e65dd,2,5760.0,50,True,79,stationary,PURE,64.4,0.22877442273534637,0.2272855885843997,281.5,281.5,1.0,0.0,0.0,281.5
96,10,0.5,0.25,5,5,6,6.0,5.5,0.19,0.5,42,1,"[0.25, 0.3, 0.35, 0.4]",0.2442732516826255,0.2442732516826255,10,7.778174593052023,0.17677669529663687,0.9722718241315028,0.17272727272727273,0.17272727272727273,20260921T213417946637Z_9d5e65dd,2,5760.0,50,True,79,stationary,PURE_OR,64.4,0.2765135251180764,0.275331215943522,232.9,232.9,1.0,0.0,0.0,232.9
97,10,0.67,0.1,5,5,6,5.5,5.5,0.19,0.5,42,1,[0.1],0.1,0.2442732516826255,10,7.778174593052023,0.07071067811865475,0.38890872965260115,0.07071067811865475,0.17272727272727273,20260921T213417946637Z_9d5e65dd,2,5760.0,50,True,79,stationary,DRL,1044.7583618164062,0.5995055728561464,0.5959175825119019,1742.7,1742.7,1.0,35.6,1284.7,458.0
97,10,0.67,0.1,5,5,6,5.5,5.5,0.19,0.5,42,1,[0.1],0.1,0.2442732516826255,10,7.778174593052023,0.07071067811865475,0.38890872965260115,0.07071067811865475,0.17272727272727273,20260921T213417946637Z_9d5e65dd,2,5760.0,50,True,79,stationary,HEUR,594.800537109375,0.572639392615168,0.5666330814361572,1038.7,1038.7,1.0,19.2,586.2,452.5
97,10,0.67,0.1,5,5,6,5.5,5.5,0.19,0.5,42,1,[0.1],0.1,0.2442732516826255,10,7.778174593052023,0.07071067811865475,0.38890872965260115,0.07071067811865475,0.17272727272727273,20260921T213417946637Z_9d5e65dd,2,5760.0,50,True,79,stationary,HEUR_VOR,297.6736267089844,0.5063337756573981,0.5042143166065216,587.9,587.9,1.0,7.8,238.1,349.8
97,10,0.67,0.1,5,5,6,5.5,5.5,0.19,0.5,42,1,[0.1],0.1,0.2442732516826255,10,7.778174593052023,0.07071067811865475,0.38890872965260115,0.07071067811865475,0.17272727272727273,20260921T213417946637Z_9d5e65dd,2,5760.0,50,True,79,stationary,FOUR_ZONE,111.82693023681641,0.3396929837084338,0.3387262319443199,329.2,329.2,1.0,0.8,26.8,302.4
97,10,0.67,0.1,5,5,6,5.5,5.5,0.19,0.5,42,1,[0.1],0.1,0.2442732516826255,10,7.778174593052023,0.07071067811865475,0.38890872965260115,0.07071067811865475,0.17272727272727273,20260921T213417946637Z_9d5e65dd,2,5760.0,50,True,79,stationary,PURE,85.6,0.2575210589651023,0.2594351070775064,332.4,332.4,1.0,0.0,0.0,332.4
97,10,0.67,0.1,5,5,6,5.5,5.5,0.19,0.5,42,1,[0.1],0.1,0.2442732516826255,10,7.778174593052023,0.07071067811865475,0.38890872965260115,0.07071067811865475,0.17272727272727273,20260921T213417946637Z_9d5e65dd,2,5760.0,50,True,79,stationary,PURE_OR,85.6,0.31082062454611475,0.310014222554246,275.4,275.4,1.0,0.0,0.0,275.4
98,10,0.67,0.15,5,5,6,5.5,5.5,0.19,0.5,42,1,[0.15],0.15,0.2442732516826255,10,7.778174593052023,0.10606601717798211,0.5833630944789017,0.10606601717798211,0.17272727272727273,20260921T213417946637Z_9d5e65dd,2,5760.0,50,True,79,stationary,DRL,2885.599560546875,0.65568396476786,0.6590122222900391,4400.9,4061.125,0.8,93.6,3858.2,542.7
98,10,0.67,0.15,5,5,6,5.5,5.5,0.19,0.5,42,1,[0.15],0.15,0.2442732516826255,10,7.778174593052023,0.10606601717798211,0.5833630944789017,0.10606601717798211,0.17272727272727273,20260921T213417946637Z_9d5e65dd,2,5760.0,50,True,79,stationary,HEUR,831.165869140625,0.605056321715531,0.6026394486427307,1373.7,1373.7,1.0,25.8,880.7,493.0
98,10,0.67,0.15,5,5,6,5.5,5.5,0.19,0.5,42,1,[0.15],0.15,0.2442732516826255,10,7.778174593052023,0.10606601717798211,0.5833630944789017,0.10606601717798211,0.17272727272727273,20260921T213417946637Z_9d5e65dd,2,5760.0,50,True,79,stationary,HEUR_VOR,518.2399230957031,0.603235855075897,0.5865011811256409,859.1,859.1,1.0,16.0,491.8,367.3
98,10,0.67,0.15,5,5,6,5.5,5.5,0.19,0.5,42,1,[0.15],0.15,0.2442732516826255,10,7.778174593052023,0.10606601717798211,0.5833630944789017,0.10606601717798211,0.17272727272727273,20260921T213417946637Z_9d5e65dd,2,5760.0,50,True,79,stationary,FOUR_ZONE,117.2037368774414,0.34757929085836714,0.3501937687397003,337.2,337.2,1.0,1.0,32.9,304.3
98,10,0.67,0.15,5,5,6,5.5,5.5,0.19,0.5,42,1,[0.15],0.15,0.2442732516826255,10,7.778174593052023,0.10606601717798211,0.5833630944789017,0.10606601717798211,0.17272727272727273,20260921T213417946637Z_9d5e65dd,2,5760.0,50,True,79,stationary,PURE,85.6,0.2575210589651023,0.2594351070775064,332.4,332.4,1.0,0.0,0.0,332.4
98,10,0.67,0.15,5,5,6,5.5,5.5,0.19,0.5,42,1,[0.15],0.15,0.2442732516826255,10,7.778174593052023,0.10606601717798211,0.5833630944789017,0.10606601717798211,0.17272727272727273,20260921T213417946637Z_9d5e65dd,2,5760.0,50,True,79,stationary,PURE_OR,85.6,0.31082062454611475,0.310014222554246,275.4,275.4,1.0,0.0,0.0,275.4
99,10,0.67,0.2,5,5,6,5.5,5.5,0.19,0.5,42,1,[0.2],0.2,0.2442732516826255,10,7.778174593052023,0.1414213562373095,0.7778174593052023,0.1414213562373095,0.17272727272727273,20260921T213417946637Z_9d5e65dd,2,5760.0,50,True,79,stationary,DRL,3844.24638671875,0.6674038865831163,0.6674038767814636,5760.0,,0.0,125.4,5194.0,566.0
99,10,0.67,0.2,5,5,6,5.5,5.5,0.19,0.5,42,1,[0.2],0.2,0.2442732516826255,10,7.778174593052023,0.1414213562373095,0.7778174593052023,0.1414213562373095,0.17272727272727273,20260921T213417946637Z_9d5e65dd,2,5760.0,50,True,79,stationary,HEUR,1212.38955078125,0.6389404747200264,0.6364169478416443,1897.5,1897.5,1.0,41.0,1335.6,561.9
99,10,0.67,0.2,5,5,6,5.5,5.5,0.19,0.5,42,1,[0.2],0.2,0.2442732516826255,10,7.778174593052023,0.1414213562373095,0.7778174593052023,0.1414213562373095,0.17272727272727273,20260921T213417946637Z_9d5e65dd,2,5760.0,50,True,79,stationary,HEUR_VOR,662.4134948730468,0.646951357430459,0.6429643511772156,1023.9,1023.9,1.0,20.8,684.4,339.5
99,10,0.67,0.2,5,5,6,5.5,5.5,0.19,0.5,42,1,[0.2],0.2,0.2442732516826255,10,7.778174593052023,0.1414213562373095,0.7778174593052023,0.1414213562373095,0.17272727272727273,20260921T213417946637Z_9d5e65dd,2,5760.0,50,True,79,stationary,FOUR_ZONE,136.283935546875,0.3888272055545649,0.390573650598526,350.5,350.5,1.0,1.6,54.0,296.5
99,10,0.67,0.2,5,5,6,5.5,5.5,0.19,0.5,42,1,[0.2],0.2,0.2442732516826255,10,7.778174593052023,0.1414213562373095,0.7778174593052023,0.1414213562373095,0.17272727272727273,20260921T213417946637Z_9d5e65dd,2,5760.0,50,True,79,stationary,PURE,85.6,0.2575210589651023,0.2594351070775064,332.4,332.4,1.0,0.0,0.0,332.4
99,10,0.67,0.2,5,5,6,5.5,5.5,0.19,0.5,42,1,[0.2],0.2,0.2442732516826255,10,7.778174593052023,0.1414213562373095,0.7778174593052023,0.1414213562373095,0.17272727272727273,20260921T213417946637Z_9d5e65dd,2,5760.0,50,True,79,stationary,PURE_OR,85.6,0.31082062454611475,0.310014222554246,275.4,275.4,1.0,0.0,0.0,275.4
100,10,0.67,0.25,5,5,6,5.5,5.5,0.19,0.5,42,1,"[0.25, 0.3, 0.35, 0.4]",0.2442732516826255,0.2442732516826255,10,7.778174593052023,0.17677669529663687,0.9722718241315028,0.17272727272727273,0.17272727272727273,20260921T213417946637Z_9d5e65dd,2,5760.0,50,True,79,stationary,DRL,4301.00283203125,0.7467018805609809,0.7467018842697144,5760.0,,0.0,132.2,5290.4,469.6
100,10,0.67,0.25,5,5,6,5.5,5.5,0.19,0.5,42,1,"[0.25, 0.3, 0.35, 0.4]",0.2442732516826255,0.2442732516826255,10,7.778174593052023,0.17677669529663687,0.9722718241315028,0.17272727272727273,0.17272727272727273,20260921T213417946637Z_9d5e65dd,2,5760.0,50,True,79,stationary,HEUR,1659.70810546875,0.6698583789275336,0.6708032727241516,2477.7,2477.7,1.0,54.6,1851.1,626.6
100,10,0.67,0.25,5,5,6,5.5,5.5,0.19,0.5,42,1,"[0.25, 0.3, 0.35, 0.4]",0.2442732516826255,0.2442732516826255,10,7.778174593052023,0.17677669529663687,0.9722718241315028,0.17272727272727273,0.17272727272727273,20260921T213417946637Z_9d5e65dd,2,5760.0,50,True,79,stationary,HEUR_VOR,765.9760009765625,0.657264459392966,0.6549553990364074,1165.4,1165.4,1.0,24.2,801.2,364.2
100,10,0.67,0.25,5,5,6,5.5,5.5,0.19,0.5,42,1,"[0.25, 0.3, 0.35, 0.4]",0.2442732516826255,0.2442732516826255,10,7.778174593052023,0.17677669529663687,0.9722718241315028,0.17272727272727273,0.17272727272727273,20260921T213417946637Z_9d5e65dd,2,5760.0,50,True,79,stationary,FOUR_ZONE,168.10094299316407,0.45444969719698314,0.4529365003108978,369.9,369.9,1.0,2.6,88.3,281.6
100,10,0.67,0.25,5,5,6,5.5,5.5,0.19,0.5,42,1,"[0.25, 0.3, 0.35, 0.4]",0.2442732516826255,0.2442732516826255,10,7.778174593052023,0.17677669529663687,0.9722718241315028,0.17272727272727273,0.17272727272727273,20260921T213417946637Z_9d5e65dd,2,5760.0,50,True,79,stationary,PURE,85.6,0.2575210589651023,0.2594351070775064,332.4,332.4,1.0,0.0,0.0,332.4
100,10,0.67,0.25,5,5,6,5.5,5.5,0.19,0.5,42,1,"[0.25, 0.3, 0.35, 0.4]",0.2442732516826255,0.2442732516826255,10,7.778174593052023,0.17677669529663687,0.9722718241315028,0.17272727272727273,0.17272727272727273,20260921T213417946637Z_9d5e65dd,2,5760.0,50,True,79,stationary,PURE_OR,85.6,0.31082062454611475,0.310014222554246,275.4,275.4,1.0,0.0,0.0,275.4
101,10,0.67,0.1,5,5,6,6.0,5.5,0.19,0.5,42,1,[0.1],0.1,0.2442732516826255,10,7.778174593052023,0.07071067811865475,0.38890872965260115,0.07071067811865475,0.17272727272727273,20260921T213417946637Z_9d5e65dd,2,5760.0,50,True,79,stationary,DRL,1163.0042724609375,0.6470121126347358,0.6423441290855407,1797.5,1797.5,1.0,36.6,1364.1,433.4
101,10,0.67,0.1,5,5,6,6.0,5.5,0.19,0.5,42,1,[0.1],0.1,0.2442732516826255,10,7.778174593052023,0.07071067811865475,0.38890872965260115,0.07071067811865475,0.17272727272727273,20260921T213417946637Z_9d5e65dd,2,5760.0,50,True,79,stationary,HEUR,641.0946228027344,0.6172086481204722,0.6105286002159118,1038.7,1038.7,1.0,19.2,586.2,452.5
101,10,0.67,0.1,5,5,6,6.0,5.5,0.19,0.5,42,1,[0.1],0.1,0.2442732516826255,10,7.778174593052023,0.07071067811865475,0.38890872965260115,0.07071067811865475,0.17272727272727273,20260921T213417946637Z_9d5e65dd,2,5760.0,50,True,79,stationary,HEUR_VOR,316.9540740966797,0.5391292296252419,0.5366031289100647,587.9,587.9,1.0,7.8,238.1,349.8
101,10,0.67,0.1,5,5,6,6.0,5.5,0.19,0.5,42,1,[0.1],0.1,0.2442732516826255,10,7.778174593052023,0.07071067811865475,0.38890872965260115,0.07071067811865475,0.17272727272727273,20260921T213417946637Z_9d5e65dd,2,5760.0,50,True,79,stationary,FOUR_ZONE,114.2112060546875,0.34693561985020505,0.34581024397587506,329.2,329.2,1.0,0.8,26.8,302.4
101,10,0.67,0.1,5,5,6,6.0,5.5,0.19,0.5,42,1,[0.1],0.1,0.2442732516826255,10,7.778174593052023,0.07071067811865475,0.38890872965260115,0.07071067811865475,0.17272727272727273,20260921T213417946637Z_9d5e65dd,2,5760.0,50,True,79,stationary,PURE,85.6,0.2575210589651023,0.2594351070775064,332.4,332.4,1.0,0.0,0.0,332.4
101,10,0.67,0.1,5,5,6,6.0,5.5,0.19,0.5,42,1,[0.1],0.1,0.2442732516826255,10,7.778174593052023,0.07071067811865475,0.38890872965260115,0.07071067811865475,0.17272727272727273,20260921T213417946637Z_9d5e65dd,2,5760.0,50,True,79,stationary,PURE_OR,85.6,0.31082062454611475,0.310014222554246,275.4,275.4,1.0,0.0,0.0,275.4
102,10,0.67,0.15,5,5,6,6.0,5.5,0.19,0.5,42,1,[0.15],0.15,0.2442732516826255,10,7.778174593052023,0.10606601717798211,0.5833630944789017,0.10606601717798211,0.17272727272727273,20260921T213417946637Z_9d5e65dd,2,5760.0,50,True,79,stationary,DRL,2931.362255859375,0.6967986536070206,0.6924650549888611,4206.9,3818.625,0.8,87.4,3624.0,582.9
102,10,0.67,0.15,5,5,6,6.0,5.5,0.19,0.5,42,1,[0.15],0.15,0.2442732516826255,10,7.778174593052023,0.10606601717798211,0.5833630944789017,0.10606601717798211,0.17272727272727273,20260921T213417946637Z_9d5e65dd,2,5760.0,50,True,79,stationary,HEUR,898.9402221679687,0.6543934062517062,0.6516360521316529,1373.7,1373.7,1.0,25.8,880.7,493.0
102,10,0.67,0.15,5,5,6,6.0,5.5,0.19,0.5,42,1,[0.15],0.15,0.2442732516826255,10,7.778174593052023,0.10606601717798211,0.5833630944789017,0.10606601717798211,0.17272727272727273,20260921T213417946637Z_9d5e65dd,2,5760.0,50,True,79,stationary,HEUR_VOR,557.5733093261719,0.6490202646096751,0.6304087281227112,859.1,859.1,1.0,16.0,491.8,367.3
102,10,0.67,0.15,5,5,6,6.0,5.5,0.19,0.5,42,1,[0.15],0.15,0.2442732516826255,10,7.778174593052023,0.10606601717798211,0.5833630944789017,0.10606601717798211,0.17272727272727273,20260921T213417946637Z_9d5e65dd,2,5760.0,50,True,79,stationary,FOUR_ZONE,120.07680206298828,0.35609965024610996,0.35897799134254454,337.2,337.2,1.0,1.0,32.9,304.3
102,10,0.67,0.15,5,5,6,6.0,5.5,0.19,0.5,42,1,[0.15],0.15,0.2442732516826255,10,7.778174593052023,0.10606601717798211,0.5833630944789017,0.10606601717798211,0.17272727272727273,20260921T213417946637Z_9d5e65dd,2,5760.0,50,True,79,stationary,PURE,85.6,0.2575210589651023,0.2594351070775064,332.4,332.4,1.0,0.0,0.0,332.4
102,10,0.67,0.15,5,5,6,6.0,5.5,0.19,0.5,42,1,[0.15],0.15,0.2442732516826255,10,7.778174593052023,0.10606601717798211,0.5833630944789017,0.10606601717798211,0.17272727272727273,20260921T213417946637Z_9d5e65dd,2,5760.0,50,True,79,stationary,PURE_OR,85.6,0.31082062454611475,0.310014222554246,275.4,275.4,1.0,0.0,0.0,275.4
103,10,0.67,0.2,5,5,6,6.0,5.5,0.19,0.5,42,1,[0.2],0.2,0.2442732516826255,10,7.778174593052023,0.1414213562373095,0.7778174593052023,0.1414213562373095,0.17272727272727273,20260921T213417946637Z_9d5e65dd,2,5760.0,50,True,79,stationary,DRL,4054.841357421875,0.7744898018187136,0.7757109642028809,5235.5,3137.5,0.2,116.8,4448.9,786.6
103,10,0.67,0.2,5,5,6,6.0,5.5,0.19,0.5,42,1,[0.2],0.2,0.2442732516826255,10,7.778174593052023,0.1414213562373095,0.7778174593052023,0.1414213562373095,0.17272727272727273,20260921T213417946637Z_9d5e65dd,2,5760.0,50,True,79,stationary,HEUR,1314.8072021484375,0.6929155215538537,0.6901531934738159,1897.5,1897.5,1.0,41.0,1335.6,561.9
103,10,0.67,0.2,5,5,6,6.0,5.5,0.19,0.5,42,1,[0.2],0.2,0.2442732516826255,10,7.778174593052023,0.1414213562373095,0.7778174593052023,0.1414213562373095,0.17272727272727273,20260921T213417946637Z_9d5e65dd,2,5760.0,50,True,79,stationary,HEUR_VOR,714.8544555664063,0.698168234755744,0.6936992764472961,1023.9,1023.9,1.0,20.8,684.4,339.5
103,10,0.67,0.2,5,5,6,6.0,5.5,0.19,0.5,42,1,[0.2],0.2,0.2442732516826255,10,7.778174593052023,0.1414213562373095,0.7778174593052023,0.1414213562373095,0.17272727272727273,20260921T213417946637Z_9d5e65dd,2,5760.0,50,True,79,stationary,FOUR_ZONE,140.89157257080078,0.40197310291241306,0.4039082705974579,350.5,350.5,1.0,1.6,54.0,296.5
103,10,0.67,0.2,5,5,6,6.0,5.5,0.19,0.5,42,1,[0.2],0.2,0.2442732516826255,10,7.778174593052023,0.1414213562373095,0.7778174593052023,0.1414213562373095,0.17272727272727273,20260921T213417946637Z_9d5e65dd,2,5760.0,50,True,79,stationary,PURE,85.6,0.2575210589651023,0.2594351070775064,332.4,332.4,1.0,0.0,0.0,332.4
103,10,0.67,0.2,5,5,6,6.0,5.5,0.19,0.5,42,1,[0.2],0.2,0.2442732516826255,10,7.778174593052023,0.1414213562373095,0.7778174593052023,0.1414213562373095,0.17272727272727273,20260921T213417946637Z_9d5e65dd,2,5760.0,50,True,79,stationary,PURE_OR,85.6,0.31082062454611475,0.310014222554246,275.4,275.4,1.0,0.0,0.0,275.4
104,10,0.67,0.25,5,5,6,6.0,5.5,0.19,0.5,42,1,"[0.25, 0.3, 0.35, 0.4]",0.2442732516826255,0.2442732516826255,10,7.778174593052023,0.17677669529663687,0.9722718241315028,0.17272727272727273,0.17272727272727273,20260921T213417946637Z_9d5e65dd,2,5760.0,50,True,79,stationary,DRL,4961.02353515625,0.8612888081868489,0.8612887978553772,5760.0,,0.0,143.2,5340.5,419.5
104,10,0.67,0.25,5,5,6,6.0,5.5,0.19,0.5,42,1,"[0.25, 0.3, 0.35, 0.4]",0.2442732516826255,0.2442732516826255,10,7.778174593052023,0.17677669529663687,0.9722718241315028,0.17272727272727273,0.17272727272727273,20260921T213417946637Z_9d5e65dd,2,5760.0,50,True,79,stationary,HEUR,1802.780859375,0.7276025585724664,0.7285897254943847,2477.7,2477.7,1.0,54.6,1851.1,626.6
104,10,0.67,0.25,5,5,6,6.0,5.5,0.19,0.5,42,1,"[0.25, 0.3, 0.35, 0.4]",0.2442732516826255,0.2442732516826255,10,7.778174593052023,0.17677669529663687,0.9722718241315028,0.17272727272727273,0.17272727272727273,20260921T213417946637Z_9d5e65dd,2,5760.0,50,True,79,stationary,HEUR_VOR,827.8279296875,0.7103380210120989,0.7077496767044067,1165.4,1165.4,1.0,24.2,801.2,364.2
104,10,0.67,0.25,5,5,6,6.0,5.5,0.19,0.5,42,1,"[0.25, 0.3, 0.35, 0.4]",0.2442732516826255,0.2442732516826255,10,7.778174593052023,0.17677669529663687,0.9722718241315028,0.17272727272727273,0.17272727272727273,20260921T213417946637Z_9d5e65dd,2,5760.0,50,True,79,stationary,FOUR_ZONE,175.60108184814453,0.4747258227849271,0.47304782271385193,369.9,369.9,1.0,2.6,88.3,281.6
104,10,0.67,0.25,5,5,6,6.0,5.5,0.19,0.5,42,1,"[0.25, 0.3, 0.35, 0.4]",0.2442732516826255,0.2442732516826255,10,7.778174593052023,0.17677669529663687,0.9722718241315028,0.17272727272727273,0.17272727272727273,20260921T213417946637Z_9d5e65dd,2,5760.0,50,True,79,stationary,PURE,85.6,0.2575210589651023,0.2594351070775064,332.4,332.4,1.0,0.0,0.0,332.4
104,10,0.67,0.25,5,5,6,6.0,5.5,0.19,0.5,42,1,"[0.25, 0.3, 0.35, 0.4]",0.2442732516826255,0.2442732516826255,10,7.778174593052023,0.17677669529663687,0.9722718241315028,0.17272727272727273,0.17272727272727273,20260921T213417946637Z_9d5e65dd,2,5760.0,50,True,79,stationary,PURE_OR,85.6,0.31082062454611475,0.310014222554246,275.4,275.4,1.0,0.0,0.0,275.4
105,10,0.83,0.1,5,5,6,5.5,5.5,0.19,0.5,42,1,[0.1],0.1,0.2442732516826255,10,7.778174593052023,0.07071067811865475,0.38890872965260115,0.07071067811865475,0.17272727272727273,20260921T213417946637Z_9d5e65dd,2,5760.0,50,True,79,stationary,DRL,1131.975439453125,0.5934962719305432,0.6003408908843995,1907.3,1907.3,1.0,32.4,1386.9,520.4
105,10,0.83,0.1,5,5,6,5.5,5.5,0.19,0.5,42,1,[0.1],0.1,0.2442732516826255,10,7.778174593052023,0.07071067811865475,0.38890872965260115,0.07071067811865475,0.17272727272727273,20260921T213417946637Z_9d5e65dd,2,5760.0,50,True,79,stationary,HEUR,695.33759765625,0.5935953539834813,0.5948668003082276,1171.4,1171.4,1.0,18.8,673.8,497.6
105,10,0.83,0.1,5,5,6,5.5,5.5,0.19,0.5,42,1,[0.1],0.1,0.2442732516826255,10,7.778174593052023,0.07071067811865475,0.38890872965260115,0.07071067811865475,0.17272727272727273,20260921T213417946637Z_9d5e65dd,2,5760.0,50,True,79,stationary,HEUR_VOR,399.8355224609375,0.5673840250616397,0.5656753063201905,704.7,704.7,1.0,9.8,327.6,377.1
105,10,0.83,0.1,5,5,6,5.5,5.5,0.19,0.5,42,1,[0.1],0.1,0.2442732516826255,10,7.778174593052023,0.07071067811865475,0.38890872965260115,0.07071067811865475,0.17272727272727273,20260921T213417946637Z_9d5e65dd,2,5760.0,50,True,79,stationary,FOUR_ZONE,149.96481323242188,0.4026982095392639,0.4048787130874105,372.4,372.4,1.0,1.0,44.8,327.6
105,10,0.83,0.1,5,5,6,5.5,5.5,0.19,0.5,42,1,[0.1],0.1,0.2442732516826255,10,7.778174593052023,0.07071067811865475,0.38890872965260115,0.07071067811865475,0.17272727272727273,20260921T213417946637Z_9d5e65dd,2,5760.0,50,True,79,stationary,PURE,105.2,0.3001426533523538,0.30346051279269637,350.5,350.5,1.0,0.0,0.0,350.5
105,10,0.83,0.1,5,5,6,5.5,5.5,0.19,0.5,42,1,[0.1],0.1,0.2442732516826255,10,7.778174593052023,0.07071067811865475,0.38890872965260115,0.07071067811865475,0.17272727272727273,20260921T213417946637Z_9d5e65dd,2,5760.0,50,True,79,stationary,PURE_OR,105.2,0.3371794871794872,0.33729165518845217,312.0,312.0,1.0,0.0,0.0,312.0
106,10,0.83,0.15,5,5,6,5.5,5.5,0.19,0.5,42,1,[0.15],0.15,0.2442732516826255,10,7.778174593052023,0.10606601717798211,0.5833630944789017,0.10606601717798211,0.17272727272727273,20260921T213417946637Z_9d5e65dd,2,5760.0,50,True,79,stationary,DRL,3162.852685546875,0.643340049538652,0.6487444162368774,4916.3,4353.833333333333,0.6,100.2,4292.6,623.7
106,10,0.83,0.15,5,5,6,5.5,5.5,0.19,0.5,42,1,[0.15],0.15,0.2442732516826255,10,7.778174593052023,0.10606601717798211,0.5833630944789017,0.10606601717798211,0.17272727272727273,20260921T213417946637Z_9d5e65dd,2,5760.0,50,True,79,stationary,HEUR,1212.8141845703126,0.6499191814856184,0.650206446647644,1866.1,1866.1,1.0,39.4,1256.5,609.6
106,10,0.83,0.15,5,5,6,5.5,5.5,0.19,0.5,42,1,[0.15],0.15,0.2442732516826255,10,7.778174593052023,0.10606601717798211,0.5833630944789017,0.10606601717798211,0.17272727272727273,20260921T213417946637Z_9d5e65dd,2,5760.0,50,True,79,stationary,HEUR_VOR,560.09765625,0.6115270840157222,0.6062029361724853,915.9,915.9,1.0,16.8,539.4,376.5
106,10,0.83,0.15,5,5,6,5.5,5.5,0.19,0.5,42,1,[0.15],0.15,0.2442732516826255,10,7.778174593052023,0.10606601717798211,0.5833630944789017,0.10606601717798211,0.17272727272727273,20260921T213417946637Z_9d5e65dd,2,5760.0,50,True,79,stationary,FOUR_ZONE,157.30308532714844,0.4114650413998128,0.4149093687534332,382.3,382.3,1.0,1.4,53.2,329.1
106,10,0.83,0.15,5,5,6,5.5,5.5,0.19,0.5,42,1,[0.15],0.15,0.2442732516826255,10,7.778174593052023,0.10606601717798211,0.5833630944789017,0.10606601717798211,0.17272727272727273,20260921T213417946637Z_9d5e65dd,2,5760.0,50,True,79,stationary,PURE,105.2,0.3001426533523538,0.30346051279269637,350.5,350.5,1.0,0.0,0.0,350.5
106,10,0.83,0.15,5,5,6,5.5,5.5,0.19,0.5,42,1,[0.15],0.15,0.2442732516826255,10,7.778174593052023,0.10606601717798211,0.5833630944789017,0.10606601717798211,0.17272727272727273,20260921T213417946637Z_9d5e65dd,2,5760.0,50,True,79,stationary,PURE_OR,105.2,0.3420026007802341,0.3420869093236185,307.6,307.6,1.0,0.0,0.0,307.6
107,10,0.83,0.2,5,5,6,5.5,5.5,0.19,0.5,42,1,[0.2],0.2,0.2442732516826255,10,7.778174593052023,0.1414213562373095,0.7778174593052023,0.1414213562373095,0.17272727272727273,20260921T213417946637Z_9d5e65dd,2,5760.0,50,True,79,stationary,DRL,3883.944921875,0.6982623953894972,0.698599898815155,5562.3,4771.5,0.2,124.8,4900.1,662.2
107,10,0.83,0.2,5,5,6,5.5,5.5,0.19,0.5,42,1,[0.2],0.2,0.2442732516826255,10,7.778174593052023,0.1414213562373095,0.7778174593052023,0.1414213562373095,0.17272727272727273,20260921T213417946637Z_9d5e65dd,2,5760.0,50,True,79,stationary,HEUR,1613.62138671875,0.6691914679711152,0.6679445147514343,2411.3,2411.3,1.0,52.4,1734.9,676.4
107,10,0.83,0.2,5,5,6,5.5,5.5,0.19,0.5,42,1,[0.2],0.2,0.2442732516826255,10,7.778174593052023,0.1414213562373095,0.7778174593052023,0.1414213562373095,0.17272727272727273,20260921T213417946637Z_9d5e65dd,2,5760.0,50,True,79,stationary,HEUR_VOR,623.6476013183594,0.6230868231774996,0.6206204533576966,1000.9,1000.9,1.0,21.2,606.8,394.1
107,10,0.83,0.2,5,5,6,5.5,5.5,0.19,0.5,42,1,[0.2],0.2,0.2442732516826255,10,7.778174593052023,0.1414213562373095,0.7778174593052023,0.1414213562373095,0.17272727272727273,20260921T213417946637Z_9d5e65dd,2,5760.0,50,True,79,stationary,FOUR_ZONE,181.59055786132814,0.4637143969901127,0.4654937505722046,391.6,391.6,1.0,2.4,80.4,311.2
107,10,0.83,0.2,5,5,6,5.5,5.5,0.19,0.5,42,1,[0.2],0.2,0.2442732516826255,10,7.778174593052023,0.1414213562373095,0.7778174593052023,0.1414213562373095,0.17272727272727273,20260921T213417946637Z_9d5e65dd,2,5760.0,50,True,79,stationary,PURE,105.2,0.3001426533523538,0.30346051279269637,350.5,350.5,1.0,0.0,0.0,350.5
107,10,0.83,0.2,5,5,6,5.5,5.5,0.19,0.5,42,1,[0.2],0.2,0.2442732516826255,10,7.778174593052023,0.1414213562373095,0.7778174593052023,0.1414213562373095,0.17272727272727273,20260921T213417946637Z_9d5e65dd,2,5760.0,50,True,79,stationary,PURE_OR,105.2,0.3373957665169981,0.33751659185869975,311.8,311.8,1.0,0.0,0.0,311.8
108,10,0.83,0.25,5,5,6,5.5,5.5,0.19,0.5,42,1,"[0.25, 0.3, 0.35, 0.4]",0.2442732516826255,0.2442732516826255,10,7.778174593052023,0.17677669529663687,0.9722718241315028,0.17272727272727273,0.17272727272727273,20260921T213417946637Z_9d5e65dd,2,5760.0,50,True,79,stationary,DRL,4570.09775390625,0.7934197489420572,0.7934197664260865,5760.0,,0.0,141.2,5300.9,459.1
108,10,0.83,0.25,5,5,6,5.5,5.5,0.19,0.5,42,1,"[0.25, 0.3, 0.35, 0.4]",0.2442732516826255,0.2442732516826255,10,7.778174593052023,0.17677669529663687,0.9722718241315028,0.17272727272727273,0.17272727272727273,20260921T213417946637Z_9d5e65dd,2,5760.0,50,True,79,stationary,HEUR,1918.935693359375,0.6574399387965517,0.6609103083610535,2918.8,2918.8,1.0,64.4,2090.3,828.5
108,10,0.83,0.25,5,5,6,5.5,5.5,0.19,0.5,42,1,"[0.25, 0.3, 0.35, 0.4]",0.2442732516826255,0.2442732516826255,10,7.778174593052023,0.17677669529663687,0.9722718241315028,0.17272727272727273,0.17272727272727273,20260921T213417946637Z_9d5e65dd,2,5760.0,50,True,79,stationary,HEUR_VOR,904.8595825195313,0.6990031537423957,0.6975130796432495,1294.5,1294.5,1.0,28.8,914.8,379.7
108,10,0.83,0.25,5,5,6,5.5,5.5,0.19,0.5,42,1,"[0.25, 0.3, 0.35, 0.4]",0.2442732516826255,0.2442732516826255,10,7.778174593052023,0.17677669529663687,0.9722718241315028,0.17272727272727273,0.17272727272727273,20260921T213417946637Z_9d5e65dd,2,5760.0,50,True,79,stationary,FOUR_ZONE,183.6518981933594,0.46259923978176165,0.46309331655502317,397.0,397.0,1.0,2.4,82.9,314.1
108,10,0.83,0.25,5,5,6,5.5,5.5,0.19,0.5,42,1,"[0.25, 0.3, 0.35, 0.4]",0.2442732516826255,0.2442732516826255,10,7.778174593052023,0.17677669529663687,0.9722718241315028,0.17272727272727273,0.17272727272727273,20260921T213417946637Z_9d5e65dd,2,5760.0,50,True,79,stationary,PURE,105.2,0.3001426533523538,0.30346051279269637,350.5,350.5,1.0,0.0,0.0,350.5
108,10,0.83,0.25,5,5,6,5.5,5.5,0.19,0.5,42,1,"[0.25, 0.3, 0.35, 0.4]",0.2442732516826255,0.2442732516826255,10,7.778174593052023,0.17677669529663687,0.9722718241315028,0.17272727272727273,0.17272727272727273,20260921T213417946637Z_9d5e65dd,2,5760.0,50,True,79,stationary,PURE_OR,105.2,0.3373957665169981,0.33751659185869975,311.8,311.8,1.0,0.0,0.0,311.8
109,10,0.83,0.1,5,5,6,6.0,5.5,0.19,0.5,42,1,[0.1],0.1,0.2442732516826255,10,7.778174593052023,0.07071067811865475,0.38890872965260115,0.07071067811865475,0.17272727272727273,20260921T213417946637Z_9d5e65dd,2,5760.0,50,True,79,stationary,DRL,1273.5003784179687,0.6583779033334896,0.6601183414459229,1934.3,1934.3,1.0,36.0,1371.1,563.2
109,10,0.83,0.1,5,5,6,6.0,5.5,0.19,0.5,42,1,[0.1],0.1,0.2442732516826255,10,7.778174593052023,0.07071067811865475,0.38890872965260115,0.07071067811865475,0.17272727272727273,20260921T213417946637Z_9d5e65dd,2,5760.0,50,True,79,stationary,HEUR,748.9882080078125,0.6393957725864884,0.6407213687896729,1171.4,1171.4,1.0,18.8,673.8,497.6
109,10,0.83,0.1,5,5,6,6.0,5.5,0.19,0.5,42,1,[0.1],0.1,0.2442732516826255,10,7.778174593052023,0.07071067811865475,0.38890872965260115,0.07071067811865475,0.17272727272727273,20260921T213417946637Z_9d5e65dd,2,5760.0,50,True,79,stationary,HEUR_VOR,426.6236877441406,0.605397598615213,0.6035157203674316,704.7,704.7,1.0,9.8,327.6,377.1
109,10,0.83,0.1,5,5,6,6.0,5.5,0.19,0.5,42,1,[0.1],0.1,0.2442732516826255,10,7.778174593052023,0.07071067811865475,0.38890872965260115,0.07071067811865475,0.17272727272727273,20260921T213417946637Z_9d5e65dd,2,5760.0,50,True,79,stationary,FOUR_ZONE,154.03436889648438,0.4136261248562953,0.4159753276866384,372.4,372.4,1.0,1.0,44.8,327.6
109,10,0.83,0.1,5,5,6,6.0,5.5,0.19,0.5,42,1,[0.1],0.1,0.2442732516826255,10,7.778174593052023,0.07071067811865475,0.38890872965260115,0.07071067811865475,0.17272727272727273,20260921T213417946637Z_9d5e65dd,2,5760.0,50,True,79,stationary,PURE,105.2,0.3001426533523538,0.30346051279269637,350.5,350.5,1.0,0.0,0.0,350.5
109,10,0.83,0.1,5,5,6,6.0,5.5,0.19,0.5,42,1,[0.1],0.1,0.2442732516826255,10,7.778174593052023,0.07071067811865475,0.38890872965260115,0.07071067811865475,0.17272727272727273,20260921T213417946637Z_9d5e65dd,2,5760.0,50,True,79,stationary,PURE_OR,105.2,0.3371794871794872,0.33729165518845217,312.0,312.0,1.0,0.0,0.0,312.0
110,10,0.83,0.15,5,5,6,6.0,5.5,0.19,0.5,42,1,[0.15],0.15,0.2442732516826255,10,7.778174593052023,0.10606601717798211,0.5833630944789017,0.10606601717798211,0.17272727272727273,20260921T213417946637Z_9d5e65dd,2,5760.0,50,True,79,stationary,DRL,3131.905810546875,0.6747179565140409,0.6756616234779358,4641.8,3896.3333333333335,0.6,85.0,3881.6,760.2
110,10,0.83,0.15,5,5,6,6.0,5.5,0.19,0.5,42,1,[0.15],0.15,0.2442732516826255,10,7.778174593052023,0.10606601717798211,0.5833630944789017,0.10606601717798211,0.17272727272727273,20260921T213417946637Z_9d5e65dd,2,5760.0,50,True,79,stationary,HEUR,1313.4890869140625,0.7038685423686096,0.7041702747344971,1866.1,1866.1,1.0,39.4,1256.5,609.6
110,10,0.83,0.15,5,5,6,6.0,5.5,0.19,0.5,42,1,[0.15],0.15,0.2442732516826255,10,7.778174593052023,0.10606601717798211,0.5833630944789017,0.10606601717798211,0.17272727272727273,20260921T213417946637Z_9d5e65dd,2,5760.0,50,True,79,stationary,HEUR_VOR,601.4564636230468,0.6566835501943955,0.6508096337318421,915.9,915.9,1.0,16.8,539.4,376.5
110,10,0.83,0.15,5,5,6,6.0,5.5,0.19,0.5,42,1,[0.15],0.15,0.2442732516826255,10,7.778174593052023,0.10606601717798211,0.5833630944789017,0.10606601717798211,0.17272727272727273,20260921T213417946637Z_9d5e65dd,2,5760.0,50,True,79,stationary,FOUR_ZONE,162.0397705078125,0.4238550104834227,0.42760345339775085,382.3,382.3,1.0,1.4,53.2,329.1
110,10,0.83,0.15,5,5,6,6.0,5.5,0.19,0.5,42,1,[0.15],0.15,0.2442732516826255,10,7.778174593052023,0.10606601717798211,0.5833630944789017,0.10606601717798211,0.17272727272727273,20260921T213417946637Z_9d5e65dd,2,5760.0,50,True,79,stationary,PURE,105.2,0.3001426533523538,0.30346051279269637,350.5,350.5,1.0,0.0,0.0,350.5
110,10,0.83,0.15,5,5,6,6.0,5.5,0.19,0.5,42,1,[0.15],0.15,0.2442732516826255,10,7.778174593052023,0.10606601717798211,0.5833630944789017,0.10606601717798211,0.17272727272727273,20260921T213417946637Z_9d5e65dd,2,5760.0,50,True,79,stationary,PURE_OR,105.2,0.3373957665169981,0.33751659185869975,311.8,311.8,1.0,0.0,0.0,311.8
111,10,0.83,0.2,5,5,6,6.0,5.5,0.19,0.5,42,1,[0.2],0.2,0.2442732516826255,10,7.778174593052023,0.1414213562373095,0.7778174593052023,0.1414213562373095,0.17272727272727273,20260921T213417946637Z_9d5e65dd,2,5760.0,50,True,79,stationary,DRL,4095.651318359375,0.781806806719105,0.7808267831802368,5238.7,4891.166666666667,0.6,114.8,4514.8,723.9
111,10,0.83,0.2,5,5,6,6.0,5.5,0.19,0.5,42,1,[0.2],0.2,0.2442732516826255,10,7.778174593052023,0.1414213562373095,0.7778174593052023,0.1414213562373095,0.17272727272727273,20260921T213417946637Z_9d5e65dd,2,5760.0,50,True,79,stationary,HEUR,1750.73095703125,0.7260527338080082,0.7246614336967468,2411.3,2411.3,1.0,52.4,1734.9,676.4
111,10,0.83,0.2,5,5,6,6.0,5.5,0.19,0.5,42,1,[0.2],0.2,0.2442732516826255,10,7.778174593052023,0.1414213562373095,0.7778174593052023,0.1414213562373095,0.17272727272727273,20260921T213417946637Z_9d5e65dd,2,5760.0,50,True,79,stationary,HEUR_VOR,670.7835205078125,0.6701803581854456,0.6674686551094056,1000.9,1000.9,1.0,21.2,606.8,394.1
111,10,0.83,0.2,5,5,6,6.0,5.5,0.19,0.5,42,1,[0.2],0.2,0.2442732516826255,10,7.778174593052023,0.1414213562373095,0.7778174593052023,0.1414213562373095,0.17272727272727273,20260921T213417946637Z_9d5e65dd,2,5760.0,50,True,79,stationary,FOUR_ZONE,188.53523864746094,0.48144851544295436,0.48345579504966735,391.6,391.6,1.0,2.4,80.4,311.2
111,10,0.83,0.2,5,5,6,6.0,5.5,0.19,0.5,42,1,[0.2],0.2,0.2442732516826255,10,7.778174593052023,0.1414213562373095,0.7778174593052023,0.1414213562373095,0.17272727272727273,20260921T213417946637Z_9d5e65dd,2,5760.0,50,True,79,stationary,PURE,105.2,0.3001426533523538,0.30346051279269637,350.5,350.5,1.0,0.0,0.0,350.5
111,10,0.83,0.2,5,5,6,6.0,5.5,0.19,0.5,42,1,[0.2],0.2,0.2442732516826255,10,7.778174593052023,0.1414213562373095,0.7778174593052023,0.1414213562373095,0.17272727272727273,20260921T213417946637Z_9d5e65dd,2,5760.0,50,True,79,stationary,PURE_OR,105.2,0.3420026007802341,0.3420869093236185,307.6,307.6,1.0,0.0,0.0,307.6
112,10,0.83,0.25,5,5,6,6.0,5.5,0.19,0.5,42,1,"[0.25, 0.3, 0.35, 0.4]",0.2442732516826255,0.2442732516826255,10,7.778174593052023,0.17677669529663687,0.9722718241315028,0.17272727272727273,0.17272727272727273,20260921T213417946637Z_9d5e65dd,2,5760.0,50,True,79,stationary,DRL,4574.629541015625,0.8241239332388667,0.8235862016677856,5550.9,4714.5,0.2,112.8,4807.1,743.8
112,10,0.83,0.25,5,5,6,6.0,5.5,0.19,0.5,42,1,"[0.25, 0.3, 0.35, 0.4]",0.2442732516826255,0.2442732516826255,10,7.778174593052023,0.17677669529663687,0.9722718241315028,0.17272727272727273,0.17272727272727273,20260921T213417946637Z_9d5e65dd,2,5760.0,50,True,79,stationary,HEUR,2083.8114013671875,0.7139274364009824,0.7176911115646363,2918.8,2918.8,1.0,64.4,2090.3,828.5
112,10,0.83,0.25,5,5,6,6.0,5.5,0.19,0.5,42,1,"[0.25, 0.3, 0.35, 0.4]",0.2442732516826255,0.2442732516826255,10,7.778174593052023,0.17677669529663687,0.9722718241315028,0.17272727272727273,0.17272727272727273,20260921T213417946637Z_9d5e65dd,2,5760.0,50,True,79,stationary,HEUR_VOR,977.552099609375,0.755158053000676,0.7534997701644898,1294.5,1294.5,1.0,28.8,914.8,379.7
112,10,0.83,0.25,5,5,6,6.0,5.5,0.19,0.5,42,1,"[0.25, 0.3, 0.35, 0.4]",0.2442732516826255,0.2442732516826255,10,7.778174593052023,0.17677669529663687,0.9722718241315028,0.17272727272727273,0.17272727272727273,20260921T213417946637Z_9d5e65dd,2,5760.0,50,True,79,stationary,FOUR_ZONE,190.78397521972656,0.4805641693192105,0.481146913766861,397.0,397.0,1.0,2.4,82.9,314.1
112,10,0.83,0.25,5,5,6,6.0,5.5,0.19,0.5,42,1,"[0.25, 0.3, 0.35, 0.4]",0.2442732516826255,0.2442732516826255,10,7.778174593052023,0.17677669529663687,0.9722718241315028,0.17272727272727273,0.17272727272727273,20260921T213417946637Z_9d5e65dd,2,5760.0,50,True,79,stationary,PURE,105.2,0.3001426533523538,0.30346051279269637,350.5,350.5,1.0,0.0,0.0,350.5
112,10,0.83,0.25,5,5,6,6.0,5.5,0.19,0.5,42,1,"[0.25, 0.3, 0.35, 0.4]",0.2442732516826255,0.2442732516826255,10,7.778174593052023,0.17677669529663687,0.9722718241315028,0.17272727272727273,0.17272727272727273,20260921T213417946637Z_9d5e65dd,2,5760.0,50,True,79,stationary,PURE_OR,105.2,0.3373957665169981,0.33751659185869975,311.8,311.8,1.0,0.0,0.0,311.8
113,10,1.0,0.1,5,5,6,5.5,5.5,0.19,0.5,42,1,[0.1],0.1,0.2442732516826255,10,7.778174593052023,0.07071067811865475,0.38890872965260115,0.07071067811865475,0.17272727272727273,20260921T213417946637Z_9d5e65dd,2,5760.0,50,True,79,stationary,DRL,1078.9227416992187,0.6179397146043636,0.6197427749633789,1746.0,1746.0,1.0,36.2,1233.5,512.5
113,10,1.0,0.1,5,5,6,5.5,5.5,0.19,0.5,42,1,[0.1],0.1,0.2442732516826255,10,7.778174593052023,0.07071067811865475,0.38890872965260115,0.07071067811865475,0.17272727272727273,20260921T213417946637Z_9d5e65dd,2,5760.0,50,True,79,stationary,HEUR,713.44951171875,0.5915833430503732,0.590043818950653,1206.0,1206.0,1.0,21.0,673.6,532.4
113,10,1.0,0.1,5,5,6,5.5,5.5,0.19,0.5,42,1,[0.1],0.1,0.2442732516826255,10,7.778174593052023,0.07071067811865475,0.38890872965260115,0.07071067811865475,0.17272727272727273,20260921T213417946637Z_9d5e65dd,2,5760.0,50,True,79,stationary,HEUR_VOR,479.5810607910156,0.5997012139439986,0.5928419232368469,799.7,799.7,1.0,11.6,399.2,400.5
113,10,1.0,0.1,5,5,6,5.5,5.5,0.19,0.5,42,1,[0.1],0.1,0.2442732516826255,10,7.778174593052023,0.07071067811865475,0.38890872965260115,0.07071067811865475,0.17272727272727273,20260921T213417946637Z_9d5e65dd,2,5760.0,50,True,79,stationary,FOUR_ZONE,150.44654235839843,0.3804920140576592,0.3786476801091997,395.4,395.4,1.0,0.6,24.3,371.1
113,10,1.0,0.1,5,5,6,5.5,5.5,0.19,0.5,42,1,[0.1],0.1,0.2442732516826255,10,7.778174593052023,0.07071067811865475,0.38890872965260115,0.07071067811865475,0.17272727272727273,20260921T213417946637Z_9d5e65dd,2,5760.0,50,True,79,stationary,PURE,126.4,0.30268199233716475,0.3020488391073032,417.6,417.6,1.0,0.0,0.0,417.6
113,10,1.0,0.1,5,5,6,5.5,5.5,0.19,0.5,42,1,[0.1],0.1,0.2442732516826255,10,7.778174593052023,0.07071067811865475,0.38890872965260115,0.07071067811865475,0.17272727272727273,20260921T213417946637Z_9d5e65dd,2,5760.0,50,True,79,stationary,PURE_OR,126.4,0.36574074074074076,0.36483605402721103,345.6,345.6,1.0,0.0,0.0,345.6
114,10,1.0,0.15,5,5,6,5.5,5.5,0.19,0.5,42,1,[0.15],0.15,0.2442732516826255,10,7.778174593052023,0.10606601717798211,0.5833630944789017,0.10606601717798211,0.17272727272727273,20260921T213417946637Z_9d5e65dd,2,5760.0,50,True,79,stationary,DRL,3100.041796875,0.6975320740892829,0.6972995638847351,4444.3,4444.3,1.0,104.2,3831.3,613.0
114,10,1.0,0.15,5,5,6,5.5,5.5,0.19,0.5,42,1,[0.15],0.15,0.2442732516826255,10,7.778174593052023,0.10606601717798211,0.5833630944789017,0.10606601717798211,0.17272727272727273,20260921T213417946637Z_9d5e65dd,2,5760.0,50,True,79,stationary,HEUR,1372.871240234375,0.6480698830411513,0.6479996323585511,2118.4,2118.4,1.0,45.2,1445.6,672.8
114,10,1.0,0.15,5,5,6,5.5,5.5,0.19,0.5,42,1,[0.15],0.15,0.2442732516826255,10,7.778174593052023,0.10606601717798211,0.5833630944789017,0.10606601717798211,0.17272727272727273,20260921T213417946637Z_9d5e65dd,2,5760.0,50,True,79,stationary,HEUR_VOR,646.4942932128906,0.640029990310752,0.6396185398101807,1010.1,1010.1,1.0,21.0,597.7,412.4
114,10,1.0,0.15,5,5,6,5.5,5.5,0.19,0.5,42,1,[0.15],0.15,0.2442732516826255,10,7.778174593052023,0.10606601717798211,0.5833630944789017,0.10606601717798211,0.17272727272727273,20260921T213417946637Z_9d5e65dd,2,5760.0,50,True,79,stationary,FOUR_ZONE,159.4886688232422,0.3884283215373653,0.3867458277035758,410.6,410.6,1.0,0.8,34.0,376.6
114,10,1.0,0.15,5,5,6,5.5,5.5,0.19,0.5,42,1,[0.15],0.15,0.2442732516826255,10,7.778174593052023,0.10606601717798211,0.5833630944789017,0.10606601717798211,0.17272727272727273,20260921T213417946637Z_9d5e65dd,2,5760.0,50,True,79,stationary,PURE,126.4,0.30268199233716475,0.3020488391073032,417.6,417.6,1.0,0.0,0.0,417.6
114,10,1.0,0.15,5,5,6,5.5,5.5,0.19,0.5,42,1,[0.15],0.15,0.2442732516826255,10,7.778174593052023,0.10606601717798211,0.5833630944789017,0.10606601717798211,0.17272727272727273,20260921T213417946637Z_9d5e65dd,2,5760.0,50,True,79,stationary,PURE_OR,126.4,0.36574074074074076,0.36483605402721103,345.6,345.6,1.0,0.0,0.0,345.6
115,10,1.0,0.2,5,5,6,5.5,5.5,0.19,0.5,42,1,[0.2],0.2,0.2442732516826255,10,7.778174593052023,0.1414213562373095,0.7778174593052023,0.1414213562373095,0.17272727272727273,20260921T213417946637Z_9d5e65dd,2,5760.0,50,True,79,stationary,DRL,4402.48017578125,0.7643194749620226,0.7643194794654846,5760.0,,0.0,145.2,5249.6,510.4
115,10,1.0,0.2,5,5,6,5.5,5.5,0.19,0.5,42,1,[0.2],0.2,0.2442732516826255,10,7.778174593052023,0.1414213562373095,0.7778174593052023,0.1414213562373095,0.17272727272727273,20260921T213417946637Z_9d5e65dd,2,5760.0,50,True,79,stationary,HEUR,1832.6095458984375,0.6702789019781418,0.6679411292076111,2734.1,2734.1,1.0,62.0,1952.1,782.0
115,10,1.0,0.2,5,5,6,5.5,5.5,0.19,0.5,42,1,[0.2],0.2,0.2442732516826255,10,7.778174593052023,0.1414213562373095,0.7778174593052023,0.1414213562373095,0.17272727272727273,20260921T213417946637Z_9d5e65dd,2,5760.0,50,True,79,stationary,HEUR_VOR,879.8729125976563,0.6861677552816472,0.683369493484497,1282.3,1282.3,1.0,29.2,850.7,431.6
115,10,1.0,0.2,5,5,6,5.5,5.5,0.19,0.5,42,1,[0.2],0.2,0.2442732516826255,10,7.778174593052023,0.1414213562373095,0.7778174593052023,0.1414213562373095,0.17272727272727273,20260921T213417946637Z_9d5e65dd,2,5760.0,50,True,79,stationary,FOUR_ZONE,152.6984130859375,0.37768590919104006,0.3770262830544516,404.3,404.3,1.0,0.8,27.8,376.5
115,10,1.0,0.2,5,5,6,5.5,5.5,0.19,0.5,42,1,[0.2],0.2,0.2442732516826255,10,7.778174593052023,0.1414213562373095,0.7778174593052023,0.1414213562373095,0.17272727272727273,20260921T213417946637Z_9d5e65dd,2,5760.0,50,True,79,stationary,PURE,126.4,0.30268199233716475,0.3020488391073032,417.6,417.6,1.0,0.0,0.0,417.6
115,10,1.0,0.2,5,5,6,5.5,5.5,0.19,0.5,42,1,[0.2],0.2,0.2442732516826255,10,7.778174593052023,0.1414213562373095,0.7778174593052023,0.1414213562373095,0.17272727272727273,20260921T213417946637Z_9d5e65dd,2,5760.0,50,True,79,stationary,PURE_OR,126.4,0.36574074074074076,0.36483605402721103,345.6,345.6,1.0,0.0,0.0,345.6
116,10,1.0,0.25,5,5,6,5.5,5.5,0.19,0.5,42,1,"[0.25, 0.3, 0.35, 0.4]",0.2442732516826255,0.2442732516826255,10,7.778174593052023,0.17677669529663687,0.9722718241315028,0.17272727272727273,0.17272727272727273,20260921T213417946637Z_9d5e65dd,2,5760.0,50,True,79,stationary,DRL,4539.1669921875,0.788049825032552,0.7880498170852661,5760.0,,0.0,132.0,5168.0,592.0
116,10,1.0,0.25,5,5,6,5.5,5.5,0.19,0.5,42,1,"[0.25, 0.3, 0.35, 0.4]",0.2442732516826255,0.2442732516826255,10,7.778174593052023,0.17677669529663687,0.9722718241315028,0.17272727272727273,0.17272727272727273,20260921T213417946637Z_9d5e65dd,2,5760.0,50,True,79,stationary,HEUR,2327.6625244140623,0.6634919686488976,0.6616065859794616,3508.2,3508.2,1.0,73.6,2498.3,1009.9
116,10,1.0,0.25,5,5,6,5.5,5.5,0.19,0.5,42,1,"[0.25, 0.3, 0.35, 0.4]",0.2442732516826255,0.2442732516826255,10,7.778174593052023,0.17677669529663687,0.9722718241315028,0.17272727272727273,0.17272727272727273,20260921T213417946637Z_9d5e65dd,2,5760.0,50,True,79,stationary,HEUR_VOR,1042.78720703125,0.7083189831756894,0.7036655664443969,1472.2,1472.2,1.0,34.6,1067.3,404.9
116,10,1.0,0.25,5,5,6,5.5,5.5,0.19,0.5,42,1,"[0.25, 0.3, 0.35, 0.4]",0.2442732516826255,0.2442732516826255,10,7.778174593052023,0.17677669529663687,0.9722718241315028,0.17272727272727273,0.17272727272727273,20260921T213417946637Z_9d5e65dd,2,5760.0,50,True,79,stationary,FOUR_ZONE,174.3698303222656,0.411055705615902,0.40900171399116514,424.2,424.2,1.0,1.6,52.4,371.8
116,10,1.0,0.25,5,5,6,5.5,5.5,0.19,0.5,42,1,"[0.25, 0.3, 0.35, 0.4]",0.2442732516826255,0.2442732516826255,10,7.778174593052023,0.17677669529663687,0.9722718241315028,0.17272727272727273,0.17272727272727273,20260921T213417946637Z_9d5e65dd,2,5760.0,50,True,79,stationary,PURE,126.4,0.30268199233716475,0.3020488391073032,417.6,417.6,1.0,0.0,0.0,417.6
116,10,1.0,0.25,5,5,6,5.5,5.5,0.19,0.5,42,1,"[0.25, 0.3, 0.35, 0.4]",0.2442732516826255,0.2442732516826255,10,7.778174593052023,0.17677669529663687,0.9722718241315028,0.17272727272727273,0.17272727272727273,20260921T213417946637Z_9d5e65dd,2,5760.0,50,True,79,stationary,PURE_OR,126.4,0.36574074074074076,0.36483605402721103,345.6,345.6,1.0,0.0,0.0,345.6
117,10,1.0,0.1,5,5,6,6.0,5.5,0.19,0.5,42,1,[0.1],0.1,0.2442732516826255,10,7.778174593052023,0.07071067811865475,0.38890872965260115,0.07071067811865475,0.17272727272727273,20260921T213417946637Z_9d5e65dd,2,5760.0,50,True,79,stationary,DRL,1268.301513671875,0.6369533515829022,0.646426510810852,1991.2,1991.2,1.0,35.8,1439.8,551.4
117,10,1.0,0.1,5,5,6,6.0,5.5,0.19,0.5,42,1,[0.1],0.1,0.2442732516826255,10,7.778174593052023,0.07071067811865475,0.38890872965260115,0.07071067811865475,0.17272727272727273,20260921T213417946637Z_9d5e65dd,2,5760.0,50,True,79,stationary,HEUR,766.819189453125,0.6358368071750622,0.6340807437896728,1206.0,1206.0,1.0,21.0,673.6,532.4
117,10,1.0,0.1,5,5,6,6.0,5.5,0.19,0.5,42,1,[0.1],0.1,0.2442732516826255,10,7.778174593052023,0.07071067811865475,0.38890872965260115,0.07071067811865475,0.17272727272727273,20260921T213417946637Z_9d5e65dd,2,5760.0,50,True,79,stationary,HEUR_VOR,511.6921081542969,0.6398550808481892,0.63221116065979,799.7,799.7,1.0,11.6,399.2,400.5
117,10,1.0,0.1,5,5,6,6.0,5.5,0.19,0.5,42,1,[0.1],0.1,0.2442732516826255,10,7.778174593052023,0.07071067811865475,0.38890872965260115,0.07071067811865475,0.17272727272727273,20260921T213417946637Z_9d5e65dd,2,5760.0,50,True,79,stationary,FOUR_ZONE,152.63258666992186,0.3860207047797721,0.38403463465517446,395.4,395.4,1.0,0.6,24.3,371.1
117,10,1.0,0.1,5,5,6,6.0,5.5,0.19,0.5,42,1,[0.1],0.1,0.2442732516826255,10,7.778174593052023,0.07071067811865475,0.38890872965260115,0.07071067811865475,0.17272727272727273,20260921T213417946637Z_9d5e65dd,2,5760.0,50,True,79,stationary,PURE,126.4,0.30268199233716475,0.3020488391073032,417.6,417.6,1.0,0.0,0.0,417.6
117,10,1.0,0.1,5,5,6,6.0,5.5,0.19,0.5,42,1,[0.1],0.1,0.2442732516826255,10,7.778174593052023,0.07071067811865475,0.38890872965260115,0.07071067811865475,0.17272727272727273,20260921T213417946637Z_9d5e65dd,2,5760.0,50,True,79,stationary,PURE_OR,126.4,0.36574074074074076,0.36483605402721103,345.6,345.6,1.0,0.0,0.0,345.6
118,10,1.0,0.15,5,5,6,6.0,5.5,0.19,0.5,42,1,[0.15],0.15,0.2442732516826255,10,7.778174593052023,0.10606601717798211,0.5833630944789017,0.10606601717798211,0.17272727272727273,20260921T213417946637Z_9d5e65dd,2,5760.0,50,True,79,stationary,DRL,2669.043603515625,0.7003341826547782,0.7078134536743164,3811.1,3811.1,1.0,67.8,2785.4,1025.7
118,10,1.0,0.15,5,5,6,6.0,5.5,0.19,0.5,42,1,[0.15],0.15,0.2442732516826255,10,7.778174593052023,0.10606601717798211,0.5833630944789017,0.10606601717798211,0.17272727272727273,20260921T213417946637Z_9d5e65dd,2,5760.0,50,True,79,stationary,HEUR,1486.164990234375,0.7015506940305773,0.7014429926872253,2118.4,2118.4,1.0,45.2,1445.6,672.8
118,10,1.0,0.15,5,5,6,6.0,5.5,0.19,0.5,42,1,[0.15],0.15,0.2442732516826255,10,7.778174593052023,0.10606601717798211,0.5833630944789017,0.10606601717798211,0.17272727272727273,20260921T213417946637Z_9d5e65dd,2,5760.0,50,True,79,stationary,HEUR_VOR,693.77919921875,0.6868420940686566,0.6863582611083985,1010.1,1010.1,1.0,21.0,597.7,412.4
118,10,1.0,0.15,5,5,6,6.0,5.5,0.19,0.5,42,1,[0.15],0.15,0.2442732516826255,10,7.778174593052023,0.10606601717798211,0.5833630944789017,0.10606601717798211,0.17272727272727273,20260921T213417946637Z_9d5e65dd,2,5760.0,50,True,79,stationary,FOUR_ZONE,162.49673156738282,0.3957543389366362,0.3939451091576621,410.6,410.6,1.0,0.8,34.0,376.6
118,10,1.0,0.15,5,5,6,6.0,5.5,0.19,0.5,42,1,[0.15],0.15,0.2442732516826255,10,7.778174593052023,0.10606601717798211,0.5833630944789017,0.10606601717798211,0.17272727272727273,20260921T213417946637Z_9d5e65dd,2,5760.0,50,True,79,stationary,PURE,126.4,0.30268199233716475,0.3020488391073032,417.6,417.6,1.0,0.0,0.0,417.6
118,10,1.0,0.15,5,5,6,6.0,5.5,0.19,0.5,42,1,[0.15],0.15,0.2442732516826255,10,7.778174593052023,0.10606601717798211,0.5833630944789017,0.10606601717798211,0.17272727272727273,20260921T213417946637Z_9d5e65dd,2,5760.0,50,True,79,stationary,PURE_OR,126.4,0.36574074074074076,0.36483605402721103,345.6,345.6,1.0,0.0,0.0,345.6
119,10,1.0,0.2,5,5,6,6.0,5.5,0.19,0.5,42,1,[0.2],0.2,0.2442732516826255,10,7.778174593052023,0.1414213562373095,0.7778174593052023,0.1414213562373095,0.17272727272727273,20260921T213417946637Z_9d5e65dd,2,5760.0,50,True,79,stationary,DRL,4631.12744140625,0.8141496477693247,0.8145153641700744,5688.3,5401.5,0.2,134.6,5052.0,636.3
119,10,1.0,0.2,5,5,6,6.0,5.5,0.19,0.5,42,1,[0.2],0.2,0.2442732516826255,10,7.778174593052023,0.1414213562373095,0.7778174593052023,0.1414213562373095,0.17272727272727273,20260921T213417946637Z_9d5e65dd,2,5760.0,50,True,79,stationary,HEUR,1987.707666015625,0.7270062053383655,0.7244402408599854,2734.1,2734.1,1.0,62.0,1952.1,782.0
119,10,1.0,0.2,5,5,6,6.0,5.5,0.19,0.5,42,1,[0.2],0.2,0.2442732516826255,10,7.778174593052023,0.1414213562373095,0.7778174593052023,0.1414213562373095,0.17272727272727273,20260921T213417946637Z_9d5e65dd,2,5760.0,50,True,79,stationary,HEUR_VOR,948.3659912109375,0.7395819942376491,0.7365177154541016,1282.3,1282.3,1.0,29.2,850.7,431.6
119,10,1.0,0.2,5,5,6,6.0,5.5,0.19,0.5,42,1,[0.2],0.2,0.2442732516826255,10,7.778174593052023,0.1414213562373095,0.7778174593052023,0.1414213562373095,0.17272727272727273,20260921T213417946637Z_9d5e65dd,2,5760.0,50,True,79,stationary,FOUR_ZONE,155.08918151855468,0.38359926173275954,0.3828539901066825,404.3,404.3,1.0,0.8,27.8,376.5
119,10,1.0,0.2,5,5,6,6.0,5.5,0.19,0.5,42,1,[0.2],0.2,0.2442732516826255,10,7.778174593052023,0.1414213562373095,0.7778174593052023,0.1414213562373095,0.17272727272727273,20260921T213417946637Z_9d5e65dd,2,5760.0,50,True,79,stationary,PURE,126.4,0.30268199233716475,0.3020488391073032,417.6,417.6,1.0,0.0,0.0,417.6
119,10,1.0,0.2,5,5,6,6.0,5.5,0.19,0.5,42,1,[0.2],0.2,0.2442732516826255,10,7.778174593052023,0.1414213562373095,0.7778174593052023,0.1414213562373095,0.17272727272727273,20260921T213417946637Z_9d5e65dd,2,5760.0,50,True,79,stationary,PURE_OR,126.4,0.36574074074074076,0.36483605402721103,345.6,345.6,1.0,0.0,0.0,345.6
120,10,1.0,0.25,5,5,6,6.0,5.5,0.19,0.5,42,1,"[0.25, 0.3, 0.35, 0.4]",0.2442732516826255,0.2442732516826255,10,7.778174593052023,0.17677669529663687,0.9722718241315028,0.17272727272727273,0.17272727272727273,20260921T213417946637Z_9d5e65dd,2,5760.0,50,True,79,stationary,DRL,4941.61279296875,0.8579188876681858,0.857918894290924,5760.0,,0.0,140.0,5253.8,506.2
120,10,1.0,0.25,5,5,6,6.0,5.5,0.19,0.5,42,1,"[0.25, 0.3, 0.35, 0.4]",0.2442732516826255,0.2442732516826255,10,7.778174593052023,0.17677669529663687,0.9722718241315028,0.17272727272727273,0.17272727272727273,20260921T213417946637Z_9d5e65dd,2,5760.0,50,True,79,stationary,HEUR,2527.8387451171875,0.7205514922516355,0.7184605121612548,3508.2,3508.2,1.0,73.6,2498.3,1009.9
120,10,1.0,0.25,5,5,6,6.0,5.5,0.19,0.5,42,1,"[0.25, 0.3, 0.35, 0.4]",0.2442732516826255,0.2442732516826255,10,7.778174593052023,0.17677669529663687,0.9722718241315028,0.17272727272727273,0.17272727272727273,20260921T213417946637Z_9d5e65dd,2,5760.0,50,True,79,stationary,HEUR_VOR,1126.086328125,0.7649003723169406,0.7597349286079407,1472.2,1472.2,1.0,34.6,1067.3,404.9
120,10,1.0,0.25,5,5,6,6.0,5.5,0.19,0.5,42,1,"[0.25, 0.3, 0.35, 0.4]",0.2442732516826255,0.2442732516826255,10,7.778174593052023,0.17677669529663687,0.9722718241315028,0.17272727272727273,0.17272727272727273,20260921T213417946637Z_9d5e65dd,2,5760.0,50,True,79,stationary,FOUR_ZONE,178.73074645996093,0.4213360359735053,0.4190909206867218,424.2,424.2,1.0,1.6,52.4,371.8
120,10,1.0,0.25,5,5,6,6.0,5.5,0.19,0.5,42,1,"[0.25, 0.3, 0.35, 0.4]",0.2442732516826255,0.2442732516826255,10,7.778174593052023,0.17677669529663687,0.9722718241315028,0.17272727272727273,0.17272727272727273,20260921T213417946637Z_9d5e65dd,2,5760.0,50,True,79,stationary,PURE,126.4,0.30268199233716475,0.3020488391073032,417.6,417.6,1.0,0.0,0.0,417.6
120,10,1.0,0.25,5,5,6,6.0,5.5,0.19,0.5,42,1,"[0.25, 0.3, 0.35, 0.4]",0.2442732516826255,0.2442732516826255,10,7.778174593052023,0.17677669529663687,0.9722718241315028,0.17272727272727273,0.17272727272727273,20260921T213417946637Z_9d5e65dd,2,5760.0,50,True,79,stationary,PURE_OR,126.4,0.36574074074074076,0.36483605402721103,345.6,345.6,1.0,0.0,0.0,345.6
121,20,0.33,0.1,5,5,6,5.5,5.5,0.19,0.5,42,1,[0.1],0.1,0.2442732516826255,10,7.778174593052023,0.07071067811865475,0.38890872965260115,0.07071067811865475,0.17272727272727273,20260921T213417946637Z_9d5e65dd,2,5760.0,50,True,79,stationary,DRL,1841.181494140625,0.601123606432017,0.6051772117614747,3062.9,3062.9,1.0,58.2,2641.4,421.5
121,20,0.33,0.1,5,5,6,5.5,5.5,0.19,0.5,42,1,[0.1],0.1,0.2442732516826255,10,7.778174593052023,0.07071067811865475,0.38890872965260115,0.07071067811865475,0.17272727272727273,20260921T213417946637Z_9d5e65dd,2,5760.0,50,True,79,stationary,HEUR,554.5482971191407,0.5529998974064027,0.548316091299057,1002.8,1002.8,1.0,17.2,630.4,372.4
121,20,0.33,0.1,5,5,6,5.5,5.5,0.19,0.5,42,1,[0.1],0.1,0.2442732516826255,10,7.778174593052023,0.07071067811865475,0.38890872965260115,0.07071067811865475,0.17272727272727273,20260921T213417946637Z_9d5e65dd,2,5760.0,50,True,79,stationary,HEUR_VOR,217.90294952392577,0.4741143375194208,0.46824870109558103,459.6,459.6,1.0,7.2,223.1,236.5
121,20,0.33,0.1,5,5,6,5.5,5.5,0.19,0.5,42,1,[0.1],0.1,0.2442732516826255,10,7.778174593052023,0.07071067811865475,0.38890872965260115,0.07071067811865475,0.17272727272727273,20260921T213417946637Z_9d5e65dd,2,5760.0,50,True,79,stationary,FOUR_ZONE,107.17218933105468,0.4095230773062846,0.40477617979049685,261.7,261.7,1.0,1.6,64.1,197.6
121,20,0.33,0.1,5,5,6,5.5,5.5,0.19,0.5,42,1,[0.1],0.1,0.2442732516826255,10,7.778174593052023,0.07071067811865475,0.38890872965260115,0.07071067811865475,0.17272727272727273,20260921T213417946637Z_9d5e65dd,2,5760.0,50,True,79,stationary,PURE,43.2,0.1847733105218135,0.18373827772345533,233.8,233.8,1.0,0.0,0.0,233.8
121,20,0.33,0.1,5,5,6,5.5,5.5,0.19,0.5,42,1,[0.1],0.1,0.2442732516826255,10,7.778174593052023,0.07071067811865475,0.38890872965260115,0.07071067811865475,0.17272727272727273,20260921T213417946637Z_9d5e65dd,2,5760.0,50,True,79,stationary,PURE_OR,43.2,0.2169763937719739,0.2154468511187857,199.1,199.1,1.0,0.0,0.0,199.1
122,20,0.33,0.15,5,5,6,5.5,5.5,0.19,0.5,42,1,[0.15],0.15,0.2442732516826255,10,7.778174593052023,0.10606601717798211,0.5833630944789017,0.10606601717798211,0.17272727272727273,20260921T213417946637Z_9d5e65dd,2,5760.0,50,True,79,stationary,DRL,4035.126806640625,0.7005428483751085,0.7005428433418274,5760.0,,0.0,125.6,5226.8,533.2
122,20,0.33,0.15,5,5,6,5.5,5.5,0.19,0.5,42,1,[0.15],0.15,0.2442732516826255,10,7.778174593052023,0.10606601717798211,0.5833630944789017,0.10606601717798211,0.17272727272727273,20260921T213417946637Z_9d5e65dd,2,5760.0,50,True,79,stationary,HEUR,1018.0797119140625,0.6237851307604084,0.6202292561531066,1632.1,1632.1,1.0,34.4,1148.7,483.4
122,20,0.33,0.15,5,5,6,5.5,5.5,0.19,0.5,42,1,[0.15],0.15,0.2442732516826255,10,7.778174593052023,0.10606601717798211,0.5833630944789017,0.10606601717798211,0.17272727272727273,20260921T213417946637Z_9d5e65dd,2,5760.0,50,True,79,stationary,HEUR_VOR,472.1127899169922,0.6195705904422469,0.5986524045467376,762.0,762.0,1.0,15.2,509.5,252.5
122,20,0.33,0.15,5,5,6,5.5,5.5,0.19,0.5,42,1,[0.15],0.15,0.2442732516826255,10,7.778174593052023,0.10606601717798211,0.5833630944789017,0.10606601717798211,0.17272727272727273,20260921T213417946637Z_9d5e65dd,2,5760.0,50,True,79,stationary,FOUR_ZONE,111.67095489501953,0.42060623312625056,0.41863354444503786,265.5,265.5,1.0,2.0,70.1,195.4
122,20,0.33,0.15,5,5,6,5.5,5.5,0.19,0.5,42,1,[0.15],0.15,0.2442732516826255,10,7.778174593052023,0.10606601717798211,0.5833630944789017,0.10606601717798211,0.17272727272727273,20260921T213417946637Z_9d5e65dd,2,5760.0,50,True,79,stationary,PURE,43.2,0.1847733105218135,0.18373827772345533,233.8,233.8,1.0,0.0,0.0,233.8
122,20,0.33,0.15,5,5,6,5.5,5.5,0.19,0.5,42,1,[0.15],0.15,0.2442732516826255,10,7.778174593052023,0.10606601717798211,0.5833630944789017,0.10606601717798211,0.17272727272727273,20260921T213417946637Z_9d5e65dd,2,5760.0,50,True,79,stationary,PURE_OR,43.2,0.2169763937719739,0.2154468511187857,199.1,199.1,1.0,0.0,0.0,199.1
123,20,0.33,0.2,5,5,6,5.5,5.5,0.19,0.5,42,1,[0.2],0.2,0.2442732516826255,10,7.778174593052023,0.1414213562373095,0.7778174593052023,0.1414213562373095,0.17272727272727273,20260921T213417946637Z_9d5e65dd,2,5760.0,50,True,79,stationary,DRL,4461.1736328125,0.7745093112521702,0.7745093107223511,5760.0,,0.0,143.8,5518.2,241.8
123,20,0.33,0.2,5,5,6,5.5,5.5,0.19,0.5,42,1,[0.2],0.2,0.2442732516826255,10,7.778174593052023,0.1414213562373095,0.7778174593052023,0.1414213562373095,0.17272727272727273,20260921T213417946637Z_9d5e65dd,2,5760.0,50,True,79,stationary,HEUR,1615.507666015625,0.6415072334573423,0.6369577169418335,2518.3,2518.3,1.0,54.8,1789.0,729.3
123,20,0.33,0.2,5,5,6,5.5,5.5,0.19,0.5,42,1,[0.2],0.2,0.2442732516826255,10,7.778174593052023,0.1414213562373095,0.7778174593052023,0.1414213562373095,0.17272727272727273,20260921T213417946637Z_9d5e65dd,2,5760.0,50,True,79,stationary,HEUR_VOR,597.8559143066407,0.625176110327973,0.6162002921104431,956.3,956.3,1.0,22.6,655.2,301.1
123,20,0.33,0.2,5,5,6,5.5,5.5,0.19,0.5,42,1,[0.2],0.2,0.2442732516826255,10,7.778174593052023,0.1414213562373095,0.7778174593052023,0.1414213562373095,0.17272727272727273,20260921T213417946637Z_9d5e65dd,2,5760.0,50,True,79,stationary,FOUR_ZONE,138.49706420898437,0.47757608347925645,0.47401816844940187,290.0,290.0,1.0,2.4,99.0,191.0
123,20,0.33,0.2,5,5,6,5.5,5.5,0.19,0.5,42,1,[0.2],0.2,0.2442732516826255,10,7.778174593052023,0.1414213562373095,0.7778174593052023,0.1414213562373095,0.17272727272727273,20260921T213417946637Z_9d5e65dd,2,5760.0,50,True,79,stationary,PURE,43.2,0.1847733105218135,0.18373827772345533,233.8,233.8,1.0,0.0,0.0,233.8
123,20,0.33,0.2,5,5,6,5.5,5.5,0.19,0.5,42,1,[0.2],0.2,0.2442732516826255,10,7.778174593052023,0.1414213562373095,0.7778174593052023,0.1414213562373095,0.17272727272727273,20260921T213417946637Z_9d5e65dd,2,5760.0,50,True,79,stationary,PURE_OR,43.2,0.2169763937719739,0.2154468511187857,199.1,199.1,1.0,0.0,0.0,199.1
124,20,0.33,0.25,5,5,6,5.5,5.5,0.19,0.5,42,1,"[0.25, 0.3, 0.35, 0.4]",0.2442732516826255,0.2442732516826255,10,7.778174593052023,0.17677669529663687,0.9722718241315028,0.17272727272727273,0.17272727272727273,20260921T213417946637Z_9d5e65dd,2,5760.0,50,True,79,stationary,DRL,4740.7599609375,0.8230486043294271,0.8230486154556275,5760.0,,0.0,141.4,5581.3,178.7
124,20,0.33,0.25,5,5,6,5.5,5.5,0.19,0.5,42,1,"[0.25, 0.3, 0.35, 0.4]",0.2442732516826255,0.2442732516826255,10,7.778174593052023,0.17677669529663687,0.9722718241315028,0.17272727272727273,0.17272727272727273,20260921T213417946637Z_9d5e65dd,2,5760.0,50,True,79,stationary,HEUR,1544.1856689453125,0.6415128864381673,0.6387990951538086,2407.1,2407.1,1.0,53.4,1740.5,666.6
124,20,0.33,0.25,5,5,6,5.5,5.5,0.19,0.5,42,1,"[0.25, 0.3, 0.35, 0.4]",0.2442732516826255,0.2442732516826255,10,7.778174593052023,0.17677669529663687,0.9722718241315028,0.17272727272727273,0.17272727272727273,20260921T213417946637Z_9d5e65dd,2,5760.0,50,True,79,stationary,HEUR_VOR,618.9978759765625,0.6450582284040877,0.6398390769958496,959.6,959.6,1.0,22.6,710.7,248.9
124,20,0.33,0.25,5,5,6,5.5,5.5,0.19,0.5,42,1,"[0.25, 0.3, 0.35, 0.4]",0.2442732516826255,0.2442732516826255,10,7.778174593052023,0.17677669529663687,0.9722718241315028,0.17272727272727273,0.17272727272727273,20260921T213417946637Z_9d5e65dd,2,5760.0,50,True,79,stationary,FOUR_ZONE,155.1583267211914,0.5134292743917651,0.5073570609092712,302.2,302.2,1.0,2.8,117.8,184.4
124,20,0.33,0.25,5,5,6,5.5,5.5,0.19,0.5,42,1,"[0.25, 0.3, 0.35, 0.4]",0.2442732516826255,0.2442732516826255,10,7.778174593052023,0.17677669529663687,0.9722718241315028,0.17272727272727273,0.17272727272727273,20260921T213417946637Z_9d5e65dd,2,5760.0,50,True,79,stationary,PURE,43.2,0.1847733105218135,0.18373827772345533,233.8,233.8,1.0,0.0,0.0,233.8
124,20,0.33,0.25,5,5,6,5.5,5.5,0.19,0.5,42,1,"[0.25, 0.3, 0.35, 0.4]",0.2442732516826255,0.2442732516826255,10,7.778174593052023,0.17677669529663687,0.9722718241315028,0.17272727272727273,0.17272727272727273,20260921T213417946637Z_9d5e65dd,2,5760.0,50,True,79,stationary,PURE_OR,43.2,0.2169763937719739,0.2154468511187857,199.1,199.1,1.0,0.0,0.0,199.1
125,20,0.33,0.1,5,5,6,6.0,5.5,0.19,0.5,42,1,[0.1],0.1,0.2442732516826255,10,7.778174593052023,0.07071067811865475,0.38890872965260115,0.07071067811865475,0.17272727272727273,20260921T213417946637Z_9d5e65dd,2,5760.0,50,True,79,stationary,DRL,2069.93447265625,0.6404896567412123,0.6516085147857666,3231.8,2599.75,0.8,64.0,2815.9,415.9
125,20,0.33,0.1,5,5,6,6.0,5.5,0.19,0.5,42,1,[0.1],0.1,0.2442732516826255,10,7.778174593052023,0.07071067811865475,0.38890872965260115,0.07071067811865475,0.17272727272727273,20260921T213417946637Z_9d5e65dd,2,5760.0,50,True,79,stationary,HEUR,601.0377380371094,0.5993595313493313,0.5941029191017151,1002.8,1002.8,1.0,17.2,630.4,372.4
125,20,0.33,0.1,5,5,6,6.0,5.5,0.19,0.5,42,1,[0.1],0.1,0.2442732516826255,10,7.778174593052023,0.07071067811865475,0.38890872965260115,0.07071067811865475,0.17272727272727273,20260921T213417946637Z_9d5e65dd,2,5760.0,50,True,79,stationary,HEUR_VOR,233.78527221679687,0.5086711754064336,0.5023082375526429,459.6,459.6,1.0,7.2,223.1,236.5
125,20,0.33,0.1,5,5,6,6.0,5.5,0.19,0.5,42,1,[0.1],0.1,0.2442732516826255,10,7.778174593052023,0.07071067811865475,0.38890872965260115,0.07071067811865475,0.17272727272727273,20260921T213417946637Z_9d5e65dd,2,5760.0,50,True,79,stationary,FOUR_ZONE,112.98788299560547,0.4317458272663564,0.426535964012146,261.7,261.7,1.0,1.6,64.1,197.6
125,20,0.33,0.1,5,5,6,6.0,5.5,0.19,0.5,42,1,[0.1],0.1,0.2442732516826255,10,7.778174593052023,0.07071067811865475,0.38890872965260115,0.07071067811865475,0.17272727272727273,20260921T213417946637Z_9d5e65dd,2,5760.0,50,True,79,stationary,PURE,43.2,0.1847733105218135,0.18373827772345533,233.8,233.8,1.0,0.0,0.0,233.8
125,20,0.33,0.1,5,5,6,6.0,5.5,0.19,0.5,42,1,[0.1],0.1,0.2442732516826255,10,7.778174593052023,0.07071067811865475,0.38890872965260115,0.07071067811865475,0.17272727272727273,20260921T213417946637Z_9d5e65dd,2,5760.0,50,True,79,stationary,PURE_OR,43.2,0.2169763937719739,0.2154468511187857,199.1,199.1,1.0,0.0,0.0,199.1
126,20,0.33,0.15,5,5,6,6.0,5.5,0.19,0.5,42,1,[0.15],0.15,0.2442732516826255,10,7.778174593052023,0.10606601717798211,0.5833630944789017,0.10606601717798211,0.17272727272727273,20260921T213417946637Z_9d5e65dd,2,5760.0,50,True,79,stationary,DRL,3471.843408203125,0.7098287518560498,0.7139858603477478,4891.1,4311.833333333333,0.6,95.4,4106.6,784.5
126,20,0.33,0.15,5,5,6,6.0,5.5,0.19,0.5,42,1,[0.15],0.15,0.2442732516826255,10,7.778174593052023,0.10606601717798211,0.5833630944789017,0.10606601717798211,0.17272727272727273,20260921T213417946637Z_9d5e65dd,2,5760.0,50,True,79,stationary,HEUR,1106.6929443359375,0.6780791277102736,0.6742223381996155,1632.1,1632.1,1.0,34.4,1148.7,483.4
126,20,0.33,0.15,5,5,6,6.0,5.5,0.19,0.5,42,1,[0.15],0.15,0.2442732516826255,10,7.778174593052023,0.10606601717798211,0.5833630944789017,0.10606601717798211,0.17272727272727273,20260921T213417946637Z_9d5e65dd,2,5760.0,50,True,79,stationary,HEUR_VOR,511.10777587890624,0.6707451127019767,0.6478455364704132,762.0,762.0,1.0,15.2,509.5,252.5
126,20,0.33,0.15,5,5,6,6.0,5.5,0.19,0.5,42,1,[0.15],0.15,0.2442732516826255,10,7.778174593052023,0.10606601717798211,0.5833630944789017,0.10606601717798211,0.17272727272727273,20260921T213417946637Z_9d5e65dd,2,5760.0,50,True,79,stationary,FOUR_ZONE,117.89562683105468,0.44405132516404777,0.4419351637363434,265.5,265.5,1.0,2.0,70.1,195.4
126,20,0.33,0.15,5,5,6,6.0,5.5,0.19,0.5,42,1,[0.15],0.15,0.2442732516826255,10,7.778174593052023,0.10606601717798211,0.5833630944789017,0.10606601717798211,0.17272727272727273,20260921T213417946637Z_9d5e65dd,2,5760.0,50,True,79,stationary,PURE,43.2,0.1847733105218135,0.18373827772345533,233.8,233.8,1.0,0.0,0.0,233.8
126,20,0.33,0.15,5,5,6,6.0,5.5,0.19,0.5,42,1,[0.15],0.15,0.2442732516826255,10,7.778174593052023,0.10606601717798211,0.5833630944789017,0.10606601717798211,0.17272727272727273,20260921T213417946637Z_9d5e65dd,2,5760.0,50,True,79,stationary,PURE_OR,43.2,0.2169763937719739,0.2154468511187857,199.1,199.1,1.0,0.0,0.0,199.1
127,20,0.33,0.2,5,5,6,6.0,5.5,0.19,0.5,42,1,[0.2],0.2,0.2442732516826255,10,7.778174593052023,0.1414213562373095,0.7778174593052023,0.1414213562373095,0.17272727272727273,20260921T213417946637Z_9d5e65dd,2,5760.0,50,True,79,stationary,DRL,4782.63486328125,0.8303185526529948,0.8303185701370239,5760.0,,0.0,135.6,5338.8,421.2
127,20,0.33,0.2,5,5,6,6.0,5.5,0.19,0.5,42,1,[0.2],0.2,0.2442732516826255,10,7.778174593052023,0.1414213562373095,0.7778174593052023,0.1414213562373095,0.17272727272727273,20260921T213417946637Z_9d5e65dd,2,5760.0,50,True,79,stationary,HEUR,1758.431591796875,0.6982613635376543,0.6932910323143006,2518.3,2518.3,1.0,54.8,1789.0,729.3
127,20,0.33,0.2,5,5,6,6.0,5.5,0.19,0.5,42,1,[0.2],0.2,0.2442732516826255,10,7.778174593052023,0.1414213562373095,0.7778174593052023,0.1414213562373095,0.17272727272727273,20260921T213417946637Z_9d5e65dd,2,5760.0,50,True,79,stationary,HEUR_VOR,648.2822692871093,0.677906796284753,0.6680405855178833,956.3,956.3,1.0,22.6,655.2,301.1
127,20,0.33,0.2,5,5,6,6.0,5.5,0.19,0.5,42,1,[0.2],0.2,0.2442732516826255,10,7.778174593052023,0.1414213562373095,0.7778174593052023,0.1414213562373095,0.17272727272727273,20260921T213417946637Z_9d5e65dd,2,5760.0,50,True,79,stationary,FOUR_ZONE,147.16050567626954,0.5074500195733432,0.5035891592502594,290.0,290.0,1.0,2.4,99.0,191.0
127,20,0.33,0.2,5,5,6,6.0,5.5,0.19,0.5,42,1,[0.2],0.2,0.2442732516826255,10,7.778174593052023,0.1414213562373095,0.7778174593052023,0.1414213562373095,0.17272727272727273,20260921T213417946637Z_9d5e65dd,2,5760.0,50,True,79,stationary,PURE,43.2,0.1847733105218135,0.18373827772345533,233.8,233.8,1.0,0.0,0.0,233.8
127,20,0.33,0.2,5,5,6,6.0,5.5,0.19,0.5,42,1,[0.2],0.2,0.2442732516826255,10,7.778174593052023,0.1414213562373095,0.7778174593052023,0.1414213562373095,0.17272727272727273,20260921T213417946637Z_9d5e65dd,2,5760.0,50,True,79,stationary,PURE_OR,43.2,0.2169763937719739,0.2154468511187857,199.1,199.1,1.0,0.0,0.0,199.1
128,20,0.33,0.25,5,5,6,6.0,5.5,0.19,0.5,42,1,"[0.25, 0.3, 0.35, 0.4]",0.2442732516826255,0.2442732516826255,10,7.778174593052023,0.17677669529663687,0.9722718241315028,0.17272727272727273,0.17272727272727273,20260921T213417946637Z_9d5e65dd,2,5760.0,50,True,79,stationary,DRL,4961.71943359375,0.8614096238878038,0.8614096403121948,5760.0,,0.0,139.6,5525.0,235.0
128,20,0.33,0.25,5,5,6,6.0,5.5,0.19,0.5,42,1,"[0.25, 0.3, 0.35, 0.4]",0.2442732516826255,0.2442732516826255,10,7.778174593052023,0.17677669529663687,0.9722718241315028,0.17272727272727273,0.17272727272727273,20260921T213417946637Z_9d5e65dd,2,5760.0,50,True,79,stationary,HEUR,1680.615576171875,0.6981910083386128,0.6952364802360534,2407.1,2407.1,1.0,53.4,1740.5,666.6
128,20,0.33,0.25,5,5,6,6.0,5.5,0.19,0.5,42,1,"[0.25, 0.3, 0.35, 0.4]",0.2442732516826255,0.2442732516826255,10,7.778174593052023,0.17677669529663687,0.9722718241315028,0.17272727272727273,0.17272727272727273,20260921T213417946637Z_9d5e65dd,2,5760.0,50,True,79,stationary,HEUR_VOR,671.3467956542969,0.6996110834246528,0.69394953250885,959.6,959.6,1.0,22.6,710.7,248.9
128,20,0.33,0.25,5,5,6,6.0,5.5,0.19,0.5,42,1,"[0.25, 0.3, 0.35, 0.4]",0.2442732516826255,0.2442732516826255,10,7.778174593052023,0.17677669529663687,0.9722718241315028,0.17272727272727273,0.17272727272727273,20260921T213417946637Z_9d5e65dd,2,5760.0,50,True,79,stationary,FOUR_ZONE,165.3364730834961,0.5471094410439976,0.5405857801437378,302.2,302.2,1.0,2.8,117.8,184.4
128,20,0.33,0.25,5,5,6,6.0,5.5,0.19,0.5,42,1,"[0.25, 0.3, 0.35, 0.4]",0.2442732516826255,0.2442732516826255,10,7.778174593052023,0.17677669529663687,0.9722718241315028,0.17272727272727273,0.17272727272727273,20260921T213417946637Z_9d5e65dd,2,5760.0,50,True,79,stationary,PURE,43.2,0.1847733105218135,0.18373827772345533,233.8,233.8,1.0,0.0,0.0,233.8
128,20,0.33,0.25,5,5,6,6.0,5.5,0.19,0.5,42,1,"[0.25, 0.3, 0.35, 0.4]",0.2442732516826255,0.2442732516826255,10,7.778174593052023,0.17677669529663687,0.9722718241315028,0.17272727272727273,0.17272727272727273,20260921T213417946637Z_9d5e65dd,2,5760.0,50,True,79,stationary,PURE_OR,43.2,0.2169763937719739,0.2154468511187857,199.1,199.1,1.0,0.0,0.0,199.1
129,20,0.5,0.1,5,5,6,5.5,5.5,0.19,0.5,42,1,[0.1],0.1,0.2442732516826255,10,7.778174593052023,0.07071067811865475,0.38890872965260115,0.07071067811865475,0.17272727272727273,20260921T213417946637Z_9d5e65dd,2,5760.0,50,True,79,stationary,DRL,2115.922412109375,0.6065943501259604,0.6090149521827698,3488.2,2920.25,0.8,69.8,3034.9,453.3
129,20,0.5,0.1,5,5,6,5.5,5.5,0.19,0.5,42,1,[0.1],0.1,0.2442732516826255,10,7.778174593052023,0.07071067811865475,0.38890872965260115,0.07071067811865475,0.17272727272727273,20260921T213417946637Z_9d5e65dd,2,5760.0,50,True,79,stationary,HEUR,663.15419921875,0.5782649103756103,0.5764853358268738,1146.8,1146.8,1.0,20.8,695.0,451.8
129,20,0.5,0.1,5,5,6,5.5,5.5,0.19,0.5,42,1,[0.1],0.1,0.2442732516826255,10,7.778174593052023,0.07071067811865475,0.38890872965260115,0.07071067811865475,0.17272727272727273,20260921T213417946637Z_9d5e65dd,2,5760.0,50,True,79,stationary,HEUR_VOR,336.4085968017578,0.5568756775397414,0.5460120499134063,604.1,604.1,1.0,9.0,317.6,286.5
129,20,0.5,0.1,5,5,6,5.5,5.5,0.19,0.5,42,1,[0.1],0.1,0.2442732516826255,10,7.778174593052023,0.07071067811865475,0.38890872965260115,0.07071067811865475,0.17272727272727273,20260921T213417946637Z_9d5e65dd,2,5760.0,50,True,79,stationary,FOUR_ZONE,92.73014831542969,0.3263996772806395,0.3114462900002808,284.1,284.1,1.0,0.6,28.2,255.9
129,20,0.5,0.1,5,5,6,5.5,5.5,0.19,0.5,42,1,[0.1],0.1,0.2442732516826255,10,7.778174593052023,0.07071067811865475,0.38890872965260115,0.07071067811865475,0.17272727272727273,20260921T213417946637Z_9d5e65dd,2,5760.0,50,True,79,stationary,PURE,64.4,0.22877442273534637,0.2272855885843997,281.5,281.5,1.0,0.0,0.0,281.5
129,20,0.5,0.1,5,5,6,5.5,5.5,0.19,0.5,42,1,[0.1],0.1,0.2442732516826255,10,7.778174593052023,0.07071067811865475,0.38890872965260115,0.07071067811865475,0.17272727272727273,20260921T213417946637Z_9d5e65dd,2,5760.0,50,True,79,stationary,PURE_OR,64.4,0.2765135251180764,0.275331215943522,232.9,232.9,1.0,0.0,0.0,232.9
130,20,0.5,0.15,5,5,6,5.5,5.5,0.19,0.5,42,1,[0.15],0.15,0.2442732516826255,10,7.778174593052023,0.10606601717798211,0.5833630944789017,0.10606601717798211,0.17272727272727273,20260921T213417946637Z_9d5e65dd,2,5760.0,50,True,79,stationary,DRL,4151.670068359375,0.7207760535346137,0.7207760453224182,5760.0,,0.0,136.8,5342.0,418.0
130,20,0.5,0.15,5,5,6,5.5,5.5,0.19,0.5,42,1,[0.15],0.15,0.2442732516826255,10,7.778174593052023,0.10606601717798211,0.5833630944789017,0.10606601717798211,0.17272727272727273,20260921T213417946637Z_9d5e65dd,2,5760.0,50,True,79,stationary,HEUR,1475.1133056640624,0.6433395724471467,0.6314079403877259,2292.9,2292.9,1.0,48.2,1597.3,695.6
130,20,0.5,0.15,5,5,6,5.5,5.5,0.19,0.5,42,1,[0.15],0.15,0.2442732516826255,10,7.778174593052023,0.10606601717798211,0.5833630944789017,0.10606601717798211,0.17272727272727273,20260921T213417946637Z_9d5e65dd,2,5760.0,50,True,79,stationary,HEUR_VOR,625.1905395507813,0.6556108845960373,0.6434011220932007,953.6,953.6,1.0,20.8,646.1,307.5
130,20,0.5,0.15,5,5,6,5.5,5.5,0.19,0.5,42,1,[0.15],0.15,0.2442732516826255,10,7.778174593052023,0.10606601717798211,0.5833630944789017,0.10606601717798211,0.17272727272727273,20260921T213417946637Z_9d5e65dd,2,5760.0,50,True,79,stationary,FOUR_ZONE,118.67088775634765,0.39412450267800614,0.3871524095535278,301.1,301.1,1.0,1.6,55.9,245.2
130,20,0.5,0.15,5,5,6,5.5,5.5,0.19,0.5,42,1,[0.15],0.15,0.2442732516826255,10,7.778174593052023,0.10606601717798211,0.5833630944789017,0.10606601717798211,0.17272727272727273,20260921T213417946637Z_9d5e65dd,2,5760.0,50,True,79,stationary,PURE,64.4,0.22877442273534637,0.2272855885843997,281.5,281.5,1.0,0.0,0.0,281.5
130,20,0.5,0.15,5,5,6,5.5,5.5,0.19,0.5,42,1,[0.15],0.15,0.2442732516826255,10,7.778174593052023,0.10606601717798211,0.5833630944789017,0.10606601717798211,0.17272727272727273,20260921T213417946637Z_9d5e65dd,2,5760.0,50,True,79,stationary,PURE_OR,64.4,0.2765135251180764,0.275331215943522,232.9,232.9,1.0,0.0,0.0,232.9
131,20,0.5,0.2,5,5,6,5.5,5.5,0.19,0.5,42,1,[0.2],0.2,0.2442732516826255,10,7.778174593052023,0.1414213562373095,0.7778174593052023,0.1414213562373095,0.17272727272727273,20260921T213417946637Z_9d5e65dd,2,5760.0,50,True,79,stationary,DRL,4644.88125,0.8064029947916667,0.8064029812812805,5760.0,,0.0,139.0,5447.5,312.5
131,20,0.5,0.2,5,5,6,5.5,5.5,0.19,0.5,42,1,[0.2],0.2,0.2442732516826255,10,7.778174593052023,0.1414213562373095,0.7778174593052023,0.1414213562373095,0.17272727272727273,20260921T213417946637Z_9d5e65dd,2,5760.0,50,True,79,stationary,HEUR,2066.828125,0.6662244544370306,0.6618029356002808,3102.3,3102.3,1.0,67.6,2260.8,841.5
131,20,0.5,0.2,5,5,6,5.5,5.5,0.19,0.5,42,1,[0.2],0.2,0.2442732516826255,10,7.778174593052023,0.1414213562373095,0.7778174593052023,0.1414213562373095,0.17272727272727273,20260921T213417946637Z_9d5e65dd,2,5760.0,50,True,79,stationary,HEUR_VOR,977.560400390625,0.7106429197372964,0.7019922971725464,1375.6,1375.6,1.0,33.6,1025.4,350.2
131,20,0.5,0.2,5,5,6,5.5,5.5,0.19,0.5,42,1,[0.2],0.2,0.2442732516826255,10,7.778174593052023,0.1414213562373095,0.7778174593052023,0.1414213562373095,0.17272727272727273,20260921T213417946637Z_9d5e65dd,2,5760.0,50,True,79,stationary,FOUR_ZONE,139.2844482421875,0.4468541810785611,0.443682599067688,311.7,311.7,1.0,2.2,77.9,233.8
131,20,0.5,0.2,5,5,6,5.5,5.5,0.19,0.5,42,1,[0.2],0.2,0.2442732516826255,10,7.778174593052023,0.1414213562373095,0.7778174593052023,0.1414213562373095,0.17272727272727273,20260921T213417946637Z_9d5e65dd,2,5760.0,50,True,79,stationary,PURE,64.4,0.22877442273534637,0.2272855885843997,281.5,281.5,1.0,0.0,0.0,281.5
131,20,0.5,0.2,5,5,6,5.5,5.5,0.19,0.5,42,1,[0.2],0.2,0.2442732516826255,10,7.778174593052023,0.1414213562373095,0.7778174593052023,0.1414213562373095,0.17272727272727273,20260921T213417946637Z_9d5e65dd,2,5760.0,50,True,79,stationary,PURE_OR,64.4,0.27639484978540774,0.27522707886125375,233.0,233.0,1.0,0.0,0.0,233.0
132,20,0.5,0.25,5,5,6,5.5,5.5,0.19,0.5,42,1,"[0.25, 0.3, 0.35, 0.4]",0.2442732516826255,0.2442732516826255,10,7.778174593052023,0.17677669529663687,0.9722718241315028,0.17272727272727273,0.17272727272727273,20260921T213417946637Z_9d5e65dd,2,5760.0,50,True,79,stationary,DRL,4884.5826171875,0.848017815483941,0.8480178117752075,5760.0,,0.0,145.0,5570.8,189.2
132,20,0.5,0.25,5,5,6,5.5,5.5,0.19,0.5,42,1,"[0.25, 0.3, 0.35, 0.4]",0.2442732516826255,0.2442732516826255,10,7.778174593052023,0.17677669529663687,0.9722718241315028,0.17272727272727273,0.17272727272727273,20260921T213417946637Z_9d5e65dd,2,5760.0,50,True,79,stationary,HEUR,2472.6587890625,0.6439550989797646,0.6426697254180909,3839.8,3839.8,1.0,82.2,2694.8,1145.0
132,20,0.5,0.25,5,5,6,5.5,5.5,0.19,0.5,42,1,"[0.25, 0.3, 0.35, 0.4]",0.2442732516826255,0.2442732516826255,10,7.778174593052023,0.17677669529663687,0.9722718241315028,0.17272727272727273,0.17272727272727273,20260921T213417946637Z_9d5e65dd,2,5760.0,50,True,79,stationary,HEUR_VOR,1143.2692138671875,0.7239546693687864,0.7146988987922669,1579.2,1579.2,1.0,36.4,1210.2,369.0
132,20,0.5,0.25,5,5,6,5.5,5.5,0.19,0.5,42,1,"[0.25, 0.3, 0.35, 0.4]",0.2442732516826255,0.2442732516826255,10,7.778174593052023,0.17677669529663687,0.9722718241315028,0.17272727272727273,0.17272727272727273,20260921T213417946637Z_9d5e65dd,2,5760.0,50,True,79,stationary,FOUR_ZONE,170.74810180664062,0.4988258890056694,0.49689760208129885,342.3,342.3,1.0,2.8,110.1,232.2
132,20,0.5,0.25,5,5,6,5.5,5.5,0.19,0.5,42,1,"[0.25, 0.3, 0.35, 0.4]",0.2442732516826255,0.2442732516826255,10,7.778174593052023,0.17677669529663687,0.9722718241315028,0.17272727272727273,0.17272727272727273,20260921T213417946637Z_9d5e65dd,2,5760.0,50,True,79,stationary,PURE,64.4,0.22877442273534637,0.2272855885843997,281.5,281.5,1.0,0.0,0.0,281.5
132,20,0.5,0.25,5,5,6,5.5,5.5,0.19,0.5,42,1,"[0.25, 0.3, 0.35, 0.4]",0.2442732516826255,0.2442732516826255,10,7.778174593052023,0.17677669529663687,0.9722718241315028,0.17272727272727273,0.17272727272727273,20260921T213417946637Z_9d5e65dd,2,5760.0,50,True,79,stationary,PURE_OR,64.4,0.27639484978540774,0.27522707886125375,233.0,233.0,1.0,0.0,0.0,233.0
133,20,0.5,0.1,5,5,6,6.0,5.5,0.19,0.5,42,1,[0.1],0.1,0.2442732516826255,10,7.778174593052023,0.07071067811865475,0.38890872965260115,0.07071067811865475,0.17272727272727273,20260921T213417946637Z_9d5e65dd,2,5760.0,50,True,79,stationary,DRL,2948.950048828125,0.6550311081359673,0.6710538506507874,4502.0,4187.5,0.8,82.4,3855.9,646.1
133,20,0.5,0.1,5,5,6,6.0,5.5,0.19,0.5,42,1,[0.1],0.1,0.2442732516826255,10,7.778174593052023,0.07071067811865475,0.38890872965260115,0.07071067811865475,0.17272727272727273,20260921T213417946637Z_9d5e65dd,2,5760.0,50,True,79,stationary,HEUR,717.5890380859375,0.6257316341872493,0.6237429857254029,1146.8,1146.8,1.0,20.8,695.0,451.8
133,20,0.5,0.1,5,5,6,6.0,5.5,0.19,0.5,42,1,[0.1],0.1,0.2442732516826255,10,7.778174593052023,0.07071067811865475,0.38890872965260115,0.07071067811865475,0.17272727272727273,20260921T213417946637Z_9d5e65dd,2,5760.0,50,True,79,stationary,HEUR_VOR,361.1389221191406,0.5978131470272151,0.5859411299228668,604.1,604.1,1.0,9.0,317.6,286.5
133,20,0.5,0.1,5,5,6,6.0,5.5,0.19,0.5,42,1,[0.1],0.1,0.2442732516826255,10,7.778174593052023,0.07071067811865475,0.38890872965260115,0.07071067811865475,0.17272727272727273,20260921T213417946637Z_9d5e65dd,2,5760.0,50,True,79,stationary,FOUR_ZONE,95.30564880371094,0.33546514890429757,0.318848471625647,284.1,284.1,1.0,0.6,28.2,255.9
133,20,0.5,0.1,5,5,6,6.0,5.5,0.19,0.5,42,1,[0.1],0.1,0.2442732516826255,10,7.778174593052023,0.07071067811865475,0.38890872965260115,0.07071067811865475,0.17272727272727273,20260921T213417946637Z_9d5e65dd,2,5760.0,50,True,79,stationary,PURE,64.4,0.22877442273534637,0.2272855885843997,281.5,281.5,1.0,0.0,0.0,281.5
133,20,0.5,0.1,5,5,6,6.0,5.5,0.19,0.5,42,1,[0.1],0.1,0.2442732516826255,10,7.778174593052023,0.07071067811865475,0.38890872965260115,0.07071067811865475,0.17272727272727273,20260921T213417946637Z_9d5e65dd,2,5760.0,50,True,79,stationary,PURE_OR,64.4,0.2765135251180764,0.275331215943522,232.9,232.9,1.0,0.0,0.0,232.9
134,20,0.5,0.15,5,5,6,6.0,5.5,0.19,0.5,42,1,[0.15],0.15,0.2442732516826255,10,7.778174593052023,0.10606601717798211,0.5833630944789017,0.10606601717798211,0.17272727272727273,20260921T213417946637Z_9d5e65dd,2,5760.0,50,True,79,stationary,DRL,4707.98740234375,0.8173589240180121,0.817358934879303,5760.0,,0.0,141.0,5327.5,432.5
134,20,0.5,0.15,5,5,6,6.0,5.5,0.19,0.5,42,1,[0.15],0.15,0.2442732516826255,10,7.778174593052023,0.10606601717798211,0.5833630944789017,0.10606601717798211,0.17272727272727273,20260921T213417946637Z_9d5e65dd,2,5760.0,50,True,79,stationary,HEUR,1603.34287109375,0.6992641942927079,0.6861847400665283,2292.9,2292.9,1.0,48.2,1597.3,695.6
134,20,0.5,0.15,5,5,6,6.0,5.5,0.19,0.5,42,1,[0.15],0.15,0.2442732516826255,10,7.778174593052023,0.10606601717798211,0.5833630944789017,0.10606601717798211,0.17272727272727273,20260921T213417946637Z_9d5e65dd,2,5760.0,50,True,79,stationary,HEUR_VOR,676.1726196289062,0.7090736363558161,0.6954836487770081,953.6,953.6,1.0,20.8,646.1,307.5
134,20,0.5,0.15,5,5,6,6.0,5.5,0.19,0.5,42,1,[0.15],0.15,0.2442732516826255,10,7.778174593052023,0.10606601717798211,0.5833630944789017,0.10606601717798211,0.17272727272727273,20260921T213417946637Z_9d5e65dd,2,5760.0,50,True,79,stationary,FOUR_ZONE,123.60462036132813,0.41051019714821696,0.4026985228061676,301.1,301.1,1.0,1.6,55.9,245.2
134,20,0.5,0.15,5,5,6,6.0,5.5,0.19,0.5,42,1,[0.15],0.15,0.2442732516826255,10,7.778174593052023,0.10606601717798211,0.5833630944789017,0.10606601717798211,0.17272727272727273,20260921T213417946637Z_9d5e65dd,2,5760.0,50,True,79,stationary,PURE,64.4,0.22877442273534637,0.2272855885843997,281.5,281.5,1.0,0.0,0.0,281.5
134,20,0.5,0.15,5,5,6,6.0,5.5,0.19,0.5,42,1,[0.15],0.15,0.2442732516826255,10,7.778174593052023,0.10606601717798211,0.5833630944789017,0.10606601717798211,0.17272727272727273,20260921T213417946637Z_9d5e65dd,2,5760.0,50,True,79,stationary,PURE_OR,64.4,0.2765135251180764,0.275331215943522,232.9,232.9,1.0,0.0,0.0,232.9
135,20,0.5,0.2,5,5,6,6.0,5.5,0.19,0.5,42,1,[0.2],0.2,0.2442732516826255,10,7.778174593052023,0.1414213562373095,0.7778174593052023,0.1414213562373095,0.17272727272727273,20260921T213417946637Z_9d5e65dd,2,5760.0,50,True,79,stationary,DRL,4868.4828125,0.8452227105034722,0.8452227234840393,5760.0,,0.0,130.6,5222.6,537.4
135,20,0.5,0.2,5,5,6,6.0,5.5,0.19,0.5,42,1,[0.2],0.2,0.2442732516826255,10,7.778174593052023,0.1414213562373095,0.7778174593052023,0.1414213562373095,0.17272727272727273,20260921T213417946637Z_9d5e65dd,2,5760.0,50,True,79,stationary,HEUR,2248.9156494140625,0.7249188181072309,0.719966995716095,3102.3,3102.3,1.0,67.6,2260.8,841.5
135,20,0.5,0.2,5,5,6,6.0,5.5,0.19,0.5,42,1,[0.2],0.2,0.2442732516826255,10,7.778174593052023,0.1414213562373095,0.7778174593052023,0.1414213562373095,0.17272727272727273,20260921T213417946637Z_9d5e65dd,2,5760.0,50,True,79,stationary,HEUR_VOR,1060.5650146484375,0.7709835814542291,0.7613259077072143,1375.6,1375.6,1.0,33.6,1025.4,350.2
135,20,0.5,0.2,5,5,6,6.0,5.5,0.19,0.5,42,1,[0.2],0.2,0.2442732516826255,10,7.778174593052023,0.1414213562373095,0.7778174593052023,0.1414213562373095,0.17272727272727273,20260921T213417946637Z_9d5e65dd,2,5760.0,50,True,79,stationary,FOUR_ZONE,146.09217224121093,0.4686948098851811,0.46499269008636473,311.7,311.7,1.0,2.2,77.9,233.8
135,20,0.5,0.2,5,5,6,6.0,5.5,0.19,0.5,42,1,[0.2],0.2,0.2442732516826255,10,7.778174593052023,0.1414213562373095,0.7778174593052023,0.1414213562373095,0.17272727272727273,20260921T213417946637Z_9d5e65dd,2,5760.0,50,True,79,stationary,PURE,64.4,0.22877442273534637,0.2272855885843997,281.5,281.5,1.0,0.0,0.0,281.5
135,20,0.5,0.2,5,5,6,6.0,5.5,0.19,0.5,42,1,[0.2],0.2,0.2442732516826255,10,7.778174593052023,0.1414213562373095,0.7778174593052023,0.1414213562373095,0.17272727272727273,20260921T213417946637Z_9d5e65dd,2,5760.0,50,True,79,stationary,PURE_OR,64.4,0.2765135251180764,0.275331215943522,232.9,232.9,1.0,0.0,0.0,232.9
136,20,0.5,0.25,5,5,6,6.0,5.5,0.19,0.5,42,1,"[0.25, 0.3, 0.35, 0.4]",0.2442732516826255,0.2442732516826255,10,7.778174593052023,0.17677669529663687,0.9722718241315028,0.17272727272727273,0.17272727272727273,20260921T213417946637Z_9d5e65dd,2,5760.0,50,True,79,stationary,DRL,5357.7208984375,0.9301598782009549,0.9301598906517029,5760.0,,0.0,146.0,5585.8,174.2
136,20,0.5,0.25,5,5,6,6.0,5.5,0.19,0.5,42,1,"[0.25, 0.3, 0.35, 0.4]",0.2442732516826255,0.2442732516826255,10,7.778174593052023,0.17677669529663687,0.9722718241315028,0.17272727272727273,0.17272727272727273,20260921T213417946637Z_9d5e65dd,2,5760.0,50,True,79,stationary,HEUR,2691.678271484375,0.7009943933237083,0.6995966792106628,3839.8,3839.8,1.0,82.2,2694.8,1145.0
136,20,0.5,0.25,5,5,6,6.0,5.5,0.19,0.5,42,1,"[0.25, 0.3, 0.35, 0.4]",0.2442732516826255,0.2442732516826255,10,7.778174593052023,0.17677669529663687,0.9722718241315028,0.17272727272727273,0.17272727272727273,20260921T213417946637Z_9d5e65dd,2,5760.0,50,True,79,stationary,HEUR_VOR,1241.332666015625,0.7860515868893269,0.7757352590560913,1579.2,1579.2,1.0,36.4,1210.2,369.0
136,20,0.5,0.25,5,5,6,6.0,5.5,0.19,0.5,42,1,"[0.25, 0.3, 0.35, 0.4]",0.2442732516826255,0.2442732516826255,10,7.778174593052023,0.17677669529663687,0.9722718241315028,0.17272727272727273,0.17272727272727273,20260921T213417946637Z_9d5e65dd,2,5760.0,50,True,79,stationary,FOUR_ZONE,180.41619873046875,0.5270704023677147,0.5248677551746368,342.3,342.3,1.0,2.8,110.1,232.2
136,20,0.5,0.25,5,5,6,6.0,5.5,0.19,0.5,42,1,"[0.25, 0.3, 0.35, 0.4]",0.2442732516826255,0.2442732516826255,10,7.778174593052023,0.17677669529663687,0.9722718241315028,0.17272727272727273,0.17272727272727273,20260921T213417946637Z_9d5e65dd,2,5760.0,50,True,79,stationary,PURE,64.4,0.22877442273534637,0.2272855885843997,281.5,281.5,1.0,0.0,0.0,281.5
136,20,0.5,0.25,5,5,6,6.0,5.5,0.19,0.5,42,1,"[0.25, 0.3, 0.35, 0.4]",0.2442732516826255,0.2442732516826255,10,7.778174593052023,0.17677669529663687,0.9722718241315028,0.17272727272727273,0.17272727272727273,20260921T213417946637Z_9d5e65dd,2,5760.0,50,True,79,stationary,PURE_OR,64.4,0.27639484978540774,0.27522707886125375,233.0,233.0,1.0,0.0,0.0,233.0
137,20,0.67,0.1,5,5,6,5.5,5.5,0.19,0.5,42,1,[0.1],0.1,0.2442732516826255,10,7.778174593052023,0.07071067811865475,0.38890872965260115,0.07071067811865475,0.17272727272727273,20260921T213417946637Z_9d5e65dd,2,5760.0,50,True,79,stationary,DRL,2596.99697265625,0.6515949851104602,0.6564370512962341,3985.6,3985.6,1.0,83.2,3422.8,562.8
137,20,0.67,0.1,5,5,6,5.5,5.5,0.19,0.5,42,1,[0.1],0.1,0.2442732516826255,10,7.778174593052023,0.07071067811865475,0.38890872965260115,0.07071067811865475,0.17272727272727273,20260921T213417946637Z_9d5e65dd,2,5760.0,50,True,79,stationary,HEUR,974.9739501953125,0.6451227090553249,0.644652259349823,1511.3,1511.3,1.0,30.4,1014.4,496.9
137,20,0.67,0.1,5,5,6,5.5,5.5,0.19,0.5,42,1,[0.1],0.1,0.2442732516826255,10,7.778174593052023,0.07071067811865475,0.38890872965260115,0.07071067811865475,0.17272727272727273,20260921T213417946637Z_9d5e65dd,2,5760.0,50,True,79,stationary,HEUR_VOR,463.896826171875,0.5875830603823623,0.587516450881958,789.5,789.5,1.0,13.8,421.5,368.0
137,20,0.67,0.1,5,5,6,5.5,5.5,0.19,0.5,42,1,[0.1],0.1,0.2442732516826255,10,7.778174593052023,0.07071067811865475,0.38890872965260115,0.07071067811865475,0.17272727272727273,20260921T213417946637Z_9d5e65dd,2,5760.0,50,True,79,stationary,FOUR_ZONE,116.05853118896485,0.35886991709636623,0.3586713016033173,323.4,323.4,1.0,1.2,31.3,292.1
137,20,0.67,0.1,5,5,6,5.5,5.5,0.19,0.5,42,1,[0.1],0.1,0.2442732516826255,10,7.778174593052023,0.07071067811865475,0.38890872965260115,0.07071067811865475,0.17272727272727273,20260921T213417946637Z_9d5e65dd,2,5760.0,50,True,79,stationary,PURE,85.6,0.2575210589651023,0.2594351070775064,332.4,332.4,1.0,0.0,0.0,332.4
137,20,0.67,0.1,5,5,6,5.5,5.5,0.19,0.5,42,1,[0.1],0.1,0.2442732516826255,10,7.778174593052023,0.07071067811865475,0.38890872965260115,0.07071067811865475,0.17272727272727273,20260921T213417946637Z_9d5e65dd,2,5760.0,50,True,79,stationary,PURE_OR,85.6,0.31082062454611475,0.310014222554246,275.4,275.4,1.0,0.0,0.0,275.4
138,20,0.67,0.15,5,5,6,5.5,5.5,0.19,0.5,42,1,[0.15],0.15,0.2442732516826255,10,7.778174593052023,0.10606601717798211,0.5833630944789017,0.10606601717798211,0.17272727272727273,20260921T213417946637Z_9d5e65dd,2,5760.0,50,True,79,stationary,DRL,4403.0615234375,0.764420403374566,0.7644204020500183,5760.0,,0.0,144.8,5386.0,374.0
138,20,0.67,0.15,5,5,6,5.5,5.5,0.19,0.5,42,1,[0.15],0.15,0.2442732516826255,10,7.778174593052023,0.10606601717798211,0.5833630944789017,0.10606601717798211,0.17272727272727273,20260921T213417946637Z_9d5e65dd,2,5760.0,50,True,79,stationary,HEUR,1799.2785400390626,0.6574628348153113,0.6525949358940124,2736.7,2736.7,1.0,64.2,1954.1,782.6
138,20,0.67,0.15,5,5,6,5.5,5.5,0.19,0.5,42,1,[0.15],0.15,0.2442732516826255,10,7.778174593052023,0.10606601717798211,0.5833630944789017,0.10606601717798211,0.17272727272727273,20260921T213417946637Z_9d5e65dd,2,5760.0,50,True,79,stationary,HEUR_VOR,949.9498596191406,0.7118395351211245,0.6951637148857117,1334.5,1334.5,1.0,31.4,973.1,361.4
138,20,0.67,0.15,5,5,6,5.5,5.5,0.19,0.5,42,1,[0.15],0.15,0.2442732516826255,10,7.778174593052023,0.10606601717798211,0.5833630944789017,0.10606601717798211,0.17272727272727273,20260921T213417946637Z_9d5e65dd,2,5760.0,50,True,79,stationary,FOUR_ZONE,135.9265396118164,0.4006087226991347,0.39685609340667727,339.3,339.3,1.0,1.8,52.0,287.3
138,20,0.67,0.15,5,5,6,5.5,5.5,0.19,0.5,42,1,[0.15],0.15,0.2442732516826255,10,7.778174593052023,0.10606601717798211,0.5833630944789017,0.10606601717798211,0.17272727272727273,20260921T213417946637Z_9d5e65dd,2,5760.0,50,True,79,stationary,PURE,85.6,0.2575210589651023,0.2594351070775064,332.4,332.4,1.0,0.0,0.0,332.4
138,20,0.67,0.15,5,5,6,5.5,5.5,0.19,0.5,42,1,[0.15],0.15,0.2442732516826255,10,7.778174593052023,0.10606601717798211,0.5833630944789017,0.10606601717798211,0.17272727272727273,20260921T213417946637Z_9d5e65dd,2,5760.0,50,True,79,stationary,PURE_OR,85.6,0.31082062454611475,0.310014222554246,275.4,275.4,1.0,0.0,0.0,275.4
139,20,0.67,0.2,5,5,6,5.5,5.5,0.19,0.5,42,1,[0.2],0.2,0.2442732516826255,10,7.778174593052023,0.1414213562373095,0.7778174593052023,0.1414213562373095,0.17272727272727273,20260921T213417946637Z_9d5e65dd,2,5760.0,50,True,79,stationary,DRL,4727.1357421875,0.8206832885742188,0.8206832885742188,5760.0,,0.0,133.6,5382.6,377.4
139,20,0.67,0.2,5,5,6,5.5,5.5,0.19,0.5,42,1,[0.2],0.2,0.2442732516826255,10,7.778174593052023,0.1414213562373095,0.7778174593052023,0.1414213562373095,0.17272727272727273,20260921T213417946637Z_9d5e65dd,2,5760.0,50,True,79,stationary,HEUR,2796.593994140625,0.6645898275049014,0.6662412881851196,4208.0,4208.0,1.0,95.6,3019.4,1188.6
139,20,0.67,0.2,5,5,6,5.5,5.5,0.19,0.5,42,1,[0.2],0.2,0.2442732516826255,10,7.778174593052023,0.1414213562373095,0.7778174593052023,0.1414213562373095,0.17272727272727273,20260921T213417946637Z_9d5e65dd,2,5760.0,50,True,79,stationary,HEUR_VOR,1110.2520263671875,0.7120651785320598,0.7104628801345825,1559.2,1559.2,1.0,38.8,1170.7,388.5
139,20,0.67,0.2,5,5,6,5.5,5.5,0.19,0.5,42,1,[0.2],0.2,0.2442732516826255,10,7.778174593052023,0.1414213562373095,0.7778174593052023,0.1414213562373095,0.17272727272727273,20260921T213417946637Z_9d5e65dd,2,5760.0,50,True,79,stationary,FOUR_ZONE,164.68776245117186,0.4473995176614286,0.44721004366874695,368.1,368.1,1.0,2.2,81.4,286.7
139,20,0.67,0.2,5,5,6,5.5,5.5,0.19,0.5,42,1,[0.2],0.2,0.2442732516826255,10,7.778174593052023,0.1414213562373095,0.7778174593052023,0.1414213562373095,0.17272727272727273,20260921T213417946637Z_9d5e65dd,2,5760.0,50,True,79,stationary,PURE,85.6,0.2575210589651023,0.2594351070775064,332.4,332.4,1.0,0.0,0.0,332.4
139,20,0.67,0.2,5,5,6,5.5,5.5,0.19,0.5,42,1,[0.2],0.2,0.2442732516826255,10,7.778174593052023,0.1414213562373095,0.7778174593052023,0.1414213562373095,0.17272727272727273,20260921T213417946637Z_9d5e65dd,2,5760.0,50,True,79,stationary,PURE_OR,85.6,0.31082062454611475,0.310014222554246,275.4,275.4,1.0,0.0,0.0,275.4
140,20,0.67,0.25,5,5,6,5.5,5.5,0.19,0.5,42,1,"[0.25, 0.3, 0.35, 0.4]",0.2442732516826255,0.2442732516826255,10,7.778174593052023,0.17677669529663687,0.9722718241315028,0.17272727272727273,0.17272727272727273,20260921T213417946637Z_9d5e65dd,2,5760.0,50,True,79,stationary,DRL,4951.03173828125,0.8595541212293837,0.859554123878479,5760.0,,0.0,135.4,5457.7,302.3
140,20,0.67,0.25,5,5,6,5.5,5.5,0.19,0.5,42,1,"[0.25, 0.3, 0.35, 0.4]",0.2442732516826255,0.2442732516826255,10,7.778174593052023,0.17677669529663687,0.9722718241315028,0.17272727272727273,0.17272727272727273,20260921T213417946637Z_9d5e65dd,2,5760.0,50,True,79,stationary,HEUR,3261.9303466796873,0.6977689626678548,0.6948720812797546,4674.8,4403.5,0.8,110.6,3564.3,1110.5
140,20,0.67,0.25,5,5,6,5.5,5.5,0.19,0.5,42,1,"[0.25, 0.3, 0.35, 0.4]",0.2442732516826255,0.2442732516826255,10,7.778174593052023,0.17677669529663687,0.9722718241315028,0.17272727272727273,0.17272727272727273,20260921T213417946637Z_9d5e65dd,2,5760.0,50,True,79,stationary,HEUR_VOR,1264.5189575195313,0.7268603538078584,0.723206901550293,1739.7,1739.7,1.0,45.2,1374.5,365.2
140,20,0.67,0.25,5,5,6,5.5,5.5,0.19,0.5,42,1,"[0.25, 0.3, 0.35, 0.4]",0.2442732516826255,0.2442732516826255,10,7.778174593052023,0.17677669529663687,0.9722718241315028,0.17272727272727273,0.17272727272727273,20260921T213417946637Z_9d5e65dd,2,5760.0,50,True,79,stationary,FOUR_ZONE,187.28841247558594,0.4797346631034476,0.47808355689048765,390.4,390.4,1.0,2.6,106.4,284.0
140,20,0.67,0.25,5,5,6,5.5,5.5,0.19,0.5,42,1,"[0.25, 0.3, 0.35, 0.4]",0.2442732516826255,0.2442732516826255,10,7.778174593052023,0.17677669529663687,0.9722718241315028,0.17272727272727273,0.17272727272727273,20260921T213417946637Z_9d5e65dd,2,5760.0,50,True,79,stationary,PURE,85.6,0.2575210589651023,0.2594351070775064,332.4,332.4,1.0,0.0,0.0,332.4
140,20,0.67,0.25,5,5,6,5.5,5.5,0.19,0.5,42,1,"[0.25, 0.3, 0.35, 0.4]",0.2442732516826255,0.2442732516826255,10,7.778174593052023,0.17677669529663687,0.9722718241315028,0.17272727272727273,0.17272727272727273,20260921T213417946637Z_9d5e65dd,2,5760.0,50,True,79,stationary,PURE_OR,85.6,0.31082062454611475,0.310014222554246,275.4,275.4,1.0,0.0,0.0,275.4
141,20,0.67,0.1,5,5,6,6.0,5.5,0.19,0.5,42,1,[0.1],0.1,0.2442732516826255,10,7.778174593052023,0.07071067811865475,0.38890872965260115,0.07071067811865475,0.17272727272727273,20260921T213417946637Z_9d5e65dd,2,5760.0,50,True,79,stationary,DRL,2964.8930419921876,0.6878463813085067,0.701672637462616,4310.4,3948.0,0.8,84.2,3675.0,635.4
141,20,0.67,0.1,5,5,6,6.0,5.5,0.19,0.5,42,1,[0.1],0.1,0.2442732516826255,10,7.778174593052023,0.07071067811865475,0.38890872965260115,0.07071067811865475,0.17272727272727273,20260921T213417946637Z_9d5e65dd,2,5760.0,50,True,79,stationary,HEUR,1055.8156860351562,0.6986142301562603,0.6980108618736267,1511.3,1511.3,1.0,30.4,1014.4,496.9
141,20,0.67,0.1,5,5,6,6.0,5.5,0.19,0.5,42,1,[0.1],0.1,0.2442732516826255,10,7.778174593052023,0.07071067811865475,0.38890872965260115,0.07071067811865475,0.17272727272727273,20260921T213417946637Z_9d5e65dd,2,5760.0,50,True,79,stationary,HEUR_VOR,498.29237670898436,0.6311493055211962,0.6310757279396058,789.5,789.5,1.0,13.8,421.5,368.0
141,20,0.67,0.1,5,5,6,6.0,5.5,0.19,0.5,42,1,[0.1],0.1,0.2442732516826255,10,7.778174593052023,0.07071067811865475,0.38890872965260115,0.07071067811865475,0.17272727272727273,20260921T213417946637Z_9d5e65dd,2,5760.0,50,True,79,stationary,FOUR_ZONE,118.8274932861328,0.3674319520288584,0.3672802567481995,323.4,323.4,1.0,1.2,31.3,292.1
141,20,0.67,0.1,5,5,6,6.0,5.5,0.19,0.5,42,1,[0.1],0.1,0.2442732516826255,10,7.778174593052023,0.07071067811865475,0.38890872965260115,0.07071067811865475,0.17272727272727273,20260921T213417946637Z_9d5e65dd,2,5760.0,50,True,79,stationary,PURE,85.6,0.2575210589651023,0.2594351070775064,332.4,332.4,1.0,0.0,0.0,332.4
141,20,0.67,0.1,5,5,6,6.0,5.5,0.19,0.5,42,1,[0.1],0.1,0.2442732516826255,10,7.778174593052023,0.07071067811865475,0.38890872965260115,0.07071067811865475,0.17272727272727273,20260921T213417946637Z_9d5e65dd,2,5760.0,50,True,79,stationary,PURE_OR,85.6,0.31082062454611475,0.310014222554246,275.4,275.4,1.0,0.0,0.0,275.4
142,20,0.67,0.15,5,5,6,6.0,5.5,0.19,0.5,42,1,[0.15],0.15,0.2442732516826255,10,7.778174593052023,0.10606601717798211,0.5833630944789017,0.10606601717798211,0.17272727272727273,20260921T213417946637Z_9d5e65dd,2,5760.0,50,True,79,stationary,DRL,4967.18720703125,0.862358890109592,0.8623588919639588,5760.0,,0.0,150.4,5393.8,366.2
142,20,0.67,0.15,5,5,6,6.0,5.5,0.19,0.5,42,1,[0.15],0.15,0.2442732516826255,10,7.778174593052023,0.10606601717798211,0.5833630944789017,0.10606601717798211,0.17272727272727273,20260921T213417946637Z_9d5e65dd,2,5760.0,50,True,79,stationary,HEUR,1955.0589599609375,0.7143855592359183,0.7090603828430175,2736.7,2736.7,1.0,64.2,1954.1,782.6
142,20,0.67,0.15,5,5,6,6.0,5.5,0.19,0.5,42,1,[0.15],0.15,0.2442732516826255,10,7.778174593052023,0.10606601717798211,0.5833630944789017,0.10606601717798211,0.17272727272727273,20260921T213417946637Z_9d5e65dd,2,5760.0,50,True,79,stationary,HEUR_VOR,1028.5189270019532,0.7707148197841537,0.7521298885345459,1334.5,1334.5,1.0,31.4,973.1,361.4
142,20,0.67,0.15,5,5,6,6.0,5.5,0.19,0.5,42,1,[0.15],0.15,0.2442732516826255,10,7.778174593052023,0.10606601717798211,0.5833630944789017,0.10606601717798211,0.17272727272727273,20260921T213417946637Z_9d5e65dd,2,5760.0,50,True,79,stationary,FOUR_ZONE,140.5017333984375,0.4140929366296419,0.4099375009536743,339.3,339.3,1.0,1.8,52.0,287.3
142,20,0.67,0.15,5,5,6,6.0,5.5,0.19,0.5,42,1,[0.15],0.15,0.2442732516826255,10,7.778174593052023,0.10606601717798211,0.5833630944789017,0.10606601717798211,0.17272727272727273,20260921T213417946637Z_9d5e65dd,2,5760.0,50,True,79,stationary,PURE,85.6,0.2575210589651023,0.2594351070775064,332.4,332.4,1.0,0.0,0.0,332.4
142,20,0.67,0.15,5,5,6,6.0,5.5,0.19,0.5,42,1,[0.15],0.15,0.2442732516826255,10,7.778174593052023,0.10606601717798211,0.5833630944789017,0.10606601717798211,0.17272727272727273,20260921T213417946637Z_9d5e65dd,2,5760.0,50,True,79,stationary,PURE_OR,85.6,0.31082062454611475,0.310014222554246,275.4,275.4,1.0,0.0,0.0,275.4
143,20,0.67,0.2,5,5,6,6.0,5.5,0.19,0.5,42,1,[0.2],0.2,0.2442732516826255,10,7.778174593052023,0.1414213562373095,0.7778174593052023,0.1414213562373095,0.17272727272727273,20260921T213417946637Z_9d5e65dd,2,5760.0,50,True,79,stationary,DRL,5234.98955078125,0.9088523525661892,0.9088523745536804,5760.0,,0.0,140.8,5447.7,312.3
143,20,0.67,0.2,5,5,6,6.0,5.5,0.19,0.5,42,1,[0.2],0.2,0.2442732516826255,10,7.778174593052023,0.1414213562373095,0.7778174593052023,0.1414213562373095,0.17272727272727273,20260921T213417946637Z_9d5e65dd,2,5760.0,50,True,79,stationary,HEUR,3043.201708984375,0.7231943224772754,0.724983024597168,4208.0,4208.0,1.0,95.6,3019.4,1188.6
143,20,0.67,0.2,5,5,6,6.0,5.5,0.19,0.5,42,1,[0.2],0.2,0.2442732516826255,10,7.778174593052023,0.1414213562373095,0.7778174593052023,0.1414213562373095,0.17272727272727273,20260921T213417946637Z_9d5e65dd,2,5760.0,50,True,79,stationary,HEUR_VOR,1203.3891723632812,0.7717991100328895,0.7698676466941834,1559.2,1559.2,1.0,38.8,1170.7,388.5
143,20,0.67,0.2,5,5,6,6.0,5.5,0.19,0.5,42,1,[0.2],0.2,0.2442732516826255,10,7.778174593052023,0.1414213562373095,0.7778174593052023,0.1414213562373095,0.17272727272727273,20260921T213417946637Z_9d5e65dd,2,5760.0,50,True,79,stationary,FOUR_ZONE,171.87765502929688,0.46693196150311567,0.46676463484764097,368.1,368.1,1.0,2.2,81.4,286.7
143,20,0.67,0.2,5,5,6,6.0,5.5,0.19,0.5,42,1,[0.2],0.2,0.2442732516826255,10,7.778174593052023,0.1414213562373095,0.7778174593052023,0.1414213562373095,0.17272727272727273,20260921T213417946637Z_9d5e65dd,2,5760.0,50,True,79,stationary,PURE,85.6,0.2575210589651023,0.2594351070775064,332.4,332.4,1.0,0.0,0.0,332.4
143,20,0.67,0.2,5,5,6,6.0,5.5,0.19,0.5,42,1,[0.2],0.2,0.2442732516826255,10,7.778174593052023,0.1414213562373095,0.7778174593052023,0.1414213562373095,0.17272727272727273,20260921T213417946637Z_9d5e65dd,2,5760.0,50,True,79,stationary,PURE_OR,85.6,0.31082062454611475,0.310014222554246,275.4,275.4,1.0,0.0,0.0,275.4
144,20,0.67,0.25,5,5,6,6.0,5.5,0.19,0.5,42,1,"[0.25, 0.3, 0.35, 0.4]",0.2442732516826255,0.2442732516826255,10,7.778174593052023,0.17677669529663687,0.9722718241315028,0.17272727272727273,0.17272727272727273,20260921T213417946637Z_9d5e65dd,2,5760.0,50,True,79,stationary,DRL,5447.79228515625,0.9457972717285156,0.9457972764968872,5760.0,,0.0,143.6,5588.3,171.7
144,20,0.67,0.25,5,5,6,6.0,5.5,0.19,0.5,42,1,"[0.25, 0.3, 0.35, 0.4]",0.2442732516826255,0.2442732516826255,10,7.778174593052023,0.17677669529663687,0.9722718241315028,0.17272727272727273,0.17272727272727273,20260921T213417946637Z_9d5e65dd,2,5760.0,50,True,79,stationary,HEUR,3550.9914794921874,0.759602866324161,0.7563390374183655,4674.8,4403.5,0.8,110.6,3564.3,1110.5
144,20,0.67,0.25,5,5,6,6.0,5.5,0.19,0.5,42,1,"[0.25, 0.3, 0.35, 0.4]",0.2442732516826255,0.2442732516826255,10,7.778174593052023,0.17677669529663687,0.9722718241315028,0.17272727272727273,0.17272727272727273,20260921T213417946637Z_9d5e65dd,2,5760.0,50,True,79,stationary,HEUR_VOR,1371.675048828125,0.7884549340852589,0.7843958497047424,1739.7,1739.7,1.0,45.2,1374.5,365.2
144,20,0.67,0.25,5,5,6,6.0,5.5,0.19,0.5,42,1,"[0.25, 0.3, 0.35, 0.4]",0.2442732516826255,0.2442732516826255,10,7.778174593052023,0.17677669529663687,0.9722718241315028,0.17272727272727273,0.17272727272727273,20260921T213417946637Z_9d5e65dd,2,5760.0,50,True,79,stationary,FOUR_ZONE,196.53289489746095,0.5034141775037422,0.5016665875911712,390.4,390.4,1.0,2.6,106.4,284.0
144,20,0.67,0.25,5,5,6,6.0,5.5,0.19,0.5,42,1,"[0.25, 0.3, 0.35, 0.4]",0.2442732516826255,0.2442732516826255,10,7.778174593052023,0.17677669529663687,0.9722718241315028,0.17272727272727273,0.17272727272727273,20260921T213417946637Z_9d5e65dd,2,5760.0,50,True,79,stationary,PURE,85.6,0.2575210589651023,0.2594351070775064,332.4,332.4,1.0,0.0,0.0,332.4
144,20,0.67,0.25,5,5,6,6.0,5.5,0.19,0.5,42,1,"[0.25, 0.3, 0.35, 0.4]",0.2442732516826255,0.2442732516826255,10,7.778174593052023,0.17677669529663687,0.9722718241315028,0.17272727272727273,0.17272727272727273,20260921T213417946637Z_9d5e65dd,2,5760.0,50,True,79,stationary,PURE_OR,85.6,0.31082062454611475,0.310014222554246,275.4,275.4,1.0,0.0,0.0,275.4
145,20,0.83,0.1,5,5,6,5.5,5.5,0.19,0.5,42,1,[0.1],0.1,0.2442732516826255,10,7.778174593052023,0.07071067811865475,0.38890872965260115,0.07071067811865475,0.17272727272727273,20260921T213417946637Z_9d5e65dd,2,5760.0,50,True,79,stationary,DRL,2730.142333984375,0.6552760978265109,0.6553774237632751,4166.4,4166.4,1.0,89.2,3576.0,590.4
145,20,0.83,0.1,5,5,6,5.5,5.5,0.19,0.5,42,1,[0.1],0.1,0.2442732516826255,10,7.778174593052023,0.07071067811865475,0.38890872965260115,0.07071067811865475,0.17272727272727273,20260921T213417946637Z_9d5e65dd,2,5760.0,50,True,79,stationary,HEUR,1206.8367309570312,0.6417637495118486,0.6388215065002442,1880.5,1880.5,1.0,37.6,1244.1,636.4
145,20,0.83,0.1,5,5,6,5.5,5.5,0.19,0.5,42,1,[0.1],0.1,0.2442732516826255,10,7.778174593052023,0.07071067811865475,0.38890872965260115,0.07071067811865475,0.17272727272727273,20260921T213417946637Z_9d5e65dd,2,5760.0,50,True,79,stationary,HEUR_VOR,641.5381713867188,0.638727769202229,0.6351483464241028,1004.4,1004.4,1.0,19.2,608.5,395.9
145,20,0.83,0.1,5,5,6,5.5,5.5,0.19,0.5,42,1,[0.1],0.1,0.2442732516826255,10,7.778174593052023,0.07071067811865475,0.38890872965260115,0.07071067811865475,0.17272727272727273,20260921T213417946637Z_9d5e65dd,2,5760.0,50,True,79,stationary,FOUR_ZONE,139.36576385498046,0.39513967636796277,0.39000478982925413,352.7,352.7,1.0,1.4,35.2,317.5
145,20,0.83,0.1,5,5,6,5.5,5.5,0.19,0.5,42,1,[0.1],0.1,0.2442732516826255,10,7.778174593052023,0.07071067811865475,0.38890872965260115,0.07071067811865475,0.17272727272727273,20260921T213417946637Z_9d5e65dd,2,5760.0,50,True,79,stationary,PURE,105.2,0.3001426533523538,0.30346051279269637,350.5,350.5,1.0,0.0,0.0,350.5
145,20,0.83,0.1,5,5,6,5.5,5.5,0.19,0.5,42,1,[0.1],0.1,0.2442732516826255,10,7.778174593052023,0.07071067811865475,0.38890872965260115,0.07071067811865475,0.17272727272727273,20260921T213417946637Z_9d5e65dd,2,5760.0,50,True,79,stationary,PURE_OR,105.2,0.34278266536331053,0.34290676637664524,306.9,306.9,1.0,0.0,0.0,306.9
146,20,0.83,0.15,5,5,6,5.5,5.5,0.19,0.5,42,1,[0.15],0.15,0.2442732516826255,10,7.778174593052023,0.10606601717798211,0.5833630944789017,0.10606601717798211,0.17272727272727273,20260921T213417946637Z_9d5e65dd,2,5760.0,50,True,79,stationary,DRL,4582.1296875,0.7955086263020833,0.79550861120224,5760.0,,0.0,148.6,5294.9,465.1
146,20,0.83,0.15,5,5,6,5.5,5.5,0.19,0.5,42,1,[0.15],0.15,0.2442732516826255,10,7.778174593052023,0.10606601717798211,0.5833630944789017,0.10606601717798211,0.17272727272727273,20260921T213417946637Z_9d5e65dd,2,5760.0,50,True,79,stationary,HEUR,2033.8723876953125,0.6833330156213253,0.681979525089264,2976.4,2976.4,1.0,67.8,2151.6,824.8
146,20,0.83,0.15,5,5,6,5.5,5.5,0.19,0.5,42,1,[0.15],0.15,0.2442732516826255,10,7.778174593052023,0.10606601717798211,0.5833630944789017,0.10606601717798211,0.17272727272727273,20260921T213417946637Z_9d5e65dd,2,5760.0,50,True,79,stationary,HEUR_VOR,943.57939453125,0.7105266525084714,0.7090871453285217,1328.0,1328.0,1.0,30.0,955.9,372.1
146,20,0.83,0.15,5,5,6,5.5,5.5,0.19,0.5,42,1,[0.15],0.15,0.2442732516826255,10,7.778174593052023,0.10606601717798211,0.5833630944789017,0.10606601717798211,0.17272727272727273,20260921T213417946637Z_9d5e65dd,2,5760.0,50,True,79,stationary,FOUR_ZONE,139.36576385498046,0.39513967636796277,0.39000478982925413,352.7,352.7,1.0,1.4,35.2,317.5
146,20,0.83,0.15,5,5,6,5.5,5.5,0.19,0.5,42,1,[0.15],0.15,0.2442732516826255,10,7.778174593052023,0.10606601717798211,0.5833630944789017,0.10606601717798211,0.17272727272727273,20260921T213417946637Z_9d5e65dd,2,5760.0,50,True,79,stationary,PURE,105.2,0.3001426533523538,0.30346051279269637,350.5,350.5,1.0,0.0,0.0,350.5
146,20,0.83,0.15,5,5,6,5.5,5.5,0.19,0.5,42,1,[0.15],0.15,0.2442732516826255,10,7.778174593052023,0.10606601717798211,0.5833630944789017,0.10606601717798211,0.17272727272727273,20260921T213417946637Z_9d5e65dd,2,5760.0,50,True,79,stationary,PURE_OR,105.2,0.34278266536331053,0.34290676637664524,306.9,306.9,1.0,0.0,0.0,306.9
147,20,0.83,0.2,5,5,6,5.5,5.5,0.19,0.5,42,1,[0.2],0.2,0.2442732516826255,10,7.778174593052023,0.1414213562373095,0.7778174593052023,0.1414213562373095,0.17272727272727273,20260921T213417946637Z_9d5e65dd,2,5760.0,50,True,79,stationary,DRL,4989.098046875,0.8661628553602431,0.8661628603935242,5760.0,,0.0,140.8,5491.8,268.2
147,20,0.83,0.2,5,5,6,5.5,5.5,0.19,0.5,42,1,[0.2],0.2,0.2442732516826255,10,7.778174593052023,0.1414213562373095,0.7778174593052023,0.1414213562373095,0.17272727272727273,20260921T213417946637Z_9d5e65dd,2,5760.0,50,True,79,stationary,HEUR,3128.827880859375,0.7014994576161102,0.7025575876235962,4460.2,4460.2,1.0,106.6,3389.2,1071.0
147,20,0.83,0.2,5,5,6,5.5,5.5,0.19,0.5,42,1,[0.2],0.2,0.2442732516826255,10,7.778174593052023,0.1414213562373095,0.7778174593052023,0.1414213562373095,0.17272727272727273,20260921T213417946637Z_9d5e65dd,2,5760.0,50,True,79,stationary,HEUR_VOR,1323.00224609375,0.7309404674551105,0.7277211904525757,1810.0,1810.0,1.0,46.8,1380.8,429.2
147,20,0.83,0.2,5,5,6,5.5,5.5,0.19,0.5,42,1,[0.2],0.2,0.2442732516826255,10,7.778174593052023,0.1414213562373095,0.7778174593052023,0.1414213562373095,0.17272727272727273,20260921T213417946637Z_9d5e65dd,2,5760.0,50,True,79,stationary,FOUR_ZONE,163.5828430175781,0.4341370568407063,0.4341863036155701,376.8,376.8,1.0,2.0,61.2,315.6
147,20,0.83,0.2,5,5,6,5.5,5.5,0.19,0.5,42,1,[0.2],0.2,0.2442732516826255,10,7.778174593052023,0.1414213562373095,0.7778174593052023,0.1414213562373095,0.17272727272727273,20260921T213417946637Z_9d5e65dd,2,5760.0,50,True,79,stationary,PURE,105.2,0.3001426533523538,0.30346051279269637,350.5,350.5,1.0,0.0,0.0,350.5
147,20,0.83,0.2,5,5,6,5.5,5.5,0.19,0.5,42,1,[0.2],0.2,0.2442732516826255,10,7.778174593052023,0.1414213562373095,0.7778174593052023,0.1414213562373095,0.17272727272727273,20260921T213417946637Z_9d5e65dd,2,5760.0,50,True,79,stationary,PURE_OR,105.2,0.34278266536331053,0.34290676637664524,306.9,306.9,1.0,0.0,0.0,306.9
148,20,0.83,0.25,5,5,6,5.5,5.5,0.19,0.5,42,1,"[0.25, 0.3, 0.35, 0.4]",0.2442732516826255,0.2442732516826255,10,7.778174593052023,0.17677669529663687,0.9722718241315028,0.17272727272727273,0.17272727272727273,20260921T213417946637Z_9d5e65dd,2,5760.0,50,True,79,stationary,DRL,4945.08349609375,0.8585214402940539,0.8585214495658875,5760.0,,0.0,149.8,5549.1,210.9
148,20,0.83,0.25,5,5,6,5.5,5.5,0.19,0.5,42,1,"[0.25, 0.3, 0.35, 0.4]",0.2442732516826255,0.2442732516826255,10,7.778174593052023,0.17677669529663687,0.9722718241315028,0.17272727272727273,0.17272727272727273,20260921T213417946637Z_9d5e65dd,2,5760.0,50,True,79,stationary,HEUR,3903.20498046875,0.7231371314044668,0.7221739768981934,5397.6,4854.0,0.4,136.4,4218.3,1179.3
148,20,0.83,0.25,5,5,6,5.5,5.5,0.19,0.5,42,1,"[0.25, 0.3, 0.35, 0.4]",0.2442732516826255,0.2442732516826255,10,7.778174593052023,0.17677669529663687,0.9722718241315028,0.17272727272727273,0.17272727272727273,20260921T213417946637Z_9d5e65dd,2,5760.0,50,True,79,stationary,HEUR_VOR,1774.7015869140625,0.7674053389752065,0.7604135632514953,2312.6,2312.6,1.0,58.8,1879.3,433.3
148,20,0.83,0.25,5,5,6,5.5,5.5,0.19,0.5,42,1,"[0.25, 0.3, 0.35, 0.4]",0.2442732516826255,0.2442732516826255,10,7.778174593052023,0.17677669529663687,0.9722718241315028,0.17272727272727273,0.17272727272727273,20260921T213417946637Z_9d5e65dd,2,5760.0,50,True,79,stationary,FOUR_ZONE,173.63992309570312,0.4508956715027347,0.4497874557971954,385.1,385.1,1.0,2.6,74.9,310.2
148,20,0.83,0.25,5,5,6,5.5,5.5,0.19,0.5,42,1,"[0.25, 0.3, 0.35, 0.4]",0.2442732516826255,0.2442732516826255,10,7.778174593052023,0.17677669529663687,0.9722718241315028,0.17272727272727273,0.17272727272727273,20260921T213417946637Z_9d5e65dd,2,5760.0,50,True,79,stationary,PURE,105.2,0.3001426533523538,0.30346051279269637,350.5,350.5,1.0,0.0,0.0,350.5
148,20,0.83,0.25,5,5,6,5.5,5.5,0.19,0.5,42,1,"[0.25, 0.3, 0.35, 0.4]",0.2442732516826255,0.2442732516826255,10,7.778174593052023,0.17677669529663687,0.9722718241315028,0.17272727272727273,0.17272727272727273,20260921T213417946637Z_9d5e65dd,2,5760.0,50,True,79,stationary,PURE_OR,105.2,0.34278266536331053,0.34290676637664524,306.9,306.9,1.0,0.0,0.0,306.9
149,20,0.83,0.1,5,5,6,6.0,5.5,0.19,0.5,42,1,[0.1],0.1,0.2442732516826255,10,7.778174593052023,0.07071067811865475,0.38890872965260115,0.07071067811865475,0.17272727272727273,20260921T213417946637Z_9d5e65dd,2,5760.0,50,True,79,stationary,DRL,3234.2900146484376,0.7019163189913706,0.701584005355835,4607.8,4319.75,0.8,98.0,4024.7,583.1
149,20,0.83,0.1,5,5,6,6.0,5.5,0.19,0.5,42,1,[0.1],0.1,0.2442732516826255,10,7.778174593052023,0.07071067811865475,0.38890872965260115,0.07071067811865475,0.17272727272727273,20260921T213417946637Z_9d5e65dd,2,5760.0,50,True,79,stationary,HEUR,1306.968115234375,0.6950109626346052,0.6917612671852111,1880.5,1880.5,1.0,37.6,1244.1,636.4
149,20,0.83,0.1,5,5,6,6.0,5.5,0.19,0.5,42,1,[0.1],0.1,0.2442732516826255,10,7.778174593052023,0.07071067811865475,0.38890872965260115,0.07071067811865475,0.17272727272727273,20260921T213417946637Z_9d5e65dd,2,5760.0,50,True,79,stationary,HEUR_VOR,690.3000915527343,0.6872760768147494,0.6832600951194763,1004.4,1004.4,1.0,19.2,608.5,395.9
149,20,0.83,0.1,5,5,6,6.0,5.5,0.19,0.5,42,1,[0.1],0.1,0.2442732516826255,10,7.778174593052023,0.07071067811865475,0.38890872965260115,0.07071067811865475,0.17272727272727273,20260921T213417946637Z_9d5e65dd,2,5760.0,50,True,79,stationary,FOUR_ZONE,142.47177429199218,0.40394605696623814,0.39839195609092715,352.7,352.7,1.0,1.4,35.2,317.5
149,20,0.83,0.1,5,5,6,6.0,5.5,0.19,0.5,42,1,[0.1],0.1,0.2442732516826255,10,7.778174593052023,0.07071067811865475,0.38890872965260115,0.07071067811865475,0.17272727272727273,20260921T213417946637Z_9d5e65dd,2,5760.0,50,True,79,stationary,PURE,105.2,0.3001426533523538,0.30346051279269637,350.5,350.5,1.0,0.0,0.0,350.5
149,20,0.83,0.1,5,5,6,6.0,5.5,0.19,0.5,42,1,[0.1],0.1,0.2442732516826255,10,7.778174593052023,0.07071067811865475,0.38890872965260115,0.07071067811865475,0.17272727272727273,20260921T213417946637Z_9d5e65dd,2,5760.0,50,True,79,stationary,PURE_OR,105.2,0.34278266536331053,0.34290676637664524,306.9,306.9,1.0,0.0,0.0,306.9
150,20,0.83,0.15,5,5,6,6.0,5.5,0.19,0.5,42,1,[0.15],0.15,0.2442732516826255,10,7.778174593052023,0.10606601717798211,0.5833630944789017,0.10606601717798211,0.17272727272727273,20260921T213417946637Z_9d5e65dd,2,5760.0,50,True,79,stationary,DRL,4886.208984375,0.8483001708984375,0.8483001828193665,5760.0,,0.0,137.2,5196.0,564.0
150,20,0.83,0.15,5,5,6,6.0,5.5,0.19,0.5,42,1,[0.15],0.15,0.2442732516826255,10,7.778174593052023,0.10606601717798211,0.5833630944789017,0.10606601717798211,0.17272727272727273,20260921T213417946637Z_9d5e65dd,2,5760.0,50,True,79,stationary,HEUR,2209.2202392578124,0.7422457462900862,0.7407356381416321,2976.4,2976.4,1.0,67.8,2151.6,824.8
150,20,0.83,0.15,5,5,6,6.0,5.5,0.19,0.5,42,1,[0.15],0.15,0.2442732516826255,10,7.778174593052023,0.10606601717798211,0.5833630944789017,0.10606601717798211,0.17272727272727273,20260921T213417946637Z_9d5e65dd,2,5760.0,50,True,79,stationary,HEUR_VOR,1019.7904541015625,0.7679144985704537,0.7662898898124695,1328.0,1328.0,1.0,30.0,955.9,372.1
150,20,0.83,0.15,5,5,6,6.0,5.5,0.19,0.5,42,1,[0.15],0.15,0.2442732516826255,10,7.778174593052023,0.10606601717798211,0.5833630944789017,0.10606601717798211,0.17272727272727273,20260921T213417946637Z_9d5e65dd,2,5760.0,50,True,79,stationary,FOUR_ZONE,142.47177429199218,0.40394605696623814,0.39839195609092715,352.7,352.7,1.0,1.4,35.2,317.5
150,20,0.83,0.15,5,5,6,6.0,5.5,0.19,0.5,42,1,[0.15],0.15,0.2442732516826255,10,7.778174593052023,0.10606601717798211,0.5833630944789017,0.10606601717798211,0.17272727272727273,20260921T213417946637Z_9d5e65dd,2,5760.0,50,True,79,stationary,PURE,105.2,0.3001426533523538,0.30346051279269637,350.5,350.5,1.0,0.0,0.0,350.5
150,20,0.83,0.15,5,5,6,6.0,5.5,0.19,0.5,42,1,[0.15],0.15,0.2442732516826255,10,7.778174593052023,0.10606601717798211,0.5833630944789017,0.10606601717798211,0.17272727272727273,20260921T213417946637Z_9d5e65dd,2,5760.0,50,True,79,stationary,PURE_OR,105.2,0.34278266536331053,0.34290676637664524,306.9,306.9,1.0,0.0,0.0,306.9
151,20,0.83,0.2,5,5,6,6.0,5.5,0.19,0.5,42,1,[0.2],0.2,0.2442732516826255,10,7.778174593052023,0.1414213562373095,0.7778174593052023,0.1414213562373095,0.17272727272727273,20260921T213417946637Z_9d5e65dd,2,5760.0,50,True,79,stationary,DRL,5168.88564453125,0.8973759799533421,0.8973759889602662,5760.0,,0.0,137.0,5415.1,344.9
151,20,0.83,0.2,5,5,6,6.0,5.5,0.19,0.5,42,1,[0.2],0.2,0.2442732516826255,10,7.778174593052023,0.1414213562373095,0.7778174593052023,0.1414213562373095,0.17272727272727273,20260921T213417946637Z_9d5e65dd,2,5760.0,50,True,79,stationary,HEUR,3403.921728515625,0.7631769267108257,0.7643216490745545,4460.2,4460.2,1.0,106.6,3389.2,1071.0
151,20,0.83,0.2,5,5,6,6.0,5.5,0.19,0.5,42,1,[0.2],0.2,0.2442732516826255,10,7.778174593052023,0.1414213562373095,0.7778174593052023,0.1414213562373095,0.17272727272727273,20260921T213417946637Z_9d5e65dd,2,5760.0,50,True,79,stationary,HEUR_VOR,1433.690966796875,0.7920944567938536,0.7885384082794189,1810.0,1810.0,1.0,46.8,1380.8,429.2
151,20,0.83,0.2,5,5,6,6.0,5.5,0.19,0.5,42,1,[0.2],0.2,0.2442732516826255,10,7.778174593052023,0.1414213562373095,0.7778174593052023,0.1414213562373095,0.17272727272727273,20260921T213417946637Z_9d5e65dd,2,5760.0,50,True,79,stationary,FOUR_ZONE,168.89044494628905,0.44822304922051237,0.4483490586280823,376.8,376.8,1.0,2.0,61.2,315.6
151,20,0.83,0.2,5,5,6,6.0,5.5,0.19,0.5,42,1,[0.2],0.2,0.2442732516826255,10,7.778174593052023,0.1414213562373095,0.7778174593052023,0.1414213562373095,0.17272727272727273,20260921T213417946637Z_9d5e65dd,2,5760.0,50,True,79,stationary,PURE,105.2,0.3001426533523538,0.30346051279269637,350.5,350.5,1.0,0.0,0.0,350.5
151,20,0.83,0.2,5,5,6,6.0,5.5,0.19,0.5,42,1,[0.2],0.2,0.2442732516826255,10,7.778174593052023,0.1414213562373095,0.7778174593052023,0.1414213562373095,0.17272727272727273,20260921T213417946637Z_9d5e65dd,2,5760.0,50,True,79,stationary,PURE_OR,105.2,0.34278266536331053,0.34290676637664524,306.9,306.9,1.0,0.0,0.0,306.9
152,20,0.83,0.25,5,5,6,6.0,5.5,0.19,0.5,42,1,"[0.25, 0.3, 0.35, 0.4]",0.2442732516826255,0.2442732516826255,10,7.778174593052023,0.17677669529663687,0.9722718241315028,0.17272727272727273,0.17272727272727273,20260921T213417946637Z_9d5e65dd,2,5760.0,50,True,79,stationary,DRL,5394.9873046875,0.9366297403971354,0.9366297483444214,5760.0,,0.0,148.4,5539.8,220.2
152,20,0.83,0.25,5,5,6,6.0,5.5,0.19,0.5,42,1,"[0.25, 0.3, 0.35, 0.4]",0.2442732516826255,0.2442732516826255,10,7.778174593052023,0.17677669529663687,0.9722718241315028,0.17272727272727273,0.17272727272727273,20260921T213417946637Z_9d5e65dd,2,5760.0,50,True,79,stationary,HEUR,4249.278515625,0.787253319183526,0.7861998200416564,5397.6,4854.0,0.4,136.4,4218.3,1179.3
152,20,0.83,0.25,5,5,6,6.0,5.5,0.19,0.5,42,1,"[0.25, 0.3, 0.35, 0.4]",0.2442732516826255,0.2442732516826255,10,7.778174593052023,0.17677669529663687,0.9722718241315028,0.17272727272727273,0.17272727272727273,20260921T213417946637Z_9d5e65dd,2,5760.0,50,True,79,stationary,HEUR_VOR,1926.4786865234375,0.8330358412710531,0.825239622592926,2312.6,2312.6,1.0,58.8,1879.3,433.3
152,20,0.83,0.25,5,5,6,6.0,5.5,0.19,0.5,42,1,"[0.25, 0.3, 0.35, 0.4]",0.2442732516826255,0.2442732516826255,10,7.778174593052023,0.17677669529663687,0.9722718241315028,0.17272727272727273,0.17272727272727273,20260921T213417946637Z_9d5e65dd,2,5760.0,50,True,79,stationary,FOUR_ZONE,179.86182556152343,0.46705226061159033,0.46594188213348386,385.1,385.1,1.0,2.6,74.9,310.2
152,20,0.83,0.25,5,5,6,6.0,5.5,0.19,0.5,42,1,"[0.25, 0.3, 0.35, 0.4]",0.2442732516826255,0.2442732516826255,10,7.778174593052023,0.17677669529663687,0.9722718241315028,0.17272727272727273,0.17272727272727273,20260921T213417946637Z_9d5e65dd,2,5760.0,50,True,79,stationary,PURE,105.2,0.3001426533523538,0.30346051279269637,350.5,350.5,1.0,0.0,0.0,350.5
152,20,0.83,0.25,5,5,6,6.0,5.5,0.19,0.5,42,1,"[0.25, 0.3, 0.35, 0.4]",0.2442732516826255,0.2442732516826255,10,7.778174593052023,0.17677669529663687,0.9722718241315028,0.17272727272727273,0.17272727272727273,20260921T213417946637Z_9d5e65dd,2,5760.0,50,True,79,stationary,PURE_OR,105.2,0.34278266536331053,0.34290676637664524,306.9,306.9,1.0,0.0,0.0,306.9
153,20,1.0,0.1,5,5,6,5.5,5.5,0.19,0.5,42,1,[0.1],0.1,0.2442732516826255,10,7.778174593052023,0.07071067811865475,0.38890872965260115,0.07071067811865475,0.17272727272727273,20260921T213417946637Z_9d5e65dd,2,5760.0,50,True,79,stationary,DRL,3124.00302734375,0.6732910250961767,0.6778651118278504,4639.9,3893.1666666666665,0.6,103.2,3965.8,674.1
153,20,1.0,0.1,5,5,6,5.5,5.5,0.19,0.5,42,1,[0.1],0.1,0.2442732516826255,10,7.778174593052023,0.07071067811865475,0.38890872965260115,0.07071067811865475,0.17272727272727273,20260921T213417946637Z_9d5e65dd,2,5760.0,50,True,79,stationary,HEUR,1506.225146484375,0.6783881216431901,0.678089714050293,2220.3,2220.3,1.0,49.6,1557.1,663.2
153,20,1.0,0.1,5,5,6,5.5,5.5,0.19,0.5,42,1,[0.1],0.1,0.2442732516826255,10,7.778174593052023,0.07071067811865475,0.38890872965260115,0.07071067811865475,0.17272727272727273,20260921T213417946637Z_9d5e65dd,2,5760.0,50,True,79,stationary,HEUR_VOR,723.838916015625,0.6536381759216408,0.6492380976676941,1107.4,1107.4,1.0,22.4,653.9,453.5
153,20,1.0,0.1,5,5,6,5.5,5.5,0.19,0.5,42,1,[0.1],0.1,0.2442732516826255,10,7.778174593052023,0.07071067811865475,0.38890872965260115,0.07071067811865475,0.17272727272727273,20260921T213417946637Z_9d5e65dd,2,5760.0,50,True,79,stationary,FOUR_ZONE,149.81732482910155,0.3814086680985274,0.38114051444974895,392.8,392.8,1.0,0.6,23.5,369.3
153,20,1.0,0.1,5,5,6,5.5,5.5,0.19,0.5,42,1,[0.1],0.1,0.2442732516826255,10,7.778174593052023,0.07071067811865475,0.38890872965260115,0.07071067811865475,0.17272727272727273,20260921T213417946637Z_9d5e65dd,2,5760.0,50,True,79,stationary,PURE,126.4,0.30268199233716475,0.3020488391073032,417.6,417.6,1.0,0.0,0.0,417.6
153,20,1.0,0.1,5,5,6,5.5,5.5,0.19,0.5,42,1,[0.1],0.1,0.2442732516826255,10,7.778174593052023,0.07071067811865475,0.38890872965260115,0.07071067811865475,0.17272727272727273,20260921T213417946637Z_9d5e65dd,2,5760.0,50,True,79,stationary,PURE_OR,126.4,0.3665893271461717,0.36571390797791914,344.8,344.8,1.0,0.0,0.0,344.8
154,20,1.0,0.15,5,5,6,5.5,5.5,0.19,0.5,42,1,[0.15],0.15,0.2442732516826255,10,7.778174593052023,0.10606601717798211,0.5833630944789017,0.10606601717798211,0.17272727272727273,20260921T213417946637Z_9d5e65dd,2,5760.0,50,True,79,stationary,DRL,4557.69208984375,0.7912659878200955,0.7912660002708435,5760.0,,0.0,149.8,5317.0,443.0
154,20,1.0,0.15,5,5,6,5.5,5.5,0.19,0.5,42,1,[0.15],0.15,0.2442732516826255,10,7.778174593052023,0.10606601717798211,0.5833630944789017,0.10606601717798211,0.17272727272727273,20260921T213417946637Z_9d5e65dd,2,5760.0,50,True,79,stationary,HEUR,2610.1329833984373,0.7091596433729385,0.7086566686630249,3680.6,3680.6,1.0,88.0,2752.6,928.0
154,20,1.0,0.15,5,5,6,5.5,5.5,0.19,0.5,42,1,[0.15],0.15,0.2442732516826255,10,7.778174593052023,0.10606601717798211,0.5833630944789017,0.10606601717798211,0.17272727272727273,20260921T213417946637Z_9d5e65dd,2,5760.0,50,True,79,stationary,HEUR_VOR,1491.31181640625,0.758705645302325,0.7511389255523682,1965.6,1965.6,1.0,46.8,1505.6,460.0
154,20,1.0,0.15,5,5,6,5.5,5.5,0.19,0.5,42,1,[0.15],0.15,0.2442732516826255,10,7.778174593052023,0.10606601717798211,0.5833630944789017,0.10606601717798211,0.17272727272727273,20260921T213417946637Z_9d5e65dd,2,5760.0,50,True,79,stationary,FOUR_ZONE,183.12424011230468,0.433532765417388,0.4323723614215851,422.4,422.4,1.0,1.6,58.0,364.4
154,20,1.0,0.15,5,5,6,5.5,5.5,0.19,0.5,42,1,[0.15],0.15,0.2442732516826255,10,7.778174593052023,0.10606601717798211,0.5833630944789017,0.10606601717798211,0.17272727272727273,20260921T213417946637Z_9d5e65dd,2,5760.0,50,True,79,stationary,PURE,126.4,0.30268199233716475,0.3020488391073032,417.6,417.6,1.0,0.0,0.0,417.6
154,20,1.0,0.15,5,5,6,5.5,5.5,0.19,0.5,42,1,[0.15],0.15,0.2442732516826255,10,7.778174593052023,0.10606601717798211,0.5833630944789017,0.10606601717798211,0.17272727272727273,20260921T213417946637Z_9d5e65dd,2,5760.0,50,True,79,stationary,PURE_OR,126.4,0.3665893271461717,0.36571390797791914,344.8,344.8,1.0,0.0,0.0,344.8
155,20,1.0,0.2,5,5,6,5.5,5.5,0.19,0.5,42,1,[0.2],0.2,0.2442732516826255,10,7.778174593052023,0.1414213562373095,0.7778174593052023,0.1414213562373095,0.17272727272727273,20260921T213417946637Z_9d5e65dd,2,5760.0,50,True,79,stationary,DRL,4940.139453125,0.857663099500868,0.8576630830764771,5760.0,,0.0,149.8,5469.5,290.5
155,20,1.0,0.2,5,5,6,5.5,5.5,0.19,0.5,42,1,[0.2],0.2,0.2442732516826255,10,7.778174593052023,0.1414213562373095,0.7778174593052023,0.1414213562373095,0.17272727272727273,20260921T213417946637Z_9d5e65dd,2,5760.0,50,True,79,stationary,HEUR,3690.82265625,0.70636402293736,0.7073990345001221,5225.1,5091.375,0.8,124.4,3979.1,1246.0
155,20,1.0,0.2,5,5,6,5.5,5.5,0.19,0.5,42,1,[0.2],0.2,0.2442732516826255,10,7.778174593052023,0.1414213562373095,0.7778174593052023,0.1414213562373095,0.17272727272727273,20260921T213417946637Z_9d5e65dd,2,5760.0,50,True,79,stationary,HEUR_VOR,1732.1049072265625,0.7576348994954784,0.7519304990768433,2286.2,2286.2,1.0,61.6,1812.3,473.9
155,20,1.0,0.2,5,5,6,5.5,5.5,0.19,0.5,42,1,[0.2],0.2,0.2442732516826255,10,7.778174593052023,0.1414213562373095,0.7778174593052023,0.1414213562373095,0.17272727272727273,20260921T213417946637Z_9d5e65dd,2,5760.0,50,True,79,stationary,FOUR_ZONE,203.470361328125,0.4749541580955299,0.4712250292301178,428.4,428.4,1.0,2.4,81.0,347.4
155,20,1.0,0.2,5,5,6,5.5,5.5,0.19,0.5,42,1,[0.2],0.2,0.2442732516826255,10,7.778174593052023,0.1414213562373095,0.7778174593052023,0.1414213562373095,0.17272727272727273,20260921T213417946637Z_9d5e65dd,2,5760.0,50,True,79,stationary,PURE,126.4,0.30268199233716475,0.3020488391073032,417.6,417.6,1.0,0.0,0.0,417.6
155,20,1.0,0.2,5,5,6,5.5,5.5,0.19,0.5,42,1,[0.2],0.2,0.2442732516826255,10,7.778174593052023,0.1414213562373095,0.7778174593052023,0.1414213562373095,0.17272727272727273,20260921T213417946637Z_9d5e65dd,2,5760.0,50,True,79,stationary,PURE_OR,126.4,0.3665893271461717,0.36571390797791914,344.8,344.8,1.0,0.0,0.0,344.8
156,20,1.0,0.25,5,5,6,5.5,5.5,0.19,0.5,42,1,"[0.25, 0.3, 0.35, 0.4]",0.2442732516826255,0.2442732516826255,10,7.778174593052023,0.17677669529663687,0.9722718241315028,0.17272727272727273,0.17272727272727273,20260921T213417946637Z_9d5e65dd,2,5760.0,50,True,79,stationary,DRL,5006.50439453125,0.8691847907172309,0.8691847920417786,5760.0,,0.0,137.6,5428.8,331.2
156,20,1.0,0.25,5,5,6,5.5,5.5,0.19,0.5,42,1,"[0.25, 0.3, 0.35, 0.4]",0.2442732516826255,0.2442732516826255,10,7.778174593052023,0.17677669529663687,0.9722718241315028,0.17272727272727273,0.17272727272727273,20260921T213417946637Z_9d5e65dd,2,5760.0,50,True,79,stationary,HEUR,4286.1314453125,0.7528510232053152,0.752717387676239,5693.2,5426.0,0.2,148.0,4622.3,1070.9
156,20,1.0,0.25,5,5,6,5.5,5.5,0.19,0.5,42,1,"[0.25, 0.3, 0.35, 0.4]",0.2442732516826255,0.2442732516826255,10,7.778174593052023,0.17677669529663687,0.9722718241315028,0.17272727272727273,0.17272727272727273,20260921T213417946637Z_9d5e65dd,2,5760.0,50,True,79,stationary,HEUR_VOR,1961.434228515625,0.7778838899526571,0.7772990942001343,2521.5,2521.5,1.0,65.2,2071.8,449.7
156,20,1.0,0.25,5,5,6,5.5,5.5,0.19,0.5,42,1,"[0.25, 0.3, 0.35, 0.4]",0.2442732516826255,0.2442732516826255,10,7.778174593052023,0.17677669529663687,0.9722718241315028,0.17272727272727273,0.17272727272727273,20260921T213417946637Z_9d5e65dd,2,5760.0,50,True,79,stationary,FOUR_ZONE,204.39273071289062,0.47522141528223816,0.4714196383953094,430.1,430.1,1.0,2.4,81.6,348.5
156,20,1.0,0.25,5,5,6,5.5,5.5,0.19,0.5,42,1,"[0.25, 0.3, 0.35, 0.4]",0.2442732516826255,0.2442732516826255,10,7.778174593052023,0.17677669529663687,0.9722718241315028,0.17272727272727273,0.17272727272727273,20260921T213417946637Z_9d5e65dd,2,5760.0,50,True,79,stationary,PURE,126.4,0.30268199233716475,0.3020488391073032,417.6,417.6,1.0,0.0,0.0,417.6
156,20,1.0,0.25,5,5,6,5.5,5.5,0.19,0.5,42,1,"[0.25, 0.3, 0.35, 0.4]",0.2442732516826255,0.2442732516826255,10,7.778174593052023,0.17677669529663687,0.9722718241315028,0.17272727272727273,0.17272727272727273,20260921T213417946637Z_9d5e65dd,2,5760.0,50,True,79,stationary,PURE_OR,126.4,0.3665893271461717,0.36571390797791914,344.8,344.8,1.0,0.0,0.0,344.8
157,20,1.0,0.1,5,5,6,6.0,5.5,0.19,0.5,42,1,[0.1],0.1,0.2442732516826255,10,7.778174593052023,0.07071067811865475,0.38890872965260115,0.07071067811865475,0.17272727272727273,20260921T213417946637Z_9d5e65dd,2,5760.0,50,True,79,stationary,DRL,3165.69892578125,0.7653270780826926,0.7648476362228394,4136.4,3730.5,0.8,89.0,3486.4,650.0
157,20,1.0,0.1,5,5,6,6.0,5.5,0.19,0.5,42,1,[0.1],0.1,0.2442732516826255,10,7.778174593052023,0.07071067811865475,0.38890872965260115,0.07071067811865475,0.17272727272727273,20260921T213417946637Z_9d5e65dd,2,5760.0,50,True,79,stationary,HEUR,1631.6389892578125,0.7348732104930922,0.734541916847229,2220.3,2220.3,1.0,49.6,1557.1,663.2
157,20,1.0,0.1,5,5,6,6.0,5.5,0.19,0.5,42,1,[0.1],0.1,0.2442732516826255,10,7.778174593052023,0.07071067811865475,0.38890872965260115,0.07071067811865475,0.17272727272727273,20260921T213417946637Z_9d5e65dd,2,5760.0,50,True,79,stationary,HEUR_VOR,778.1535766601562,0.7026851875204589,0.6976490020751953,1107.4,1107.4,1.0,22.4,653.9,453.5
157,20,1.0,0.1,5,5,6,6.0,5.5,0.19,0.5,42,1,[0.1],0.1,0.2442732516826255,10,7.778174593052023,0.07071067811865475,0.38890872965260115,0.07071067811865475,0.17272727272727273,20260921T213417946637Z_9d5e65dd,2,5760.0,50,True,79,stationary,FOUR_ZONE,151.94617309570313,0.38682834291166784,0.3866185210510826,392.8,392.8,1.0,0.6,23.5,369.3
157,20,1.0,0.1,5,5,6,6.0,5.5,0.19,0.5,42,1,[0.1],0.1,0.2442732516826255,10,7.778174593052023,0.07071067811865475,0.38890872965260115,0.07071067811865475,0.17272727272727273,20260921T213417946637Z_9d5e65dd,2,5760.0,50,True,79,stationary,PURE,126.4,0.30268199233716475,0.3020488391073032,417.6,417.6,1.0,0.0,0.0,417.6
157,20,1.0,0.1,5,5,6,6.0,5.5,0.19,0.5,42,1,[0.1],0.1,0.2442732516826255,10,7.778174593052023,0.07071067811865475,0.38890872965260115,0.07071067811865475,0.17272727272727273,20260921T213417946637Z_9d5e65dd,2,5760.0,50,True,79,stationary,PURE_OR,126.4,0.3665893271461717,0.36571390797791914,344.8,344.8,1.0,0.0,0.0,344.8
158,20,1.0,0.15,5,5,6,6.0,5.5,0.19,0.5,42,1,[0.15],0.15,0.2442732516826255,10,7.778174593052023,0.10606601717798211,0.5833630944789017,0.10606601717798211,0.17272727272727273,20260921T213417946637Z_9d5e65dd,2,5760.0,50,True,79,stationary,DRL,5147.9890625,0.8937481011284722,0.893748116493225,5760.0,,0.0,158.8,5411.8,348.2
158,20,1.0,0.15,5,5,6,6.0,5.5,0.19,0.5,42,1,[0.15],0.15,0.2442732516826255,10,7.778174593052023,0.10606601717798211,0.5833630944789017,0.10606601717798211,0.17272727272727273,20260921T213417946637Z_9d5e65dd,2,5760.0,50,True,79,stationary,HEUR,2836.0430419921877,0.770538238871974,0.7699332356452941,3680.6,3680.6,1.0,88.0,2752.6,928.0
158,20,1.0,0.15,5,5,6,6.0,5.5,0.19,0.5,42,1,[0.15],0.15,0.2442732516826255,10,7.778174593052023,0.10606601717798211,0.5833630944789017,0.10606601717798211,0.17272727272727273,20260921T213417946637Z_9d5e65dd,2,5760.0,50,True,79,stationary,HEUR_VOR,1615.3762451171874,0.8218234865268557,0.813296377658844,1965.6,1965.6,1.0,46.8,1505.6,460.0
158,20,1.0,0.15,5,5,6,6.0,5.5,0.19,0.5,42,1,[0.15],0.15,0.2442732516826255,10,7.778174593052023,0.10606601717798211,0.5833630944789017,0.10606601717798211,0.17272727272727273,20260921T213417946637Z_9d5e65dd,2,5760.0,50,True,79,stationary,FOUR_ZONE,188.2810516357422,0.4457411260315866,0.4444803535938263,422.4,422.4,1.0,1.6,58.0,364.4
158,20,1.0,0.15,5,5,6,6.0,5.5,0.19,0.5,42,1,[0.15],0.15,0.2442732516826255,10,7.778174593052023,0.10606601717798211,0.5833630944789017,0.10606601717798211,0.17272727272727273,20260921T213417946637Z_9d5e65dd,2,5760.0,50,True,79,stationary,PURE,126.4,0.30268199233716475,0.3020488391073032,417.6,417.6,1.0,0.0,0.0,417.6
158,20,1.0,0.15,5,5,6,6.0,5.5,0.19,0.5,42,1,[0.15],0.15,0.2442732516826255,10,7.778174593052023,0.10606601717798211,0.5833630944789017,0.10606601717798211,0.17272727272727273,20260921T213417946637Z_9d5e65dd,2,5760.0,50,True,79,stationary,PURE_OR,126.4,0.3665893271461717,0.36571390797791914,344.8,344.8,1.0,0.0,0.0,344.8
159,20,1.0,0.2,5,5,6,6.0,5.5,0.19,0.5,42,1,[0.2],0.2,0.2442732516826255,10,7.778174593052023,0.1414213562373095,0.7778174593052023,0.1414213562373095,0.17272727272727273,20260921T213417946637Z_9d5e65dd,2,5760.0,50,True,79,stationary,DRL,5342.34912109375,0.9274911668565539,0.9274911522865296,5760.0,,0.0,138.0,5377.1,382.9
159,20,1.0,0.2,5,5,6,6.0,5.5,0.19,0.5,42,1,[0.2],0.2,0.2442732516826255,10,7.778174593052023,0.1414213562373095,0.7778174593052023,0.1414213562373095,0.17272727272727273,20260921T213417946637Z_9d5e65dd,2,5760.0,50,True,79,stationary,HEUR,4015.209326171875,0.7684464079485321,0.7695706844329834,5225.1,5091.375,0.8,124.4,3979.1,1246.0
159,20,1.0,0.2,5,5,6,6.0,5.5,0.19,0.5,42,1,[0.2],0.2,0.2442732516826255,10,7.778174593052023,0.1414213562373095,0.7778174593052023,0.1414213562373095,0.17272727272727273,20260921T213417946637Z_9d5e65dd,2,5760.0,50,True,79,stationary,HEUR_VOR,1878.0704833984375,0.8214812717165766,0.8151025533676147,2286.2,2286.2,1.0,61.6,1812.3,473.9
159,20,1.0,0.2,5,5,6,6.0,5.5,0.19,0.5,42,1,[0.2],0.2,0.2442732516826255,10,7.778174593052023,0.1414213562373095,0.7778174593052023,0.1414213562373095,0.17272727272727273,20260921T213417946637Z_9d5e65dd,2,5760.0,50,True,79,stationary,FOUR_ZONE,210.47681274414063,0.4913090867043432,0.48723567724227906,428.4,428.4,1.0,2.4,81.0,347.4
159,20,1.0,0.2,5,5,6,6.0,5.5,0.19,0.5,42,1,[0.2],0.2,0.2442732516826255,10,7.778174593052023,0.1414213562373095,0.7778174593052023,0.1414213562373095,0.17272727272727273,20260921T213417946637Z_9d5e65dd,2,5760.0,50,True,79,stationary,PURE,126.4,0.30268199233716475,0.3020488391073032,417.6,417.6,1.0,0.0,0.0,417.6
159,20,1.0,0.2,5,5,6,6.0,5.5,0.19,0.5,42,1,[0.2],0.2,0.2442732516826255,10,7.778174593052023,0.1414213562373095,0.7778174593052023,0.1414213562373095,0.17272727272727273,20260921T213417946637Z_9d5e65dd,2,5760.0,50,True,79,stationary,PURE_OR,126.4,0.3665893271461717,0.36571390797791914,344.8,344.8,1.0,0.0,0.0,344.8
160,20,1.0,0.25,5,5,6,6.0,5.5,0.19,0.5,42,1,"[0.25, 0.3, 0.35, 0.4]",0.2442732516826255,0.2442732516826255,10,7.778174593052023,0.17677669529663687,0.9722718241315028,0.17272727272727273,0.17272727272727273,20260921T213417946637Z_9d5e65dd,2,5760.0,50,True,79,stationary,DRL,5541.123046875,0.9620005289713541,0.9620005249977112,5760.0,,0.0,151.4,5581.8,178.2
160,20,1.0,0.25,5,5,6,6.0,5.5,0.19,0.5,42,1,"[0.25, 0.3, 0.35, 0.4]",0.2442732516826255,0.2442732516826255,10,7.778174593052023,0.17677669529663687,0.9722718241315028,0.17272727272727273,0.17272727272727273,20260921T213417946637Z_9d5e65dd,2,5760.0,50,True,79,stationary,HEUR,4665.56455078125,0.819497743058605,0.8193539381027222,5693.2,5426.0,0.2,148.0,4622.3,1070.9
160,20,1.0,0.25,5,5,6,6.0,5.5,0.19,0.5,42,1,"[0.25, 0.3, 0.35, 0.4]",0.2442732516826255,0.2442732516826255,10,7.778174593052023,0.17677669529663687,0.9722718241315028,0.17272727272727273,0.17272727272727273,20260921T213417946637Z_9d5e65dd,2,5760.0,50,True,79,stationary,HEUR_VOR,2128.2454345703127,0.8440394346897928,0.8433658957481385,2521.5,2521.5,1.0,65.2,2071.8,449.7
160,20,1.0,0.25,5,5,6,6.0,5.5,0.19,0.5,42,1,"[0.25, 0.3, 0.35, 0.4]",0.2442732516826255,0.2442732516826255,10,7.778174593052023,0.17677669529663687,0.9722718241315028,0.17272727272727273,0.17272727272727273,20260921T213417946637Z_9d5e65dd,2,5760.0,50,True,79,stationary,FOUR_ZONE,211.4830352783203,0.4917066618886778,0.4875419855117798,430.1,430.1,1.0,2.4,81.6,348.5
160,20,1.0,0.25,5,5,6,6.0,5.5,0.19,0.5,42,1,"[0.25, 0.3, 0.35, 0.4]",0.2442732516826255,0.2442732516826255,10,7.778174593052023,0.17677669529663687,0.9722718241315028,0.17272727272727273,0.17272727272727273,20260921T213417946637Z_9d5e65dd,2,5760.0,50,True,79,stationary,PURE,126.4,0.30268199233716475,0.3020488391073032,417.6,417.6,1.0,0.0,0.0,417.6
160,20,1.0,0.25,5,5,6,6.0,5.5,0.19,0.5,42,1,"[0.25, 0.3, 0.35, 0.4]",0.2442732516826255,0.2442732516826255,10,7.778174593052023,0.17677669529663687,0.9722718241315028,0.17272727272727273,0.17272727272727273,20260921T213417946637Z_9d5e65dd,2,5760.0,50,True,79,stationary,PURE_OR,126.4,0.3665893271461717,0.36571390797791914,344.8,344.8,1.0,0.0,0.0,344.8
161,30,0.33,0.1,5,5,6,5.5,5.5,0.19,0.5,42,1,[0.1],0.1,0.2442732516826255,10,7.778174593052023,0.07071067811865475,0.38890872965260115,0.07071067811865475,0.17272727272727273,20260921T213417946637Z_9d5e65dd,2,5760.0,50,True,79,stationary,DRL,3076.4645751953126,0.6374903282694031,0.6240227580070495,4825.9,3424.75,0.4,100.0,4326.3,499.6
161,30,0.33,0.1,5,5,6,5.5,5.5,0.19,0.5,42,1,[0.1],0.1,0.2442732516826255,10,7.778174593052023,0.07071067811865475,0.38890872965260115,0.07071067811865475,0.17272727272727273,20260921T213417946637Z_9d5e65dd,2,5760.0,50,True,79,stationary,HEUR,906.436962890625,0.6136598489544547,0.6036485195159912,1477.1,1477.1,1.0,28.4,1025.4,451.7
161,30,0.33,0.1,5,5,6,5.5,5.5,0.19,0.5,42,1,[0.1],0.1,0.2442732516826255,10,7.778174593052023,0.07071067811865475,0.38890872965260115,0.07071067811865475,0.17272727272727273,20260921T213417946637Z_9d5e65dd,2,5760.0,50,True,79,stationary,HEUR_VOR,370.09515380859375,0.5805414177389706,0.564478051662445,637.5,637.5,1.0,13.2,401.8,235.7
161,30,0.33,0.1,5,5,6,5.5,5.5,0.19,0.5,42,1,[0.1],0.1,0.2442732516826255,10,7.778174593052023,0.07071067811865475,0.38890872965260115,0.07071067811865475,0.17272727272727273,20260921T213417946637Z_9d5e65dd,2,5760.0,50,True,79,stationary,FOUR_ZONE,102.22834167480468,0.38489586473947546,0.3747817478538339,265.6,265.6,1.0,1.8,60.4,205.2
161,30,0.33,0.1,5,5,6,5.5,5.5,0.19,0.5,42,1,[0.1],0.1,0.2442732516826255,10,7.778174593052023,0.07071067811865475,0.38890872965260115,0.07071067811865475,0.17272727272727273,20260921T213417946637Z_9d5e65dd,2,5760.0,50,True,79,stationary,PURE,43.2,0.1847733105218135,0.18373827772345533,233.8,233.8,1.0,0.0,0.0,233.8
161,30,0.33,0.1,5,5,6,5.5,5.5,0.19,0.5,42,1,[0.1],0.1,0.2442732516826255,10,7.778174593052023,0.07071067811865475,0.38890872965260115,0.07071067811865475,0.17272727272727273,20260921T213417946637Z_9d5e65dd,2,5760.0,50,True,79,stationary,PURE_OR,43.2,0.2169763937719739,0.2154468511187857,199.1,199.1,1.0,0.0,0.0,199.1
162,30,0.33,0.15,5,5,6,5.5,5.5,0.19,0.5,42,1,[0.15],0.15,0.2442732516826255,10,7.778174593052023,0.10606601717798211,0.5833630944789017,0.10606601717798211,0.17272727272727273,20260921T213417946637Z_9d5e65dd,2,5760.0,50,True,79,stationary,DRL,4522.27998046875,0.7851180521647135,0.7851180315017701,5760.0,,0.0,144.8,5572.8,187.2
162,30,0.33,0.15,5,5,6,5.5,5.5,0.19,0.5,42,1,[0.15],0.15,0.2442732516826255,10,7.778174593052023,0.10606601717798211,0.5833630944789017,0.10606601717798211,0.17272727272727273,20260921T213417946637Z_9d5e65dd,2,5760.0,50,True,79,stationary,HEUR,1371.128271484375,0.6280648030252279,0.6224985122680664,2183.1,2183.1,1.0,45.6,1504.3,678.8
162,30,0.33,0.15,5,5,6,5.5,5.5,0.19,0.5,42,1,[0.15],0.15,0.2442732516826255,10,7.778174593052023,0.10606601717798211,0.5833630944789017,0.10606601717798211,0.17272727272727273,20260921T213417946637Z_9d5e65dd,2,5760.0,50,True,79,stationary,HEUR_VOR,606.2382415771484,0.6481058815235712,0.6308354496955871,935.4,935.4,1.0,20.4,660.2,275.2
162,30,0.33,0.15,5,5,6,5.5,5.5,0.19,0.5,42,1,[0.15],0.15,0.2442732516826255,10,7.778174593052023,0.10606601717798211,0.5833630944789017,0.10606601717798211,0.17272727272727273,20260921T213417946637Z_9d5e65dd,2,5760.0,50,True,79,stationary,FOUR_ZONE,126.40635986328125,0.4485676361365552,0.4426615536212921,281.8,281.8,1.0,2.2,85.0,196.8
162,30,0.33,0.15,5,5,6,5.5,5.5,0.19,0.5,42,1,[0.15],0.15,0.2442732516826255,10,7.778174593052023,0.10606601717798211,0.5833630944789017,0.10606601717798211,0.17272727272727273,20260921T213417946637Z_9d5e65dd,2,5760.0,50,True,79,stationary,PURE,43.2,0.1847733105218135,0.18373827772345533,233.8,233.8,1.0,0.0,0.0,233.8
162,30,0.33,0.15,5,5,6,5.5,5.5,0.19,0.5,42,1,[0.15],0.15,0.2442732516826255,10,7.778174593052023,0.10606601717798211,0.5833630944789017,0.10606601717798211,0.17272727272727273,20260921T213417946637Z_9d5e65dd,2,5760.0,50,True,79,stationary,PURE_OR,43.2,0.2169763937719739,0.2154468511187857,199.1,199.1,1.0,0.0,0.0,199.1
163,30,0.33,0.2,5,5,6,5.5,5.5,0.19,0.5,42,1,[0.2],0.2,0.2442732516826255,10,7.778174593052023,0.1414213562373095,0.7778174593052023,0.1414213562373095,0.17272727272727273,20260921T213417946637Z_9d5e65dd,2,5760.0,50,True,79,stationary,DRL,4737.116796875,0.8224161105685764,0.8224161028861999,5760.0,,0.0,150.6,5674.0,86.0
163,30,0.33,0.2,5,5,6,5.5,5.5,0.19,0.5,42,1,[0.2],0.2,0.2442732516826255,10,7.778174593052023,0.1414213562373095,0.7778174593052023,0.1414213562373095,0.17272727272727273,20260921T213417946637Z_9d5e65dd,2,5760.0,50,True,79,stationary,HEUR,2044.7463500976562,0.6715535831902444,0.6659798502922059,3044.8,3044.8,1.0,67.4,2269.5,775.3
163,30,0.33,0.2,5,5,6,5.5,5.5,0.19,0.5,42,1,[0.2],0.2,0.2442732516826255,10,7.778174593052023,0.1414213562373095,0.7778174593052023,0.1414213562373095,0.17272727272727273,20260921T213417946637Z_9d5e65dd,2,5760.0,50,True,79,stationary,HEUR_VOR,1090.8089111328125,0.7197208439778389,0.7037541508674622,1515.6,1515.6,1.0,37.4,1180.7,334.9
163,30,0.33,0.2,5,5,6,5.5,5.5,0.19,0.5,42,1,[0.2],0.2,0.2442732516826255,10,7.778174593052023,0.1414213562373095,0.7778174593052023,0.1414213562373095,0.17272727272727273,20260921T213417946637Z_9d5e65dd,2,5760.0,50,True,79,stationary,FOUR_ZONE,129.891455078125,0.46506070561448265,0.4612567722797394,279.3,279.3,1.0,2.4,90.2,189.1
163,30,0.33,0.2,5,5,6,5.5,5.5,0.19,0.5,42,1,[0.2],0.2,0.2442732516826255,10,7.778174593052023,0.1414213562373095,0.7778174593052023,0.1414213562373095,0.17272727272727273,20260921T213417946637Z_9d5e65dd,2,5760.0,50,True,79,stationary,PURE,43.2,0.1847733105218135,0.18373827772345533,233.8,233.8,1.0,0.0,0.0,233.8
163,30,0.33,0.2,5,5,6,5.5,5.5,0.19,0.5,42,1,[0.2],0.2,0.2442732516826255,10,7.778174593052023,0.1414213562373095,0.7778174593052023,0.1414213562373095,0.17272727272727273,20260921T213417946637Z_9d5e65dd,2,5760.0,50,True,79,stationary,PURE_OR,43.2,0.2169763937719739,0.2154468511187857,199.1,199.1,1.0,0.0,0.0,199.1
164,30,0.33,0.25,5,5,6,5.5,5.5,0.19,0.5,42,1,"[0.25, 0.3, 0.35, 0.4]",0.2442732516826255,0.2442732516826255,10,7.778174593052023,0.17677669529663687,0.9722718241315028,0.17272727272727273,0.17272727272727273,20260921T213417946637Z_9d5e65dd,2,5760.0,50,True,79,stationary,DRL,4918.2779296875,0.8538676961263021,0.8538676857948303,5760.0,,0.0,136.6,5641.8,118.2
164,30,0.33,0.25,5,5,6,5.5,5.5,0.19,0.5,42,1,"[0.25, 0.3, 0.35, 0.4]",0.2442732516826255,0.2442732516826255,10,7.778174593052023,0.17677669529663687,0.9722718241315028,0.17272727272727273,0.17272727272727273,20260921T213417946637Z_9d5e65dd,2,5760.0,50,True,79,stationary,HEUR,3199.645068359375,0.663482647663945,0.6558603167533874,4822.5,4197.5,0.6,111.4,3486.2,1336.3
164,30,0.33,0.25,5,5,6,5.5,5.5,0.19,0.5,42,1,"[0.25, 0.3, 0.35, 0.4]",0.2442732516826255,0.2442732516826255,10,7.778174593052023,0.17677669529663687,0.9722718241315028,0.17272727272727273,0.17272727272727273,20260921T213417946637Z_9d5e65dd,2,5760.0,50,True,79,stationary,HEUR_VOR,1369.343505859375,0.7383497820874447,0.7336118698120118,1854.6,1854.6,1.0,47.4,1505.3,349.3
164,30,0.33,0.25,5,5,6,5.5,5.5,0.19,0.5,42,1,"[0.25, 0.3, 0.35, 0.4]",0.2442732516826255,0.2442732516826255,10,7.778174593052023,0.17677669529663687,0.9722718241315028,0.17272727272727273,0.17272727272727273,20260921T213417946637Z_9d5e65dd,2,5760.0,50,True,79,stationary,FOUR_ZONE,142.5955368041992,0.4881736966935954,0.48655123114585874,292.1,292.1,1.0,2.6,103.6,188.5
164,30,0.33,0.25,5,5,6,5.5,5.5,0.19,0.5,42,1,"[0.25, 0.3, 0.35, 0.4]",0.2442732516826255,0.2442732516826255,10,7.778174593052023,0.17677669529663687,0.9722718241315028,0.17272727272727273,0.17272727272727273,20260921T213417946637Z_9d5e65dd,2,5760.0,50,True,79,stationary,PURE,43.2,0.1847733105218135,0.18373827772345533,233.8,233.8,1.0,0.0,0.0,233.8
164,30,0.33,0.25,5,5,6,5.5,5.5,0.19,0.5,42,1,"[0.25, 0.3, 0.35, 0.4]",0.2442732516826255,0.2442732516826255,10,7.778174593052023,0.17677669529663687,0.9722718241315028,0.17272727272727273,0.17272727272727273,20260921T213417946637Z_9d5e65dd,2,5760.0,50,True,79,stationary,PURE_OR,43.2,0.2169763937719739,0.2154468511187857,199.1,199.1,1.0,0.0,0.0,199.1
165,30,0.33,0.1,5,5,6,6.0,5.5,0.19,0.5,42,1,[0.1],0.1,0.2442732516826255,10,7.778174593052023,0.07071067811865475,0.38890872965260115,0.07071067811865475,0.17272727272727273,20260921T213417946637Z_9d5e65dd,2,5760.0,50,True,79,stationary,DRL,3249.61962890625,0.700198153179541,0.6977244973182678,4641.0,3895.0,0.6,91.0,4109.7,531.3
165,30,0.33,0.1,5,5,6,6.0,5.5,0.19,0.5,42,1,[0.1],0.1,0.2442732516826255,10,7.778174593052023,0.07071067811865475,0.38890872965260115,0.07071067811865475,0.17272727272727273,20260921T213417946637Z_9d5e65dd,2,5760.0,50,True,79,stationary,HEUR,984.9063842773437,0.6667838225423761,0.6558636426925659,1477.1,1477.1,1.0,28.4,1025.4,451.7
165,30,0.33,0.1,5,5,6,6.0,5.5,0.19,0.5,42,1,[0.1],0.1,0.2442732516826255,10,7.778174593052023,0.07071067811865475,0.38890872965260115,0.07071067811865475,0.17272727272727273,20260921T213417946637Z_9d5e65dd,2,5760.0,50,True,79,stationary,HEUR_VOR,399.81529541015624,0.6271612477022059,0.6095476865768432,637.5,637.5,1.0,13.2,401.8,235.7
165,30,0.33,0.1,5,5,6,6.0,5.5,0.19,0.5,42,1,[0.1],0.1,0.2442732516826255,10,7.778174593052023,0.07071067811865475,0.38890872965260115,0.07071067811865475,0.17272727272727273,20260921T213417946637Z_9d5e65dd,2,5760.0,50,True,79,stationary,FOUR_ZONE,107.5946060180664,0.4051001732607922,0.3938755832076852,265.6,265.6,1.0,1.8,60.4,205.2
165,30,0.33,0.1,5,5,6,6.0,5.5,0.19,0.5,42,1,[0.1],0.1,0.2442732516826255,10,7.778174593052023,0.07071067811865475,0.38890872965260115,0.07071067811865475,0.17272727272727273,20260921T213417946637Z_9d5e65dd,2,5760.0,50,True,79,stationary,PURE,43.2,0.1847733105218135,0.18373827772345533,233.8,233.8,1.0,0.0,0.0,233.8
165,30,0.33,0.1,5,5,6,6.0,5.5,0.19,0.5,42,1,[0.1],0.1,0.2442732516826255,10,7.778174593052023,0.07071067811865475,0.38890872965260115,0.07071067811865475,0.17272727272727273,20260921T213417946637Z_9d5e65dd,2,5760.0,50,True,79,stationary,PURE_OR,43.2,0.2169763937719739,0.2154468511187857,199.1,199.1,1.0,0.0,0.0,199.1
166,30,0.33,0.15,5,5,6,6.0,5.5,0.19,0.5,42,1,[0.15],0.15,0.2442732516826255,10,7.778174593052023,0.10606601717798211,0.5833630944789017,0.10606601717798211,0.17272727272727273,20260921T213417946637Z_9d5e65dd,2,5760.0,50,True,79,stationary,DRL,4894.78125,0.8497884114583333,0.8497884035110473,5760.0,,0.0,141.2,5456.6,303.4
166,30,0.33,0.15,5,5,6,6.0,5.5,0.19,0.5,42,1,[0.15],0.15,0.2442732516826255,10,7.778174593052023,0.10606601717798211,0.5833630944789017,0.10606601717798211,0.17272727272727273,20260921T213417946637Z_9d5e65dd,2,5760.0,50,True,79,stationary,HEUR,1491.8273559570312,0.6833527350817787,0.6772595882415772,2183.1,2183.1,1.0,45.6,1504.3,678.8
166,30,0.33,0.15,5,5,6,6.0,5.5,0.19,0.5,42,1,[0.15],0.15,0.2442732516826255,10,7.778174593052023,0.10606601717798211,0.5833630944789017,0.10606601717798211,0.17272727272727273,20260921T213417946637Z_9d5e65dd,2,5760.0,50,True,79,stationary,HEUR_VOR,657.4258117675781,0.7028285351374579,0.6838281869888305,935.4,935.4,1.0,20.4,660.2,275.2
166,30,0.33,0.15,5,5,6,6.0,5.5,0.19,0.5,42,1,[0.15],0.15,0.2442732516826255,10,7.778174593052023,0.10606601717798211,0.5833630944789017,0.10606601717798211,0.17272727272727273,20260921T213417946637Z_9d5e65dd,2,5760.0,50,True,79,stationary,FOUR_ZONE,133.97066650390624,0.4754104560110229,0.46879410147666933,281.8,281.8,1.0,2.2,85.0,196.8
166,30,0.33,0.15,5,5,6,6.0,5.5,0.19,0.5,42,1,[0.15],0.15,0.2442732516826255,10,7.778174593052023,0.10606601717798211,0.5833630944789017,0.10606601717798211,0.17272727272727273,20260921T213417946637Z_9d5e65dd,2,5760.0,50,True,79,stationary,PURE,43.2,0.1847733105218135,0.18373827772345533,233.8,233.8,1.0,0.0,0.0,233.8
166,30,0.33,0.15,5,5,6,6.0,5.5,0.19,0.5,42,1,[0.15],0.15,0.2442732516826255,10,7.778174593052023,0.10606601717798211,0.5833630944789017,0.10606601717798211,0.17272727272727273,20260921T213417946637Z_9d5e65dd,2,5760.0,50,True,79,stationary,PURE_OR,43.2,0.2169763937719739,0.2154468511187857,199.1,199.1,1.0,0.0,0.0,199.1
167,30,0.33,0.2,5,5,6,6.0,5.5,0.19,0.5,42,1,[0.2],0.2,0.2442732516826255,10,7.778174593052023,0.1414213562373095,0.7778174593052023,0.1414213562373095,0.17272727272727273,20260921T213417946637Z_9d5e65dd,2,5760.0,50,True,79,stationary,DRL,5262.5052734375,0.9136293877495659,0.9136293888092041,5760.0,,0.0,149.2,5659.0,101.0
167,30,0.33,0.2,5,5,6,6.0,5.5,0.19,0.5,42,1,[0.2],0.2,0.2442732516826255,10,7.778174593052023,0.1414213562373095,0.7778174593052023,0.1414213562373095,0.17272727272727273,20260921T213417946637Z_9d5e65dd,2,5760.0,50,True,79,stationary,HEUR,2226.750842285156,0.7313290995418932,0.7251874446868897,3044.8,3044.8,1.0,67.4,2269.5,775.3
167,30,0.33,0.2,5,5,6,6.0,5.5,0.19,0.5,42,1,[0.2],0.2,0.2442732516826255,10,7.778174593052023,0.1414213562373095,0.7778174593052023,0.1414213562373095,0.17272727272727273,20260921T213417946637Z_9d5e65dd,2,5760.0,50,True,79,stationary,HEUR_VOR,1186.0333129882813,0.7825503516681719,0.7650607705116272,1515.6,1515.6,1.0,37.4,1180.7,334.9
167,30,0.33,0.2,5,5,6,6.0,5.5,0.19,0.5,42,1,[0.2],0.2,0.2442732516826255,10,7.778174593052023,0.1414213562373095,0.7778174593052023,0.1414213562373095,0.17272727272727273,20260921T213417946637Z_9d5e65dd,2,5760.0,50,True,79,stationary,FOUR_ZONE,137.77261810302736,0.49327826030443017,0.4890787243843079,279.3,279.3,1.0,2.4,90.2,189.1
167,30,0.33,0.2,5,5,6,6.0,5.5,0.19,0.5,42,1,[0.2],0.2,0.2442732516826255,10,7.778174593052023,0.1414213562373095,0.7778174593052023,0.1414213562373095,0.17272727272727273,20260921T213417946637Z_9d5e65dd,2,5760.0,50,True,79,stationary,PURE,43.2,0.1847733105218135,0.18373827772345533,233.8,233.8,1.0,0.0,0.0,233.8
167,30,0.33,0.2,5,5,6,6.0,5.5,0.19,0.5,42,1,[0.2],0.2,0.2442732516826255,10,7.778174593052023,0.1414213562373095,0.7778174593052023,0.1414213562373095,0.17272727272727273,20260921T213417946637Z_9d5e65dd,2,5760.0,50,True,79,stationary,PURE_OR,43.2,0.2169763937719739,0.2154468511187857,199.1,199.1,1.0,0.0,0.0,199.1
168,30,0.33,0.25,5,5,6,6.0,5.5,0.19,0.5,42,1,"[0.25, 0.3, 0.35, 0.4]",0.2442732516826255,0.2442732516826255,10,7.778174593052023,0.17677669529663687,0.9722718241315028,0.17272727272727273,0.17272727272727273,20260921T213417946637Z_9d5e65dd,2,5760.0,50,True,79,stationary,DRL,5234.87900390625,0.9088331604003906,0.9088331460952759,5760.0,,0.0,141.0,5629.8,130.2
168,30,0.33,0.25,5,5,6,6.0,5.5,0.19,0.5,42,1,"[0.25, 0.3, 0.35, 0.4]",0.2442732516826255,0.2442732516826255,10,7.778174593052023,0.17677669529663687,0.9722718241315028,0.17272727272727273,0.17272727272727273,20260921T213417946637Z_9d5e65dd,2,5760.0,50,True,79,stationary,HEUR,3486.938671875,0.7230562305598756,0.7146989226341247,4822.5,4197.5,0.6,111.4,3486.2,1336.3
168,30,0.33,0.25,5,5,6,6.0,5.5,0.19,0.5,42,1,"[0.25, 0.3, 0.35, 0.4]",0.2442732516826255,0.2442732516826255,10,7.778174593052023,0.17677669529663687,0.9722718241315028,0.17272727272727273,0.17272727272727273,20260921T213417946637Z_9d5e65dd,2,5760.0,50,True,79,stationary,HEUR_VOR,1489.8809204101562,0.803343535215225,0.7981025815010071,1854.6,1854.6,1.0,47.4,1505.3,349.3
168,30,0.33,0.25,5,5,6,6.0,5.5,0.19,0.5,42,1,"[0.25, 0.3, 0.35, 0.4]",0.2442732516826255,0.2442732516826255,10,7.778174593052023,0.17677669529663687,0.9722718241315028,0.17272727272727273,0.17272727272727273,20260921T213417946637Z_9d5e65dd,2,5760.0,50,True,79,stationary,FOUR_ZONE,151.63162994384766,0.5191086269902351,0.5173353612422943,292.1,292.1,1.0,2.6,103.6,188.5
168,30,0.33,0.25,5,5,6,6.0,5.5,0.19,0.5,42,1,"[0.25, 0.3, 0.35, 0.4]",0.2442732516826255,0.2442732516826255,10,7.778174593052023,0.17677669529663687,0.9722718241315028,0.17272727272727273,0.17272727272727273,20260921T213417946637Z_9d5e65dd,2,5760.0,50,True,79,stationary,PURE,43.2,0.1847733105218135,0.18373827772345533,233.8,233.8,1.0,0.0,0.0,233.8
168,30,0.33,0.25,5,5,6,6.0,5.5,0.19,0.5,42,1,"[0.25, 0.3, 0.35, 0.4]",0.2442732516826255,0.2442732516826255,10,7.778174593052023,0.17677669529663687,0.9722718241315028,0.17272727272727273,0.17272727272727273,20260921T213417946637Z_9d5e65dd,2,5760.0,50,True,79,stationary,PURE_OR,43.2,0.2169763937719739,0.2154468511187857,199.1,199.1,1.0,0.0,0.0,199.1
169,30,0.5,0.1,5,5,6,5.5,5.5,0.19,0.5,42,1,[0.1],0.1,0.2442732516826255,10,7.778174593052023,0.07071067811865475,0.38890872965260115,0.07071067811865475,0.17272727272727273,20260921T213417946637Z_9d5e65dd,2,5760.0,50,True,79,stationary,DRL,3381.4685546875,0.6551075333102466,0.6565330505371094,5161.7,4762.833333333333,0.6,107.6,4489.6,672.1
169,30,0.5,0.1,5,5,6,5.5,5.5,0.19,0.5,42,1,[0.1],0.1,0.2442732516826255,10,7.778174593052023,0.07071067811865475,0.38890872965260115,0.07071067811865475,0.17272727272727273,20260921T213417946637Z_9d5e65dd,2,5760.0,50,True,79,stationary,HEUR,1264.0861572265626,0.6618598655566064,0.6622203350067138,1909.9,1909.9,1.0,40.4,1344.6,565.3
169,30,0.5,0.1,5,5,6,5.5,5.5,0.19,0.5,42,1,[0.1],0.1,0.2442732516826255,10,7.778174593052023,0.07071067811865475,0.38890872965260115,0.07071067811865475,0.17272727272727273,20260921T213417946637Z_9d5e65dd,2,5760.0,50,True,79,stationary,HEUR_VOR,538.0274230957032,0.6337189906898741,0.6213788986206055,849.0,849.0,1.0,17.8,535.6,313.4
169,30,0.5,0.1,5,5,6,5.5,5.5,0.19,0.5,42,1,[0.1],0.1,0.2442732516826255,10,7.778174593052023,0.07071067811865475,0.38890872965260115,0.07071067811865475,0.17272727272727273,20260921T213417946637Z_9d5e65dd,2,5760.0,50,True,79,stationary,FOUR_ZONE,111.78524475097656,0.3804807513647943,0.3755182449064106,293.8,293.8,1.0,1.2,47.5,246.3
169,30,0.5,0.1,5,5,6,5.5,5.5,0.19,0.5,42,1,[0.1],0.1,0.2442732516826255,10,7.778174593052023,0.07071067811865475,0.38890872965260115,0.07071067811865475,0.17272727272727273,20260921T213417946637Z_9d5e65dd,2,5760.0,50,True,79,stationary,PURE,64.4,0.22877442273534637,0.2272855885843997,281.5,281.5,1.0,0.0,0.0,281.5
169,30,0.5,0.1,5,5,6,5.5,5.5,0.19,0.5,42,1,[0.1],0.1,0.2442732516826255,10,7.778174593052023,0.07071067811865475,0.38890872965260115,0.07071067811865475,0.17272727272727273,20260921T213417946637Z_9d5e65dd,2,5760.0,50,True,79,stationary,PURE_OR,64.4,0.2765135251180764,0.275331215943522,232.9,232.9,1.0,0.0,0.0,232.9
170,30,0.5,0.15,5,5,6,5.5,5.5,0.19,0.5,42,1,[0.15],0.15,0.2442732516826255,10,7.778174593052023,0.10606601717798211,0.5833630944789017,0.10606601717798211,0.17272727272727273,20260921T213417946637Z_9d5e65dd,2,5760.0,50,True,79,stationary,DRL,4683.993359375,0.8131932915581597,0.8131932854652405,5760.0,,0.0,138.2,5409.5,350.5
170,30,0.5,0.15,5,5,6,5.5,5.5,0.19,0.5,42,1,[0.15],0.15,0.2442732516826255,10,7.778174593052023,0.10606601717798211,0.5833630944789017,0.10606601717798211,0.17272727272727273,20260921T213417946637Z_9d5e65dd,2,5760.0,50,True,79,stationary,HEUR,2103.946044921875,0.6694921545605151,0.6691033601760864,3142.6,3142.6,1.0,73.0,2290.6,852.0
170,30,0.5,0.15,5,5,6,5.5,5.5,0.19,0.5,42,1,[0.15],0.15,0.2442732516826255,10,7.778174593052023,0.10606601717798211,0.5833630944789017,0.10606601717798211,0.17272727272727273,20260921T213417946637Z_9d5e65dd,2,5760.0,50,True,79,stationary,HEUR_VOR,851.8704467773438,0.6975683317862297,0.6903943061828614,1221.2,1221.2,1.0,31.0,903.9,317.3
170,30,0.5,0.15,5,5,6,5.5,5.5,0.19,0.5,42,1,[0.15],0.15,0.2442732516826255,10,7.778174593052023,0.10606601717798211,0.5833630944789017,0.10606601717798211,0.17272727272727273,20260921T213417946637Z_9d5e65dd,2,5760.0,50,True,79,stationary,FOUR_ZONE,145.65464477539064,0.46122433431092663,0.4531931817531586,315.8,315.8,1.0,2.2,83.1,232.7
170,30,0.5,0.15,5,5,6,5.5,5.5,0.19,0.5,42,1,[0.15],0.15,0.2442732516826255,10,7.778174593052023,0.10606601717798211,0.5833630944789017,0.10606601717798211,0.17272727272727273,20260921T213417946637Z_9d5e65dd,2,5760.0,50,True,79,stationary,PURE,64.4,0.22877442273534637,0.2272855885843997,281.5,281.5,1.0,0.0,0.0,281.5
170,30,0.5,0.15,5,5,6,5.5,5.5,0.19,0.5,42,1,[0.15],0.15,0.2442732516826255,10,7.778174593052023,0.10606601717798211,0.5833630944789017,0.10606601717798211,0.17272727272727273,20260921T213417946637Z_9d5e65dd,2,5760.0,50,True,79,stationary,PURE_OR,64.4,0.2765135251180764,0.275331215943522,232.9,232.9,1.0,0.0,0.0,232.9
171,30,0.5,0.2,5,5,6,5.5,5.5,0.19,0.5,42,1,[0.2],0.2,0.2442732516826255,10,7.778174593052023,0.1414213562373095,0.7778174593052023,0.1414213562373095,0.17272727272727273,20260921T213417946637Z_9d5e65dd,2,5760.0,50,True,79,stationary,DRL,4929.9529296875,0.8558946058485243,0.8558946132659913,5760.0,,0.0,145.0,5621.3,138.7
171,30,0.5,0.2,5,5,6,5.5,5.5,0.19,0.5,42,1,[0.2],0.2,0.2442732516826255,10,7.778174593052023,0.1414213562373095,0.7778174593052023,0.1414213562373095,0.17272727272727273,20260921T213417946637Z_9d5e65dd,2,5760.0,50,True,79,stationary,HEUR,3687.2447265625,0.718999420190414,0.7167004108428955,5128.3,4707.166666666667,0.6,132.8,3967.9,1160.4
171,30,0.5,0.2,5,5,6,5.5,5.5,0.19,0.5,42,1,[0.2],0.2,0.2442732516826255,10,7.778174593052023,0.1414213562373095,0.7778174593052023,0.1414213562373095,0.17272727272727273,20260921T213417946637Z_9d5e65dd,2,5760.0,50,True,79,stationary,HEUR_VOR,1613.0956787109376,0.7577488156289635,0.7553278684616089,2128.8,2128.8,1.0,58.2,1739.3,389.5
171,30,0.5,0.2,5,5,6,5.5,5.5,0.19,0.5,42,1,[0.2],0.2,0.2442732516826255,10,7.778174593052023,0.1414213562373095,0.7778174593052023,0.1414213562373095,0.17272727272727273,20260921T213417946637Z_9d5e65dd,2,5760.0,50,True,79,stationary,FOUR_ZONE,165.84942016601562,0.49954644628317957,0.48940866589546206,332.0,332.0,1.0,2.6,104.7,227.3
171,30,0.5,0.2,5,5,6,5.5,5.5,0.19,0.5,42,1,[0.2],0.2,0.2442732516826255,10,7.778174593052023,0.1414213562373095,0.7778174593052023,0.1414213562373095,0.17272727272727273,20260921T213417946637Z_9d5e65dd,2,5760.0,50,True,79,stationary,PURE,64.4,0.22877442273534637,0.2272855885843997,281.5,281.5,1.0,0.0,0.0,281.5
171,30,0.5,0.2,5,5,6,5.5,5.5,0.19,0.5,42,1,[0.2],0.2,0.2442732516826255,10,7.778174593052023,0.1414213562373095,0.7778174593052023,0.1414213562373095,0.17272727272727273,20260921T213417946637Z_9d5e65dd,2,5760.0,50,True,79,stationary,PURE_OR,64.4,0.2765135251180764,0.275331215943522,232.9,232.9,1.0,0.0,0.0,232.9
172,30,0.5,0.25,5,5,6,5.5,5.5,0.19,0.5,42,1,"[0.25, 0.3, 0.35, 0.4]",0.2442732516826255,0.2442732516826255,10,7.778174593052023,0.17677669529663687,0.9722718241315028,0.17272727272727273,0.17272727272727273,20260921T213417946637Z_9d5e65dd,2,5760.0,50,True,79,stationary,DRL,5015.787890625,0.8707965087890625,0.8707965016365051,5760.0,,0.0,149.6,5651.9,108.1
172,30,0.5,0.25,5,5,6,5.5,5.5,0.19,0.5,42,1,"[0.25, 0.3, 0.35, 0.4]",0.2442732516826255,0.2442732516826255,10,7.778174593052023,0.17677669529663687,0.9722718241315028,0.17272727272727273,0.17272727272727273,20260921T213417946637Z_9d5e65dd,2,5760.0,50,True,79,stationary,HEUR,3634.4169921875,0.7070575059700984,0.7014997720718383,5140.2,4727.0,0.6,126.8,3950.0,1190.2
172,30,0.5,0.25,5,5,6,5.5,5.5,0.19,0.5,42,1,"[0.25, 0.3, 0.35, 0.4]",0.2442732516826255,0.2442732516826255,10,7.778174593052023,0.17677669529663687,0.9722718241315028,0.17272727272727273,0.17272727272727273,20260921T213417946637Z_9d5e65dd,2,5760.0,50,True,79,stationary,HEUR_VOR,2087.4431884765627,0.770558578249008,0.7677072644233703,2709.0,2709.0,1.0,70.4,2246.6,462.4
172,30,0.5,0.25,5,5,6,5.5,5.5,0.19,0.5,42,1,"[0.25, 0.3, 0.35, 0.4]",0.2442732516826255,0.2442732516826255,10,7.778174593052023,0.17677669529663687,0.9722718241315028,0.17272727272727273,0.17272727272727273,20260921T213417946637Z_9d5e65dd,2,5760.0,50,True,79,stationary,FOUR_ZONE,158.02406616210936,0.4865272972971348,0.47848293781280515,324.8,324.8,1.0,2.6,97.8,227.0
172,30,0.5,0.25,5,5,6,5.5,5.5,0.19,0.5,42,1,"[0.25, 0.3, 0.35, 0.4]",0.2442732516826255,0.2442732516826255,10,7.778174593052023,0.17677669529663687,0.9722718241315028,0.17272727272727273,0.17272727272727273,20260921T213417946637Z_9d5e65dd,2,5760.0,50,True,79,stationary,PURE,64.4,0.22877442273534637,0.2272855885843997,281.5,281.5,1.0,0.0,0.0,281.5
172,30,0.5,0.25,5,5,6,5.5,5.5,0.19,0.5,42,1,"[0.25, 0.3, 0.35, 0.4]",0.2442732516826255,0.2442732516826255,10,7.778174593052023,0.17677669529663687,0.9722718241315028,0.17272727272727273,0.17272727272727273,20260921T213417946637Z_9d5e65dd,2,5760.0,50,True,79,stationary,PURE_OR,64.4,0.2765135251180764,0.275331215943522,232.9,232.9,1.0,0.0,0.0,232.9
173,30,0.5,0.1,5,5,6,6.0,5.5,0.19,0.5,42,1,[0.1],0.1,0.2442732516826255,10,7.778174593052023,0.07071067811865475,0.38890872965260115,0.07071067811865475,0.17272727272727273,20260921T213417946637Z_9d5e65dd,2,5760.0,50,True,79,stationary,DRL,4078.578759765625,0.7334649881787589,0.7340791463851929,5560.7,5261.75,0.4,122.4,5015.5,545.2
173,30,0.5,0.1,5,5,6,6.0,5.5,0.19,0.5,42,1,[0.1],0.1,0.2442732516826255,10,7.778174593052023,0.07071067811865475,0.38890872965260115,0.07071067811865475,0.17272727272727273,20260921T213417946637Z_9d5e65dd,2,5760.0,50,True,79,stationary,HEUR,1373.1269287109376,0.7189522638415297,0.7193000793457032,1909.9,1909.9,1.0,40.4,1344.6,565.3
173,30,0.5,0.1,5,5,6,6.0,5.5,0.19,0.5,42,1,[0.1],0.1,0.2442732516826255,10,7.778174593052023,0.07071067811865475,0.38890872965260115,0.07071067811865475,0.17272727272727273,20260921T213417946637Z_9d5e65dd,2,5760.0,50,True,79,stationary,HEUR_VOR,581.0888000488281,0.6844391048867233,0.6708316206932068,849.0,849.0,1.0,17.8,535.6,313.4
173,30,0.5,0.1,5,5,6,6.0,5.5,0.19,0.5,42,1,[0.1],0.1,0.2442732516826255,10,7.778174593052023,0.07071067811865475,0.38890872965260115,0.07071067811865475,0.17272727272727273,20260921T213417946637Z_9d5e65dd,2,5760.0,50,True,79,stationary,FOUR_ZONE,116.09303741455078,0.3951430817377494,0.3897214774331898,293.8,293.8,1.0,1.2,47.5,246.3
173,30,0.5,0.1,5,5,6,6.0,5.5,0.19,0.5,42,1,[0.1],0.1,0.2442732516826255,10,7.778174593052023,0.07071067811865475,0.38890872965260115,0.07071067811865475,0.17272727272727273,20260921T213417946637Z_9d5e65dd,2,5760.0,50,True,79,stationary,PURE,64.4,0.22877442273534637,0.2272855885843997,281.5,281.5,1.0,0.0,0.0,281.5
173,30,0.5,0.1,5,5,6,6.0,5.5,0.19,0.5,42,1,[0.1],0.1,0.2442732516826255,10,7.778174593052023,0.07071067811865475,0.38890872965260115,0.07071067811865475,0.17272727272727273,20260921T213417946637Z_9d5e65dd,2,5760.0,50,True,79,stationary,PURE_OR,64.4,0.2765135251180764,0.275331215943522,232.9,232.9,1.0,0.0,0.0,232.9
174,30,0.5,0.15,5,5,6,6.0,5.5,0.19,0.5,42,1,[0.15],0.15,0.2442732516826255,10,7.778174593052023,0.10606601717798211,0.5833630944789017,0.10606601717798211,0.17272727272727273,20260921T213417946637Z_9d5e65dd,2,5760.0,50,True,79,stationary,DRL,5177.76396484375,0.8989173550075955,0.8989173531532287,5760.0,,0.0,156.4,5571.0,189.0
174,30,0.5,0.15,5,5,6,6.0,5.5,0.19,0.5,42,1,[0.15],0.15,0.2442732516826255,10,7.778174593052023,0.10606601717798211,0.5833630944789017,0.10606601717798211,0.17272727272727273,20260921T213417946637Z_9d5e65dd,2,5760.0,50,True,79,stationary,HEUR,2289.3834228515625,0.7284997845260492,0.7280704617500305,3142.6,3142.6,1.0,73.0,2290.6,852.0
174,30,0.5,0.15,5,5,6,6.0,5.5,0.19,0.5,42,1,[0.15],0.15,0.2442732516826255,10,7.778174593052023,0.10606601717798211,0.5833630944789017,0.10606601717798211,0.17272727272727273,20260921T213417946637Z_9d5e65dd,2,5760.0,50,True,79,stationary,HEUR_VOR,923.4537109375,0.7561854822613003,0.7482308268547058,1221.2,1221.2,1.0,31.0,903.9,317.3
174,30,0.5,0.15,5,5,6,6.0,5.5,0.19,0.5,42,1,[0.15],0.15,0.2442732516826255,10,7.778174593052023,0.10606601717798211,0.5833630944789017,0.10606601717798211,0.17272727272727273,20260921T213417946637Z_9d5e65dd,2,5760.0,50,True,79,stationary,FOUR_ZONE,153.04149169921874,0.4846152365396414,0.4757569968700409,315.8,315.8,1.0,2.2,83.1,232.7
174,30,0.5,0.15,5,5,6,6.0,5.5,0.19,0.5,42,1,[0.15],0.15,0.2442732516826255,10,7.778174593052023,0.10606601717798211,0.5833630944789017,0.10606601717798211,0.17272727272727273,20260921T213417946637Z_9d5e65dd,2,5760.0,50,True,79,stationary,PURE,64.4,0.22877442273534637,0.2272855885843997,281.5,281.5,1.0,0.0,0.0,281.5
174,30,0.5,0.15,5,5,6,6.0,5.5,0.19,0.5,42,1,[0.15],0.15,0.2442732516826255,10,7.778174593052023,0.10606601717798211,0.5833630944789017,0.10606601717798211,0.17272727272727273,20260921T213417946637Z_9d5e65dd,2,5760.0,50,True,79,stationary,PURE_OR,64.4,0.2765135251180764,0.275331215943522,232.9,232.9,1.0,0.0,0.0,232.9
175,30,0.5,0.2,5,5,6,6.0,5.5,0.19,0.5,42,1,[0.2],0.2,0.2442732516826255,10,7.778174593052023,0.1414213562373095,0.7778174593052023,0.1414213562373095,0.17272727272727273,20260921T213417946637Z_9d5e65dd,2,5760.0,50,True,79,stationary,DRL,5296.00517578125,0.9194453430175781,0.9194453358650208,5760.0,,0.0,147.6,5495.2,264.8
175,30,0.5,0.2,5,5,6,6.0,5.5,0.19,0.5,42,1,[0.2],0.2,0.2442732516826255,10,7.778174593052023,0.1414213562373095,0.7778174593052023,0.1414213562373095,0.17272727272727273,20260921T213417946637Z_9d5e65dd,2,5760.0,50,True,79,stationary,HEUR,4017.129541015625,0.7833257689713209,0.7808142304420471,5128.3,4707.166666666667,0.6,132.8,3967.9,1160.4
175,30,0.5,0.2,5,5,6,6.0,5.5,0.19,0.5,42,1,[0.2],0.2,0.2442732516826255,10,7.778174593052023,0.1414213562373095,0.7778174593052023,0.1414213562373095,0.17272727272727273,20260921T213417946637Z_9d5e65dd,2,5760.0,50,True,79,stationary,HEUR_VOR,1753.876123046875,0.823880178056593,0.8211977243423462,2128.8,2128.8,1.0,58.2,1739.3,389.5
175,30,0.5,0.2,5,5,6,6.0,5.5,0.19,0.5,42,1,[0.2],0.2,0.2442732516826255,10,7.778174593052023,0.1414213562373095,0.7778174593052023,0.1414213562373095,0.17272727272727273,20260921T213417946637Z_9d5e65dd,2,5760.0,50,True,79,stationary,FOUR_ZONE,175.07218017578126,0.5273258439029556,0.5161807298660278,332.0,332.0,1.0,2.6,104.7,227.3
175,30,0.5,0.2,5,5,6,6.0,5.5,0.19,0.5,42,1,[0.2],0.2,0.2442732516826255,10,7.778174593052023,0.1414213562373095,0.7778174593052023,0.1414213562373095,0.17272727272727273,20260921T213417946637Z_9d5e65dd,2,5760.0,50,True,79,stationary,PURE,64.4,0.22877442273534637,0.2272855885843997,281.5,281.5,1.0,0.0,0.0,281.5
175,30,0.5,0.2,5,5,6,6.0,5.5,0.19,0.5,42,1,[0.2],0.2,0.2442732516826255,10,7.778174593052023,0.1414213562373095,0.7778174593052023,0.1414213562373095,0.17272727272727273,20260921T213417946637Z_9d5e65dd,2,5760.0,50,True,79,stationary,PURE_OR,64.4,0.2765135251180764,0.275331215943522,232.9,232.9,1.0,0.0,0.0,232.9
176,30,0.5,0.25,5,5,6,6.0,5.5,0.19,0.5,42,1,"[0.25, 0.3, 0.35, 0.4]",0.2442732516826255,0.2442732516826255,10,7.778174593052023,0.17677669529663687,0.9722718241315028,0.17272727272727273,0.17272727272727273,20260921T213417946637Z_9d5e65dd,2,5760.0,50,True,79,stationary,DRL,5493.0833984375,0.9536603122287326,0.9536603093147278,5760.0,,0.0,146.8,5667.8,92.2
176,30,0.5,0.25,5,5,6,6.0,5.5,0.19,0.5,42,1,"[0.25, 0.3, 0.35, 0.4]",0.2442732516826255,0.2442732516826255,10,7.778174593052023,0.17677669529663687,0.9722718241315028,0.17272727272727273,0.17272727272727273,20260921T213417946637Z_9d5e65dd,2,5760.0,50,True,79,stationary,HEUR,3959.738037109375,0.7703470754269046,0.7642710685729981,5140.2,4727.0,0.6,126.8,3950.0,1190.2
176,30,0.5,0.25,5,5,6,6.0,5.5,0.19,0.5,42,1,"[0.25, 0.3, 0.35, 0.4]",0.2442732516826255,0.2442732516826255,10,7.778174593052023,0.17677669529663687,0.9722718241315028,0.17272727272727273,0.17272727272727273,20260921T213417946637Z_9d5e65dd,2,5760.0,50,True,79,stationary,HEUR_VOR,2271.3774658203124,0.8384560597343347,0.8353313565254211,2709.0,2709.0,1.0,70.4,2246.6,462.4
176,30,0.5,0.25,5,5,6,6.0,5.5,0.19,0.5,42,1,"[0.25, 0.3, 0.35, 0.4]",0.2442732516826255,0.2442732516826255,10,7.778174593052023,0.17677669529663687,0.9722718241315028,0.17272727272727273,0.17272727272727273,20260921T213417946637Z_9d5e65dd,2,5760.0,50,True,79,stationary,FOUR_ZONE,166.53542785644532,0.5127322286220607,0.5039149343967437,324.8,324.8,1.0,2.6,97.8,227.0
176,30,0.5,0.25,5,5,6,6.0,5.5,0.19,0.5,42,1,"[0.25, 0.3, 0.35, 0.4]",0.2442732516826255,0.2442732516826255,10,7.778174593052023,0.17677669529663687,0.9722718241315028,0.17272727272727273,0.17272727272727273,20260921T213417946637Z_9d5e65dd,2,5760.0,50,True,79,stationary,PURE,64.4,0.22877442273534637,0.2272855885843997,281.5,281.5,1.0,0.0,0.0,281.5
176,30,0.5,0.25,5,5,6,6.0,5.5,0.19,0.5,42,1,"[0.25, 0.3, 0.35, 0.4]",0.2442732516826255,0.2442732516826255,10,7.778174593052023,0.17677669529663687,0.9722718241315028,0.17272727272727273,0.17272727272727273,20260921T213417946637Z_9d5e65dd,2,5760.0,50,True,79,stationary,PURE_OR,64.4,0.2765135251180764,0.275331215943522,232.9,232.9,1.0,0.0,0.0,232.9
177,30,0.67,0.1,5,5,6,5.5,5.5,0.19,0.5,42,1,[0.1],0.1,0.2442732516826255,10,7.778174593052023,0.07071067811865475,0.38890872965260115,0.07071067811865475,0.17272727272727273,20260921T213417946637Z_9d5e65dd,2,5760.0,50,True,79,stationary,DRL,3824.840966796875,0.7066550210244383,0.7071812868118286,5412.6,4891.5,0.4,132.2,4933.4,479.2
177,30,0.67,0.1,5,5,6,5.5,5.5,0.19,0.5,42,1,[0.1],0.1,0.2442732516826255,10,7.778174593052023,0.07071067811865475,0.38890872965260115,0.07071067811865475,0.17272727272727273,20260921T213417946637Z_9d5e65dd,2,5760.0,50,True,79,stationary,HEUR,1382.499951171875,0.6796951579016102,0.6783305168151855,2034.0,2034.0,1.0,46.6,1446.0,588.0
177,30,0.67,0.1,5,5,6,5.5,5.5,0.19,0.5,42,1,[0.1],0.1,0.2442732516826255,10,7.778174593052023,0.07071067811865475,0.38890872965260115,0.07071067811865475,0.17272727272727273,20260921T213417946637Z_9d5e65dd,2,5760.0,50,True,79,stationary,HEUR_VOR,680.5299377441406,0.67519589021147,0.6680797576904297,1007.9,1007.9,1.0,20.8,660.5,347.4
177,30,0.67,0.1,5,5,6,5.5,5.5,0.19,0.5,42,1,[0.1],0.1,0.2442732516826255,10,7.778174593052023,0.07071067811865475,0.38890872965260115,0.07071067811865475,0.17272727272727273,20260921T213417946637Z_9d5e65dd,2,5760.0,50,True,79,stationary,FOUR_ZONE,163.74371643066405,0.44219205085245494,0.44212098717689513,370.3,370.3,1.0,1.8,77.8,292.5
177,30,0.67,0.1,5,5,6,5.5,5.5,0.19,0.5,42,1,[0.1],0.1,0.2442732516826255,10,7.778174593052023,0.07071067811865475,0.38890872965260115,0.07071067811865475,0.17272727272727273,20260921T213417946637Z_9d5e65dd,2,5760.0,50,True,79,stationary,PURE,85.6,0.2575210589651023,0.2594351070775064,332.4,332.4,1.0,0.0,0.0,332.4
177,30,0.67,0.1,5,5,6,5.5,5.5,0.19,0.5,42,1,[0.1],0.1,0.2442732516826255,10,7.778174593052023,0.07071067811865475,0.38890872965260115,0.07071067811865475,0.17272727272727273,20260921T213417946637Z_9d5e65dd,2,5760.0,50,True,79,stationary,PURE_OR,85.6,0.31082062454611475,0.310014222554246,275.4,275.4,1.0,0.0,0.0,275.4
178,30,0.67,0.15,5,5,6,5.5,5.5,0.19,0.5,42,1,[0.15],0.15,0.2442732516826255,10,7.778174593052023,0.10606601717798211,0.5833630944789017,0.10606601717798211,0.17272727272727273,20260921T213417946637Z_9d5e65dd,2,5760.0,50,True,79,stationary,DRL,4842.191796875,0.8406582980685764,0.8406583070755005,5760.0,,0.0,161.0,5593.4,166.6
178,30,0.67,0.15,5,5,6,5.5,5.5,0.19,0.5,42,1,[0.15],0.15,0.2442732516826255,10,7.778174593052023,0.10606601717798211,0.5833630944789017,0.10606601717798211,0.17272727272727273,20260921T213417946637Z_9d5e65dd,2,5760.0,50,True,79,stationary,HEUR,3056.482958984375,0.7065215688459293,0.7050324082374573,4326.1,4326.1,1.0,105.4,3282.9,1043.2
178,30,0.67,0.15,5,5,6,5.5,5.5,0.19,0.5,42,1,[0.15],0.15,0.2442732516826255,10,7.778174593052023,0.10606601717798211,0.5833630944789017,0.10606601717798211,0.17272727272727273,20260921T213417946637Z_9d5e65dd,2,5760.0,50,True,79,stationary,HEUR_VOR,1251.126025390625,0.7490875496291611,0.7393093943595886,1670.2,1670.2,1.0,42.2,1287.3,382.9
178,30,0.67,0.15,5,5,6,5.5,5.5,0.19,0.5,42,1,[0.15],0.15,0.2442732516826255,10,7.778174593052023,0.10606601717798211,0.5833630944789017,0.10606601717798211,0.17272727272727273,20260921T213417946637Z_9d5e65dd,2,5760.0,50,True,79,stationary,FOUR_ZONE,170.57835388183594,0.4725162157391577,0.4721563935279846,361.0,361.0,1.0,2.4,87.2,273.8
178,30,0.67,0.15,5,5,6,5.5,5.5,0.19,0.5,42,1,[0.15],0.15,0.2442732516826255,10,7.778174593052023,0.10606601717798211,0.5833630944789017,0.10606601717798211,0.17272727272727273,20260921T213417946637Z_9d5e65dd,2,5760.0,50,True,79,stationary,PURE,85.6,0.2575210589651023,0.2594351070775064,332.4,332.4,1.0,0.0,0.0,332.4
178,30,0.67,0.15,5,5,6,5.5,5.5,0.19,0.5,42,1,[0.15],0.15,0.2442732516826255,10,7.778174593052023,0.10606601717798211,0.5833630944789017,0.10606601717798211,0.17272727272727273,20260921T213417946637Z_9d5e65dd,2,5760.0,50,True,79,stationary,PURE_OR,85.6,0.31082062454611475,0.310014222554246,275.4,275.4,1.0,0.0,0.0,275.4
179,30,0.67,0.2,5,5,6,5.5,5.5,0.19,0.5,42,1,[0.2],0.2,0.2442732516826255,10,7.778174593052023,0.1414213562373095,0.7778174593052023,0.1414213562373095,0.17272727272727273,20260921T213417946637Z_9d5e65dd,2,5760.0,50,True,79,stationary,DRL,5053.97919921875,0.8774269443088107,0.8774269580841064,5760.0,,0.0,149.4,5638.6,121.4
179,30,0.67,0.2,5,5,6,5.5,5.5,0.19,0.5,42,1,[0.2],0.2,0.2442732516826255,10,7.778174593052023,0.1414213562373095,0.7778174593052023,0.1414213562373095,0.17272727272727273,20260921T213417946637Z_9d5e65dd,2,5760.0,50,True,79,stationary,HEUR,4079.979931640625,0.7652018851892618,0.7574036359786988,5331.9,3619.5,0.2,140.4,4345.3,986.6
179,30,0.67,0.2,5,5,6,5.5,5.5,0.19,0.5,42,1,[0.2],0.2,0.2442732516826255,10,7.778174593052023,0.1414213562373095,0.7778174593052023,0.1414213562373095,0.17272727272727273,20260921T213417946637Z_9d5e65dd,2,5760.0,50,True,79,stationary,HEUR_VOR,2062.3700439453123,0.7820302001916095,0.7793641090393066,2637.2,2637.2,1.0,69.8,2191.5,445.7
179,30,0.67,0.2,5,5,6,5.5,5.5,0.19,0.5,42,1,[0.2],0.2,0.2442732516826255,10,7.778174593052023,0.1414213562373095,0.7778174593052023,0.1414213562373095,0.17272727272727273,20260921T213417946637Z_9d5e65dd,2,5760.0,50,True,79,stationary,FOUR_ZONE,176.5002685546875,0.4700406619299268,0.47127731442451476,375.5,375.5,1.0,2.6,94.7,280.8
179,30,0.67,0.2,5,5,6,5.5,5.5,0.19,0.5,42,1,[0.2],0.2,0.2442732516826255,10,7.778174593052023,0.1414213562373095,0.7778174593052023,0.1414213562373095,0.17272727272727273,20260921T213417946637Z_9d5e65dd,2,5760.0,50,True,79,stationary,PURE,85.6,0.2575210589651023,0.2594351070775064,332.4,332.4,1.0,0.0,0.0,332.4
179,30,0.67,0.2,5,5,6,5.5,5.5,0.19,0.5,42,1,[0.2],0.2,0.2442732516826255,10,7.778174593052023,0.1414213562373095,0.7778174593052023,0.1414213562373095,0.17272727272727273,20260921T213417946637Z_9d5e65dd,2,5760.0,50,True,79,stationary,PURE_OR,85.6,0.31082062454611475,0.310014222554246,275.4,275.4,1.0,0.0,0.0,275.4
180,30,0.67,0.25,5,5,6,5.5,5.5,0.19,0.5,42,1,"[0.25, 0.3, 0.35, 0.4]",0.2442732516826255,0.2442732516826255,10,7.778174593052023,0.17677669529663687,0.9722718241315028,0.17272727272727273,0.17272727272727273,20260921T213417946637Z_9d5e65dd,2,5760.0,50,True,79,stationary,DRL,5093.2265625,0.88424072265625,0.88424072265625,5760.0,,0.0,145.8,5662.8,97.2
180,30,0.67,0.25,5,5,6,5.5,5.5,0.19,0.5,42,1,"[0.25, 0.3, 0.35, 0.4]",0.2442732516826255,0.2442732516826255,10,7.778174593052023,0.17677669529663687,0.9722718241315028,0.17272727272727273,0.17272727272727273,20260921T213417946637Z_9d5e65dd,2,5760.0,50,True,79,stationary,HEUR,4486.45986328125,0.7788992818196615,0.7788992762565613,5760.0,,0.0,158.2,4776.0,984.0
180,30,0.67,0.25,5,5,6,5.5,5.5,0.19,0.5,42,1,"[0.25, 0.3, 0.35, 0.4]",0.2442732516826255,0.2442732516826255,10,7.778174593052023,0.17677669529663687,0.9722718241315028,0.17272727272727273,0.17272727272727273,20260921T213417946637Z_9d5e65dd,2,5760.0,50,True,79,stationary,HEUR_VOR,2645.74501953125,0.7933030552400977,0.7931792855262756,3335.1,3335.1,1.0,89.2,2805.3,529.8
180,30,0.67,0.25,5,5,6,5.5,5.5,0.19,0.5,42,1,"[0.25, 0.3, 0.35, 0.4]",0.2442732516826255,0.2442732516826255,10,7.778174593052023,0.17677669529663687,0.9722718241315028,0.17272727272727273,0.17272727272727273,20260921T213417946637Z_9d5e65dd,2,5760.0,50,True,79,stationary,FOUR_ZONE,181.53442993164063,0.47684378757982826,0.4775781571865082,380.7,380.7,1.0,2.6,101.5,279.2
180,30,0.67,0.25,5,5,6,5.5,5.5,0.19,0.5,42,1,"[0.25, 0.3, 0.35, 0.4]",0.2442732516826255,0.2442732516826255,10,7.778174593052023,0.17677669529663687,0.9722718241315028,0.17272727272727273,0.17272727272727273,20260921T213417946637Z_9d5e65dd,2,5760.0,50,True,79,stationary,PURE,85.6,0.2575210589651023,0.2594351070775064,332.4,332.4,1.0,0.0,0.0,332.4
180,30,0.67,0.25,5,5,6,5.5,5.5,0.19,0.5,42,1,"[0.25, 0.3, 0.35, 0.4]",0.2442732516826255,0.2442732516826255,10,7.778174593052023,0.17677669529663687,0.9722718241315028,0.17272727272727273,0.17272727272727273,20260921T213417946637Z_9d5e65dd,2,5760.0,50,True,79,stationary,PURE_OR,85.6,0.31082062454611475,0.310014222554246,275.4,275.4,1.0,0.0,0.0,275.4
181,30,0.67,0.1,5,5,6,6.0,5.5,0.19,0.5,42,1,[0.1],0.1,0.2442732516826255,10,7.778174593052023,0.07071067811865475,0.38890872965260115,0.07071067811865475,0.17272727272727273,20260921T213417946637Z_9d5e65dd,2,5760.0,50,True,79,stationary,DRL,4265.263525390625,0.7404971398247613,0.7404971361160279,5760.0,,0.0,127.6,5223.9,536.1
181,30,0.67,0.1,5,5,6,6.0,5.5,0.19,0.5,42,1,[0.1],0.1,0.2442732516826255,10,7.778174593052023,0.07071067811865475,0.38890872965260115,0.07071067811865475,0.17272727272727273,20260921T213417946637Z_9d5e65dd,2,5760.0,50,True,79,stationary,HEUR,1500.3790771484375,0.7376494971231257,0.7360774874687195,2034.0,2034.0,1.0,46.6,1446.0,588.0
181,30,0.67,0.1,5,5,6,6.0,5.5,0.19,0.5,42,1,[0.1],0.1,0.2442732516826255,10,7.778174593052023,0.07071067811865475,0.38890872965260115,0.07071067811865475,0.17272727272727273,20260921T213417946637Z_9d5e65dd,2,5760.0,50,True,79,stationary,HEUR_VOR,734.61650390625,0.7288585215857228,0.7210386633872986,1007.9,1007.9,1.0,20.8,660.5,347.4
181,30,0.67,0.1,5,5,6,6.0,5.5,0.19,0.5,42,1,[0.1],0.1,0.2442732516826255,10,7.778174593052023,0.07071067811865475,0.38890872965260115,0.07071067811865475,0.17272727272727273,20260921T213417946637Z_9d5e65dd,2,5760.0,50,True,79,stationary,FOUR_ZONE,170.8477813720703,0.46137667127213156,0.4613959312438965,370.3,370.3,1.0,1.8,77.8,292.5
181,30,0.67,0.1,5,5,6,6.0,5.5,0.19,0.5,42,1,[0.1],0.1,0.2442732516826255,10,7.778174593052023,0.07071067811865475,0.38890872965260115,0.07071067811865475,0.17272727272727273,20260921T213417946637Z_9d5e65dd,2,5760.0,50,True,79,stationary,PURE,85.6,0.2575210589651023,0.2594351070775064,332.4,332.4,1.0,0.0,0.0,332.4
181,30,0.67,0.1,5,5,6,6.0,5.5,0.19,0.5,42,1,[0.1],0.1,0.2442732516826255,10,7.778174593052023,0.07071067811865475,0.38890872965260115,0.07071067811865475,0.17272727272727273,20260921T213417946637Z_9d5e65dd,2,5760.0,50,True,79,stationary,PURE_OR,85.6,0.31082062454611475,0.310014222554246,275.4,275.4,1.0,0.0,0.0,275.4
182,30,0.67,0.15,5,5,6,6.0,5.5,0.19,0.5,42,1,[0.15],0.15,0.2442732516826255,10,7.778174593052023,0.10606601717798211,0.5833630944789017,0.10606601717798211,0.17272727272727273,20260921T213417946637Z_9d5e65dd,2,5760.0,50,True,79,stationary,DRL,5339.3009765625,0.9269619750976562,0.9269619703292846,5760.0,,0.0,145.4,5516.9,243.1
182,30,0.67,0.15,5,5,6,6.0,5.5,0.19,0.5,42,1,[0.15],0.15,0.2442732516826255,10,7.778174593052023,0.10606601717798211,0.5833630944789017,0.10606601717798211,0.17272727272727273,20260921T213417946637Z_9d5e65dd,2,5760.0,50,True,79,stationary,HEUR,3326.769140625,0.7689995933115277,0.7673533082008361,4326.1,4326.1,1.0,105.4,3282.9,1043.2
182,30,0.67,0.15,5,5,6,6.0,5.5,0.19,0.5,42,1,[0.15],0.15,0.2442732516826255,10,7.778174593052023,0.10606601717798211,0.5833630944789017,0.10606601717798211,0.17272727272727273,20260921T213417946637Z_9d5e65dd,2,5760.0,50,True,79,stationary,HEUR_VOR,1357.0660522460937,0.8125170951060314,0.801599383354187,1670.2,1670.2,1.0,42.2,1287.3,382.9
182,30,0.67,0.15,5,5,6,6.0,5.5,0.19,0.5,42,1,[0.15],0.15,0.2442732516826255,10,7.778174593052023,0.10606601717798211,0.5833630944789017,0.10606601717798211,0.17272727272727273,20260921T213417946637Z_9d5e65dd,2,5760.0,50,True,79,stationary,FOUR_ZONE,178.30377807617188,0.49391628275947885,0.49349666237831114,361.0,361.0,1.0,2.4,87.2,273.8
182,30,0.67,0.15,5,5,6,6.0,5.5,0.19,0.5,42,1,[0.15],0.15,0.2442732516826255,10,7.778174593052023,0.10606601717798211,0.5833630944789017,0.10606601717798211,0.17272727272727273,20260921T213417946637Z_9d5e65dd,2,5760.0,50,True,79,stationary,PURE,85.6,0.2575210589651023,0.2594351070775064,332.4,332.4,1.0,0.0,0.0,332.4
182,30,0.67,0.15,5,5,6,6.0,5.5,0.19,0.5,42,1,[0.15],0.15,0.2442732516826255,10,7.778174593052023,0.10606601717798211,0.5833630944789017,0.10606601717798211,0.17272727272727273,20260921T213417946637Z_9d5e65dd,2,5760.0,50,True,79,stationary,PURE_OR,85.6,0.31082062454611475,0.310014222554246,275.4,275.4,1.0,0.0,0.0,275.4
183,30,0.67,0.2,5,5,6,6.0,5.5,0.19,0.5,42,1,[0.2],0.2,0.2442732516826255,10,7.778174593052023,0.1414213562373095,0.7778174593052023,0.1414213562373095,0.17272727272727273,20260921T213417946637Z_9d5e65dd,2,5760.0,50,True,79,stationary,DRL,5482.33935546875,0.9517950269911024,0.9517950177192688,5760.0,,0.0,148.8,5637.9,122.1
183,30,0.67,0.2,5,5,6,6.0,5.5,0.19,0.5,42,1,[0.2],0.2,0.2442732516826255,10,7.778174593052023,0.1414213562373095,0.7778174593052023,0.1414213562373095,0.17272727272727273,20260921T213417946637Z_9d5e65dd,2,5760.0,50,True,79,stationary,HEUR,4445.217138671875,0.8337022709863041,0.825156056880951,5331.9,3619.5,0.2,140.4,4345.3,986.6
183,30,0.67,0.2,5,5,6,6.0,5.5,0.19,0.5,42,1,[0.2],0.2,0.2442732516826255,10,7.778174593052023,0.1414213562373095,0.7778174593052023,0.1414213562373095,0.17272727272727273,20260921T213417946637Z_9d5e65dd,2,5760.0,50,True,79,stationary,HEUR_VOR,2242.1153076171877,0.850187815720153,0.8470992326736451,2637.2,2637.2,1.0,69.8,2191.5,445.7
183,30,0.67,0.2,5,5,6,6.0,5.5,0.19,0.5,42,1,[0.2],0.2,0.2442732516826255,10,7.778174593052023,0.1414213562373095,0.7778174593052023,0.1414213562373095,0.17272727272727273,20260921T213417946637Z_9d5e65dd,2,5760.0,50,True,79,stationary,FOUR_ZONE,184.7640594482422,0.49204809440277547,0.4934286892414093,375.5,375.5,1.0,2.6,94.7,280.8
183,30,0.67,0.2,5,5,6,6.0,5.5,0.19,0.5,42,1,[0.2],0.2,0.2442732516826255,10,7.778174593052023,0.1414213562373095,0.7778174593052023,0.1414213562373095,0.17272727272727273,20260921T213417946637Z_9d5e65dd,2,5760.0,50,True,79,stationary,PURE,85.6,0.2575210589651023,0.2594351070775064,332.4,332.4,1.0,0.0,0.0,332.4
183,30,0.67,0.2,5,5,6,6.0,5.5,0.19,0.5,42,1,[0.2],0.2,0.2442732516826255,10,7.778174593052023,0.1414213562373095,0.7778174593052023,0.1414213562373095,0.17272727272727273,20260921T213417946637Z_9d5e65dd,2,5760.0,50,True,79,stationary,PURE_OR,85.6,0.31082062454611475,0.310014222554246,275.4,275.4,1.0,0.0,0.0,275.4
184,30,0.67,0.25,5,5,6,6.0,5.5,0.19,0.5,42,1,"[0.25, 0.3, 0.35, 0.4]",0.2442732516826255,0.2442732516826255,10,7.778174593052023,0.17677669529663687,0.9722718241315028,0.17272727272727273,0.17272727272727273,20260921T213417946637Z_9d5e65dd,2,5760.0,50,True,79,stationary,DRL,5512.70283203125,0.9570664638943143,0.9570664644241333,5760.0,,0.0,145.0,5626.7,133.3
184,30,0.67,0.25,5,5,6,6.0,5.5,0.19,0.5,42,1,"[0.25, 0.3, 0.35, 0.4]",0.2442732516826255,0.2442732516826255,10,7.778174593052023,0.17677669529663687,0.9722718241315028,0.17272727272727273,0.17272727272727273,20260921T213417946637Z_9d5e65dd,2,5760.0,50,True,79,stationary,HEUR,4888.746484375,0.8487407090928819,0.8487407088279724,5760.0,,0.0,158.2,4776.0,984.0
184,30,0.67,0.25,5,5,6,6.0,5.5,0.19,0.5,42,1,"[0.25, 0.3, 0.35, 0.4]",0.2442732516826255,0.2442732516826255,10,7.778174593052023,0.17677669529663687,0.9722718241315028,0.17272727272727273,0.17272727272727273,20260921T213417946637Z_9d5e65dd,2,5760.0,50,True,79,stationary,HEUR_VOR,2878.59921875,0.8631223108002759,0.8629910230636597,3335.1,3335.1,1.0,89.2,2805.3,529.8
184,30,0.67,0.25,5,5,6,6.0,5.5,0.19,0.5,42,1,"[0.25, 0.3, 0.35, 0.4]",0.2442732516826255,0.2442732516826255,10,7.778174593052023,0.17677669529663687,0.9722718241315028,0.17272727272727273,0.17272727272727273,20260921T213417946637Z_9d5e65dd,2,5760.0,50,True,79,stationary,FOUR_ZONE,190.2558380126953,0.4997526609211855,0.500585287809372,380.7,380.7,1.0,2.6,101.5,279.2
184,30,0.67,0.25,5,5,6,6.0,5.5,0.19,0.5,42,1,"[0.25, 0.3, 0.35, 0.4]",0.2442732516826255,0.2442732516826255,10,7.778174593052023,0.17677669529663687,0.9722718241315028,0.17272727272727273,0.17272727272727273,20260921T213417946637Z_9d5e65dd,2,5760.0,50,True,79,stationary,PURE,85.6,0.2575210589651023,0.2594351070775064,332.4,332.4,1.0,0.0,0.0,332.4
184,30,0.67,0.25,5,5,6,6.0,5.5,0.19,0.5,42,1,"[0.25, 0.3, 0.35, 0.4]",0.2442732516826255,0.2442732516826255,10,7.778174593052023,0.17677669529663687,0.9722718241315028,0.17272727272727273,0.17272727272727273,20260921T213417946637Z_9d5e65dd,2,5760.0,50,True,79,stationary,PURE_OR,85.6,0.31082062454611475,0.310014222554246,275.4,275.4,1.0,0.0,0.0,275.4
185,30,0.83,0.1,5,5,6,5.5,5.5,0.19,0.5,42,1,[0.1],0.1,0.2442732516826255,10,7.778174593052023,0.07071067811865475,0.38890872965260115,0.07071067811865475,0.17272727272727273,20260921T213417946637Z_9d5e65dd,2,5760.0,50,True,79,stationary,DRL,4104.59296875,0.7300688287058447,0.7282144665718079,5622.2,5071.0,0.2,140.4,5100.6,521.6
185,30,0.83,0.1,5,5,6,5.5,5.5,0.19,0.5,42,1,[0.1],0.1,0.2442732516826255,10,7.778174593052023,0.07071067811865475,0.38890872965260115,0.07071067811865475,0.17272727272727273,20260921T213417946637Z_9d5e65dd,2,5760.0,50,True,79,stationary,HEUR,1821.4799072265625,0.6789473338402275,0.6733089923858643,2682.8,2682.8,1.0,60.8,1900.4,782.4
185,30,0.83,0.1,5,5,6,5.5,5.5,0.19,0.5,42,1,[0.1],0.1,0.2442732516826255,10,7.778174593052023,0.07071067811865475,0.38890872965260115,0.07071067811865475,0.17272727272727273,20260921T213417946637Z_9d5e65dd,2,5760.0,50,True,79,stationary,HEUR_VOR,812.751953125,0.6960280492635095,0.6960020422935486,1167.7,1167.7,1.0,24.6,792.6,375.1
185,30,0.83,0.1,5,5,6,5.5,5.5,0.19,0.5,42,1,[0.1],0.1,0.2442732516826255,10,7.778174593052023,0.07071067811865475,0.38890872965260115,0.07071067811865475,0.17272727272727273,20260921T213417946637Z_9d5e65dd,2,5760.0,50,True,79,stationary,FOUR_ZONE,177.75462646484374,0.452878029209793,0.44952656626701354,392.5,392.5,1.0,2.0,73.3,319.2
185,30,0.83,0.1,5,5,6,5.5,5.5,0.19,0.5,42,1,[0.1],0.1,0.2442732516826255,10,7.778174593052023,0.07071067811865475,0.38890872965260115,0.07071067811865475,0.17272727272727273,20260921T213417946637Z_9d5e65dd,2,5760.0,50,True,79,stationary,PURE,105.2,0.3001426533523538,0.30346051279269637,350.5,350.5,1.0,0.0,0.0,350.5
185,30,0.83,0.1,5,5,6,5.5,5.5,0.19,0.5,42,1,[0.1],0.1,0.2442732516826255,10,7.778174593052023,0.07071067811865475,0.38890872965260115,0.07071067811865475,0.17272727272727273,20260921T213417946637Z_9d5e65dd,2,5760.0,50,True,79,stationary,PURE_OR,105.2,0.3364246881995523,0.3365157683299051,312.7,312.7,1.0,0.0,0.0,312.7
186,30,0.83,0.15,5,5,6,5.5,5.5,0.19,0.5,42,1,[0.15],0.15,0.2442732516826255,10,7.778174593052023,0.10606601717798211,0.5833630944789017,0.10606601717798211,0.17272727272727273,20260921T213417946637Z_9d5e65dd,2,5760.0,50,True,79,stationary,DRL,4967.60029296875,0.8624306064181858,0.8624306082725525,5760.0,,0.0,150.6,5552.2,207.8
186,30,0.83,0.15,5,5,6,5.5,5.5,0.19,0.5,42,1,[0.15],0.15,0.2442732516826255,10,7.778174593052023,0.10606601717798211,0.5833630944789017,0.10606601717798211,0.17272727272727273,20260921T213417946637Z_9d5e65dd,2,5760.0,50,True,79,stationary,HEUR,3400.98896484375,0.7125623760907939,0.7123866438865661,4772.9,4526.125,0.8,116.0,3602.6,1170.3
186,30,0.83,0.15,5,5,6,5.5,5.5,0.19,0.5,42,1,[0.15],0.15,0.2442732516826255,10,7.778174593052023,0.10606601717798211,0.5833630944789017,0.10606601717798211,0.17272727272727273,20260921T213417946637Z_9d5e65dd,2,5760.0,50,True,79,stationary,HEUR_VOR,1670.2771484375,0.7797381767599552,0.7687556266784668,2142.1,2142.1,1.0,53.0,1711.3,430.8
186,30,0.83,0.15,5,5,6,5.5,5.5,0.19,0.5,42,1,[0.15],0.15,0.2442732516826255,10,7.778174593052023,0.10606601717798211,0.5833630944789017,0.10606601717798211,0.17272727272727273,20260921T213417946637Z_9d5e65dd,2,5760.0,50,True,79,stationary,FOUR_ZONE,172.11231689453126,0.44692889351994614,0.444310861825943,385.1,385.1,1.0,2.4,69.8,315.3
186,30,0.83,0.15,5,5,6,5.5,5.5,0.19,0.5,42,1,[0.15],0.15,0.2442732516826255,10,7.778174593052023,0.10606601717798211,0.5833630944789017,0.10606601717798211,0.17272727272727273,20260921T213417946637Z_9d5e65dd,2,5760.0,50,True,79,stationary,PURE,105.2,0.3001426533523538,0.30346051279269637,350.5,350.5,1.0,0.0,0.0,350.5
186,30,0.83,0.15,5,5,6,5.5,5.5,0.19,0.5,42,1,[0.15],0.15,0.2442732516826255,10,7.778174593052023,0.10606601717798211,0.5833630944789017,0.10606601717798211,0.17272727272727273,20260921T213417946637Z_9d5e65dd,2,5760.0,50,True,79,stationary,PURE_OR,105.2,0.3364246881995523,0.3365157683299051,312.7,312.7,1.0,0.0,0.0,312.7
187,30,0.83,0.2,5,5,6,5.5,5.5,0.19,0.5,42,1,[0.2],0.2,0.2442732516826255,10,7.778174593052023,0.1414213562373095,0.7778174593052023,0.1414213562373095,0.17272727272727273,20260921T213417946637Z_9d5e65dd,2,5760.0,50,True,79,stationary,DRL,5044.7466796875,0.8758240763346354,0.8758240818977356,5760.0,,0.0,161.6,5659.6,100.4
187,30,0.83,0.2,5,5,6,5.5,5.5,0.19,0.5,42,1,[0.2],0.2,0.2442732516826255,10,7.778174593052023,0.1414213562373095,0.7778174593052023,0.1414213562373095,0.17272727272727273,20260921T213417946637Z_9d5e65dd,2,5760.0,50,True,79,stationary,HEUR,4433.1451171875,0.7696432495117187,0.769643247127533,5760.0,,0.0,157.6,4725.0,1035.0
187,30,0.83,0.2,5,5,6,5.5,5.5,0.19,0.5,42,1,[0.2],0.2,0.2442732516826255,10,7.778174593052023,0.1414213562373095,0.7778174593052023,0.1414213562373095,0.17272727272727273,20260921T213417946637Z_9d5e65dd,2,5760.0,50,True,79,stationary,HEUR_VOR,2221.409716796875,0.7778589946063712,0.7751108288764954,2855.8,2855.8,1.0,79.8,2364.7,491.1
187,30,0.83,0.2,5,5,6,5.5,5.5,0.19,0.5,42,1,[0.2],0.2,0.2442732516826255,10,7.778174593052023,0.1414213562373095,0.7778174593052023,0.1414213562373095,0.17272727272727273,20260921T213417946637Z_9d5e65dd,2,5760.0,50,True,79,stationary,FOUR_ZONE,188.59868774414062,0.47928510227227605,0.4762352406978607,393.5,393.5,1.0,2.8,87.9,305.6
187,30,0.83,0.2,5,5,6,5.5,5.5,0.19,0.5,42,1,[0.2],0.2,0.2442732516826255,10,7.778174593052023,0.1414213562373095,0.7778174593052023,0.1414213562373095,0.17272727272727273,20260921T213417946637Z_9d5e65dd,2,5760.0,50,True,79,stationary,PURE,105.2,0.3001426533523538,0.30346051279269637,350.5,350.5,1.0,0.0,0.0,350.5
187,30,0.83,0.2,5,5,6,5.5,5.5,0.19,0.5,42,1,[0.2],0.2,0.2442732516826255,10,7.778174593052023,0.1414213562373095,0.7778174593052023,0.1414213562373095,0.17272727272727273,20260921T213417946637Z_9d5e65dd,2,5760.0,50,True,79,stationary,PURE_OR,105.2,0.3420026007802341,0.3420869093236185,307.6,307.6,1.0,0.0,0.0,307.6
188,30,0.83,0.25,5,5,6,5.5,5.5,0.19,0.5,42,1,"[0.25, 0.3, 0.35, 0.4]",0.2442732516826255,0.2442732516826255,10,7.778174593052023,0.17677669529663687,0.9722718241315028,0.17272727272727273,0.17272727272727273,20260921T213417946637Z_9d5e65dd,2,5760.0,50,True,79,stationary,DRL,5121.79140625,0.8891998969184027,0.8891999006271363,5760.0,,0.0,141.6,5643.9,116.1
188,30,0.83,0.25,5,5,6,5.5,5.5,0.19,0.5,42,1,"[0.25, 0.3, 0.35, 0.4]",0.2442732516826255,0.2442732516826255,10,7.778174593052023,0.17677669529663687,0.9722718241315028,0.17272727272727273,0.17272727272727273,20260921T213417946637Z_9d5e65dd,2,5760.0,50,True,79,stationary,HEUR,4505.659765625,0.7822325981987848,0.7822325944900512,5760.0,,0.0,162.2,4805.9,954.1
188,30,0.83,0.25,5,5,6,5.5,5.5,0.19,0.5,42,1,"[0.25, 0.3, 0.35, 0.4]",0.2442732516826255,0.2442732516826255,10,7.778174593052023,0.17677669529663687,0.9722718241315028,0.17272727272727273,0.17272727272727273,20260921T213417946637Z_9d5e65dd,2,5760.0,50,True,79,stationary,HEUR_VOR,2532.4697265625,0.7886611212863194,0.7872919559478759,3211.1,3211.1,1.0,92.2,2705.7,505.4
188,30,0.83,0.25,5,5,6,5.5,5.5,0.19,0.5,42,1,"[0.25, 0.3, 0.35, 0.4]",0.2442732516826255,0.2442732516826255,10,7.778174593052023,0.17677669529663687,0.9722718241315028,0.17272727272727273,0.17272727272727273,20260921T213417946637Z_9d5e65dd,2,5760.0,50,True,79,stationary,FOUR_ZONE,183.86429748535156,0.4700007604431277,0.46804884672164915,391.2,391.2,1.0,2.8,84.4,306.8
188,30,0.83,0.25,5,5,6,5.5,5.5,0.19,0.5,42,1,"[0.25, 0.3, 0.35, 0.4]",0.2442732516826255,0.2442732516826255,10,7.778174593052023,0.17677669529663687,0.9722718241315028,0.17272727272727273,0.17272727272727273,20260921T213417946637Z_9d5e65dd,2,5760.0,50,True,79,stationary,PURE,105.2,0.3001426533523538,0.30346051279269637,350.5,350.5,1.0,0.0,0.0,350.5
188,30,0.83,0.25,5,5,6,5.5,5.5,0.19,0.5,42,1,"[0.25, 0.3, 0.35, 0.4]",0.2442732516826255,0.2442732516826255,10,7.778174593052023,0.17677669529663687,0.9722718241315028,0.17272727272727273,0.17272727272727273,20260921T213417946637Z_9d5e65dd,2,5760.0,50,True,79,stationary,PURE_OR,105.2,0.3373957665169981,0.33751659185869975,311.8,311.8,1.0,0.0,0.0,311.8
189,30,0.83,0.1,5,5,6,6.0,5.5,0.19,0.5,42,1,[0.1],0.1,0.2442732516826255,10,7.778174593052023,0.07071067811865475,0.38890872965260115,0.07071067811865475,0.17272727272727273,20260921T213417946637Z_9d5e65dd,2,5760.0,50,True,79,stationary,DRL,4588.365673828125,0.7965912628173828,0.7965912580490112,5760.0,,0.0,140.6,5244.5,515.5
189,30,0.83,0.1,5,5,6,6.0,5.5,0.19,0.5,42,1,[0.1],0.1,0.2442732516826255,10,7.778174593052023,0.07071067811865475,0.38890872965260115,0.07071067811865475,0.17272727272727273,20260921T213417946637Z_9d5e65dd,2,5760.0,50,True,79,stationary,HEUR,1977.50087890625,0.7371033542963509,0.7308798193931579,2682.8,2682.8,1.0,60.8,1900.4,782.4
189,30,0.83,0.1,5,5,6,6.0,5.5,0.19,0.5,42,1,[0.1],0.1,0.2442732516826255,10,7.778174593052023,0.07071067811865475,0.38890872965260115,0.07071067811865475,0.17272727272727273,20260921T213417946637Z_9d5e65dd,2,5760.0,50,True,79,stationary,HEUR_VOR,877.0748413085937,0.7511131637480464,0.7510921001434326,1167.7,1167.7,1.0,24.6,792.6,375.1
189,30,0.83,0.1,5,5,6,6.0,5.5,0.19,0.5,42,1,[0.1],0.1,0.2442732516826255,10,7.778174593052023,0.07071067811865475,0.38890872965260115,0.07071067811865475,0.17272727272727273,20260921T213417946637Z_9d5e65dd,2,5760.0,50,True,79,stationary,FOUR_ZONE,184.3505432128906,0.46968291264430734,0.4660379648208618,392.5,392.5,1.0,2.0,73.3,319.2
189,30,0.83,0.1,5,5,6,6.0,5.5,0.19,0.5,42,1,[0.1],0.1,0.2442732516826255,10,7.778174593052023,0.07071067811865475,0.38890872965260115,0.07071067811865475,0.17272727272727273,20260921T213417946637Z_9d5e65dd,2,5760.0,50,True,79,stationary,PURE,105.2,0.3001426533523538,0.30346051279269637,350.5,350.5,1.0,0.0,0.0,350.5
189,30,0.83,0.1,5,5,6,6.0,5.5,0.19,0.5,42,1,[0.1],0.1,0.2442732516826255,10,7.778174593052023,0.07071067811865475,0.38890872965260115,0.07071067811865475,0.17272727272727273,20260921T213417946637Z_9d5e65dd,2,5760.0,50,True,79,stationary,PURE_OR,105.2,0.3373957665169981,0.33751659185869975,311.8,311.8,1.0,0.0,0.0,311.8
190,30,0.83,0.15,5,5,6,6.0,5.5,0.19,0.5,42,1,[0.15],0.15,0.2442732516826255,10,7.778174593052023,0.10606601717798211,0.5833630944789017,0.10606601717798211,0.17272727272727273,20260921T213417946637Z_9d5e65dd,2,5760.0,50,True,79,stationary,DRL,5422.59833984375,0.9414233228895399,0.9414233326911926,5760.0,,0.0,144.4,5476.0,284.0
190,30,0.83,0.15,5,5,6,6.0,5.5,0.19,0.5,42,1,[0.15],0.15,0.2442732516826255,10,7.778174593052023,0.10606601717798211,0.5833630944789017,0.10606601717798211,0.17272727272727273,20260921T213417946637Z_9d5e65dd,2,5760.0,50,True,79,stationary,HEUR,3701.057666015625,0.7754316382106529,0.7752017617225647,4772.9,4526.125,0.8,116.0,3602.6,1170.3
190,30,0.83,0.15,5,5,6,6.0,5.5,0.19,0.5,42,1,[0.15],0.15,0.2442732516826255,10,7.778174593052023,0.10606601717798211,0.5833630944789017,0.10606601717798211,0.17272727272727273,20260921T213417946637Z_9d5e65dd,2,5760.0,50,True,79,stationary,HEUR_VOR,1812.5575439453125,0.8461591634122182,0.8338402390480042,2142.1,2142.1,1.0,53.0,1711.3,430.8
190,30,0.83,0.15,5,5,6,6.0,5.5,0.19,0.5,42,1,[0.15],0.15,0.2442732516826255,10,7.778174593052023,0.10606601717798211,0.5833630944789017,0.10606601717798211,0.17272727272727273,20260921T213417946637Z_9d5e65dd,2,5760.0,50,True,79,stationary,FOUR_ZONE,178.1953155517578,0.46272478720269494,0.4598666489124298,385.1,385.1,1.0,2.4,69.8,315.3
190,30,0.83,0.15,5,5,6,6.0,5.5,0.19,0.5,42,1,[0.15],0.15,0.2442732516826255,10,7.778174593052023,0.10606601717798211,0.5833630944789017,0.10606601717798211,0.17272727272727273,20260921T213417946637Z_9d5e65dd,2,5760.0,50,True,79,stationary,PURE,105.2,0.3001426533523538,0.30346051279269637,350.5,350.5,1.0,0.0,0.0,350.5
190,30,0.83,0.15,5,5,6,6.0,5.5,0.19,0.5,42,1,[0.15],0.15,0.2442732516826255,10,7.778174593052023,0.10606601717798211,0.5833630944789017,0.10606601717798211,0.17272727272727273,20260921T213417946637Z_9d5e65dd,2,5760.0,50,True,79,stationary,PURE_OR,105.2,0.3373957665169981,0.33751659185869975,311.8,311.8,1.0,0.0,0.0,311.8
191,30,0.83,0.2,5,5,6,6.0,5.5,0.19,0.5,42,1,[0.2],0.2,0.2442732516826255,10,7.778174593052023,0.1414213562373095,0.7778174593052023,0.1414213562373095,0.17272727272727273,20260921T213417946637Z_9d5e65dd,2,5760.0,50,True,79,stationary,DRL,5547.9248046875,0.963181389702691,0.9631813883781433,5760.0,,0.0,149.4,5599.1,160.9
191,30,0.83,0.2,5,5,6,6.0,5.5,0.19,0.5,42,1,[0.2],0.2,0.2442732516826255,10,7.778174593052023,0.1414213562373095,0.7778174593052023,0.1414213562373095,0.17272727272727273,20260921T213417946637Z_9d5e65dd,2,5760.0,50,True,79,stationary,HEUR,4828.999609375,0.8383679877387152,0.8383679866790772,5760.0,,0.0,157.6,4725.0,1035.0
191,30,0.83,0.2,5,5,6,6.0,5.5,0.19,0.5,42,1,[0.2],0.2,0.2442732516826255,10,7.778174593052023,0.1414213562373095,0.7778174593052023,0.1414213562373095,0.17272727272727273,20260921T213417946637Z_9d5e65dd,2,5760.0,50,True,79,stationary,HEUR_VOR,2413.8364013671876,0.8452400032800572,0.8422128677368164,2855.8,2855.8,1.0,79.8,2364.7,491.1
191,30,0.83,0.2,5,5,6,6.0,5.5,0.19,0.5,42,1,[0.2],0.2,0.2442732516826255,10,7.778174593052023,0.1414213562373095,0.7778174593052023,0.1414213562373095,0.17272727272727273,20260921T213417946637Z_9d5e65dd,2,5760.0,50,True,79,stationary,FOUR_ZONE,196.1804931640625,0.49855271452112454,0.49523698091506957,393.5,393.5,1.0,2.8,87.9,305.6
191,30,0.83,0.2,5,5,6,6.0,5.5,0.19,0.5,42,1,[0.2],0.2,0.2442732516826255,10,7.778174593052023,0.1414213562373095,0.7778174593052023,0.1414213562373095,0.17272727272727273,20260921T213417946637Z_9d5e65dd,2,5760.0,50,True,79,stationary,PURE,105.2,0.3001426533523538,0.30346051279269637,350.5,350.5,1.0,0.0,0.0,350.5
191,30,0.83,0.2,5,5,6,6.0,5.5,0.19,0.5,42,1,[0.2],0.2,0.2442732516826255,10,7.778174593052023,0.1414213562373095,0.7778174593052023,0.1414213562373095,0.17272727272727273,20260921T213417946637Z_9d5e65dd,2,5760.0,50,True,79,stationary,PURE_OR,105.2,0.3373957665169981,0.33751659185869975,311.8,311.8,1.0,0.0,0.0,311.8
192,30,0.83,0.25,5,5,6,6.0,5.5,0.19,0.5,42,1,"[0.25, 0.3, 0.35, 0.4]",0.2442732516826255,0.2442732516826255,10,7.778174593052023,0.17677669529663687,0.9722718241315028,0.17272727272727273,0.17272727272727273,20260921T213417946637Z_9d5e65dd,2,5760.0,50,True,79,stationary,DRL,5606.451171875,0.9733422173394097,0.973342216014862,5760.0,,0.0,142.8,5646.2,113.8
192,30,0.83,0.25,5,5,6,6.0,5.5,0.19,0.5,42,1,"[0.25, 0.3, 0.35, 0.4]",0.2442732516826255,0.2442732516826255,10,7.778174593052023,0.17677669529663687,0.9722718241315028,0.17272727272727273,0.17272727272727273,20260921T213417946637Z_9d5e65dd,2,5760.0,50,True,79,stationary,HEUR,4909.06884765625,0.8522688971625434,0.85226891040802,5760.0,,0.0,162.2,4805.9,954.1
192,30,0.83,0.25,5,5,6,6.0,5.5,0.19,0.5,42,1,"[0.25, 0.3, 0.35, 0.4]",0.2442732516826255,0.2442732516826255,10,7.778174593052023,0.17677669529663687,0.9722718241315028,0.17272727272727273,0.17272727272727273,20260921T213417946637Z_9d5e65dd,2,5760.0,50,True,79,stationary,HEUR_VOR,2753.2203125,0.8574072163744512,0.855904507637024,3211.1,3211.1,1.0,92.2,2705.7,505.4
192,30,0.83,0.25,5,5,6,6.0,5.5,0.19,0.5,42,1,"[0.25, 0.3, 0.35, 0.4]",0.2442732516826255,0.2442732516826255,10,7.778174593052023,0.17677669529663687,0.9722718241315028,0.17272727272727273,0.17272727272727273,20260921T213417946637Z_9d5e65dd,2,5760.0,50,True,79,stationary,FOUR_ZONE,191.01568298339845,0.48828139821932115,0.4861871004104614,391.2,391.2,1.0,2.8,84.4,306.8
192,30,0.83,0.25,5,5,6,6.0,5.5,0.19,0.5,42,1,"[0.25, 0.3, 0.35, 0.4]",0.2442732516826255,0.2442732516826255,10,7.778174593052023,0.17677669529663687,0.9722718241315028,0.17272727272727273,0.17272727272727273,20260921T213417946637Z_9d5e65dd,2,5760.0,50,True,79,stationary,PURE,105.2,0.3001426533523538,0.30346051279269637,350.5,350.5,1.0,0.0,0.0,350.5
192,30,0.83,0.25,5,5,6,6.0,5.5,0.19,0.5,42,1,"[0.25, 0.3, 0.35, 0.4]",0.2442732516826255,0.2442732516826255,10,7.778174593052023,0.17677669529663687,0.9722718241315028,0.17272727272727273,0.17272727272727273,20260921T213417946637Z_9d5e65dd,2,5760.0,50,True,79,stationary,PURE_OR,105.2,0.34278266536331053,0.34290676637664524,306.9,306.9,1.0,0.0,0.0,306.9
193,30,1.0,0.1,5,5,6,5.5,5.5,0.19,0.5,42,1,[0.1],0.1,0.2442732516826255,10,7.778174593052023,0.07071067811865475,0.38890872965260115,0.07071067811865475,0.17272727272727273,20260921T213417946637Z_9d5e65dd,2,5760.0,50,True,79,stationary,DRL,4126.847607421875,0.7492053097002478,0.7486048102378845,5508.3,5130.75,0.4,141.8,4969.9,538.4
193,30,1.0,0.1,5,5,6,5.5,5.5,0.19,0.5,42,1,[0.1],0.1,0.2442732516826255,10,7.778174593052023,0.07071067811865475,0.38890872965260115,0.07071067811865475,0.17272727272727273,20260921T213417946637Z_9d5e65dd,2,5760.0,50,True,79,stationary,HEUR,2084.8623291015624,0.7080530919006834,0.7070640444755554,2944.5,2944.5,1.0,68.8,2157.8,786.7
193,30,1.0,0.1,5,5,6,5.5,5.5,0.19,0.5,42,1,[0.1],0.1,0.2442732516826255,10,7.778174593052023,0.07071067811865475,0.38890872965260115,0.07071067811865475,0.17272727272727273,20260921T213417946637Z_9d5e65dd,2,5760.0,50,True,79,stationary,HEUR_VOR,941.5907836914063,0.7182781170885699,0.7158868670463562,1310.9,1310.9,1.0,29.8,906.8,404.1
193,30,1.0,0.1,5,5,6,5.5,5.5,0.19,0.5,42,1,[0.1],0.1,0.2442732516826255,10,7.778174593052023,0.07071067811865475,0.38890872965260115,0.07071067811865475,0.17272727272727273,20260921T213417946637Z_9d5e65dd,2,5760.0,50,True,79,stationary,FOUR_ZONE,194.67080993652343,0.4479309938714299,0.44639669060707093,434.6,434.6,1.0,1.8,68.1,366.5
193,30,1.0,0.1,5,5,6,5.5,5.5,0.19,0.5,42,1,[0.1],0.1,0.2442732516826255,10,7.778174593052023,0.07071067811865475,0.38890872965260115,0.07071067811865475,0.17272727272727273,20260921T213417946637Z_9d5e65dd,2,5760.0,50,True,79,stationary,PURE,126.4,0.30268199233716475,0.3020488391073032,417.6,417.6,1.0,0.0,0.0,417.6
193,30,1.0,0.1,5,5,6,5.5,5.5,0.19,0.5,42,1,[0.1],0.1,0.2442732516826255,10,7.778174593052023,0.07071067811865475,0.38890872965260115,0.07071067811865475,0.17272727272727273,20260921T213417946637Z_9d5e65dd,2,5760.0,50,True,79,stationary,PURE_OR,126.4,0.3665893271461717,0.36571390797791914,344.8,344.8,1.0,0.0,0.0,344.8
194,30,1.0,0.15,5,5,6,5.5,5.5,0.19,0.5,42,1,[0.15],0.15,0.2442732516826255,10,7.778174593052023,0.10606601717798211,0.5833630944789017,0.10606601717798211,0.17272727272727273,20260921T213417946637Z_9d5e65dd,2,5760.0,50,True,79,stationary,DRL,4922.63486328125,0.8546241082085504,0.8546241164207459,5760.0,,0.0,147.2,5455.1,304.9
194,30,1.0,0.15,5,5,6,5.5,5.5,0.19,0.5,42,1,[0.15],0.15,0.2442732516826255,10,7.778174593052023,0.10606601717798211,0.5833630944789017,0.10606601717798211,0.17272727272727273,20260921T213417946637Z_9d5e65dd,2,5760.0,50,True,79,stationary,HEUR,4059.350537109375,0.7376479688011076,0.7367740869522095,5503.1,5117.75,0.4,139.6,4276.6,1226.5
194,30,1.0,0.15,5,5,6,5.5,5.5,0.19,0.5,42,1,[0.15],0.15,0.2442732516826255,10,7.778174593052023,0.10606601717798211,0.5833630944789017,0.10606601717798211,0.17272727272727273,20260921T213417946637Z_9d5e65dd,2,5760.0,50,True,79,stationary,HEUR_VOR,1839.4486328125,0.7793943616001441,0.775515902042389,2360.1,2360.1,1.0,61.6,1883.9,476.2
194,30,1.0,0.15,5,5,6,5.5,5.5,0.19,0.5,42,1,[0.15],0.15,0.2442732516826255,10,7.778174593052023,0.10606601717798211,0.5833630944789017,0.10606601717798211,0.17272727272727273,20260921T213417946637Z_9d5e65dd,2,5760.0,50,True,79,stationary,FOUR_ZONE,188.86172180175782,0.4395199483401392,0.4359171986579895,429.7,429.7,1.0,1.8,62.8,366.9
194,30,1.0,0.15,5,5,6,5.5,5.5,0.19,0.5,42,1,[0.15],0.15,0.2442732516826255,10,7.778174593052023,0.10606601717798211,0.5833630944789017,0.10606601717798211,0.17272727272727273,20260921T213417946637Z_9d5e65dd,2,5760.0,50,True,79,stationary,PURE,126.4,0.30268199233716475,0.3020488391073032,417.6,417.6,1.0,0.0,0.0,417.6
194,30,1.0,0.15,5,5,6,5.5,5.5,0.19,0.5,42,1,[0.15],0.15,0.2442732516826255,10,7.778174593052023,0.10606601717798211,0.5833630944789017,0.10606601717798211,0.17272727272727273,20260921T213417946637Z_9d5e65dd,2,5760.0,50,True,79,stationary,PURE_OR,126.4,0.3665893271461717,0.36571390797791914,344.8,344.8,1.0,0.0,0.0,344.8
195,30,1.0,0.2,5,5,6,5.5,5.5,0.19,0.5,42,1,[0.2],0.2,0.2442732516826255,10,7.778174593052023,0.1414213562373095,0.7778174593052023,0.1414213562373095,0.17272727272727273,20260921T213417946637Z_9d5e65dd,2,5760.0,50,True,79,stationary,DRL,5164.8826171875,0.8966810099283854,0.896681010723114,5760.0,,0.0,153.2,5632.1,127.9
195,30,1.0,0.2,5,5,6,5.5,5.5,0.19,0.5,42,1,[0.2],0.2,0.2442732516826255,10,7.778174593052023,0.1414213562373095,0.7778174593052023,0.1414213562373095,0.17272727272727273,20260921T213417946637Z_9d5e65dd,2,5760.0,50,True,79,stationary,HEUR,4591.35185546875,0.7971096971299914,0.7971096992492676,5760.0,,0.0,163.2,4858.9,901.1
195,30,1.0,0.2,5,5,6,5.5,5.5,0.19,0.5,42,1,[0.2],0.2,0.2442732516826255,10,7.778174593052023,0.1414213562373095,0.7778174593052023,0.1414213562373095,0.17272727272727273,20260921T213417946637Z_9d5e65dd,2,5760.0,50,True,79,stationary,HEUR_VOR,2451.822900390625,0.7887732918513142,0.7889527916908264,3108.4,3108.4,1.0,86.4,2594.3,514.1
195,30,1.0,0.2,5,5,6,5.5,5.5,0.19,0.5,42,1,[0.2],0.2,0.2442732516826255,10,7.778174593052023,0.1414213562373095,0.7778174593052023,0.1414213562373095,0.17272727272727273,20260921T213417946637Z_9d5e65dd,2,5760.0,50,True,79,stationary,FOUR_ZONE,205.58487548828126,0.46522940821063874,0.4589415013790131,441.9,441.9,1.0,2.2,81.2,360.7
195,30,1.0,0.2,5,5,6,5.5,5.5,0.19,0.5,42,1,[0.2],0.2,0.2442732516826255,10,7.778174593052023,0.1414213562373095,0.7778174593052023,0.1414213562373095,0.17272727272727273,20260921T213417946637Z_9d5e65dd,2,5760.0,50,True,79,stationary,PURE,126.4,0.30268199233716475,0.3020488391073032,417.6,417.6,1.0,0.0,0.0,417.6
195,30,1.0,0.2,5,5,6,5.5,5.5,0.19,0.5,42,1,[0.2],0.2,0.2442732516826255,10,7.778174593052023,0.1414213562373095,0.7778174593052023,0.1414213562373095,0.17272727272727273,20260921T213417946637Z_9d5e65dd,2,5760.0,50,True,79,stationary,PURE_OR,126.4,0.3665893271461717,0.36571390797791914,344.8,344.8,1.0,0.0,0.0,344.8
196,30,1.0,0.25,5,5,6,5.5,5.5,0.19,0.5,42,1,"[0.25, 0.3, 0.35, 0.4]",0.2442732516826255,0.2442732516826255,10,7.778174593052023,0.17677669529663687,0.9722718241315028,0.17272727272727273,0.17272727272727273,20260921T213417946637Z_9d5e65dd,2,5760.0,50,True,79,stationary,DRL,5157.871484375,0.8954637993706597,0.8954637885093689,5760.0,,0.0,146.4,5665.2,94.8
196,30,1.0,0.25,5,5,6,5.5,5.5,0.19,0.5,42,1,"[0.25, 0.3, 0.35, 0.4]",0.2442732516826255,0.2442732516826255,10,7.778174593052023,0.17677669529663687,0.9722718241315028,0.17272727272727273,0.17272727272727273,20260921T213417946637Z_9d5e65dd,2,5760.0,50,True,79,stationary,HEUR,4628.60615234375,0.8035774570041233,0.8035774469375611,5760.0,,0.0,162.6,4918.8,841.2
196,30,1.0,0.25,5,5,6,5.5,5.5,0.19,0.5,42,1,"[0.25, 0.3, 0.35, 0.4]",0.2442732516826255,0.2442732516826255,10,7.778174593052023,0.17677669529663687,0.9722718241315028,0.17272727272727273,0.17272727272727273,20260921T213417946637Z_9d5e65dd,2,5760.0,50,True,79,stationary,HEUR_VOR,3031.672119140625,0.8027942270788648,0.8012308359146119,3776.4,3776.4,1.0,106.8,3207.5,568.9
196,30,1.0,0.25,5,5,6,5.5,5.5,0.19,0.5,42,1,"[0.25, 0.3, 0.35, 0.4]",0.2442732516826255,0.2442732516826255,10,7.778174593052023,0.17677669529663687,0.9722718241315028,0.17272727272727273,0.17272727272727273,20260921T213417946637Z_9d5e65dd,2,5760.0,50,True,79,stationary,FOUR_ZONE,210.3923553466797,0.4749263100376517,0.4715081095695496,443.0,443.0,1.0,2.4,87.3,355.7
196,30,1.0,0.25,5,5,6,5.5,5.5,0.19,0.5,42,1,"[0.25, 0.3, 0.35, 0.4]",0.2442732516826255,0.2442732516826255,10,7.778174593052023,0.17677669529663687,0.9722718241315028,0.17272727272727273,0.17272727272727273,20260921T213417946637Z_9d5e65dd,2,5760.0,50,True,79,stationary,PURE,126.4,0.30268199233716475,0.3020488391073032,417.6,417.6,1.0,0.0,0.0,417.6
196,30,1.0,0.25,5,5,6,5.5,5.5,0.19,0.5,42,1,"[0.25, 0.3, 0.35, 0.4]",0.2442732516826255,0.2442732516826255,10,7.778174593052023,0.17677669529663687,0.9722718241315028,0.17272727272727273,0.17272727272727273,20260921T213417946637Z_9d5e65dd,2,5760.0,50,True,79,stationary,PURE_OR,126.4,0.3665893271461717,0.36571390797791914,344.8,344.8,1.0,0.0,0.0,344.8
197,30,1.0,0.1,5,5,6,6.0,5.5,0.19,0.5,42,1,[0.1],0.1,0.2442732516826255,10,7.778174593052023,0.07071067811865475,0.38890872965260115,0.07071067811865475,0.17272727272727273,20260921T213417946637Z_9d5e65dd,2,5760.0,50,True,79,stationary,DRL,4738.28544921875,0.8226190016004774,0.8226189970970154,5760.0,,0.0,143.0,5162.9,597.1
197,30,1.0,0.1,5,5,6,6.0,5.5,0.19,0.5,42,1,[0.1],0.1,0.2442732516826255,10,7.778174593052023,0.07071067811865475,0.38890872965260115,0.07071067811865475,0.17272727272727273,20260921T213417946637Z_9d5e65dd,2,5760.0,50,True,79,stationary,HEUR,2262.915185546875,0.7685227323983274,0.7674237608909606,2944.5,2944.5,1.0,68.8,2157.8,786.7
197,30,1.0,0.1,5,5,6,6.0,5.5,0.19,0.5,42,1,[0.1],0.1,0.2442732516826255,10,7.778174593052023,0.07071067811865475,0.38890872965260115,0.07071067811865475,0.17272727272727273,20260921T213417946637Z_9d5e65dd,2,5760.0,50,True,79,stationary,HEUR_VOR,1015.6928955078125,0.774805778860182,0.7721535801887512,1310.9,1310.9,1.0,29.8,906.8,404.1
197,30,1.0,0.1,5,5,6,6.0,5.5,0.19,0.5,42,1,[0.1],0.1,0.2442732516826255,10,7.778174593052023,0.07071067811865475,0.38890872965260115,0.07071067811865475,0.17272727272727273,20260921T213417946637Z_9d5e65dd,2,5760.0,50,True,79,stationary,FOUR_ZONE,200.877294921875,0.4622119073213875,0.4604959309101105,434.6,434.6,1.0,1.8,68.1,366.5
197,30,1.0,0.1,5,5,6,6.0,5.5,0.19,0.5,42,1,[0.1],0.1,0.2442732516826255,10,7.778174593052023,0.07071067811865475,0.38890872965260115,0.07071067811865475,0.17272727272727273,20260921T213417946637Z_9d5e65dd,2,5760.0,50,True,79,stationary,PURE,126.4,0.30268199233716475,0.3020488391073032,417.6,417.6,1.0,0.0,0.0,417.6
197,30,1.0,0.1,5,5,6,6.0,5.5,0.19,0.5,42,1,[0.1],0.1,0.2442732516826255,10,7.778174593052023,0.07071067811865475,0.38890872965260115,0.07071067811865475,0.17272727272727273,20260921T213417946637Z_9d5e65dd,2,5760.0,50,True,79,stationary,PURE_OR,126.4,0.3665893271461717,0.36571390797791914,344.8,344.8,1.0,0.0,0.0,344.8
198,30,1.0,0.15,5,5,6,6.0,5.5,0.19,0.5,42,1,[0.15],0.15,0.2442732516826255,10,7.778174593052023,0.10606601717798211,0.5833630944789017,0.10606601717798211,0.17272727272727273,20260921T213417946637Z_9d5e65dd,2,5760.0,50,True,79,stationary,DRL,5488.06259765625,0.9527886454264323,0.9527886390686036,5760.0,,0.0,161.2,5571.6,188.4
198,30,1.0,0.15,5,5,6,6.0,5.5,0.19,0.5,42,1,[0.15],0.15,0.2442732516826255,10,7.778174593052023,0.10606601717798211,0.5833630944789017,0.10606601717798211,0.17272727272727273,20260921T213417946637Z_9d5e65dd,2,5760.0,50,True,79,stationary,HEUR,4417.94951171875,0.8028110540820174,0.8018526077270508,5503.1,5117.75,0.4,139.6,4276.6,1226.5
198,30,1.0,0.15,5,5,6,6.0,5.5,0.19,0.5,42,1,[0.15],0.15,0.2442732516826255,10,7.778174593052023,0.10606601717798211,0.5833630944789017,0.10606601717798211,0.17272727272727273,20260921T213417946637Z_9d5e65dd,2,5760.0,50,True,79,stationary,HEUR_VOR,1995.1798095703125,0.8453793523877431,0.8410324096679688,2360.1,2360.1,1.0,61.6,1883.9,476.2
198,30,1.0,0.15,5,5,6,6.0,5.5,0.19,0.5,42,1,[0.15],0.15,0.2442732516826255,10,7.778174593052023,0.10606601717798211,0.5833630944789017,0.10606601717798211,0.17272727272727273,20260921T213417946637Z_9d5e65dd,2,5760.0,50,True,79,stationary,FOUR_ZONE,194.54010620117188,0.4527347130583474,0.4487161934375763,429.7,429.7,1.0,1.8,62.8,366.9
198,30,1.0,0.15,5,5,6,6.0,5.5,0.19,0.5,42,1,[0.15],0.15,0.2442732516826255,10,7.778174593052023,0.10606601717798211,0.5833630944789017,0.10606601717798211,0.17272727272727273,20260921T213417946637Z_9d5e65dd,2,5760.0,50,True,79,stationary,PURE,126.4,0.30268199233716475,0.3020488391073032,417.6,417.6,1.0,0.0,0.0,417.6
198,30,1.0,0.15,5,5,6,6.0,5.5,0.19,0.5,42,1,[0.15],0.15,0.2442732516826255,10,7.778174593052023,0.10606601717798211,0.5833630944789017,0.10606601717798211,0.17272727272727273,20260921T213417946637Z_9d5e65dd,2,5760.0,50,True,79,stationary,PURE_OR,126.4,0.3665893271461717,0.36571390797791914,344.8,344.8,1.0,0.0,0.0,344.8
199,30,1.0,0.2,5,5,6,6.0,5.5,0.19,0.5,42,1,[0.2],0.2,0.2442732516826255,10,7.778174593052023,0.1414213562373095,0.7778174593052023,0.1414213562373095,0.17272727272727273,20260921T213417946637Z_9d5e65dd,2,5760.0,50,True,79,stationary,DRL,5576.31123046875,0.9681095886230469,0.9681095957756043,5760.0,,0.0,153.2,5616.2,143.8
199,30,1.0,0.2,5,5,6,6.0,5.5,0.19,0.5,42,1,[0.2],0.2,0.2442732516826255,10,7.778174593052023,0.1414213562373095,0.7778174593052023,0.1414213562373095,0.17272727272727273,20260921T213417946637Z_9d5e65dd,2,5760.0,50,True,79,stationary,HEUR,5000.74921875,0.8681856282552083,0.8681856274604798,5760.0,,0.0,163.2,4858.9,901.1
199,30,1.0,0.2,5,5,6,6.0,5.5,0.19,0.5,42,1,[0.2],0.2,0.2442732516826255,10,7.778174593052023,0.1414213562373095,0.7778174593052023,0.1414213562373095,0.17272727272727273,20260921T213417946637Z_9d5e65dd,2,5760.0,50,True,79,stationary,HEUR_VOR,2663.297119140625,0.8568064339018868,0.8569800734519959,3108.4,3108.4,1.0,86.4,2594.3,514.1
199,30,1.0,0.2,5,5,6,6.0,5.5,0.19,0.5,42,1,[0.2],0.2,0.2442732516826255,10,7.778174593052023,0.1414213562373095,0.7778174593052023,0.1414213562373095,0.17272727272727273,20260921T213417946637Z_9d5e65dd,2,5760.0,50,True,79,stationary,FOUR_ZONE,212.7835662841797,0.48151972456252473,0.4745835542678833,441.9,441.9,1.0,2.2,81.2,360.7
199,30,1.0,0.2,5,5,6,6.0,5.5,0.19,0.5,42,1,[0.2],0.2,0.2442732516826255,10,7.778174593052023,0.1414213562373095,0.7778174593052023,0.1414213562373095,0.17272727272727273,20260921T213417946637Z_9d5e65dd,2,5760.0,50,True,79,stationary,PURE,126.4,0.30268199233716475,0.3020488391073032,417.6,417.6,1.0,0.0,0.0,417.6
199,30,1.0,0.2,5,5,6,6.0,5.5,0.19,0.5,42,1,[0.2],0.2,0.2442732516826255,10,7.778174593052023,0.1414213562373095,0.7778174593052023,0.1414213562373095,0.17272727272727273,20260921T213417946637Z_9d5e65dd,2,5760.0,50,True,79,stationary,PURE_OR,126.4,0.3665893271461717,0.36571390797791914,344.8,344.8,1.0,0.0,0.0,344.8
200,30,1.0,0.25,5,5,6,6.0,5.5,0.19,0.5,42,1,"[0.25, 0.3, 0.35, 0.4]",0.2442732516826255,0.2442732516826255,10,7.778174593052023,0.17677669529663687,0.9722718241315028,0.17272727272727273,0.17272727272727273,20260921T213417946637Z_9d5e65dd,2,5760.0,50,True,79,stationary,DRL,5672.53134765625,0.9848144700792101,0.984814465045929,5760.0,,0.0,149.2,5654.6,105.4
200,30,1.0,0.25,5,5,6,6.0,5.5,0.19,0.5,42,1,"[0.25, 0.3, 0.35, 0.4]",0.2442732516826255,0.2442732516826255,10,7.778174593052023,0.17677669529663687,0.9722718241315028,0.17272727272727273,0.17272727272727273,20260921T213417946637Z_9d5e65dd,2,5760.0,50,True,79,stationary,HEUR,5042.25390625,0.8753913031684027,0.8753913044929504,5760.0,,0.0,162.6,4918.8,841.2
200,30,1.0,0.25,5,5,6,6.0,5.5,0.19,0.5,42,1,"[0.25, 0.3, 0.35, 0.4]",0.2442732516826255,0.2442732516826255,10,7.778174593052023,0.17677669529663687,0.9722718241315028,0.17272727272727273,0.17272727272727273,20260921T213417946637Z_9d5e65dd,2,5760.0,50,True,79,stationary,HEUR_VOR,3295.972314453125,0.8727815682801411,0.8710351943969726,3776.4,3776.4,1.0,106.8,3207.5,568.9
200,30,1.0,0.25,5,5,6,6.0,5.5,0.19,0.5,42,1,"[0.25, 0.3, 0.35, 0.4]",0.2442732516826255,0.2442732516826255,10,7.778174593052023,0.17677669529663687,0.9722718241315028,0.17272727272727273,0.17272727272727273,20260921T213417946637Z_9d5e65dd,2,5760.0,50,True,79,stationary,FOUR_ZONE,218.0280975341797,0.4921627483841528,0.48837010860443114,443.0,443.0,1.0,2.4,87.3,355.7
200,30,1.0,0.25,5,5,6,6.0,5.5,0.19,0.5,42,1,"[0.25, 0.3, 0.35, 0.4]",0.2442732516826255,0.2442732516826255,10,7.778174593052023,0.17677669529663687,0.9722718241315028,0.17272727272727273,0.17272727272727273,20260921T213417946637Z_9d5e65dd,2,5760.0,50,True,79,stationary,PURE,126.4,0.30268199233716475,0.3020488391073032,417.6,417.6,1.0,0.0,0.0,417.6
200,30,1.0,0.25,5,5,6,6.0,5.5,0.19,0.5,42,1,"[0.25, 0.3, 0.35, 0.4]",0.2442732516826255,0.2442732516826255,10,7.778174593052023,0.17677669529663687,0.9722718241315028,0.17272727272727273,0.17272727272727273,20260921T213417946637Z_9d5e65dd,2,5760.0,50,True,79,stationary,PURE_OR,126.4,0.3665893271461717,0.36571390797791914,344.8,344.8,1.0,0.0,0.0,344.8
201,40,0.33,0.1,5,5,6,5.5,5.5,0.19,0.5,42,1,[0.1],0.1,0.2442732516826255,10,7.778174593052023,0.07071067811865475,0.38890872965260115,0.07071067811865475,0.17272727272727273,20260921T213417946637Z_9d5e65dd,2,5760.0,50,True,79,stationary,DRL,3897.20078125,0.6845961988599434,0.6847093582153321,5692.7,5423.5,0.2,129.4,5377.8,314.9
201,40,0.33,0.1,5,5,6,5.5,5.5,0.19,0.5,42,1,[0.1],0.1,0.2442732516826255,10,7.778174593052023,0.07071067811865475,0.38890872965260115,0.07071067811865475,0.17272727272727273,20260921T213417946637Z_9d5e65dd,2,5760.0,50,True,79,stationary,HEUR,1020.3282104492188,0.6020345825166502,0.5980366945266724,1694.8,1694.8,1.0,34.6,1112.4,582.4
201,40,0.33,0.1,5,5,6,5.5,5.5,0.19,0.5,42,1,[0.1],0.1,0.2442732516826255,10,7.778174593052023,0.07071067811865475,0.38890872965260115,0.07071067811865475,0.17272727272727273,20260921T213417946637Z_9d5e65dd,2,5760.0,50,True,79,stationary,HEUR_VOR,516.3226440429687,0.6321286043621067,0.6295796155929565,816.8,816.8,1.0,16.6,550.6,266.2
201,40,0.33,0.1,5,5,6,5.5,5.5,0.19,0.5,42,1,[0.1],0.1,0.2442732516826255,10,7.778174593052023,0.07071067811865475,0.38890872965260115,0.07071067811865475,0.17272727272727273,20260921T213417946637Z_9d5e65dd,2,5760.0,50,True,79,stationary,FOUR_ZONE,118.15386505126953,0.43043302386619137,0.42278191447257996,274.5,274.5,1.0,1.8,74.8,199.7
201,40,0.33,0.1,5,5,6,5.5,5.5,0.19,0.5,42,1,[0.1],0.1,0.2442732516826255,10,7.778174593052023,0.07071067811865475,0.38890872965260115,0.07071067811865475,0.17272727272727273,20260921T213417946637Z_9d5e65dd,2,5760.0,50,True,79,stationary,PURE,43.2,0.1847733105218135,0.18373827772345533,233.8,233.8,1.0,0.0,0.0,233.8
201,40,0.33,0.1,5,5,6,5.5,5.5,0.19,0.5,42,1,[0.1],0.1,0.2442732516826255,10,7.778174593052023,0.07071067811865475,0.38890872965260115,0.07071067811865475,0.17272727272727273,20260921T213417946637Z_9d5e65dd,2,5760.0,50,True,79,stationary,PURE_OR,43.2,0.2169763937719739,0.2154468511187857,199.1,199.1,1.0,0.0,0.0,199.1
202,40,0.33,0.15,5,5,6,5.5,5.5,0.19,0.5,42,1,[0.15],0.15,0.2442732516826255,10,7.778174593052023,0.10606601717798211,0.5833630944789017,0.10606601717798211,0.17272727272727273,20260921T213417946637Z_9d5e65dd,2,5760.0,50,True,79,stationary,DRL,4664.1720703125,0.8097520955403645,0.809752082824707,5760.0,,0.0,135.4,5519.5,240.5
202,40,0.33,0.15,5,5,6,5.5,5.5,0.19,0.5,42,1,[0.15],0.15,0.2442732516826255,10,7.778174593052023,0.10606601717798211,0.5833630944789017,0.10606601717798211,0.17272727272727273,20260921T213417946637Z_9d5e65dd,2,5760.0,50,True,79,stationary,HEUR,2366.6068603515623,0.6766954108459562,0.6754921674728394,3497.3,3497.3,1.0,80.6,2570.1,927.2
202,40,0.33,0.15,5,5,6,5.5,5.5,0.19,0.5,42,1,[0.15],0.15,0.2442732516826255,10,7.778174593052023,0.10606601717798211,0.5833630944789017,0.10606601717798211,0.17272727272727273,20260921T213417946637Z_9d5e65dd,2,5760.0,50,True,79,stationary,HEUR_VOR,1104.4236328125,0.7088271823454849,0.7065444946289062,1558.1,1558.1,1.0,39.6,1181.9,376.2
202,40,0.33,0.15,5,5,6,5.5,5.5,0.19,0.5,42,1,[0.15],0.15,0.2442732516826255,10,7.778174593052023,0.10606601717798211,0.5833630944789017,0.10606601717798211,0.17272727272727273,20260921T213417946637Z_9d5e65dd,2,5760.0,50,True,79,stationary,FOUR_ZONE,141.47704467773437,0.4870122019887586,0.4868288815021515,290.5,290.5,1.0,2.6,100.1,190.4
202,40,0.33,0.15,5,5,6,5.5,5.5,0.19,0.5,42,1,[0.15],0.15,0.2442732516826255,10,7.778174593052023,0.10606601717798211,0.5833630944789017,0.10606601717798211,0.17272727272727273,20260921T213417946637Z_9d5e65dd,2,5760.0,50,True,79,stationary,PURE,43.2,0.1847733105218135,0.18373827772345533,233.8,233.8,1.0,0.0,0.0,233.8
202,40,0.33,0.15,5,5,6,5.5,5.5,0.19,0.5,42,1,[0.15],0.15,0.2442732516826255,10,7.778174593052023,0.10606601717798211,0.5833630944789017,0.10606601717798211,0.17272727272727273,20260921T213417946637Z_9d5e65dd,2,5760.0,50,True,79,stationary,PURE_OR,43.2,0.2169763937719739,0.2154468511187857,199.1,199.1,1.0,0.0,0.0,199.1
203,40,0.33,0.2,5,5,6,5.5,5.5,0.19,0.5,42,1,[0.2],0.2,0.2442732516826255,10,7.778174593052023,0.1414213562373095,0.7778174593052023,0.1414213562373095,0.17272727272727273,20260921T213417946637Z_9d5e65dd,2,5760.0,50,True,79,stationary,DRL,4935.3458984375,0.8568308851453993,0.8568308830261231,5760.0,,0.0,148.8,5710.8,49.2
203,40,0.33,0.2,5,5,6,5.5,5.5,0.19,0.5,42,1,[0.2],0.2,0.2442732516826255,10,7.778174593052023,0.1414213562373095,0.7778174593052023,0.1414213562373095,0.17272727272727273,20260921T213417946637Z_9d5e65dd,2,5760.0,50,True,79,stationary,HEUR,3424.36357421875,0.6971282291115307,0.6930459976196289,4912.1,4346.833333333333,0.6,121.8,3689.0,1223.1
203,40,0.33,0.2,5,5,6,5.5,5.5,0.19,0.5,42,1,[0.2],0.2,0.2442732516826255,10,7.778174593052023,0.1414213562373095,0.7778174593052023,0.1414213562373095,0.17272727272727273,20260921T213417946637Z_9d5e65dd,2,5760.0,50,True,79,stationary,HEUR_VOR,1821.4578125,0.7507141789968265,0.7446187019348145,2426.3,2426.3,1.0,64.2,1975.2,451.1
203,40,0.33,0.2,5,5,6,5.5,5.5,0.19,0.5,42,1,[0.2],0.2,0.2442732516826255,10,7.778174593052023,0.1414213562373095,0.7778174593052023,0.1414213562373095,0.17272727272727273,20260921T213417946637Z_9d5e65dd,2,5760.0,50,True,79,stationary,FOUR_ZONE,136.71405487060548,0.48722043788526537,0.4848179340362549,280.6,280.6,1.0,3.0,98.0,182.6
203,40,0.33,0.2,5,5,6,5.5,5.5,0.19,0.5,42,1,[0.2],0.2,0.2442732516826255,10,7.778174593052023,0.1414213562373095,0.7778174593052023,0.1414213562373095,0.17272727272727273,20260921T213417946637Z_9d5e65dd,2,5760.0,50,True,79,stationary,PURE,43.2,0.1847733105218135,0.18373827772345533,233.8,233.8,1.0,0.0,0.0,233.8
203,40,0.33,0.2,5,5,6,5.5,5.5,0.19,0.5,42,1,[0.2],0.2,0.2442732516826255,10,7.778174593052023,0.1414213562373095,0.7778174593052023,0.1414213562373095,0.17272727272727273,20260921T213417946637Z_9d5e65dd,2,5760.0,50,True,79,stationary,PURE_OR,43.2,0.2169763937719739,0.2154468511187857,199.1,199.1,1.0,0.0,0.0,199.1
204,40,0.33,0.25,5,5,6,5.5,5.5,0.19,0.5,42,1,"[0.25, 0.3, 0.35, 0.4]",0.2442732516826255,0.2442732516826255,10,7.778174593052023,0.17677669529663687,0.9722718241315028,0.17272727272727273,0.17272727272727273,20260921T213417946637Z_9d5e65dd,2,5760.0,50,True,79,stationary,DRL,4928.53583984375,0.8556485833062066,0.8556485772132874,5760.0,,0.0,145.8,5700.4,59.6
204,40,0.33,0.25,5,5,6,5.5,5.5,0.19,0.5,42,1,"[0.25, 0.3, 0.35, 0.4]",0.2442732516826255,0.2442732516826255,10,7.778174593052023,0.17677669529663687,0.9722718241315028,0.17272727272727273,0.17272727272727273,20260921T213417946637Z_9d5e65dd,2,5760.0,50,True,79,stationary,HEUR,3996.6876953125,0.693869391547309,0.6938694000244141,5760.0,,0.0,139.0,4279.7,1480.3
204,40,0.33,0.25,5,5,6,5.5,5.5,0.19,0.5,42,1,"[0.25, 0.3, 0.35, 0.4]",0.2442732516826255,0.2442732516826255,10,7.778174593052023,0.17677669529663687,0.9722718241315028,0.17272727272727273,0.17272727272727273,20260921T213417946637Z_9d5e65dd,2,5760.0,50,True,79,stationary,HEUR_VOR,1943.009375,0.7489243659420289,0.742856228351593,2594.4,2594.4,1.0,69.2,2116.9,477.5
204,40,0.33,0.25,5,5,6,5.5,5.5,0.19,0.5,42,1,"[0.25, 0.3, 0.35, 0.4]",0.2442732516826255,0.2442732516826255,10,7.778174593052023,0.17677669529663687,0.9722718241315028,0.17272727272727273,0.17272727272727273,20260921T213417946637Z_9d5e65dd,2,5760.0,50,True,79,stationary,FOUR_ZONE,133.9067581176758,0.47619757509842026,0.4733360767364502,281.2,281.2,1.0,2.8,94.7,186.5
204,40,0.33,0.25,5,5,6,5.5,5.5,0.19,0.5,42,1,"[0.25, 0.3, 0.35, 0.4]",0.2442732516826255,0.2442732516826255,10,7.778174593052023,0.17677669529663687,0.9722718241315028,0.17272727272727273,0.17272727272727273,20260921T213417946637Z_9d5e65dd,2,5760.0,50,True,79,stationary,PURE,43.2,0.1847733105218135,0.18373827772345533,233.8,233.8,1.0,0.0,0.0,233.8
204,40,0.33,0.25,5,5,6,5.5,5.5,0.19,0.5,42,1,"[0.25, 0.3, 0.35, 0.4]",0.2442732516826255,0.2442732516826255,10,7.778174593052023,0.17677669529663687,0.9722718241315028,0.17272727272727273,0.17272727272727273,20260921T213417946637Z_9d5e65dd,2,5760.0,50,True,79,stationary,PURE_OR,43.2,0.2169763937719739,0.2154468511187857,199.1,199.1,1.0,0.0,0.0,199.1
205,40,0.33,0.1,5,5,6,6.0,5.5,0.19,0.5,42,1,[0.1],0.1,0.2442732516826255,10,7.778174593052023,0.07071067811865475,0.38890872965260115,0.07071067811865475,0.17272727272727273,20260921T213417946637Z_9d5e65dd,2,5760.0,50,True,79,stationary,DRL,4301.597216796875,0.7649459787311724,0.7645865082740784,5623.4,5077.0,0.2,132.0,5150.7,472.7
205,40,0.33,0.1,5,5,6,6.0,5.5,0.19,0.5,42,1,[0.1],0.1,0.2442732516826255,10,7.778174593052023,0.07071067811865475,0.38890872965260115,0.07071067811865475,0.17272727272727273,20260921T213417946637Z_9d5e65dd,2,5760.0,50,True,79,stationary,HEUR,1109.1460571289062,0.6544406756720004,0.650091826915741,1694.8,1694.8,1.0,34.6,1112.4,582.4
205,40,0.33,0.1,5,5,6,6.0,5.5,0.19,0.5,42,1,[0.1],0.1,0.2442732516826255,10,7.778174593052023,0.07071067811865475,0.38890872965260115,0.07071067811865475,0.17272727272727273,20260921T213417946637Z_9d5e65dd,2,5760.0,50,True,79,stationary,HEUR_VOR,559.3395263671875,0.6847937394309348,0.6820453047752381,816.8,816.8,1.0,16.6,550.6,266.2
205,40,0.33,0.1,5,5,6,6.0,5.5,0.19,0.5,42,1,[0.1],0.1,0.2442732516826255,10,7.778174593052023,0.07071067811865475,0.38890872965260115,0.07071067811865475,0.17272727272727273,20260921T213417946637Z_9d5e65dd,2,5760.0,50,True,79,stationary,FOUR_ZONE,124.96791229248046,0.45525651108371756,0.44684494137763975,274.5,274.5,1.0,1.8,74.8,199.7
205,40,0.33,0.1,5,5,6,6.0,5.5,0.19,0.5,42,1,[0.1],0.1,0.2442732516826255,10,7.778174593052023,0.07071067811865475,0.38890872965260115,0.07071067811865475,0.17272727272727273,20260921T213417946637Z_9d5e65dd,2,5760.0,50,True,79,stationary,PURE,43.2,0.1847733105218135,0.18373827772345533,233.8,233.8,1.0,0.0,0.0,233.8
205,40,0.33,0.1,5,5,6,6.0,5.5,0.19,0.5,42,1,[0.1],0.1,0.2442732516826255,10,7.778174593052023,0.07071067811865475,0.38890872965260115,0.07071067811865475,0.17272727272727273,20260921T213417946637Z_9d5e65dd,2,5760.0,50,True,79,stationary,PURE_OR,43.2,0.2169763937719739,0.2154468511187857,199.1,199.1,1.0,0.0,0.0,199.1
206,40,0.33,0.15,5,5,6,6.0,5.5,0.19,0.5,42,1,[0.15],0.15,0.2442732516826255,10,7.778174593052023,0.10606601717798211,0.5833630944789017,0.10606601717798211,0.17272727272727273,20260921T213417946637Z_9d5e65dd,2,5760.0,50,True,79,stationary,DRL,5187.42080078125,0.9005938890245225,0.900593900680542,5760.0,,0.0,142.2,5615.5,144.5
206,40,0.33,0.15,5,5,6,6.0,5.5,0.19,0.5,42,1,[0.15],0.15,0.2442732516826255,10,7.778174593052023,0.10606601717798211,0.5833630944789017,0.10606601717798211,0.17272727272727273,20260921T213417946637Z_9d5e65dd,2,5760.0,50,True,79,stationary,HEUR,2577.893310546875,0.7371095732556187,0.7357987523078918,3497.3,3497.3,1.0,80.6,2570.1,927.2
206,40,0.33,0.15,5,5,6,6.0,5.5,0.19,0.5,42,1,[0.15],0.15,0.2442732516826255,10,7.778174593052023,0.10606601717798211,0.5833630944789017,0.10606601717798211,0.17272727272727273,20260921T213417946637Z_9d5e65dd,2,5760.0,50,True,79,stationary,HEUR_VOR,1200.884912109375,0.7707367384053495,0.7682045221328735,1558.1,1558.1,1.0,39.6,1181.9,376.2
206,40,0.33,0.15,5,5,6,6.0,5.5,0.19,0.5,42,1,[0.15],0.15,0.2442732516826255,10,7.778174593052023,0.10606601717798211,0.5833630944789017,0.10606601717798211,0.17272727272727273,20260921T213417946637Z_9d5e65dd,2,5760.0,50,True,79,stationary,FOUR_ZONE,150.41143188476562,0.5177674075207078,0.5175907194614411,290.5,290.5,1.0,2.6,100.1,190.4
206,40,0.33,0.15,5,5,6,6.0,5.5,0.19,0.5,42,1,[0.15],0.15,0.2442732516826255,10,7.778174593052023,0.10606601717798211,0.5833630944789017,0.10606601717798211,0.17272727272727273,20260921T213417946637Z_9d5e65dd,2,5760.0,50,True,79,stationary,PURE,43.2,0.1847733105218135,0.18373827772345533,233.8,233.8,1.0,0.0,0.0,233.8
206,40,0.33,0.15,5,5,6,6.0,5.5,0.19,0.5,42,1,[0.15],0.15,0.2442732516826255,10,7.778174593052023,0.10606601717798211,0.5833630944789017,0.10606601717798211,0.17272727272727273,20260921T213417946637Z_9d5e65dd,2,5760.0,50,True,79,stationary,PURE_OR,43.2,0.2169763937719739,0.2154468511187857,199.1,199.1,1.0,0.0,0.0,199.1
207,40,0.33,0.2,5,5,6,6.0,5.5,0.19,0.5,42,1,[0.2],0.2,0.2442732516826255,10,7.778174593052023,0.1414213562373095,0.7778174593052023,0.1414213562373095,0.17272727272727273,20260921T213417946637Z_9d5e65dd,2,5760.0,50,True,79,stationary,DRL,5268.61494140625,0.9146900939941406,0.914690101146698,5760.0,,0.0,143.4,5617.0,143.0
207,40,0.33,0.2,5,5,6,6.0,5.5,0.19,0.5,42,1,[0.2],0.2,0.2442732516826255,10,7.778174593052023,0.1414213562373095,0.7778174593052023,0.1414213562373095,0.17272727272727273,20260921T213417946637Z_9d5e65dd,2,5760.0,50,True,79,stationary,HEUR,3732.205029296875,0.7597982592571151,0.7553386211395263,4912.1,4346.833333333333,0.6,121.8,3689.0,1223.1
207,40,0.33,0.2,5,5,6,6.0,5.5,0.19,0.5,42,1,[0.2],0.2,0.2442732516826255,10,7.778174593052023,0.1414213562373095,0.7778174593052023,0.1414213562373095,0.17272727272727273,20260921T213417946637Z_9d5e65dd,2,5760.0,50,True,79,stationary,HEUR_VOR,1983.116650390625,0.8173418993490603,0.8106854796409607,2426.3,2426.3,1.0,64.2,1975.2,451.1
207,40,0.33,0.2,5,5,6,6.0,5.5,0.19,0.5,42,1,[0.2],0.2,0.2442732516826255,10,7.778174593052023,0.1414213562373095,0.7778174593052023,0.1414213562373095,0.17272727272727273,20260921T213417946637Z_9d5e65dd,2,5760.0,50,True,79,stationary,FOUR_ZONE,145.2154510498047,0.5175176445110644,0.5149872481822968,280.6,280.6,1.0,3.0,98.0,182.6
207,40,0.33,0.2,5,5,6,6.0,5.5,0.19,0.5,42,1,[0.2],0.2,0.2442732516826255,10,7.778174593052023,0.1414213562373095,0.7778174593052023,0.1414213562373095,0.17272727272727273,20260921T213417946637Z_9d5e65dd,2,5760.0,50,True,79,stationary,PURE,43.2,0.1847733105218135,0.18373827772345533,233.8,233.8,1.0,0.0,0.0,233.8
207,40,0.33,0.2,5,5,6,6.0,5.5,0.19,0.5,42,1,[0.2],0.2,0.2442732516826255,10,7.778174593052023,0.1414213562373095,0.7778174593052023,0.1414213562373095,0.17272727272727273,20260921T213417946637Z_9d5e65dd,2,5760.0,50,True,79,stationary,PURE_OR,43.2,0.2169763937719739,0.2154468511187857,199.1,199.1,1.0,0.0,0.0,199.1
208,40,0.33,0.25,5,5,6,6.0,5.5,0.19,0.5,42,1,"[0.25, 0.3, 0.35, 0.4]",0.2442732516826255,0.2442732516826255,10,7.778174593052023,0.17677669529663687,0.9722718241315028,0.17272727272727273,0.17272727272727273,20260921T213417946637Z_9d5e65dd,2,5760.0,50,True,79,stationary,DRL,5386.1525390625,0.9350959269205729,0.9350959300994873,5760.0,,0.0,138.8,5669.6,90.4
208,40,0.33,0.25,5,5,6,6.0,5.5,0.19,0.5,42,1,"[0.25, 0.3, 0.35, 0.4]",0.2442732516826255,0.2442732516826255,10,7.778174593052023,0.17677669529663687,0.9722718241315028,0.17272727272727273,0.17272727272727273,20260921T213417946637Z_9d5e65dd,2,5760.0,50,True,79,stationary,HEUR,4357.0748046875,0.7564365980360243,0.7564365983009338,5760.0,,0.0,139.0,4279.7,1480.3
208,40,0.33,0.25,5,5,6,6.0,5.5,0.19,0.5,42,1,"[0.25, 0.3, 0.35, 0.4]",0.2442732516826255,0.2442732516826255,10,7.778174593052023,0.17677669529663687,0.9722718241315028,0.17272727272727273,0.17272727272727273,20260921T213417946637Z_9d5e65dd,2,5760.0,50,True,79,stationary,HEUR_VOR,2115.74345703125,0.8155039535273089,0.8088501214981079,2594.4,2594.4,1.0,69.2,2116.9,477.5
208,40,0.33,0.25,5,5,6,6.0,5.5,0.19,0.5,42,1,"[0.25, 0.3, 0.35, 0.4]",0.2442732516826255,0.2442732516826255,10,7.778174593052023,0.17677669529663687,0.9722718241315028,0.17272727272727273,0.17272727272727273,20260921T213417946637Z_9d5e65dd,2,5760.0,50,True,79,stationary,FOUR_ZONE,142.15293579101564,0.5055225312625022,0.5024940490722656,281.2,281.2,1.0,2.8,94.7,186.5
208,40,0.33,0.25,5,5,6,6.0,5.5,0.19,0.5,42,1,"[0.25, 0.3, 0.35, 0.4]",0.2442732516826255,0.2442732516826255,10,7.778174593052023,0.17677669529663687,0.9722718241315028,0.17272727272727273,0.17272727272727273,20260921T213417946637Z_9d5e65dd,2,5760.0,50,True,79,stationary,PURE,43.2,0.1847733105218135,0.18373827772345533,233.8,233.8,1.0,0.0,0.0,233.8
208,40,0.33,0.25,5,5,6,6.0,5.5,0.19,0.5,42,1,"[0.25, 0.3, 0.35, 0.4]",0.2442732516826255,0.2442732516826255,10,7.778174593052023,0.17677669529663687,0.9722718241315028,0.17272727272727273,0.17272727272727273,20260921T213417946637Z_9d5e65dd,2,5760.0,50,True,79,stationary,PURE_OR,43.2,0.2169763937719739,0.2154468511187857,199.1,199.1,1.0,0.0,0.0,199.1
209,40,0.5,0.1,5,5,6,5.5,5.5,0.19,0.5,42,1,[0.1],0.1,0.2442732516826255,10,7.778174593052023,0.07071067811865475,0.38890872965260115,0.07071067811865475,0.17272727272727273,20260921T213417946637Z_9d5e65dd,2,5760.0,50,True,79,stationary,DRL,4302.8279296875,0.7470187377929688,0.7470187306404114,5760.0,,0.0,139.4,5421.0,339.0
209,40,0.5,0.1,5,5,6,5.5,5.5,0.19,0.5,42,1,[0.1],0.1,0.2442732516826255,10,7.778174593052023,0.07071067811865475,0.38890872965260115,0.07071067811865475,0.17272727272727273,20260921T213417946637Z_9d5e65dd,2,5760.0,50,True,79,stationary,HEUR,1516.7927490234374,0.6611711560191088,0.6584232926368714,2294.1,2294.1,1.0,49.8,1640.9,653.2
209,40,0.5,0.1,5,5,6,5.5,5.5,0.19,0.5,42,1,[0.1],0.1,0.2442732516826255,10,7.778174593052023,0.07071067811865475,0.38890872965260115,0.07071067811865475,0.17272727272727273,20260921T213417946637Z_9d5e65dd,2,5760.0,50,True,79,stationary,HEUR_VOR,772.3802612304687,0.6942743921172753,0.691544485092163,1112.5,1112.5,1.0,24.2,791.4,321.1
209,40,0.5,0.1,5,5,6,5.5,5.5,0.19,0.5,42,1,[0.1],0.1,0.2442732516826255,10,7.778174593052023,0.07071067811865475,0.38890872965260115,0.07071067811865475,0.17272727272727273,20260921T213417946637Z_9d5e65dd,2,5760.0,50,True,79,stationary,FOUR_ZONE,129.13839874267578,0.42690379749644886,0.4267727077007294,302.5,302.5,1.0,1.8,64.5,238.0
209,40,0.5,0.1,5,5,6,5.5,5.5,0.19,0.5,42,1,[0.1],0.1,0.2442732516826255,10,7.778174593052023,0.07071067811865475,0.38890872965260115,0.07071067811865475,0.17272727272727273,20260921T213417946637Z_9d5e65dd,2,5760.0,50,True,79,stationary,PURE,64.4,0.22877442273534637,0.2272855885843997,281.5,281.5,1.0,0.0,0.0,281.5
209,40,0.5,0.1,5,5,6,5.5,5.5,0.19,0.5,42,1,[0.1],0.1,0.2442732516826255,10,7.778174593052023,0.07071067811865475,0.38890872965260115,0.07071067811865475,0.17272727272727273,20260921T213417946637Z_9d5e65dd,2,5760.0,50,True,79,stationary,PURE_OR,64.4,0.2765135251180764,0.275331215943522,232.9,232.9,1.0,0.0,0.0,232.9
210,40,0.5,0.15,5,5,6,5.5,5.5,0.19,0.5,42,1,[0.15],0.15,0.2442732516826255,10,7.778174593052023,0.10606601717798211,0.5833630944789017,0.10606601717798211,0.17272727272727273,20260921T213417946637Z_9d5e65dd,2,5760.0,50,True,79,stationary,DRL,4927.4291015625,0.8554564412434896,0.8554564476013183,5760.0,,0.0,153.6,5633.9,126.1
210,40,0.5,0.15,5,5,6,5.5,5.5,0.19,0.5,42,1,[0.15],0.15,0.2442732516826255,10,7.778174593052023,0.10606601717798211,0.5833630944789017,0.10606601717798211,0.17272727272727273,20260921T213417946637Z_9d5e65dd,2,5760.0,50,True,79,stationary,HEUR,2887.39072265625,0.7050670840633546,0.7034387230873108,4095.2,4095.2,1.0,100.0,3112.6,982.6
210,40,0.5,0.15,5,5,6,5.5,5.5,0.19,0.5,42,1,[0.15],0.15,0.2442732516826255,10,7.778174593052023,0.10606601717798211,0.5833630944789017,0.10606601717798211,0.17272727272727273,20260921T213417946637Z_9d5e65dd,2,5760.0,50,True,79,stationary,HEUR_VOR,1480.6180908203125,0.7575043951807595,0.7528565287590027,1954.6,1954.6,1.0,50.0,1571.9,382.7
210,40,0.5,0.15,5,5,6,5.5,5.5,0.19,0.5,42,1,[0.15],0.15,0.2442732516826255,10,7.778174593052023,0.10606601717798211,0.5833630944789017,0.10606601717798211,0.17272727272727273,20260921T213417946637Z_9d5e65dd,2,5760.0,50,True,79,stationary,FOUR_ZONE,136.30463256835938,0.43436785394633326,0.43243650197982786,313.8,313.8,1.0,2.4,74.4,239.4
210,40,0.5,0.15,5,5,6,5.5,5.5,0.19,0.5,42,1,[0.15],0.15,0.2442732516826255,10,7.778174593052023,0.10606601717798211,0.5833630944789017,0.10606601717798211,0.17272727272727273,20260921T213417946637Z_9d5e65dd,2,5760.0,50,True,79,stationary,PURE,64.4,0.22877442273534637,0.2272855885843997,281.5,281.5,1.0,0.0,0.0,281.5
210,40,0.5,0.15,5,5,6,5.5,5.5,0.19,0.5,42,1,[0.15],0.15,0.2442732516826255,10,7.778174593052023,0.10606601717798211,0.5833630944789017,0.10606601717798211,0.17272727272727273,20260921T213417946637Z_9d5e65dd,2,5760.0,50,True,79,stationary,PURE_OR,64.4,0.2765135251180764,0.275331215943522,232.9,232.9,1.0,0.0,0.0,232.9
211,40,0.5,0.2,5,5,6,5.5,5.5,0.19,0.5,42,1,[0.2],0.2,0.2442732516826255,10,7.778174593052023,0.1414213562373095,0.7778174593052023,0.1414213562373095,0.17272727272727273,20260921T213417946637Z_9d5e65dd,2,5760.0,50,True,79,stationary,DRL,5035.0068359375,0.8741331312391493,0.8741331338882447,5760.0,,0.0,156.4,5703.0,57.0
211,40,0.5,0.2,5,5,6,5.5,5.5,0.19,0.5,42,1,[0.2],0.2,0.2442732516826255,10,7.778174593052023,0.1414213562373095,0.7778174593052023,0.1414213562373095,0.17272727272727273,20260921T213417946637Z_9d5e65dd,2,5760.0,50,True,79,stationary,HEUR,4465.5646484375,0.7752716403537326,0.7752716302871704,5760.0,,0.0,152.4,4696.3,1063.7
211,40,0.5,0.2,5,5,6,5.5,5.5,0.19,0.5,42,1,[0.2],0.2,0.2442732516826255,10,7.778174593052023,0.1414213562373095,0.7778174593052023,0.1414213562373095,0.17272727272727273,20260921T213417946637Z_9d5e65dd,2,5760.0,50,True,79,stationary,HEUR_VOR,2189.3739990234376,0.7913590685402434,0.7842239260673523,2766.6,2766.6,1.0,71.4,2327.7,438.9
211,40,0.5,0.2,5,5,6,5.5,5.5,0.19,0.5,42,1,[0.2],0.2,0.2442732516826255,10,7.778174593052023,0.1414213562373095,0.7778174593052023,0.1414213562373095,0.17272727272727273,20260921T213417946637Z_9d5e65dd,2,5760.0,50,True,79,stationary,FOUR_ZONE,150.8445083618164,0.46073460098294566,0.4592649221420288,327.4,327.4,1.0,2.8,90.4,237.0
211,40,0.5,0.2,5,5,6,5.5,5.5,0.19,0.5,42,1,[0.2],0.2,0.2442732516826255,10,7.778174593052023,0.1414213562373095,0.7778174593052023,0.1414213562373095,0.17272727272727273,20260921T213417946637Z_9d5e65dd,2,5760.0,50,True,79,stationary,PURE,64.4,0.22877442273534637,0.2272855885843997,281.5,281.5,1.0,0.0,0.0,281.5
211,40,0.5,0.2,5,5,6,5.5,5.5,0.19,0.5,42,1,[0.2],0.2,0.2442732516826255,10,7.778174593052023,0.1414213562373095,0.7778174593052023,0.1414213562373095,0.17272727272727273,20260921T213417946637Z_9d5e65dd,2,5760.0,50,True,79,stationary,PURE_OR,64.4,0.2765135251180764,0.275331215943522,232.9,232.9,1.0,0.0,0.0,232.9
212,40,0.5,0.25,5,5,6,5.5,5.5,0.19,0.5,42,1,"[0.25, 0.3, 0.35, 0.4]",0.2442732516826255,0.2442732516826255,10,7.778174593052023,0.17677669529663687,0.9722718241315028,0.17272727272727273,0.17272727272727273,20260921T213417946637Z_9d5e65dd,2,5760.0,50,True,79,stationary,DRL,5087.17822265625,0.883190663655599,0.8831906676292419,5760.0,,0.0,148.8,5696.1,63.9
212,40,0.5,0.25,5,5,6,5.5,5.5,0.19,0.5,42,1,"[0.25, 0.3, 0.35, 0.4]",0.2442732516826255,0.2442732516826255,10,7.778174593052023,0.17677669529663687,0.9722718241315028,0.17272727272727273,0.17272727272727273,20260921T213417946637Z_9d5e65dd,2,5760.0,50,True,79,stationary,HEUR,4479.0115234375,0.7776061672634549,0.7776061773300171,5760.0,,0.0,150.2,4722.5,1037.5
212,40,0.5,0.25,5,5,6,5.5,5.5,0.19,0.5,42,1,"[0.25, 0.3, 0.35, 0.4]",0.2442732516826255,0.2442732516826255,10,7.778174593052023,0.17677669529663687,0.9722718241315028,0.17272727272727273,0.17272727272727273,20260921T213417946637Z_9d5e65dd,2,5760.0,50,True,79,stationary,HEUR_VOR,2731.71923828125,0.7861515017501007,0.7795991063117981,3474.8,3474.8,1.0,94.2,2931.5,543.3
212,40,0.5,0.25,5,5,6,5.5,5.5,0.19,0.5,42,1,"[0.25, 0.3, 0.35, 0.4]",0.2442732516826255,0.2442732516826255,10,7.778174593052023,0.17677669529663687,0.9722718241315028,0.17272727272727273,0.17272727272727273,20260921T213417946637Z_9d5e65dd,2,5760.0,50,True,79,stationary,FOUR_ZONE,154.3718017578125,0.4609489452308525,0.45560885071754453,334.9,334.9,1.0,2.8,94.7,240.2
212,40,0.5,0.25,5,5,6,5.5,5.5,0.19,0.5,42,1,"[0.25, 0.3, 0.35, 0.4]",0.2442732516826255,0.2442732516826255,10,7.778174593052023,0.17677669529663687,0.9722718241315028,0.17272727272727273,0.17272727272727273,20260921T213417946637Z_9d5e65dd,2,5760.0,50,True,79,stationary,PURE,64.4,0.22877442273534637,0.2272855885843997,281.5,281.5,1.0,0.0,0.0,281.5
212,40,0.5,0.25,5,5,6,5.5,5.5,0.19,0.5,42,1,"[0.25, 0.3, 0.35, 0.4]",0.2442732516826255,0.2442732516826255,10,7.778174593052023,0.17677669529663687,0.9722718241315028,0.17272727272727273,0.17272727272727273,20260921T213417946637Z_9d5e65dd,2,5760.0,50,True,79,stationary,PURE_OR,64.4,0.2765135251180764,0.275331215943522,232.9,232.9,1.0,0.0,0.0,232.9
213,40,0.5,0.1,5,5,6,6.0,5.5,0.19,0.5,42,1,[0.1],0.1,0.2442732516826255,10,7.778174593052023,0.07071067811865475,0.38890872965260115,0.07071067811865475,0.17272727272727273,20260921T213417946637Z_9d5e65dd,2,5760.0,50,True,79,stationary,DRL,4788.48974609375,0.8313350253634982,0.8313350319862366,5760.0,,0.0,151.6,5383.9,376.1
213,40,0.5,0.1,5,5,6,6.0,5.5,0.19,0.5,42,1,[0.1],0.1,0.2442732516826255,10,7.778174593052023,0.07071067811865475,0.38890872965260115,0.07071067811865475,0.17272727272727273,20260921T213417946637Z_9d5e65dd,2,5760.0,50,True,79,stationary,HEUR,1648.8018798828125,0.718714040313331,0.7156960129737854,2294.1,2294.1,1.0,49.8,1640.9,653.2
213,40,0.5,0.1,5,5,6,6.0,5.5,0.19,0.5,42,1,[0.1],0.1,0.2442732516826255,10,7.778174593052023,0.07071067811865475,0.38890872965260115,0.07071067811865475,0.17272727272727273,20260921T213417946637Z_9d5e65dd,2,5760.0,50,True,79,stationary,HEUR_VOR,836.7427490234375,0.7521283137289326,0.7491208553314209,1112.5,1112.5,1.0,24.2,791.4,321.1
213,40,0.5,0.1,5,5,6,6.0,5.5,0.19,0.5,42,1,[0.1],0.1,0.2442732516826255,10,7.778174593052023,0.07071067811865475,0.38890872965260115,0.07071067811865475,0.17272727272727273,20260921T213417946637Z_9d5e65dd,2,5760.0,50,True,79,stationary,FOUR_ZONE,135.02375335693358,0.44635951522953254,0.4461506247520447,302.5,302.5,1.0,1.8,64.5,238.0
213,40,0.5,0.1,5,5,6,6.0,5.5,0.19,0.5,42,1,[0.1],0.1,0.2442732516826255,10,7.778174593052023,0.07071067811865475,0.38890872965260115,0.07071067811865475,0.17272727272727273,20260921T213417946637Z_9d5e65dd,2,5760.0,50,True,79,stationary,PURE,64.4,0.22877442273534637,0.2272855885843997,281.5,281.5,1.0,0.0,0.0,281.5
213,40,0.5,0.1,5,5,6,6.0,5.5,0.19,0.5,42,1,[0.1],0.1,0.2442732516826255,10,7.778174593052023,0.07071067811865475,0.38890872965260115,0.07071067811865475,0.17272727272727273,20260921T213417946637Z_9d5e65dd,2,5760.0,50,True,79,stationary,PURE_OR,64.4,0.2765135251180764,0.275331215943522,232.9,232.9,1.0,0.0,0.0,232.9
214,40,0.5,0.15,5,5,6,6.0,5.5,0.19,0.5,42,1,[0.15],0.15,0.2442732516826255,10,7.778174593052023,0.10606601717798211,0.5833630944789017,0.10606601717798211,0.17272727272727273,20260921T213417946637Z_9d5e65dd,2,5760.0,50,True,79,stationary,DRL,5376.6515625,0.9334464518229166,0.9334464550018311,5760.0,,0.0,154.2,5614.5,145.5
214,40,0.5,0.15,5,5,6,6.0,5.5,0.19,0.5,42,1,[0.15],0.15,0.2442732516826255,10,7.778174593052023,0.10606601717798211,0.5833630944789017,0.10606601717798211,0.17272727272727273,20260921T213417946637Z_9d5e65dd,2,5760.0,50,True,79,stationary,HEUR,3144.19892578125,0.7677766472409773,0.7660016417503357,4095.2,4095.2,1.0,100.0,3112.6,982.6
214,40,0.5,0.15,5,5,6,6.0,5.5,0.19,0.5,42,1,[0.15],0.15,0.2442732516826255,10,7.778174593052023,0.10606601717798211,0.5833630944789017,0.10606601717798211,0.17272727272727273,20260921T213417946637Z_9d5e65dd,2,5760.0,50,True,79,stationary,HEUR_VOR,1609.344189453125,0.8233624216991328,0.818208646774292,1954.6,1954.6,1.0,50.0,1571.9,382.7
214,40,0.5,0.15,5,5,6,6.0,5.5,0.19,0.5,42,1,[0.15],0.15,0.2442732516826255,10,7.778174593052023,0.10606601717798211,0.5833630944789017,0.10606601717798211,0.17272727272727273,20260921T213417946637Z_9d5e65dd,2,5760.0,50,True,79,stationary,FOUR_ZONE,142.84148406982422,0.4551991206814029,0.45302906036376955,313.8,313.8,1.0,2.4,74.4,239.4
214,40,0.5,0.15,5,5,6,6.0,5.5,0.19,0.5,42,1,[0.15],0.15,0.2442732516826255,10,7.778174593052023,0.10606601717798211,0.5833630944789017,0.10606601717798211,0.17272727272727273,20260921T213417946637Z_9d5e65dd,2,5760.0,50,True,79,stationary,PURE,64.4,0.22877442273534637,0.2272855885843997,281.5,281.5,1.0,0.0,0.0,281.5
214,40,0.5,0.15,5,5,6,6.0,5.5,0.19,0.5,42,1,[0.15],0.15,0.2442732516826255,10,7.778174593052023,0.10606601717798211,0.5833630944789017,0.10606601717798211,0.17272727272727273,20260921T213417946637Z_9d5e65dd,2,5760.0,50,True,79,stationary,PURE_OR,64.4,0.2765135251180764,0.275331215943522,232.9,232.9,1.0,0.0,0.0,232.9
215,40,0.5,0.2,5,5,6,6.0,5.5,0.19,0.5,42,1,[0.2],0.2,0.2442732516826255,10,7.778174593052023,0.1414213562373095,0.7778174593052023,0.1414213562373095,0.17272727272727273,20260921T213417946637Z_9d5e65dd,2,5760.0,50,True,79,stationary,DRL,5506.553515625,0.9559988742404514,0.9559988737106323,5760.0,,0.0,147.6,5684.0,76.0
215,40,0.5,0.2,5,5,6,6.0,5.5,0.19,0.5,42,1,[0.2],0.2,0.2442732516826255,10,7.778174593052023,0.1414213562373095,0.7778174593052023,0.1414213562373095,0.17272727272727273,20260921T213417946637Z_9d5e65dd,2,5760.0,50,True,79,stationary,HEUR,4868.0669921875,0.8451505194769965,0.8451505303382874,5760.0,,0.0,152.4,4696.3,1063.7
215,40,0.5,0.2,5,5,6,6.0,5.5,0.19,0.5,42,1,[0.2],0.2,0.2442732516826255,10,7.778174593052023,0.1414213562373095,0.7778174593052023,0.1414213562373095,0.17272727272727273,20260921T213417946637Z_9d5e65dd,2,5760.0,50,True,79,stationary,HEUR_VOR,2382.6173583984373,0.8612077490054354,0.8533280491828918,2766.6,2766.6,1.0,71.4,2327.7,438.9
215,40,0.5,0.2,5,5,6,6.0,5.5,0.19,0.5,42,1,[0.2],0.2,0.2442732516826255,10,7.778174593052023,0.1414213562373095,0.7778174593052023,0.1414213562373095,0.17272727272727273,20260921T213417946637Z_9d5e65dd,2,5760.0,50,True,79,stationary,FOUR_ZONE,158.70321044921874,0.48473796716316053,0.4830668270587921,327.4,327.4,1.0,2.8,90.4,237.0
215,40,0.5,0.2,5,5,6,6.0,5.5,0.19,0.5,42,1,[0.2],0.2,0.2442732516826255,10,7.778174593052023,0.1414213562373095,0.7778174593052023,0.1414213562373095,0.17272727272727273,20260921T213417946637Z_9d5e65dd,2,5760.0,50,True,79,stationary,PURE,64.4,0.22877442273534637,0.2272855885843997,281.5,281.5,1.0,0.0,0.0,281.5
215,40,0.5,0.2,5,5,6,6.0,5.5,0.19,0.5,42,1,[0.2],0.2,0.2442732516826255,10,7.778174593052023,0.1414213562373095,0.7778174593052023,0.1414213562373095,0.17272727272727273,20260921T213417946637Z_9d5e65dd,2,5760.0,50,True,79,stationary,PURE_OR,64.4,0.2765135251180764,0.275331215943522,232.9,232.9,1.0,0.0,0.0,232.9
216,40,0.5,0.25,5,5,6,6.0,5.5,0.19,0.5,42,1,"[0.25, 0.3, 0.35, 0.4]",0.2442732516826255,0.2442732516826255,10,7.778174593052023,0.17677669529663687,0.9722718241315028,0.17272727272727273,0.17272727272727273,20260921T213417946637Z_9d5e65dd,2,5760.0,50,True,79,stationary,DRL,5536.26669921875,0.9611574130588108,0.9611574053764343,5760.0,,0.0,141.6,5660.5,99.5
216,40,0.5,0.25,5,5,6,6.0,5.5,0.19,0.5,42,1,"[0.25, 0.3, 0.35, 0.4]",0.2442732516826255,0.2442732516826255,10,7.778174593052023,0.17677669529663687,0.9722718241315028,0.17272727272727273,0.17272727272727273,20260921T213417946637Z_9d5e65dd,2,5760.0,50,True,79,stationary,HEUR,4882.914453125,0.8477282036675348,0.8477282166481018,5760.0,,0.0,150.2,4722.5,1037.5
216,40,0.5,0.25,5,5,6,6.0,5.5,0.19,0.5,42,1,"[0.25, 0.3, 0.35, 0.4]",0.2442732516826255,0.2442732516826255,10,7.778174593052023,0.17677669529663687,0.9722718241315028,0.17272727272727273,0.17272727272727273,20260921T213417946637Z_9d5e65dd,2,5760.0,50,True,79,stationary,HEUR_VOR,2974.366357421875,0.8559820298785182,0.8487136244773865,3474.8,3474.8,1.0,94.2,2931.5,543.3
216,40,0.5,0.25,5,5,6,6.0,5.5,0.19,0.5,42,1,"[0.25, 0.3, 0.35, 0.4]",0.2442732516826255,0.2442732516826255,10,7.778174593052023,0.17677669529663687,0.9722718241315028,0.17272727272727273,0.17272727272727273,20260921T213417946637Z_9d5e65dd,2,5760.0,50,True,79,stationary,FOUR_ZONE,162.55115203857423,0.48537220674402576,0.4794775426387787,334.9,334.9,1.0,2.8,94.7,240.2
216,40,0.5,0.25,5,5,6,6.0,5.5,0.19,0.5,42,1,"[0.25, 0.3, 0.35, 0.4]",0.2442732516826255,0.2442732516826255,10,7.778174593052023,0.17677669529663687,0.9722718241315028,0.17272727272727273,0.17272727272727273,20260921T213417946637Z_9d5e65dd,2,5760.0,50,True,79,stationary,PURE,64.4,0.22877442273534637,0.2272855885843997,281.5,281.5,1.0,0.0,0.0,281.5
216,40,0.5,0.25,5,5,6,6.0,5.5,0.19,0.5,42,1,"[0.25, 0.3, 0.35, 0.4]",0.2442732516826255,0.2442732516826255,10,7.778174593052023,0.17677669529663687,0.9722718241315028,0.17272727272727273,0.17272727272727273,20260921T213417946637Z_9d5e65dd,2,5760.0,50,True,79,stationary,PURE_OR,64.4,0.2765135251180764,0.275331215943522,232.9,232.9,1.0,0.0,0.0,232.9
217,40,0.67,0.1,5,5,6,5.5,5.5,0.19,0.5,42,1,[0.1],0.1,0.2442732516826255,10,7.778174593052023,0.07071067811865475,0.38890872965260115,0.07071067811865475,0.17272727272727273,20260921T213417946637Z_9d5e65dd,2,5760.0,50,True,79,stationary,DRL,4254.3634765625,0.7579482409696241,0.7577427864074707,5613.0,5025.0,0.2,137.0,5017.4,595.6
217,40,0.67,0.1,5,5,6,5.5,5.5,0.19,0.5,42,1,[0.1],0.1,0.2442732516826255,10,7.778174593052023,0.07071067811865475,0.38890872965260115,0.07071067811865475,0.17272727272727273,20260921T213417946637Z_9d5e65dd,2,5760.0,50,True,79,stationary,HEUR,1925.64677734375,0.6706532850429248,0.6689951777458191,2871.3,2871.3,1.0,65.6,2067.3,804.0
217,40,0.67,0.1,5,5,6,5.5,5.5,0.19,0.5,42,1,[0.1],0.1,0.2442732516826255,10,7.778174593052023,0.07071067811865475,0.38890872965260115,0.07071067811865475,0.17272727272727273,20260921T213417946637Z_9d5e65dd,2,5760.0,50,True,79,stationary,HEUR_VOR,1002.4305297851563,0.7199817063744568,0.7191784381866455,1392.3,1392.3,1.0,33.6,1030.8,361.5
217,40,0.67,0.1,5,5,6,5.5,5.5,0.19,0.5,42,1,[0.1],0.1,0.2442732516826255,10,7.778174593052023,0.07071067811865475,0.38890872965260115,0.07071067811865475,0.17272727272727273,20260921T213417946637Z_9d5e65dd,2,5760.0,50,True,79,stationary,FOUR_ZONE,152.25782165527343,0.42530117780802634,0.42721861600875854,358.0,358.0,1.0,2.2,68.0,290.0
217,40,0.67,0.1,5,5,6,5.5,5.5,0.19,0.5,42,1,[0.1],0.1,0.2442732516826255,10,7.778174593052023,0.07071067811865475,0.38890872965260115,0.07071067811865475,0.17272727272727273,20260921T213417946637Z_9d5e65dd,2,5760.0,50,True,79,stationary,PURE,85.6,0.2575210589651023,0.2594351070775064,332.4,332.4,1.0,0.0,0.0,332.4
217,40,0.67,0.1,5,5,6,5.5,5.5,0.19,0.5,42,1,[0.1],0.1,0.2442732516826255,10,7.778174593052023,0.07071067811865475,0.38890872965260115,0.07071067811865475,0.17272727272727273,20260921T213417946637Z_9d5e65dd,2,5760.0,50,True,79,stationary,PURE_OR,85.6,0.31082062454611475,0.310014222554246,275.4,275.4,1.0,0.0,0.0,275.4
218,40,0.67,0.15,5,5,6,5.5,5.5,0.19,0.5,42,1,[0.15],0.15,0.2442732516826255,10,7.778174593052023,0.10606601717798211,0.5833630944789017,0.10606601717798211,0.17272727272727273,20260921T213417946637Z_9d5e65dd,2,5760.0,50,True,79,stationary,DRL,5029.0736328125,0.8731030612521702,0.8731030583381653,5760.0,,0.0,149.6,5612.2,147.8
218,40,0.67,0.15,5,5,6,5.5,5.5,0.19,0.5,42,1,[0.15],0.15,0.2442732516826255,10,7.778174593052023,0.10606601717798211,0.5833630944789017,0.10606601717798211,0.17272727272727273,20260921T213417946637Z_9d5e65dd,2,5760.0,50,True,79,stationary,HEUR,3938.71865234375,0.7332486879782095,0.7331607103347778,5371.6,5112.666666666667,0.6,135.6,4195.0,1176.6
218,40,0.67,0.15,5,5,6,5.5,5.5,0.19,0.5,42,1,[0.15],0.15,0.2442732516826255,10,7.778174593052023,0.10606601717798211,0.5833630944789017,0.10606601717798211,0.17272727272727273,20260921T213417946637Z_9d5e65dd,2,5760.0,50,True,79,stationary,HEUR_VOR,1755.9662353515625,0.7753294928256634,0.7715277671813965,2264.8,2264.8,1.0,59.6,1850.7,414.1
218,40,0.67,0.15,5,5,6,5.5,5.5,0.19,0.5,42,1,[0.15],0.15,0.2442732516826255,10,7.778174593052023,0.10606601717798211,0.5833630944789017,0.10606601717798211,0.17272727272727273,20260921T213417946637Z_9d5e65dd,2,5760.0,50,True,79,stationary,FOUR_ZONE,187.7938446044922,0.48752296107085197,0.48813549876213075,385.2,385.2,1.0,2.8,104.2,281.0
218,40,0.67,0.15,5,5,6,5.5,5.5,0.19,0.5,42,1,[0.15],0.15,0.2442732516826255,10,7.778174593052023,0.10606601717798211,0.5833630944789017,0.10606601717798211,0.17272727272727273,20260921T213417946637Z_9d5e65dd,2,5760.0,50,True,79,stationary,PURE,85.6,0.2575210589651023,0.2594351070775064,332.4,332.4,1.0,0.0,0.0,332.4
218,40,0.67,0.15,5,5,6,5.5,5.5,0.19,0.5,42,1,[0.15],0.15,0.2442732516826255,10,7.778174593052023,0.10606601717798211,0.5833630944789017,0.10606601717798211,0.17272727272727273,20260921T213417946637Z_9d5e65dd,2,5760.0,50,True,79,stationary,PURE_OR,85.6,0.31082062454611475,0.310014222554246,275.4,275.4,1.0,0.0,0.0,275.4
219,40,0.67,0.2,5,5,6,5.5,5.5,0.19,0.5,42,1,[0.2],0.2,0.2442732516826255,10,7.778174593052023,0.1414213562373095,0.7778174593052023,0.1414213562373095,0.17272727272727273,20260921T213417946637Z_9d5e65dd,2,5760.0,50,True,79,stationary,DRL,5095.9615234375,0.8847155422634548,0.8847155451774598,5760.0,,0.0,154.0,5706.8,53.2
219,40,0.67,0.2,5,5,6,5.5,5.5,0.19,0.5,42,1,[0.2],0.2,0.2442732516826255,10,7.778174593052023,0.1414213562373095,0.7778174593052023,0.1414213562373095,0.17272727272727273,20260921T213417946637Z_9d5e65dd,2,5760.0,50,True,79,stationary,HEUR,4628.20419921875,0.8035076734754775,0.8035076856613159,5760.0,,0.0,153.6,4850.9,909.1
219,40,0.67,0.2,5,5,6,5.5,5.5,0.19,0.5,42,1,[0.2],0.2,0.2442732516826255,10,7.778174593052023,0.1414213562373095,0.7778174593052023,0.1414213562373095,0.17272727272727273,20260921T213417946637Z_9d5e65dd,2,5760.0,50,True,79,stationary,HEUR_VOR,2357.50341796875,0.7913740912953172,0.784271240234375,2979.0,2979.0,1.0,81.2,2498.0,481.0
219,40,0.67,0.2,5,5,6,5.5,5.5,0.19,0.5,42,1,[0.2],0.2,0.2442732516826255,10,7.778174593052023,0.1414213562373095,0.7778174593052023,0.1414213562373095,0.17272727272727273,20260921T213417946637Z_9d5e65dd,2,5760.0,50,True,79,stationary,FOUR_ZONE,158.43614959716797,0.4313535246315491,0.4258000493049622,367.3,367.3,1.0,2.4,77.0,290.3
219,40,0.67,0.2,5,5,6,5.5,5.5,0.19,0.5,42,1,[0.2],0.2,0.2442732516826255,10,7.778174593052023,0.1414213562373095,0.7778174593052023,0.1414213562373095,0.17272727272727273,20260921T213417946637Z_9d5e65dd,2,5760.0,50,True,79,stationary,PURE,85.6,0.2575210589651023,0.2594351070775064,332.4,332.4,1.0,0.0,0.0,332.4
219,40,0.67,0.2,5,5,6,5.5,5.5,0.19,0.5,42,1,[0.2],0.2,0.2442732516826255,10,7.778174593052023,0.1414213562373095,0.7778174593052023,0.1414213562373095,0.17272727272727273,20260921T213417946637Z_9d5e65dd,2,5760.0,50,True,79,stationary,PURE_OR,85.6,0.31082062454611475,0.310014222554246,275.4,275.4,1.0,0.0,0.0,275.4
220,40,0.67,0.25,5,5,6,5.5,5.5,0.19,0.5,42,1,"[0.25, 0.3, 0.35, 0.4]",0.2442732516826255,0.2442732516826255,10,7.778174593052023,0.17677669529663687,0.9722718241315028,0.17272727272727273,0.17272727272727273,20260921T213417946637Z_9d5e65dd,2,5760.0,50,True,79,stationary,DRL,5158.20439453125,0.8955215962727865,0.895521605014801,5760.0,,0.0,144.8,5705.8,54.2
220,40,0.67,0.25,5,5,6,5.5,5.5,0.19,0.5,42,1,"[0.25, 0.3, 0.35, 0.4]",0.2442732516826255,0.2442732516826255,10,7.778174593052023,0.17677669529663687,0.9722718241315028,0.17272727272727273,0.17272727272727273,20260921T213417946637Z_9d5e65dd,2,5760.0,50,True,79,stationary,HEUR,4600.51396484375,0.7987003411187066,0.7987003326416016,5760.0,,0.0,161.2,4861.1,898.9
220,40,0.67,0.25,5,5,6,5.5,5.5,0.19,0.5,42,1,"[0.25, 0.3, 0.35, 0.4]",0.2442732516826255,0.2442732516826255,10,7.778174593052023,0.17677669529663687,0.9722718241315028,0.17272727272727273,0.17272727272727273,20260921T213417946637Z_9d5e65dd,2,5760.0,50,True,79,stationary,HEUR_VOR,3030.900439453125,0.7972277446086393,0.7911951899528503,3801.8,3801.8,1.0,107.4,3262.7,539.1
220,40,0.67,0.25,5,5,6,5.5,5.5,0.19,0.5,42,1,"[0.25, 0.3, 0.35, 0.4]",0.2442732516826255,0.2442732516826255,10,7.778174593052023,0.17677669529663687,0.9722718241315028,0.17272727272727273,0.17272727272727273,20260921T213417946637Z_9d5e65dd,2,5760.0,50,True,79,stationary,FOUR_ZONE,171.3999237060547,0.4554874400904988,0.4536579489707947,376.3,376.3,1.0,2.6,91.1,285.2
220,40,0.67,0.25,5,5,6,5.5,5.5,0.19,0.5,42,1,"[0.25, 0.3, 0.35, 0.4]",0.2442732516826255,0.2442732516826255,10,7.778174593052023,0.17677669529663687,0.9722718241315028,0.17272727272727273,0.17272727272727273,20260921T213417946637Z_9d5e65dd,2,5760.0,50,True,79,stationary,PURE,85.6,0.2575210589651023,0.2594351070775064,332.4,332.4,1.0,0.0,0.0,332.4
220,40,0.67,0.25,5,5,6,5.5,5.5,0.19,0.5,42,1,"[0.25, 0.3, 0.35, 0.4]",0.2442732516826255,0.2442732516826255,10,7.778174593052023,0.17677669529663687,0.9722718241315028,0.17272727272727273,0.17272727272727273,20260921T213417946637Z_9d5e65dd,2,5760.0,50,True,79,stationary,PURE_OR,85.6,0.31082062454611475,0.310014222554246,275.4,275.4,1.0,0.0,0.0,275.4
221,40,0.67,0.1,5,5,6,6.0,5.5,0.19,0.5,42,1,[0.1],0.1,0.2442732516826255,10,7.778174593052023,0.07071067811865475,0.38890872965260115,0.07071067811865475,0.17272727272727273,20260921T213417946637Z_9d5e65dd,2,5760.0,50,True,79,stationary,DRL,4923.59619140625,0.854791005452474,0.8547909975051879,5760.0,,0.0,152.6,5413.7,346.3
221,40,0.67,0.1,5,5,6,6.0,5.5,0.19,0.5,42,1,[0.1],0.1,0.2442732516826255,10,7.778174593052023,0.07071067811865475,0.38890872965260115,0.07071067811865475,0.17272727272727273,20260921T213417946637Z_9d5e65dd,2,5760.0,50,True,79,stationary,HEUR,2092.9241455078127,0.7289116934865087,0.7270180225372315,2871.3,2871.3,1.0,65.6,2067.3,804.0
221,40,0.67,0.1,5,5,6,6.0,5.5,0.19,0.5,42,1,[0.1],0.1,0.2442732516826255,10,7.778174593052023,0.07071067811865475,0.38890872965260115,0.07071067811865475,0.17272727272727273,20260921T213417946637Z_9d5e65dd,2,5760.0,50,True,79,stationary,HEUR_VOR,1085.7702758789062,0.7798393132793983,0.7789543271064758,1392.3,1392.3,1.0,33.6,1030.8,361.5
221,40,0.67,0.1,5,5,6,6.0,5.5,0.19,0.5,42,1,[0.1],0.1,0.2442732516826255,10,7.778174593052023,0.07071067811865475,0.38890872965260115,0.07071067811865475,0.17272727272727273,20260921T213417946637Z_9d5e65dd,2,5760.0,50,True,79,stationary,FOUR_ZONE,158.31769409179688,0.4422281957871421,0.4443954110145569,358.0,358.0,1.0,2.2,68.0,290.0
221,40,0.67,0.1,5,5,6,6.0,5.5,0.19,0.5,42,1,[0.1],0.1,0.2442732516826255,10,7.778174593052023,0.07071067811865475,0.38890872965260115,0.07071067811865475,0.17272727272727273,20260921T213417946637Z_9d5e65dd,2,5760.0,50,True,79,stationary,PURE,85.6,0.2575210589651023,0.2594351070775064,332.4,332.4,1.0,0.0,0.0,332.4
221,40,0.67,0.1,5,5,6,6.0,5.5,0.19,0.5,42,1,[0.1],0.1,0.2442732516826255,10,7.778174593052023,0.07071067811865475,0.38890872965260115,0.07071067811865475,0.17272727272727273,20260921T213417946637Z_9d5e65dd,2,5760.0,50,True,79,stationary,PURE_OR,85.6,0.31082062454611475,0.310014222554246,275.4,275.4,1.0,0.0,0.0,275.4
222,40,0.67,0.15,5,5,6,6.0,5.5,0.19,0.5,42,1,[0.15],0.15,0.2442732516826255,10,7.778174593052023,0.10606601717798211,0.5833630944789017,0.10606601717798211,0.17272727272727273,20260921T213417946637Z_9d5e65dd,2,5760.0,50,True,79,stationary,DRL,5476.508203125,0.9507826741536458,0.9507826685905456,5760.0,,0.0,148.2,5587.2,172.8
222,40,0.67,0.15,5,5,6,6.0,5.5,0.19,0.5,42,1,[0.15],0.15,0.2442732516826255,10,7.778174593052023,0.10606601717798211,0.5833630944789017,0.10606601717798211,0.17272727272727273,20260921T213417946637Z_9d5e65dd,2,5760.0,50,True,79,stationary,HEUR,4289.779736328125,0.7986037188785697,0.7985067725181579,5371.6,5112.666666666667,0.6,135.6,4195.0,1176.6
222,40,0.67,0.15,5,5,6,6.0,5.5,0.19,0.5,42,1,[0.15],0.15,0.2442732516826255,10,7.778174593052023,0.10606601717798211,0.5833630944789017,0.10606601717798211,0.17272727272727273,20260921T213417946637Z_9d5e65dd,2,5760.0,50,True,79,stationary,HEUR_VOR,1907.80576171875,0.842372731242825,0.8381420373916626,2264.8,2264.8,1.0,59.6,1850.7,414.1
222,40,0.67,0.15,5,5,6,6.0,5.5,0.19,0.5,42,1,[0.15],0.15,0.2442732516826255,10,7.778174593052023,0.10606601717798211,0.5833630944789017,0.10606601717798211,0.17272727272727273,20260921T213417946637Z_9d5e65dd,2,5760.0,50,True,79,stationary,FOUR_ZONE,197.08428955078125,0.5116414578161507,0.512399685382843,385.2,385.2,1.0,2.8,104.2,281.0
222,40,0.67,0.15,5,5,6,6.0,5.5,0.19,0.5,42,1,[0.15],0.15,0.2442732516826255,10,7.778174593052023,0.10606601717798211,0.5833630944789017,0.10606601717798211,0.17272727272727273,20260921T213417946637Z_9d5e65dd,2,5760.0,50,True,79,stationary,PURE,85.6,0.2575210589651023,0.2594351070775064,332.4,332.4,1.0,0.0,0.0,332.4
222,40,0.67,0.15,5,5,6,6.0,5.5,0.19,0.5,42,1,[0.15],0.15,0.2442732516826255,10,7.778174593052023,0.10606601717798211,0.5833630944789017,0.10606601717798211,0.17272727272727273,20260921T213417946637Z_9d5e65dd,2,5760.0,50,True,79,stationary,PURE_OR,85.6,0.31082062454611475,0.310014222554246,275.4,275.4,1.0,0.0,0.0,275.4
223,40,0.67,0.2,5,5,6,6.0,5.5,0.19,0.5,42,1,[0.2],0.2,0.2442732516826255,10,7.778174593052023,0.1414213562373095,0.7778174593052023,0.1414213562373095,0.17272727272727273,20260921T213417946637Z_9d5e65dd,2,5760.0,50,True,79,stationary,DRL,5582.03330078125,0.969103003607856,0.9691030144691467,5760.0,,0.0,146.2,5692.0,68.0
223,40,0.67,0.2,5,5,6,6.0,5.5,0.19,0.5,42,1,[0.2],0.2,0.2442732516826255,10,7.778174593052023,0.1414213562373095,0.7778174593052023,0.1414213562373095,0.17272727272727273,20260921T213417946637Z_9d5e65dd,2,5760.0,50,True,79,stationary,HEUR,5044.72568359375,0.8758204311794705,0.8758204221725464,5760.0,,0.0,153.6,4850.9,909.1
223,40,0.67,0.2,5,5,6,6.0,5.5,0.19,0.5,42,1,[0.2],0.2,0.2442732516826255,10,7.778174593052023,0.1414213562373095,0.7778174593052023,0.1414213562373095,0.17272727272727273,20260921T213417946637Z_9d5e65dd,2,5760.0,50,True,79,stationary,HEUR_VOR,2564.125,0.8607334676065794,0.8528675317764283,2979.0,2979.0,1.0,81.2,2498.0,481.0
223,40,0.67,0.2,5,5,6,6.0,5.5,0.19,0.5,42,1,[0.2],0.2,0.2442732516826255,10,7.778174593052023,0.1414213562373095,0.7778174593052023,0.1414213562373095,0.17272727272727273,20260921T213417946637Z_9d5e65dd,2,5760.0,50,True,79,stationary,FOUR_ZONE,165.05768280029298,0.44938111298745703,0.44318279027938845,367.3,367.3,1.0,2.4,77.0,290.3
223,40,0.67,0.2,5,5,6,6.0,5.5,0.19,0.5,42,1,[0.2],0.2,0.2442732516826255,10,7.778174593052023,0.1414213562373095,0.7778174593052023,0.1414213562373095,0.17272727272727273,20260921T213417946637Z_9d5e65dd,2,5760.0,50,True,79,stationary,PURE,85.6,0.2575210589651023,0.2594351070775064,332.4,332.4,1.0,0.0,0.0,332.4
223,40,0.67,0.2,5,5,6,6.0,5.5,0.19,0.5,42,1,[0.2],0.2,0.2442732516826255,10,7.778174593052023,0.1414213562373095,0.7778174593052023,0.1414213562373095,0.17272727272727273,20260921T213417946637Z_9d5e65dd,2,5760.0,50,True,79,stationary,PURE_OR,85.6,0.31082062454611475,0.310014222554246,275.4,275.4,1.0,0.0,0.0,275.4
224,40,0.67,0.25,5,5,6,6.0,5.5,0.19,0.5,42,1,"[0.25, 0.3, 0.35, 0.4]",0.2442732516826255,0.2442732516826255,10,7.778174593052023,0.17677669529663687,0.9722718241315028,0.17272727272727273,0.17272727272727273,20260921T213417946637Z_9d5e65dd,2,5760.0,50,True,79,stationary,DRL,5568.98603515625,0.9668378533257378,0.9668378472328186,5760.0,,0.0,151.0,5699.4,60.6
224,40,0.67,0.25,5,5,6,6.0,5.5,0.19,0.5,42,1,"[0.25, 0.3, 0.35, 0.4]",0.2442732516826255,0.2442732516826255,10,7.778174593052023,0.17677669529663687,0.9722718241315028,0.17272727272727273,0.17272727272727273,20260921T213417946637Z_9d5e65dd,2,5760.0,50,True,79,stationary,HEUR,5015.069140625,0.8706717258029514,0.8706717252731323,5760.0,,0.0,161.2,4861.1,898.9
224,40,0.67,0.25,5,5,6,6.0,5.5,0.19,0.5,42,1,"[0.25, 0.3, 0.35, 0.4]",0.2442732516826255,0.2442732516826255,10,7.778174593052023,0.17677669529663687,0.9722718241315028,0.17272727272727273,0.17272727272727273,20260921T213417946637Z_9d5e65dd,2,5760.0,50,True,79,stationary,HEUR_VOR,3298.8562744140627,0.867709052136899,0.8610551834106446,3801.8,3801.8,1.0,107.4,3262.7,539.1
224,40,0.67,0.25,5,5,6,6.0,5.5,0.19,0.5,42,1,"[0.25, 0.3, 0.35, 0.4]",0.2442732516826255,0.2442732516826255,10,7.778174593052023,0.17677669529663687,0.9722718241315028,0.17272727272727273,0.17272727272727273,20260921T213417946637Z_9d5e65dd,2,5760.0,50,True,79,stationary,FOUR_ZONE,179.1999969482422,0.47621577716779745,0.47417176961898805,376.3,376.3,1.0,2.6,91.1,285.2
224,40,0.67,0.25,5,5,6,6.0,5.5,0.19,0.5,42,1,"[0.25, 0.3, 0.35, 0.4]",0.2442732516826255,0.2442732516826255,10,7.778174593052023,0.17677669529663687,0.9722718241315028,0.17272727272727273,0.17272727272727273,20260921T213417946637Z_9d5e65dd,2,5760.0,50,True,79,stationary,PURE,85.6,0.2575210589651023,0.2594351070775064,332.4,332.4,1.0,0.0,0.0,332.4
224,40,0.67,0.25,5,5,6,6.0,5.5,0.19,0.5,42,1,"[0.25, 0.3, 0.35, 0.4]",0.2442732516826255,0.2442732516826255,10,7.778174593052023,0.17677669529663687,0.9722718241315028,0.17272727272727273,0.17272727272727273,20260921T213417946637Z_9d5e65dd,2,5760.0,50,True,79,stationary,PURE_OR,85.6,0.31082062454611475,0.310014222554246,275.4,275.4,1.0,0.0,0.0,275.4
225,40,0.83,0.1,5,5,6,5.5,5.5,0.19,0.5,42,1,[0.1],0.1,0.2442732516826255,10,7.778174593052023,0.07071067811865475,0.38890872965260115,0.07071067811865475,0.17272727272727273,20260921T213417946637Z_9d5e65dd,2,5760.0,50,True,79,stationary,DRL,4498.9533203125,0.7810682847764757,0.7810682773590087,5760.0,,0.0,149.4,5374.5,385.5
225,40,0.83,0.1,5,5,6,5.5,5.5,0.19,0.5,42,1,[0.1],0.1,0.2442732516826255,10,7.778174593052023,0.07071067811865475,0.38890872965260115,0.07071067811865475,0.17272727272727273,20260921T213417946637Z_9d5e65dd,2,5760.0,50,True,79,stationary,HEUR,2344.5701904296875,0.6820171016754479,0.6818498373031616,3437.7,3437.7,1.0,78.0,2469.6,968.1
225,40,0.83,0.1,5,5,6,5.5,5.5,0.19,0.5,42,1,[0.1],0.1,0.2442732516826255,10,7.778174593052023,0.07071067811865475,0.38890872965260115,0.07071067811865475,0.17272727272727273,20260921T213417946637Z_9d5e65dd,2,5760.0,50,True,79,stationary,HEUR_VOR,1073.3967895507812,0.7221453105158647,0.7216087937355041,1486.4,1486.4,1.0,34.0,1060.9,425.5
225,40,0.83,0.1,5,5,6,5.5,5.5,0.19,0.5,42,1,[0.1],0.1,0.2442732516826255,10,7.778174593052023,0.07071067811865475,0.38890872965260115,0.07071067811865475,0.17272727272727273,20260921T213417946637Z_9d5e65dd,2,5760.0,50,True,79,stationary,FOUR_ZONE,179.7982666015625,0.4636365822629255,0.46531870365142824,387.8,387.8,1.0,2.4,75.8,312.0
225,40,0.83,0.1,5,5,6,5.5,5.5,0.19,0.5,42,1,[0.1],0.1,0.2442732516826255,10,7.778174593052023,0.07071067811865475,0.38890872965260115,0.07071067811865475,0.17272727272727273,20260921T213417946637Z_9d5e65dd,2,5760.0,50,True,79,stationary,PURE,105.2,0.3001426533523538,0.30346051279269637,350.5,350.5,1.0,0.0,0.0,350.5
225,40,0.83,0.1,5,5,6,5.5,5.5,0.19,0.5,42,1,[0.1],0.1,0.2442732516826255,10,7.778174593052023,0.07071067811865475,0.38890872965260115,0.07071067811865475,0.17272727272727273,20260921T213417946637Z_9d5e65dd,2,5760.0,50,True,79,stationary,PURE_OR,105.2,0.34278266536331053,0.34290676637664524,306.9,306.9,1.0,0.0,0.0,306.9
226,40,0.83,0.15,5,5,6,5.5,5.5,0.19,0.5,42,1,[0.15],0.15,0.2442732516826255,10,7.778174593052023,0.10606601717798211,0.5833630944789017,0.10606601717798211,0.17272727272727273,20260921T213417946637Z_9d5e65dd,2,5760.0,50,True,79,stationary,DRL,5057.88779296875,0.8781055196126302,0.8781055212020874,5760.0,,0.0,150.6,5604.9,155.1
226,40,0.83,0.15,5,5,6,5.5,5.5,0.19,0.5,42,1,[0.15],0.15,0.2442732516826255,10,7.778174593052023,0.10606601717798211,0.5833630944789017,0.10606601717798211,0.17272727272727273,20260921T213417946637Z_9d5e65dd,2,5760.0,50,True,79,stationary,HEUR,4380.79365234375,0.760554453531901,0.7605544328689575,5760.0,,0.0,157.8,4625.3,1134.7
226,40,0.83,0.15,5,5,6,5.5,5.5,0.19,0.5,42,1,[0.15],0.15,0.2442732516826255,10,7.778174593052023,0.10606601717798211,0.5833630944789017,0.10606601717798211,0.17272727272727273,20260921T213417946637Z_9d5e65dd,2,5760.0,50,True,79,stationary,HEUR_VOR,2246.0687255859375,0.7940005393049836,0.7886788606643677,2828.8,2828.8,1.0,79.0,2351.3,477.5
226,40,0.83,0.15,5,5,6,5.5,5.5,0.19,0.5,42,1,[0.15],0.15,0.2442732516826255,10,7.778174593052023,0.10606601717798211,0.5833630944789017,0.10606601717798211,0.17272727272727273,20260921T213417946637Z_9d5e65dd,2,5760.0,50,True,79,stationary,FOUR_ZONE,193.59690551757814,0.4845980113080804,0.48395490646362305,399.5,399.5,1.0,2.8,90.9,308.6
226,40,0.83,0.15,5,5,6,5.5,5.5,0.19,0.5,42,1,[0.15],0.15,0.2442732516826255,10,7.778174593052023,0.10606601717798211,0.5833630944789017,0.10606601717798211,0.17272727272727273,20260921T213417946637Z_9d5e65dd,2,5760.0,50,True,79,stationary,PURE,105.2,0.3001426533523538,0.30346051279269637,350.5,350.5,1.0,0.0,0.0,350.5
226,40,0.83,0.15,5,5,6,5.5,5.5,0.19,0.5,42,1,[0.15],0.15,0.2442732516826255,10,7.778174593052023,0.10606601717798211,0.5833630944789017,0.10606601717798211,0.17272727272727273,20260921T213417946637Z_9d5e65dd,2,5760.0,50,True,79,stationary,PURE_OR,105.2,0.34278266536331053,0.34290676637664524,306.9,306.9,1.0,0.0,0.0,306.9
227,40,0.83,0.2,5,5,6,5.5,5.5,0.19,0.5,42,1,[0.2],0.2,0.2442732516826255,10,7.778174593052023,0.1414213562373095,0.7778174593052023,0.1414213562373095,0.17272727272727273,20260921T213417946637Z_9d5e65dd,2,5760.0,50,True,79,stationary,DRL,5162.1595703125,0.896208258734809,0.8962082624435425,5760.0,,0.0,141.4,5654.4,105.6
227,40,0.83,0.2,5,5,6,5.5,5.5,0.19,0.5,42,1,[0.2],0.2,0.2442732516826255,10,7.778174593052023,0.1414213562373095,0.7778174593052023,0.1414213562373095,0.17272727272727273,20260921T213417946637Z_9d5e65dd,2,5760.0,50,True,79,stationary,HEUR,4696.82646484375,0.8154212612575955,0.8154212474822998,5760.0,,0.0,168.6,4934.5,825.5
227,40,0.83,0.2,5,5,6,5.5,5.5,0.19,0.5,42,1,[0.2],0.2,0.2442732516826255,10,7.778174593052023,0.1414213562373095,0.7778174593052023,0.1414213562373095,0.17272727272727273,20260921T213417946637Z_9d5e65dd,2,5760.0,50,True,79,stationary,HEUR_VOR,3317.935498046875,0.8011627705719986,0.7995107889175415,4141.4,4141.4,1.0,120.8,3533.0,608.4
227,40,0.83,0.2,5,5,6,5.5,5.5,0.19,0.5,42,1,[0.2],0.2,0.2442732516826255,10,7.778174593052023,0.1414213562373095,0.7778174593052023,0.1414213562373095,0.17272727272727273,20260921T213417946637Z_9d5e65dd,2,5760.0,50,True,79,stationary,FOUR_ZONE,182.84295043945312,0.4688280780498798,0.47014481425285337,390.0,390.0,1.0,2.8,81.4,308.6
227,40,0.83,0.2,5,5,6,5.5,5.5,0.19,0.5,42,1,[0.2],0.2,0.2442732516826255,10,7.778174593052023,0.1414213562373095,0.7778174593052023,0.1414213562373095,0.17272727272727273,20260921T213417946637Z_9d5e65dd,2,5760.0,50,True,79,stationary,PURE,105.2,0.3001426533523538,0.30346051279269637,350.5,350.5,1.0,0.0,0.0,350.5
227,40,0.83,0.2,5,5,6,5.5,5.5,0.19,0.5,42,1,[0.2],0.2,0.2442732516826255,10,7.778174593052023,0.1414213562373095,0.7778174593052023,0.1414213562373095,0.17272727272727273,20260921T213417946637Z_9d5e65dd,2,5760.0,50,True,79,stationary,PURE_OR,105.2,0.34278266536331053,0.34290676637664524,306.9,306.9,1.0,0.0,0.0,306.9
228,40,0.83,0.25,5,5,6,5.5,5.5,0.19,0.5,42,1,"[0.25, 0.3, 0.35, 0.4]",0.2442732516826255,0.2442732516826255,10,7.778174593052023,0.17677669529663687,0.9722718241315028,0.17272727272727273,0.17272727272727273,20260921T213417946637Z_9d5e65dd,2,5760.0,50,True,79,stationary,DRL,5201.5271484375,0.9030429077148437,0.9030429005622864,5760.0,,0.0,144.6,5645.2,114.8
228,40,0.83,0.25,5,5,6,5.5,5.5,0.19,0.5,42,1,"[0.25, 0.3, 0.35, 0.4]",0.2442732516826255,0.2442732516826255,10,7.778174593052023,0.17677669529663687,0.9722718241315028,0.17272727272727273,0.17272727272727273,20260921T213417946637Z_9d5e65dd,2,5760.0,50,True,79,stationary,HEUR,4772.12607421875,0.8284941101074219,0.8284941077232361,5760.0,,0.0,164.0,5002.1,757.9
228,40,0.83,0.25,5,5,6,5.5,5.5,0.19,0.5,42,1,"[0.25, 0.3, 0.35, 0.4]",0.2442732516826255,0.2442732516826255,10,7.778174593052023,0.17677669529663687,0.9722718241315028,0.17272727272727273,0.17272727272727273,20260921T213417946637Z_9d5e65dd,2,5760.0,50,True,79,stationary,HEUR_VOR,4232.20517578125,0.826279807844836,0.8241160750389099,5122.0,4696.666666666667,0.6,149.2,4486.8,635.2
228,40,0.83,0.25,5,5,6,5.5,5.5,0.19,0.5,42,1,"[0.25, 0.3, 0.35, 0.4]",0.2442732516826255,0.2442732516826255,10,7.778174593052023,0.17677669529663687,0.9722718241315028,0.17272727272727273,0.17272727272727273,20260921T213417946637Z_9d5e65dd,2,5760.0,50,True,79,stationary,FOUR_ZONE,185.3954650878906,0.4796777880669874,0.4797896683216095,386.5,386.5,1.0,3.0,85.9,300.6
228,40,0.83,0.25,5,5,6,5.5,5.5,0.19,0.5,42,1,"[0.25, 0.3, 0.35, 0.4]",0.2442732516826255,0.2442732516826255,10,7.778174593052023,0.17677669529663687,0.9722718241315028,0.17272727272727273,0.17272727272727273,20260921T213417946637Z_9d5e65dd,2,5760.0,50,True,79,stationary,PURE,105.2,0.3001426533523538,0.30346051279269637,350.5,350.5,1.0,0.0,0.0,350.5
228,40,0.83,0.25,5,5,6,5.5,5.5,0.19,0.5,42,1,"[0.25, 0.3, 0.35, 0.4]",0.2442732516826255,0.2442732516826255,10,7.778174593052023,0.17677669529663687,0.9722718241315028,0.17272727272727273,0.17272727272727273,20260921T213417946637Z_9d5e65dd,2,5760.0,50,True,79,stationary,PURE_OR,105.2,0.34278266536331053,0.34290676637664524,306.9,306.9,1.0,0.0,0.0,306.9
229,40,0.83,0.1,5,5,6,6.0,5.5,0.19,0.5,42,1,[0.1],0.1,0.2442732516826255,10,7.778174593052023,0.07071067811865475,0.38890872965260115,0.07071067811865475,0.17272727272727273,20260921T213417946637Z_9d5e65dd,2,5760.0,50,True,79,stationary,DRL,5206.00849609375,0.9038209194607205,0.9038209199905396,5760.0,,0.0,153.0,5381.2,378.8
229,40,0.83,0.1,5,5,6,6.0,5.5,0.19,0.5,42,1,[0.1],0.1,0.2442732516826255,10,7.778174593052023,0.07071067811865475,0.38890872965260115,0.07071067811865475,0.17272727272727273,20260921T213417946637Z_9d5e65dd,2,5760.0,50,True,79,stationary,HEUR,2548.229345703125,0.7412599545344635,0.7409888982772828,3437.7,3437.7,1.0,78.0,2469.6,968.1
229,40,0.83,0.1,5,5,6,6.0,5.5,0.19,0.5,42,1,[0.1],0.1,0.2442732516826255,10,7.778174593052023,0.07071067811865475,0.38890872965260115,0.07071067811865475,0.17272727272727273,20260921T213417946637Z_9d5e65dd,2,5760.0,50,True,79,stationary,HEUR_VOR,1161.4032958984376,0.7813531323321027,0.780679714679718,1486.4,1486.4,1.0,34.0,1060.9,425.5
229,40,0.83,0.1,5,5,6,6.0,5.5,0.19,0.5,42,1,[0.1],0.1,0.2442732516826255,10,7.778174593052023,0.07071067811865475,0.38890872965260115,0.07071067811865475,0.17272727272727273,20260921T213417946637Z_9d5e65dd,2,5760.0,50,True,79,stationary,FOUR_ZONE,186.57998657226562,0.48112425624617233,0.48291963934898374,387.8,387.8,1.0,2.4,75.8,312.0
229,40,0.83,0.1,5,5,6,6.0,5.5,0.19,0.5,42,1,[0.1],0.1,0.2442732516826255,10,7.778174593052023,0.07071067811865475,0.38890872965260115,0.07071067811865475,0.17272727272727273,20260921T213417946637Z_9d5e65dd,2,5760.0,50,True,79,stationary,PURE,105.2,0.3001426533523538,0.30346051279269637,350.5,350.5,1.0,0.0,0.0,350.5
229,40,0.83,0.1,5,5,6,6.0,5.5,0.19,0.5,42,1,[0.1],0.1,0.2442732516826255,10,7.778174593052023,0.07071067811865475,0.38890872965260115,0.07071067811865475,0.17272727272727273,20260921T213417946637Z_9d5e65dd,2,5760.0,50,True,79,stationary,PURE_OR,105.2,0.34278266536331053,0.34290676637664524,306.9,306.9,1.0,0.0,0.0,306.9
230,40,0.83,0.15,5,5,6,6.0,5.5,0.19,0.5,42,1,[0.15],0.15,0.2442732516826255,10,7.778174593052023,0.10606601717798211,0.5833630944789017,0.10606601717798211,0.17272727272727273,20260921T213417946637Z_9d5e65dd,2,5760.0,50,True,79,stationary,DRL,5547.86328125,0.9631707085503473,0.9631707072257996,5760.0,,0.0,147.8,5586.4,173.6
230,40,0.83,0.15,5,5,6,6.0,5.5,0.19,0.5,42,1,[0.15],0.15,0.2442732516826255,10,7.778174593052023,0.10606601717798211,0.5833630944789017,0.10606601717798211,0.17272727272727273,20260921T213417946637Z_9d5e65dd,2,5760.0,50,True,79,stationary,HEUR,4771.1380859375,0.8283225843641493,0.8283225774765015,5760.0,,0.0,157.8,4625.3,1134.7
230,40,0.83,0.15,5,5,6,6.0,5.5,0.19,0.5,42,1,[0.15],0.15,0.2442732516826255,10,7.778174593052023,0.10606601717798211,0.5833630944789017,0.10606601717798211,0.17272727272727273,20260921T213417946637Z_9d5e65dd,2,5760.0,50,True,79,stationary,HEUR_VOR,2440.7518310546875,0.8628223384667306,0.8569255471229553,2828.8,2828.8,1.0,79.0,2351.3,477.5
230,40,0.83,0.15,5,5,6,6.0,5.5,0.19,0.5,42,1,[0.15],0.15,0.2442732516826255,10,7.778174593052023,0.10606601717798211,0.5833630944789017,0.10606601717798211,0.17272727272727273,20260921T213417946637Z_9d5e65dd,2,5760.0,50,True,79,stationary,FOUR_ZONE,201.63306274414063,0.504713548796347,0.504027783870697,399.5,399.5,1.0,2.8,90.9,308.6
230,40,0.83,0.15,5,5,6,6.0,5.5,0.19,0.5,42,1,[0.15],0.15,0.2442732516826255,10,7.778174593052023,0.10606601717798211,0.5833630944789017,0.10606601717798211,0.17272727272727273,20260921T213417946637Z_9d5e65dd,2,5760.0,50,True,79,stationary,PURE,105.2,0.3001426533523538,0.30346051279269637,350.5,350.5,1.0,0.0,0.0,350.5
230,40,0.83,0.15,5,5,6,6.0,5.5,0.19,0.5,42,1,[0.15],0.15,0.2442732516826255,10,7.778174593052023,0.10606601717798211,0.5833630944789017,0.10606601717798211,0.17272727272727273,20260921T213417946637Z_9d5e65dd,2,5760.0,50,True,79,stationary,PURE_OR,105.2,0.34278266536331053,0.34290676637664524,306.9,306.9,1.0,0.0,0.0,306.9
231,40,0.83,0.2,5,5,6,6.0,5.5,0.19,0.5,42,1,[0.2],0.2,0.2442732516826255,10,7.778174593052023,0.1414213562373095,0.7778174593052023,0.1414213562373095,0.17272727272727273,20260921T213417946637Z_9d5e65dd,2,5760.0,50,True,79,stationary,DRL,5618.3341796875,0.9754052395290799,0.9754052519798279,5760.0,,0.0,141.8,5622.9,137.1
231,40,0.83,0.2,5,5,6,6.0,5.5,0.19,0.5,42,1,[0.2],0.2,0.2442732516826255,10,7.778174593052023,0.1414213562373095,0.7778174593052023,0.1414213562373095,0.17272727272727273,20260921T213417946637Z_9d5e65dd,2,5760.0,50,True,79,stationary,HEUR,5119.3884765625,0.888782721625434,0.8887827277183533,5760.0,,0.0,168.6,4934.5,825.5
231,40,0.83,0.2,5,5,6,6.0,5.5,0.19,0.5,42,1,[0.2],0.2,0.2442732516826255,10,7.778174593052023,0.1414213562373095,0.7778174593052023,0.1414213562373095,0.17272727272727273,20260921T213417946637Z_9d5e65dd,2,5760.0,50,True,79,stationary,HEUR_VOR,3610.218603515625,0.8717386882492937,0.8698665857315063,4141.4,4141.4,1.0,120.8,3533.0,608.4
231,40,0.83,0.2,5,5,6,6.0,5.5,0.19,0.5,42,1,[0.2],0.2,0.2442732516826255,10,7.778174593052023,0.1414213562373095,0.7778174593052023,0.1414213562373095,0.17272727272727273,20260921T213417946637Z_9d5e65dd,2,5760.0,50,True,79,stationary,FOUR_ZONE,189.90146484375,0.4869268329326923,0.48840752243995667,390.0,390.0,1.0,2.8,81.4,308.6
231,40,0.83,0.2,5,5,6,6.0,5.5,0.19,0.5,42,1,[0.2],0.2,0.2442732516826255,10,7.778174593052023,0.1414213562373095,0.7778174593052023,0.1414213562373095,0.17272727272727273,20260921T213417946637Z_9d5e65dd,2,5760.0,50,True,79,stationary,PURE,105.2,0.3001426533523538,0.30346051279269637,350.5,350.5,1.0,0.0,0.0,350.5
231,40,0.83,0.2,5,5,6,6.0,5.5,0.19,0.5,42,1,[0.2],0.2,0.2442732516826255,10,7.778174593052023,0.1414213562373095,0.7778174593052023,0.1414213562373095,0.17272727272727273,20260921T213417946637Z_9d5e65dd,2,5760.0,50,True,79,stationary,PURE_OR,105.2,0.34278266536331053,0.34290676637664524,306.9,306.9,1.0,0.0,0.0,306.9
232,40,0.83,0.25,5,5,6,6.0,5.5,0.19,0.5,42,1,"[0.25, 0.3, 0.35, 0.4]",0.2442732516826255,0.2442732516826255,10,7.778174593052023,0.17677669529663687,0.9722718241315028,0.17272727272727273,0.17272727272727273,20260921T213417946637Z_9d5e65dd,2,5760.0,50,True,79,stationary,DRL,5664.90107421875,0.9834897698296441,0.9834897756576538,5760.0,,0.0,147.6,5716.6,43.4
232,40,0.83,0.25,5,5,6,6.0,5.5,0.19,0.5,42,1,"[0.25, 0.3, 0.35, 0.4]",0.2442732516826255,0.2442732516826255,10,7.778174593052023,0.17677669529663687,0.9722718241315028,0.17272727272727273,0.17272727272727273,20260921T213417946637Z_9d5e65dd,2,5760.0,50,True,79,stationary,HEUR,5202.3478515625,0.9031853908962674,0.9031853914260864,5760.0,,0.0,164.0,5002.1,757.9
232,40,0.83,0.25,5,5,6,6.0,5.5,0.19,0.5,42,1,"[0.25, 0.3, 0.35, 0.4]",0.2442732516826255,0.2442732516826255,10,7.778174593052023,0.17677669529663687,0.9722718241315028,0.17272727272727273,0.17272727272727273,20260921T213417946637Z_9d5e65dd,2,5760.0,50,True,79,stationary,HEUR_VOR,4608.82939453125,0.8998105026417903,0.8974135160446167,5122.0,4696.666666666667,0.6,149.2,4486.8,635.2
232,40,0.83,0.25,5,5,6,6.0,5.5,0.19,0.5,42,1,"[0.25, 0.3, 0.35, 0.4]",0.2442732516826255,0.2442732516826255,10,7.778174593052023,0.17677669529663687,0.9722718241315028,0.17272727272727273,0.17272727272727273,20260921T213417946637Z_9d5e65dd,2,5760.0,50,True,79,stationary,FOUR_ZONE,192.68602905273437,0.4985408254921976,0.49872458577156065,386.5,386.5,1.0,3.0,85.9,300.6
232,40,0.83,0.25,5,5,6,6.0,5.5,0.19,0.5,42,1,"[0.25, 0.3, 0.35, 0.4]",0.2442732516826255,0.2442732516826255,10,7.778174593052023,0.17677669529663687,0.9722718241315028,0.17272727272727273,0.17272727272727273,20260921T213417946637Z_9d5e65dd,2,5760.0,50,True,79,stationary,PURE,105.2,0.3001426533523538,0.30346051279269637,350.5,350.5,1.0,0.0,0.0,350.5
232,40,0.83,0.25,5,5,6,6.0,5.5,0.19,0.5,42,1,"[0.25, 0.3, 0.35, 0.4]",0.2442732516826255,0.2442732516826255,10,7.778174593052023,0.17677669529663687,0.9722718241315028,0.17272727272727273,0.17272727272727273,20260921T213417946637Z_9d5e65dd,2,5760.0,50,True,79,stationary,PURE_OR,105.2,0.34278266536331053,0.34290676637664524,306.9,306.9,1.0,0.0,0.0,306.9
233,40,1.0,0.1,5,5,6,5.5,5.5,0.19,0.5,42,1,[0.1],0.1,0.2442732516826255,10,7.778174593052023,0.07071067811865475,0.38890872965260115,0.07071067811865475,0.17272727272727273,20260921T213417946637Z_9d5e65dd,2,5760.0,50,True,79,stationary,DRL,4915.38037109375,0.8533646477593316,0.8533646464347839,5760.0,,0.0,151.8,5448.8,311.2
233,40,1.0,0.1,5,5,6,5.5,5.5,0.19,0.5,42,1,[0.1],0.1,0.2442732516826255,10,7.778174593052023,0.07071067811865475,0.38890872965260115,0.07071067811865475,0.17272727272727273,20260921T213417946637Z_9d5e65dd,2,5760.0,50,True,79,stationary,HEUR,2857.753759765625,0.7193117772321541,0.720377516746521,3972.9,3972.9,1.0,93.0,2999.2,973.7
233,40,1.0,0.1,5,5,6,5.5,5.5,0.19,0.5,42,1,[0.1],0.1,0.2442732516826255,10,7.778174593052023,0.07071067811865475,0.38890872965260115,0.07071067811865475,0.17272727272727273,20260921T213417946637Z_9d5e65dd,2,5760.0,50,True,79,stationary,HEUR_VOR,1481.787744140625,0.7732949296214513,0.7698460340499877,1916.2,1916.2,1.0,45.6,1465.1,451.1
233,40,1.0,0.1,5,5,6,5.5,5.5,0.19,0.5,42,1,[0.1],0.1,0.2442732516826255,10,7.778174593052023,0.07071067811865475,0.38890872965260115,0.07071067811865475,0.17272727272727273,20260921T213417946637Z_9d5e65dd,2,5760.0,50,True,79,stationary,FOUR_ZONE,222.5249267578125,0.4903590276725705,0.48651268482208254,453.8,453.8,1.0,2.6,97.0,356.8
233,40,1.0,0.1,5,5,6,5.5,5.5,0.19,0.5,42,1,[0.1],0.1,0.2442732516826255,10,7.778174593052023,0.07071067811865475,0.38890872965260115,0.07071067811865475,0.17272727272727273,20260921T213417946637Z_9d5e65dd,2,5760.0,50,True,79,stationary,PURE,126.4,0.30268199233716475,0.3020488391073032,417.6,417.6,1.0,0.0,0.0,417.6
233,40,1.0,0.1,5,5,6,5.5,5.5,0.19,0.5,42,1,[0.1],0.1,0.2442732516826255,10,7.778174593052023,0.07071067811865475,0.38890872965260115,0.07071067811865475,0.17272727272727273,20260921T213417946637Z_9d5e65dd,2,5760.0,50,True,79,stationary,PURE_OR,126.4,0.3665893271461717,0.36571390797791914,344.8,344.8,1.0,0.0,0.0,344.8
234,40,1.0,0.15,5,5,6,5.5,5.5,0.19,0.5,42,1,[0.15],0.15,0.2442732516826255,10,7.778174593052023,0.10606601717798211,0.5833630944789017,0.10606601717798211,0.17272727272727273,20260921T213417946637Z_9d5e65dd,2,5760.0,50,True,79,stationary,DRL,5080.86669921875,0.8820949130588107,0.882094931602478,5760.0,,0.0,151.4,5594.0,166.0
234,40,1.0,0.15,5,5,6,5.5,5.5,0.19,0.5,42,1,[0.15],0.15,0.2442732516826255,10,7.778174593052023,0.10606601717798211,0.5833630944789017,0.10606601717798211,0.17272727272727273,20260921T213417946637Z_9d5e65dd,2,5760.0,50,True,79,stationary,HEUR,4574.35078125,0.7941581217447916,0.7941581249237061,5760.0,,0.0,158.4,4787.0,973.0
234,40,1.0,0.15,5,5,6,5.5,5.5,0.19,0.5,42,1,[0.15],0.15,0.2442732516826255,10,7.778174593052023,0.10606601717798211,0.5833630944789017,0.10606601717798211,0.17272727272727273,20260921T213417946637Z_9d5e65dd,2,5760.0,50,True,79,stationary,HEUR_VOR,2645.3057861328125,0.8186506316754286,0.8163695335388184,3231.3,3231.3,1.0,86.6,2734.3,497.0
234,40,1.0,0.15,5,5,6,5.5,5.5,0.19,0.5,42,1,[0.15],0.15,0.2442732516826255,10,7.778174593052023,0.10606601717798211,0.5833630944789017,0.10606601717798211,0.17272727272727273,20260921T213417946637Z_9d5e65dd,2,5760.0,50,True,79,stationary,FOUR_ZONE,212.8417541503906,0.4808896388395631,0.47952739596366883,442.6,442.6,1.0,2.4,88.2,354.4
234,40,1.0,0.15,5,5,6,5.5,5.5,0.19,0.5,42,1,[0.15],0.15,0.2442732516826255,10,7.778174593052023,0.10606601717798211,0.5833630944789017,0.10606601717798211,0.17272727272727273,20260921T213417946637Z_9d5e65dd,2,5760.0,50,True,79,stationary,PURE,126.4,0.30268199233716475,0.3020488391073032,417.6,417.6,1.0,0.0,0.0,417.6
234,40,1.0,0.15,5,5,6,5.5,5.5,0.19,0.5,42,1,[0.15],0.15,0.2442732516826255,10,7.778174593052023,0.10606601717798211,0.5833630944789017,0.10606601717798211,0.17272727272727273,20260921T213417946637Z_9d5e65dd,2,5760.0,50,True,79,stationary,PURE_OR,126.4,0.3665893271461717,0.36571390797791914,344.8,344.8,1.0,0.0,0.0,344.8
235,40,1.0,0.2,5,5,6,5.5,5.5,0.19,0.5,42,1,[0.2],0.2,0.2442732516826255,10,7.778174593052023,0.1414213562373095,0.7778174593052023,0.1414213562373095,0.17272727272727273,20260921T213417946637Z_9d5e65dd,2,5760.0,50,True,79,stationary,DRL,5191.04541015625,0.9012231614854601,0.9012231588363647,5760.0,,0.0,146.2,5649.1,110.9
235,40,1.0,0.2,5,5,6,5.5,5.5,0.19,0.5,42,1,[0.2],0.2,0.2442732516826255,10,7.778174593052023,0.1414213562373095,0.7778174593052023,0.1414213562373095,0.17272727272727273,20260921T213417946637Z_9d5e65dd,2,5760.0,50,True,79,stationary,HEUR,4831.769921875,0.8388489447699653,0.8388489484786987,5760.0,,0.0,167.8,5052.8,707.2
235,40,1.0,0.2,5,5,6,5.5,5.5,0.19,0.5,42,1,[0.2],0.2,0.2442732516826255,10,7.778174593052023,0.1414213562373095,0.7778174593052023,0.1414213562373095,0.17272727272727273,20260921T213417946637Z_9d5e65dd,2,5760.0,50,True,79,stationary,HEUR_VOR,3433.225341796875,0.820286075834299,0.8177244782447814,4185.4,4185.4,1.0,120.2,3606.1,579.3
235,40,1.0,0.2,5,5,6,5.5,5.5,0.19,0.5,42,1,[0.2],0.2,0.2442732516826255,10,7.778174593052023,0.1414213562373095,0.7778174593052023,0.1414213562373095,0.17272727272727273,20260921T213417946637Z_9d5e65dd,2,5760.0,50,True,79,stationary,FOUR_ZONE,228.76470642089845,0.5012373059178318,0.49981012344360354,456.4,456.4,1.0,3.0,106.4,350.0
235,40,1.0,0.2,5,5,6,5.5,5.5,0.19,0.5,42,1,[0.2],0.2,0.2442732516826255,10,7.778174593052023,0.1414213562373095,0.7778174593052023,0.1414213562373095,0.17272727272727273,20260921T213417946637Z_9d5e65dd,2,5760.0,50,True,79,stationary,PURE,126.4,0.30268199233716475,0.3020488391073032,417.6,417.6,1.0,0.0,0.0,417.6
235,40,1.0,0.2,5,5,6,5.5,5.5,0.19,0.5,42,1,[0.2],0.2,0.2442732516826255,10,7.778174593052023,0.1414213562373095,0.7778174593052023,0.1414213562373095,0.17272727272727273,20260921T213417946637Z_9d5e65dd,2,5760.0,50,True,79,stationary,PURE_OR,126.4,0.3665893271461717,0.36571390797791914,344.8,344.8,1.0,0.0,0.0,344.8
236,40,1.0,0.25,5,5,6,5.5,5.5,0.19,0.5,42,1,"[0.25, 0.3, 0.35, 0.4]",0.2442732516826255,0.2442732516826255,10,7.778174593052023,0.17677669529663687,0.9722718241315028,0.17272727272727273,0.17272727272727273,20260921T213417946637Z_9d5e65dd,2,5760.0,50,True,79,stationary,DRL,5240.25595703125,0.9097666592068142,0.909766674041748,5760.0,,0.0,146.0,5683.3,76.7
236,40,1.0,0.25,5,5,6,5.5,5.5,0.19,0.5,42,1,"[0.25, 0.3, 0.35, 0.4]",0.2442732516826255,0.2442732516826255,10,7.778174593052023,0.17677669529663687,0.9722718241315028,0.17272727272727273,0.17272727272727273,20260921T213417946637Z_9d5e65dd,2,5760.0,50,True,79,stationary,HEUR,4842.25498046875,0.8406692674424914,0.8406692624092102,5760.0,,0.0,169.0,5073.9,686.1
236,40,1.0,0.25,5,5,6,5.5,5.5,0.19,0.5,42,1,"[0.25, 0.3, 0.35, 0.4]",0.2442732516826255,0.2442732516826255,10,7.778174593052023,0.17677669529663687,0.9722718241315028,0.17272727272727273,0.17272727272727273,20260921T213417946637Z_9d5e65dd,2,5760.0,50,True,79,stationary,HEUR_VOR,4182.366748046875,0.8287329835430826,0.8269899010658264,5046.7,4571.166666666667,0.6,144.8,4436.0,610.7
236,40,1.0,0.25,5,5,6,5.5,5.5,0.19,0.5,42,1,"[0.25, 0.3, 0.35, 0.4]",0.2442732516826255,0.2442732516826255,10,7.778174593052023,0.17677669529663687,0.9722718241315028,0.17272727272727273,0.17272727272727273,20260921T213417946637Z_9d5e65dd,2,5760.0,50,True,79,stationary,FOUR_ZONE,232.84253540039063,0.5082788373726056,0.5063939213752746,458.1,458.1,1.0,3.0,111.3,346.8
236,40,1.0,0.25,5,5,6,5.5,5.5,0.19,0.5,42,1,"[0.25, 0.3, 0.35, 0.4]",0.2442732516826255,0.2442732516826255,10,7.778174593052023,0.17677669529663687,0.9722718241315028,0.17272727272727273,0.17272727272727273,20260921T213417946637Z_9d5e65dd,2,5760.0,50,True,79,stationary,PURE,126.4,0.30268199233716475,0.3020488391073032,417.6,417.6,1.0,0.0,0.0,417.6
236,40,1.0,0.25,5,5,6,5.5,5.5,0.19,0.5,42,1,"[0.25, 0.3, 0.35, 0.4]",0.2442732516826255,0.2442732516826255,10,7.778174593052023,0.17677669529663687,0.9722718241315028,0.17272727272727273,0.17272727272727273,20260921T213417946637Z_9d5e65dd,2,5760.0,50,True,79,stationary,PURE_OR,126.4,0.3665893271461717,0.36571390797791914,344.8,344.8,1.0,0.0,0.0,344.8
237,40,1.0,0.1,5,5,6,6.0,5.5,0.19,0.5,42,1,[0.1],0.1,0.2442732516826255,10,7.778174593052023,0.07071067811865475,0.38890872965260115,0.07071067811865475,0.17272727272727273,20260921T213417946637Z_9d5e65dd,2,5760.0,50,True,79,stationary,DRL,5236.4744140625,0.9091101413302951,0.909110140800476,5760.0,,0.0,162.0,5446.8,313.2
237,40,1.0,0.1,5,5,6,6.0,5.5,0.19,0.5,42,1,[0.1],0.1,0.2442732516826255,10,7.778174593052023,0.07071067811865475,0.38890872965260115,0.07071067811865475,0.17272727272727273,20260921T213417946637Z_9d5e65dd,2,5760.0,50,True,79,stationary,HEUR,3106.220556640625,0.7818521877320408,0.7829584121704102,3972.9,3972.9,1.0,93.0,2999.2,973.7
237,40,1.0,0.1,5,5,6,6.0,5.5,0.19,0.5,42,1,[0.1],0.1,0.2442732516826255,10,7.778174593052023,0.07071067811865475,0.38890872965260115,0.07071067811865475,0.17272727272727273,20260921T213417946637Z_9d5e65dd,2,5760.0,50,True,79,stationary,HEUR_VOR,1604.98271484375,0.8375862200416189,0.8336855411529541,1916.2,1916.2,1.0,45.6,1465.1,451.1
237,40,1.0,0.1,5,5,6,6.0,5.5,0.19,0.5,42,1,[0.1],0.1,0.2442732516826255,10,7.778174593052023,0.07071067811865475,0.38890872965260115,0.07071067811865475,0.17272727272727273,20260921T213417946637Z_9d5e65dd,2,5760.0,50,True,79,stationary,FOUR_ZONE,231.26363830566407,0.509615774142054,0.5053991913795471,453.8,453.8,1.0,2.6,97.0,356.8
237,40,1.0,0.1,5,5,6,6.0,5.5,0.19,0.5,42,1,[0.1],0.1,0.2442732516826255,10,7.778174593052023,0.07071067811865475,0.38890872965260115,0.07071067811865475,0.17272727272727273,20260921T213417946637Z_9d5e65dd,2,5760.0,50,True,79,stationary,PURE,126.4,0.30268199233716475,0.3020488391073032,417.6,417.6,1.0,0.0,0.0,417.6
237,40,1.0,0.1,5,5,6,6.0,5.5,0.19,0.5,42,1,[0.1],0.1,0.2442732516826255,10,7.778174593052023,0.07071067811865475,0.38890872965260115,0.07071067811865475,0.17272727272727273,20260921T213417946637Z_9d5e65dd,2,5760.0,50,True,79,stationary,PURE_OR,126.4,0.3665893271461717,0.36571390797791914,344.8,344.8,1.0,0.0,0.0,344.8
238,40,1.0,0.15,5,5,6,6.0,5.5,0.19,0.5,42,1,[0.15],0.15,0.2442732516826255,10,7.778174593052023,0.10606601717798211,0.5833630944789017,0.10606601717798211,0.17272727272727273,20260921T213417946637Z_9d5e65dd,2,5760.0,50,True,79,stationary,DRL,5604.46357421875,0.9729971483018663,0.9729971528053284,5760.0,,0.0,163.4,5654.6,105.4
238,40,1.0,0.15,5,5,6,6.0,5.5,0.19,0.5,42,1,[0.15],0.15,0.2442732516826255,10,7.778174593052023,0.10606601717798211,0.5833630944789017,0.10606601717798211,0.17272727272727273,20260921T213417946637Z_9d5e65dd,2,5760.0,50,True,79,stationary,HEUR,4981.84443359375,0.864903547498915,0.8649035453796386,5760.0,,0.0,158.4,4787.0,973.0
238,40,1.0,0.15,5,5,6,6.0,5.5,0.19,0.5,42,1,[0.15],0.15,0.2442732516826255,10,7.778174593052023,0.10606601717798211,0.5833630944789017,0.10606601717798211,0.17272727272727273,20260921T213417946637Z_9d5e65dd,2,5760.0,50,True,79,stationary,HEUR_VOR,2874.409228515625,0.889551953862416,0.8870035290718079,3231.3,3231.3,1.0,86.6,2734.3,497.0
238,40,1.0,0.15,5,5,6,6.0,5.5,0.19,0.5,42,1,[0.15],0.15,0.2442732516826255,10,7.778174593052023,0.10606601717798211,0.5833630944789017,0.10606601717798211,0.17272727272727273,20260921T213417946637Z_9d5e65dd,2,5760.0,50,True,79,stationary,FOUR_ZONE,220.7001739501953,0.49864476717170203,0.49712557792663575,442.6,442.6,1.0,2.4,88.2,354.4
238,40,1.0,0.15,5,5,6,6.0,5.5,0.19,0.5,42,1,[0.15],0.15,0.2442732516826255,10,7.778174593052023,0.10606601717798211,0.5833630944789017,0.10606601717798211,0.17272727272727273,20260921T213417946637Z_9d5e65dd,2,5760.0,50,True,79,stationary,PURE,126.4,0.30268199233716475,0.3020488391073032,417.6,417.6,1.0,0.0,0.0,417.6
238,40,1.0,0.15,5,5,6,6.0,5.5,0.19,0.5,42,1,[0.15],0.15,0.2442732516826255,10,7.778174593052023,0.10606601717798211,0.5833630944789017,0.10606601717798211,0.17272727272727273,20260921T213417946637Z_9d5e65dd,2,5760.0,50,True,79,stationary,PURE_OR,126.4,0.3665893271461717,0.36571390797791914,344.8,344.8,1.0,0.0,0.0,344.8
239,40,1.0,0.2,5,5,6,6.0,5.5,0.19,0.5,42,1,[0.2],0.2,0.2442732516826255,10,7.778174593052023,0.1414213562373095,0.7778174593052023,0.1414213562373095,0.17272727272727273,20260921T213417946637Z_9d5e65dd,2,5760.0,50,True,79,stationary,DRL,5697.89345703125,0.9892176140679253,0.9892176151275635,5760.0,,0.0,149.8,5706.4,53.6
239,40,1.0,0.2,5,5,6,6.0,5.5,0.19,0.5,42,1,[0.2],0.2,0.2442732516826255,10,7.778174593052023,0.1414213562373095,0.7778174593052023,0.1414213562373095,0.17272727272727273,20260921T213417946637Z_9d5e65dd,2,5760.0,50,True,79,stationary,HEUR,5266.01796875,0.9142392306857638,0.914239227771759,5760.0,,0.0,167.8,5052.8,707.2
239,40,1.0,0.2,5,5,6,6.0,5.5,0.19,0.5,42,1,[0.2],0.2,0.2442732516826255,10,7.778174593052023,0.1414213562373095,0.7778174593052023,0.1414213562373095,0.17272727272727273,20260921T213417946637Z_9d5e65dd,2,5760.0,50,True,79,stationary,HEUR_VOR,3734.04287109375,0.8921591415620371,0.8893153667449951,4185.4,4185.4,1.0,120.2,3606.1,579.3
239,40,1.0,0.2,5,5,6,6.0,5.5,0.19,0.5,42,1,[0.2],0.2,0.2442732516826255,10,7.778174593052023,0.1414213562373095,0.7778174593052023,0.1414213562373095,0.17272727272727273,20260921T213417946637Z_9d5e65dd,2,5760.0,50,True,79,stationary,FOUR_ZONE,238.07067260742187,0.5216272405947018,0.5200227439403534,456.4,456.4,1.0,3.0,106.4,350.0
239,40,1.0,0.2,5,5,6,6.0,5.5,0.19,0.5,42,1,[0.2],0.2,0.2442732516826255,10,7.778174593052023,0.1414213562373095,0.7778174593052023,0.1414213562373095,0.17272727272727273,20260921T213417946637Z_9d5e65dd,2,5760.0,50,True,79,stationary,PURE,126.4,0.30268199233716475,0.3020488391073032,417.6,417.6,1.0,0.0,0.0,417.6
239,40,1.0,0.2,5,5,6,6.0,5.5,0.19,0.5,42,1,[0.2],0.2,0.2442732516826255,10,7.778174593052023,0.1414213562373095,0.7778174593052023,0.1414213562373095,0.17272727272727273,20260921T213417946637Z_9d5e65dd,2,5760.0,50,True,79,stationary,PURE_OR,126.4,0.3665893271461717,0.36571390797791914,344.8,344.8,1.0,0.0,0.0,344.8
240,40,1.0,0.25,5,5,6,6.0,5.5,0.19,0.5,42,1,"[0.25, 0.3, 0.35, 0.4]",0.2442732516826255,0.2442732516826255,10,7.778174593052023,0.17677669529663687,0.9722718241315028,0.17272727272727273,0.17272727272727273,20260921T213417946637Z_9d5e65dd,2,5760.0,50,True,79,stationary,DRL,5696.92763671875,0.9890499369303385,0.9890499353408814,5760.0,,0.0,149.8,5715.2,44.8
240,40,1.0,0.25,5,5,6,6.0,5.5,0.19,0.5,42,1,"[0.25, 0.3, 0.35, 0.4]",0.2442732516826255,0.2442732516826255,10,7.778174593052023,0.17677669529663687,0.9722718241315028,0.17272727272727273,0.17272727272727273,20260921T213417946637Z_9d5e65dd,2,5760.0,50,True,79,stationary,HEUR,5278.8361328125,0.916464606391059,0.9164646029472351,5760.0,,0.0,169.0,5073.9,686.1
240,40,1.0,0.25,5,5,6,6.0,5.5,0.19,0.5,42,1,"[0.25, 0.3, 0.35, 0.4]",0.2442732516826255,0.2442732516826255,10,7.778174593052023,0.17677669529663687,0.9722718241315028,0.17272727272727273,0.17272727272727273,20260921T213417946637Z_9d5e65dd,2,5760.0,50,True,79,stationary,HEUR_VOR,4552.482275390625,0.9020711109022975,0.9001264214515686,5046.7,4571.166666666667,0.6,144.8,4436.0,610.7
240,40,1.0,0.25,5,5,6,6.0,5.5,0.19,0.5,42,1,"[0.25, 0.3, 0.35, 0.4]",0.2442732516826255,0.2442732516826255,10,7.778174593052023,0.17677669529663687,0.9722718241315028,0.17272727272727273,0.17272727272727273,20260921T213417946637Z_9d5e65dd,2,5760.0,50,True,79,stationary,FOUR_ZONE,242.5192108154297,0.5294023375145813,0.5272942364215851,458.1,458.1,1.0,3.0,111.3,346.8
240,40,1.0,0.25,5,5,6,6.0,5.5,0.19,0.5,42,1,"[0.25, 0.3, 0.35, 0.4]",0.2442732516826255,0.2442732516826255,10,7.778174593052023,0.17677669529663687,0.9722718241315028,0.17272727272727273,0.17272727272727273,20260921T213417946637Z_9d5e65dd,2,5760.0,50,True,79,stationary,PURE,126.4,0.30268199233716475,0.3020488391073032,417.6,417.6,1.0,0.0,0.0,417.6
240,40,1.0,0.25,5,5,6,6.0,5.5,0.19,0.5,42,1,"[0.25, 0.3, 0.35, 0.4]",0.2442732516826255,0.2442732516826255,10,7.778174593052023,0.17677669529663687,0.9722718241315028,0.17272727272727273,0.17272727272727273,20260921T213417946637Z_9d5e65dd,2,5760.0,50,True,79,stationary,PURE_OR,126.4,0.3665893271461717,0.36571390797791914,344.8,344.8,1.0,0.0,0.0,344.8
